timestamp,well_id,rig_state,depth_m,wob_kn,rpm,torque_knm,rop_mph,spp_bar,flow_in_lpm,flow_out_lpm,pit_volume_m3,mud_weight_sg,gas_units,anomaly_type,anomaly_flag,active_anomalies,event_scale,severity,priority_score,recommended_response
2026-05-01 00:00:00,WELL-001,drilling,1380.4164,46.9839,38.121,7.4503,12.2461,48.76,2076.6065,2063.3244,107.6905,1.2591,13.3687,Normal,0,,0.0,None,0,No Action Required
2026-05-01 00:01:00,WELL-001,drilling,1380.8976,92.8211,74.5361,11.1428,26.8005,63.8719,2068.0185,2064.5487,107.6678,1.2572,13.9173,Normal,0,,0.0,None,0,No Action Required
2026-05-01 00:02:00,WELL-001,drilling,1381.5723,131.5757,113.7748,13.3854,41.4671,70.2844,2060.357,2112.2625,107.7027,1.2602,13.5707,Normal,0,,0.0,None,0,No Action Required
2026-05-01 00:03:00,WELL-001,drilling,1382.2772,133.5775,114.0685,13.2705,43.6993,72.1636,2069.768,2019.3455,107.7255,1.2622,13.8136,Normal,0,,0.0,None,0,No Action Required
2026-05-01 00:04:00,WELL-001,drilling,1383.0627,137.7944,115.1378,13.2651,46.4294,72.3372,2071.1136,2067.2524,107.6568,1.2608,13.3754,Normal,0,,0.0,None,0,No Action Required
2026-05-01 00:05:00,WELL-001,drilling,1383.807,133.7202,113.1657,13.0883,44.7545,72.3775,2064.2739,2049.5202,107.7092,1.2607,13.7992,Normal,0,,0.0,None,0,No Action Required
2026-05-01 00:06:00,WELL-001,drilling,1384.518,133.12,113.3387,13.4297,42.7591,72.3543,2066.613,2048.6431,107.6955,1.2573,14.007,Normal,0,,0.0,None,0,No Action Required
2026-05-01 00:07:00,WELL-001,drilling,1385.2179,132.26,113.6041,13.0869,41.141,73.5327,2070.2446,2103.4691,107.6768,1.2641,13.5623,Normal,0,,0.0,None,0,No Action Required
2026-05-01 00:08:00,WELL-001,drilling,1385.9678,132.4182,114.423,13.1387,43.7732,72.5973,2053.2793,2032.6943,107.6511,1.2635,13.5498,Normal,0,,0.0,None,0,No Action Required
2026-05-01 00:09:00,WELL-001,drilling,1386.662,133.8173,113.6557,13.6113,45.6424,72.5349,2076.1499,2038.0004,107.7105,1.2609,13.519,Normal,0,,0.0,None,0,No Action Required
2026-05-01 00:10:00,WELL-001,drilling,1387.4113,129.3272,113.1908,13.2209,43.953,72.8269,2059.4766,2092.9014,107.7625,1.2598,13.5327,Normal,0,,0.0,None,0,No Action Required
2026-05-01 00:11:00,WELL-001,drilling,1388.0998,124.4615,112.5545,12.5132,40.1208,72.5999,2062.2742,2037.5268,107.7232,1.2593,13.662,Normal,0,,0.0,None,0,No Action Required
2026-05-01 00:12:00,WELL-001,drilling,1388.8091,128.7419,114.1383,12.9777,42.0687,73.2793,2068.0963,2064.6821,107.7369,1.2603,13.1395,Normal,0,,0.0,None,0,No Action Required
2026-05-01 00:13:00,WELL-001,drilling,1389.4688,129.7604,113.2606,12.8624,40.2104,72.1635,2062.824,2048.7663,107.7155,1.2626,13.6385,Normal,0,,0.0,None,0,No Action Required
2026-05-01 00:14:00,WELL-001,drilling,1390.119,137.0586,114.2173,13.5667,40.411,72.9869,2062.323,2090.017,107.7348,1.2592,14.0818,Normal,0,,0.0,None,0,No Action Required
2026-05-01 00:15:00,WELL-001,drilling,1390.8019,131.5026,112.8642,13.4972,40.5483,72.3755,2067.7845,2016.0145,107.662,1.2618,13.4299,Normal,0,,0.0,None,0,No Action Required
2026-05-01 00:16:00,WELL-001,drilling,1391.5503,136.7479,113.6022,13.2559,44.7167,71.8564,2065.5427,2064.1397,107.7204,1.2595,13.9422,Normal,0,,0.0,None,0,No Action Required
2026-05-01 00:17:00,WELL-001,drilling,1392.2735,135.0425,112.8354,13.4162,44.4488,72.7777,2062.474,2106.575,107.7449,1.2574,13.7176,Normal,0,,0.0,None,0,No Action Required
2026-05-01 00:18:00,WELL-001,connection,1392.3259,0.813,0.0,0.0731,0.0,33.7955,822.3221,1482.2236,108.3685,1.2557,13.52,Normal,0,,0.0,None,0,No Action Required
2026-05-01 00:19:00,WELL-001,connection,1392.2891,1.1358,2.205,0.0,0.0,10.978,0.0,804.3173,109.1276,1.2615,13.6368,Normal,0,,0.0,None,0,No Action Required
2026-05-01 00:20:00,WELL-001,connection,1392.3035,0.0,0.985,0.0,0.9181,3.769,0.0,424.7408,109.6057,1.2611,14.2327,Normal,0,,0.0,None,0,No Action Required
2026-05-01 00:21:00,WELL-001,connection,1392.2658,0.0,0.1358,0.0,0.0,0.9358,0.0,224.9067,109.736,1.2589,13.6896,Normal,0,,0.0,None,0,No Action Required
2026-05-01 00:22:00,WELL-001,connection,1392.2666,0.0,0.5292,0.0,0.0,0.006,0.0,119.4854,109.8768,1.2599,13.6096,Normal,0,,0.0,None,0,No Action Required
2026-05-01 00:23:00,WELL-001,connection,1392.2895,0.0,1.0206,0.0134,0.0,0.0,0.0,63.6642,109.9068,1.2621,13.8941,Normal,0,,0.0,None,0,No Action Required
2026-05-01 00:24:00,WELL-001,connection,1392.318,0.0,0.2594,0.0,0.3942,0.378,0.0,33.523,110.0131,1.2594,13.4787,Normal,0,,0.0,None,0,No Action Required
2026-05-01 00:25:00,WELL-001,connection,1392.2679,0.0,0.0,0.0,0.0,0.0,0.0,18.0149,109.9902,1.2616,13.9082,Normal,0,,0.0,None,0,No Action Required
2026-05-01 00:26:00,WELL-001,connection,1392.2669,1.7451,0.0893,0.0,0.0,14.0631,1024.9943,488.5961,109.4571,1.2591,13.6862,Normal,0,,0.0,None,0,No Action Required
2026-05-01 00:27:00,WELL-001,drilling,1392.4385,44.3564,33.0893,7.227,10.455,53.3762,2076.45,1221.2223,108.5986,1.2636,12.3984,Normal,0,,0.0,None,0,No Action Required
2026-05-01 00:28:00,WELL-001,drilling,1392.8781,84.341,68.6581,10.3807,24.1841,66.9652,2082.2236,1618.1767,108.1211,1.2632,12.7373,Normal,0,,0.0,None,0,No Action Required
2026-05-01 00:29:00,WELL-001,drilling,1393.5051,122.1672,100.5994,13.1051,38.6261,70.6617,2071.8565,1872.2634,107.8767,1.2593,13.4471,Normal,0,,0.0,None,0,No Action Required
2026-05-01 00:30:00,WELL-001,drilling,1394.187,127.1783,102.2739,12.9075,39.7305,72.8716,2080.4542,1938.589,107.8548,1.2635,12.8973,Normal,0,,0.0,None,0,No Action Required
2026-05-01 00:31:00,WELL-001,drilling,1394.817,119.642,102.4906,12.8101,37.8551,73.2001,2055.5249,2057.5498,107.759,1.2584,12.1064,Normal,0,,0.0,None,0,No Action Required
2026-05-01 00:32:00,WELL-001,drilling,1395.4599,116.262,101.5165,12.3374,37.2046,72.9457,2069.2906,2052.6699,106.9314,1.2572,13.4427,Normal,0,,0.0,None,0,No Action Required
2026-05-01 00:33:00,WELL-001,drilling,1396.0668,116.3567,103.4304,12.5628,37.7185,72.8098,2064.6365,2058.7027,106.1818,1.2596,13.559,Normal,0,,0.0,None,0,No Action Required
2026-05-01 00:34:00,WELL-001,drilling,1396.6946,119.9464,102.4402,12.5732,38.8681,73.4143,2059.2831,2083.5705,105.4978,1.259,12.9413,Normal,0,,0.0,None,0,No Action Required
2026-05-01 00:35:00,WELL-001,drilling,1397.3861,116.7174,101.9857,12.1291,38.6678,73.0534,2078.3788,2087.2908,105.4737,1.2589,13.2186,Normal,0,,0.0,None,0,No Action Required
2026-05-01 00:36:00,WELL-001,drilling,1398.0011,114.6408,101.6297,11.7721,37.7175,73.4823,2063.1484,2064.828,105.4707,1.2606,13.7591,Normal,0,,0.0,None,0,No Action Required
2026-05-01 00:37:00,WELL-001,drilling,1398.6925,118.0104,103.0123,11.8057,41.6519,73.2505,2067.7286,2047.3658,105.438,1.258,12.5223,Normal,0,,0.0,None,0,No Action Required
2026-05-01 00:38:00,WELL-001,drilling,1399.3673,118.2268,102.4823,11.6359,40.5643,72.2469,2059.2045,2061.0702,105.4756,1.2593,11.4976,Normal,0,,0.0,None,0,No Action Required
2026-05-01 00:39:00,WELL-001,drilling,1400.0317,122.4329,101.3058,12.2041,40.8168,72.4565,2063.0452,2052.1873,105.4985,1.2601,10.9833,Normal,0,,0.0,None,0,No Action Required
2026-05-01 00:40:00,WELL-001,drilling,1400.7236,125.0278,101.6959,12.5307,41.6495,73.1546,2063.3629,2041.1068,105.5434,1.2606,10.898,Normal,0,,0.0,None,0,No Action Required
2026-05-01 00:41:00,WELL-001,drilling,1401.4401,125.1569,102.3698,12.5367,43.2998,72.8244,2066.9602,2053.6551,105.4738,1.2608,10.4466,Normal,0,,0.0,None,0,No Action Required
2026-05-01 00:42:00,WELL-001,drilling,1402.1585,128.9626,101.6554,13.0949,41.2473,73.4096,2054.7834,2015.9952,105.5494,1.2621,19.8451,Normal,0,,0.0,None,0,No Action Required
2026-05-01 00:43:00,WELL-001,drilling,1402.8515,132.2707,101.5601,13.3189,42.7924,72.8679,2073.2213,2081.3658,105.4854,1.2591,21.7956,Normal,0,,0.0,None,0,No Action Required
2026-05-01 00:44:00,WELL-001,drilling,1403.5884,127.1182,102.2024,12.9654,40.9409,73.2233,2058.0093,1995.6177,105.4954,1.2593,21.8271,Normal,0,,0.0,None,0,No Action Required
2026-05-01 00:45:00,WELL-001,drilling,1404.2411,124.9051,101.945,12.342,43.1658,72.902,2062.8152,2051.1685,105.5417,1.2604,21.3454,Normal,0,,0.0,None,0,No Action Required
2026-05-01 00:46:00,WELL-001,drilling,1404.9617,124.6637,102.5905,12.1112,43.2094,72.2844,2060.7034,2092.2826,105.5295,1.261,22.3948,Normal,0,,0.0,None,0,No Action Required
2026-05-01 00:47:00,WELL-001,drilling,1405.5518,120.7596,101.8279,11.5652,38.8317,72.4338,2065.6084,2043.2033,105.5729,1.258,22.3974,Normal,0,,0.0,None,0,No Action Required
2026-05-01 00:48:00,WELL-001,drilling,1406.2101,109.6535,100.9182,10.9895,36.8253,72.9037,2056.2678,2045.8832,105.5792,1.2617,21.5596,Normal,0,,0.0,None,0,No Action Required
2026-05-01 00:49:00,WELL-001,drilling,1406.8562,111.347,102.2922,11.2521,36.7887,72.2128,2067.8204,2059.229,105.5869,1.2595,21.3708,Normal,0,,0.0,None,0,No Action Required
2026-05-01 00:50:00,WELL-001,drilling,1407.4635,114.8542,102.6479,11.3835,36.451,73.0219,2053.015,2021.5932,105.5291,1.2559,12.0801,Normal,0,,0.0,None,0,No Action Required
2026-05-01 00:51:00,WELL-001,drilling,1408.0907,119.9091,101.7094,11.7748,37.2254,73.3315,2058.692,2048.6525,105.5524,1.2585,13.0169,Normal,0,,0.0,None,0,No Action Required
2026-05-01 00:52:00,WELL-001,drilling,1408.7538,122.0686,101.9964,11.401,38.8149,73.4694,2055.7295,2064.9838,105.5796,1.2609,12.6372,Normal,0,,0.0,None,0,No Action Required
2026-05-01 00:53:00,WELL-001,drilling,1409.3951,117.6425,102.3165,11.5675,38.7607,73.9266,2065.9515,2082.9622,105.5292,1.2591,13.7455,Normal,0,,0.0,None,0,No Action Required
2026-05-01 00:54:00,WELL-001,drilling,1410.0338,118.2272,103.5699,11.3434,39.4686,73.903,2080.1303,2014.552,105.5711,1.2624,13.2067,Normal,0,,0.0,None,0,No Action Required
2026-05-01 00:55:00,WELL-001,drilling,1410.6553,123.3154,104.0066,12.1818,38.7318,72.9016,2075.7939,2065.9421,105.63,1.2615,12.3982,Normal,0,,0.0,None,0,No Action Required
2026-05-01 00:56:00,WELL-001,drilling,1411.3066,117.3174,103.3395,11.8149,37.613,74.4738,2072.6925,2039.3841,105.5958,1.2586,12.5176,Normal,0,,0.0,None,0,No Action Required
2026-05-01 00:57:00,WELL-001,drilling,1411.8935,112.3034,101.7581,11.5071,35.7541,73.8049,2072.1457,2086.7518,105.6091,1.2616,11.8765,Normal,0,,0.0,None,0,No Action Required
2026-05-01 00:58:00,WELL-001,drilling,1412.5022,118.4916,102.1074,12.0826,36.9917,74.5647,2057.3974,2027.5611,105.6216,1.2598,12.1704,Normal,0,,0.0,None,0,No Action Required
2026-05-01 00:59:00,WELL-001,drilling,1413.1379,120.0076,101.8412,12.4158,38.7451,73.0345,2069.9597,2089.0168,105.5946,1.2606,12.9778,Normal,0,,0.0,None,0,No Action Required
2026-05-01 01:00:00,WELL-001,drilling,1413.8023,120.0915,103.1086,12.5893,38.7045,72.7624,2063.541,2036.3021,105.6276,1.2604,12.9239,Normal,0,,0.0,None,0,No Action Required
2026-05-01 01:01:00,WELL-001,drilling,1414.5031,123.848,101.7545,12.8553,41.7607,73.0543,2082.9687,2064.1353,105.6113,1.2631,13.9665,Normal,0,,0.0,None,0,No Action Required
2026-05-01 01:02:00,WELL-001,drilling,1415.2063,129.4615,102.5156,13.3485,41.502,73.7865,2064.0095,2023.4679,105.6904,1.2609,13.124,Normal,0,,0.0,None,0,No Action Required
2026-05-01 01:03:00,WELL-001,drilling,1415.9487,126.2718,100.5215,12.8536,44.3996,73.3494,2062.4318,2076.8604,105.5745,1.2597,14.4838,Normal,0,,0.0,None,0,No Action Required
2026-05-01 01:04:00,WELL-001,drilling,1416.591,125.4238,102.2206,13.0678,41.9049,73.0628,2062.3787,2037.0067,105.7169,1.2572,12.996,Normal,0,,0.0,None,0,No Action Required
2026-05-01 01:05:00,WELL-001,drilling,1417.3075,130.645,101.7286,13.48,41.3558,74.0153,2069.9062,2109.2726,105.6299,1.2609,12.3381,Normal,0,,0.0,None,0,No Action Required
2026-05-01 01:06:00,WELL-001,drilling,1417.9877,130.265,101.6816,12.7797,40.9934,73.8235,2069.1312,2083.9472,105.7118,1.2594,12.3358,Normal,0,,0.0,None,0,No Action Required
2026-05-01 01:07:00,WELL-001,drilling,1418.7461,133.2808,102.0922,13.1141,45.3697,73.2637,2063.2756,2043.5728,105.6781,1.2642,13.5276,Normal,0,,0.0,None,0,No Action Required
2026-05-01 01:08:00,WELL-001,drilling,1419.4725,138.4476,102.1467,13.5409,47.369,72.9869,2062.2002,2043.4787,105.6844,1.2582,13.3851,Normal,0,,0.0,None,0,No Action Required
2026-05-01 01:09:00,WELL-001,drilling,1420.275,136.8802,101.5053,13.1359,46.9267,73.8404,2063.4045,2064.5382,105.694,1.2609,15.3338,Normal,0,,0.0,None,0,No Action Required
2026-05-01 01:10:00,WELL-001,connection,1420.3436,0.9346,1.6899,0.0,0.6321,33.5861,831.5052,1447.325,106.342,1.2729,15.4528,Normal,0,,0.0,None,0,No Action Required
2026-05-01 01:11:00,WELL-001,connection,1420.3163,0.0685,0.8065,0.0944,0.0,11.4759,0.0,776.2748,107.1238,1.2684,15.8324,Normal,0,,0.0,None,0,No Action Required
2026-05-01 01:12:00,WELL-001,connection,1420.3127,0.436,0.0,0.0509,0.037,4.0567,0.0,421.7577,107.5423,1.2694,16.1642,Normal,0,,0.0,None,0,No Action Required
2026-05-01 01:13:00,WELL-001,connection,1420.2895,0.0,1.0737,0.0,0.5673,15.5856,1035.4709,702.6015,107.2362,1.2687,17.0119,Normal,0,,0.0,None,0,No Action Required
2026-05-01 01:14:00,WELL-001,drilling,1420.5756,47.3157,39.8058,7.004,13.0321,54.5513,2058.0014,1342.43,106.4831,1.2755,17.2569,Normal,0,,0.0,None,0,No Action Required
2026-05-01 01:15:00,WELL-001,drilling,1421.0417,94.7509,80.2621,10.8096,29.298,66.8503,2056.4391,1671.9439,106.1837,1.2687,17.1583,Normal,0,,0.0,None,0,No Action Required
2026-05-01 01:16:00,WELL-001,drilling,1421.8092,143.3982,120.364,14.4166,47.9141,72.1969,2073.8274,1849.5999,105.9285,1.2683,16.7693,Normal,0,,0.0,None,0,No Action Required
2026-05-01 01:17:00,WELL-001,drilling,1422.5753,137.4631,120.0073,13.9159,45.3003,72.9641,2072.4225,1932.3517,105.8838,1.2697,16.2758,Normal,0,,0.0,None,0,No Action Required
2026-05-01 01:18:00,WELL-001,drilling,1423.3338,135.6384,120.6882,13.8509,44.8413,74.1009,2048.3057,1967.9949,105.8402,1.2698,16.4561,Normal,0,,0.0,None,0,No Action Required
2026-05-01 01:19:00,WELL-001,drilling,1424.0405,134.7452,119.8073,13.9114,43.471,73.9103,2057.2136,2015.7488,105.7275,1.2705,15.4799,Normal,0,,0.0,None,0,No Action Required
2026-05-01 01:20:00,WELL-001,drilling,1424.7945,134.5286,119.4886,13.6909,44.4504,74.2829,2056.7562,2083.4295,105.731,1.2691,15.7034,Normal,0,,0.0,None,0,No Action Required
2026-05-01 01:21:00,WELL-001,drilling,1425.5632,136.0506,120.7386,13.6169,44.2333,74.3292,2076.0632,2038.0796,105.719,1.2682,15.1854,Normal,0,,0.0,None,0,No Action Required
2026-05-01 01:22:00,WELL-001,drilling,1426.1895,129.0384,119.8836,13.2324,39.0981,74.1476,2052.7291,2024.6891,105.6881,1.2689,15.9243,Normal,0,,0.0,None,0,No Action Required
2026-05-01 01:23:00,WELL-001,drilling,1426.883,138.7926,120.4103,13.782,41.2562,73.6703,2059.559,2061.9205,105.7679,1.2727,15.3893,Normal,0,,0.0,None,0,No Action Required
2026-05-01 01:24:00,WELL-001,drilling,1427.6013,137.6552,119.2373,14.0652,41.3899,73.7908,2056.7396,2071.0471,105.6864,1.27,15.7514,Normal,0,,0.0,None,0,No Action Required
2026-05-01 01:25:00,WELL-001,drilling,1428.2701,136.667,118.838,14.1747,42.2762,73.2904,2055.0666,2036.7648,105.7216,1.2697,14.9973,Normal,0,,0.0,None,0,No Action Required
2026-05-01 01:26:00,WELL-001,drilling,1429.0832,142.9662,119.0141,14.7706,45.9212,74.5323,2070.5133,2054.3945,105.7535,1.2719,14.2743,Normal,0,,0.0,None,0,No Action Required
2026-05-01 01:27:00,WELL-001,drilling,1429.7742,135.5344,119.0835,14.2389,44.5063,73.95,2077.5894,2057.0536,105.7525,1.2694,14.5975,Normal,0,,0.0,None,0,No Action Required
2026-05-01 01:28:00,WELL-001,drilling,1430.5015,132.9787,121.1256,13.5943,41.845,74.6077,2067.6687,2056.7472,105.758,1.2691,14.6112,Normal,0,,0.0,None,0,No Action Required
2026-05-01 01:29:00,WELL-001,drilling,1431.1991,130.0257,119.9237,13.04,41.5673,74.1962,2062.8154,2088.9509,105.7527,1.2703,14.8499,Normal,0,,0.0,None,0,No Action Required
2026-05-01 01:30:00,WELL-001,drilling,1431.9252,129.3485,120.6304,12.8119,42.9617,74.7208,2067.0991,2081.8987,105.8023,1.2687,14.6489,Normal,0,,0.0,None,0,No Action Required
2026-05-01 01:31:00,WELL-001,drilling,1432.6848,135.9371,120.4066,13.3928,46.3856,74.572,2070.9879,2072.53,105.7743,1.2703,14.6082,Normal,0,,0.0,None,0,No Action Required
2026-05-01 01:32:00,WELL-001,drilling,1433.4548,132.9363,119.7048,13.2006,44.4091,75.4725,2070.1339,2054.2663,105.7946,1.2674,14.4666,Normal,0,,0.0,None,0,No Action Required
2026-05-01 01:33:00,WELL-001,drilling,1434.2312,135.2477,120.0811,12.8698,46.6286,74.0681,2074.8284,2058.641,105.8467,1.2706,13.1646,Normal,0,,0.0,None,0,No Action Required
2026-05-01 01:34:00,WELL-001,drilling,1434.972,134.2932,119.1745,13.2363,45.6941,74.6142,2058.9462,2041.0275,105.7519,1.2728,29.717,Normal,0,,0.0,None,0,No Action Required
2026-05-01 01:35:00,WELL-001,drilling,1435.7355,140.2194,119.5932,13.3261,44.4671,74.2317,2062.0026,2119.6307,105.8001,1.2706,29.6655,Normal,0,,0.0,None,0,No Action Required
2026-05-01 01:36:00,WELL-001,drilling,1436.4935,138.1612,120.0805,13.6727,46.6912,74.9837,2055.8741,2026.184,105.7924,1.2734,30.1322,Normal,0,,0.0,None,0,No Action Required
2026-05-01 01:37:00,WELL-001,drilling,1437.2857,141.799,119.708,13.5453,47.778,74.5725,2066.9891,2144.0454,105.8297,1.2703,15.7006,Normal,0,,0.0,None,0,No Action Required
2026-05-01 01:38:00,WELL-001,drilling,1438.0399,138.0824,120.8174,13.6073,45.8375,74.8596,2077.0012,2066.1813,105.8129,1.2699,14.4009,Normal,0,,0.0,None,0,No Action Required
2026-05-01 01:39:00,WELL-001,drilling,1438.8712,140.8071,118.9923,14.294,47.484,74.6273,2076.811,2089.2562,105.8371,1.2696,14.3201,Normal,0,,0.0,None,0,No Action Required
2026-05-01 01:40:00,WELL-001,drilling,1439.5759,134.7993,119.7205,13.9113,44.405,74.8457,2061.973,1982.9203,105.8314,1.2722,13.9131,Normal,0,,0.0,None,0,No Action Required
2026-05-01 01:41:00,WELL-001,drilling,1440.4069,140.8676,120.1546,14.1737,49.2911,74.8395,2073.1441,2033.3087,105.8371,1.2694,14.8316,Normal,0,,0.0,None,0,No Action Required
2026-05-01 01:42:00,WELL-001,drilling,1441.216,134.4408,118.9491,14.2365,46.8092,75.2389,2064.8693,2017.4612,105.8743,1.271,14.9805,Normal,0,,0.0,None,0,No Action Required
2026-05-01 01:43:00,WELL-001,drilling,1441.9628,135.6685,120.2923,13.8201,44.0031,74.3078,2052.2272,2070.3258,105.8229,1.2724,15.0273,Normal,0,,0.0,None,0,No Action Required
2026-05-01 01:44:00,WELL-001,drilling,1442.7022,132.1009,119.438,13.8278,43.8932,74.7328,2084.9786,2071.9039,105.8288,1.2711,14.3229,Normal,0,,0.0,None,0,No Action Required
2026-05-01 01:45:00,WELL-001,drilling,1443.4441,135.5688,119.853,13.9644,45.2168,75.3327,2071.9638,2113.0801,105.858,1.2721,13.7873,Normal,0,,0.0,None,0,No Action Required
2026-05-01 01:46:00,WELL-001,drilling,1444.2411,133.5138,121.0259,14.0959,47.2377,75.6387,2070.5663,2070.3764,105.8565,1.2691,13.298,Normal,0,,0.0,None,0,No Action Required
2026-05-01 01:47:00,WELL-001,drilling,1445.0117,136.703,119.8085,14.915,47.4418,75.6418,2080.0145,2069.4636,105.8752,1.2693,14.0397,Normal,0,,0.0,None,0,No Action Required
2026-05-01 01:48:00,WELL-001,drilling,1445.8771,145.6014,120.4266,15.1991,50.5858,75.0007,2070.2093,2042.1723,105.8207,1.2728,14.0311,Normal,0,,0.0,None,0,No Action Required
2026-05-01 01:49:00,WELL-001,drilling,1446.6601,141.2954,119.8966,14.3687,48.8622,75.0034,2069.4127,2077.8028,105.8802,1.2672,15.2058,Normal,0,,0.0,None,0,No Action Required
2026-05-01 01:50:00,WELL-001,drilling,1447.4293,139.355,119.3187,14.4551,46.0896,74.5525,2051.9292,2073.306,105.8733,1.2718,16.2843,Normal,0,,0.0,None,0,No Action Required
2026-05-01 01:51:00,WELL-001,drilling,1448.1892,139.2587,118.6164,14.9646,44.3744,75.8301,2060.4391,2074.981,105.895,1.2708,15.9624,Normal,0,,0.0,None,0,No Action Required
2026-05-01 01:52:00,WELL-001,drilling,1448.9417,136.2817,120.3344,15.2925,45.0166,75.6128,2082.3724,2078.1884,105.7968,1.271,14.9467,Normal,0,,0.0,None,0,No Action Required
2026-05-01 01:53:00,WELL-001,connection,1448.9208,0.6511,0.0038,0.0452,0.0,34.9676,831.3484,1519.366,105.5856,1.2721,14.92,Normal,0,,0.0,None,0,No Action Required
2026-05-01 01:54:00,WELL-001,connection,1448.9355,0.111,0.2611,0.0,1.0726,11.3456,0.0,785.0406,105.5186,1.2717,14.3356,Normal,0,,0.0,None,0,No Action Required
2026-05-01 01:55:00,WELL-001,connection,1448.9379,0.0,0.0,0.0,0.0,3.8938,0.0,423.6903,105.0252,1.2709,13.7794,Normal,0,,0.0,None,0,No Action Required
2026-05-01 01:56:00,WELL-001,connection,1448.9196,0.0,0.0,0.1171,0.0,16.0748,1029.3875,711.6948,104.6927,1.2704,14.318,Normal,0,,0.0,None,0,No Action Required
2026-05-01 01:57:00,WELL-001,drilling,1449.1455,47.7585,41.4374,7.61,12.1054,55.1132,2070.3348,1357.8181,103.9215,1.2726,14.4831,Normal,0,,0.0,None,0,No Action Required
2026-05-01 01:58:00,WELL-001,drilling,1449.6299,96.8181,83.6205,11.3558,29.373,68.6886,2067.707,1681.603,103.6502,1.2704,14.8411,Normal,0,,0.0,None,0,No Action Required
2026-05-01 01:59:00,WELL-001,drilling,1450.4808,142.7894,124.9091,15.0143,50.4905,71.9669,2075.7929,1822.4673,103.4652,1.2717,14.9497,Normal,0,,0.0,None,0,No Action Required
2026-05-01 02:00:00,WELL-001,drilling,1451.2439,143.0814,122.9284,14.8693,47.6404,74.8272,2077.5108,1959.4002,103.3201,1.2703,13.5999,Normal,0,,0.0,None,0,No Action Required
2026-05-01 02:01:00,WELL-001,drilling,1452.0621,137.1365,123.5157,14.0739,47.3239,74.7125,2069.6506,2018.2552,103.2665,1.2727,13.5799,Normal,0,,0.0,None,0,No Action Required
2026-05-01 02:02:00,WELL-001,drilling,1452.8797,139.873,125.0802,14.4204,47.9142,74.9953,2076.3329,2005.8005,103.321,1.2705,13.6131,Normal,0,,0.0,None,0,No Action Required
2026-05-01 02:03:00,WELL-001,drilling,1453.7115,139.3418,125.1735,14.5235,48.3168,74.4828,2081.7098,2062.8662,103.2601,1.2692,14.4474,Normal,0,,0.0,None,0,No Action Required
2026-05-01 02:04:00,WELL-001,drilling,1454.4867,141.7787,125.0037,14.2439,48.2076,74.9316,2059.0019,2048.2191,103.2745,1.2707,13.6662,Normal,0,,0.0,None,0,No Action Required
2026-05-01 02:05:00,WELL-001,drilling,1455.3128,141.5052,124.7137,13.728,48.8856,74.6059,2076.5172,2082.8196,103.2652,1.2728,13.1397,Normal,0,,0.0,None,0,No Action Required
2026-05-01 02:06:00,WELL-001,drilling,1456.0481,138.6227,125.1341,13.3263,46.4822,75.852,2080.5836,2048.9491,103.2666,1.2721,13.5734,Normal,0,,0.0,None,0,No Action Required
2026-05-01 02:07:00,WELL-001,drilling,1456.863,137.2997,124.538,13.574,46.9825,75.4582,2062.7238,2035.5113,103.3358,1.2705,12.6334,Normal,0,,0.0,None,0,No Action Required
2026-05-01 02:08:00,WELL-001,drilling,1457.6218,134.5429,125.2569,13.7471,45.1445,75.5009,2082.2038,2085.4667,103.2537,1.2701,12.7597,Normal,0,,0.0,None,0,No Action Required
2026-05-01 02:09:00,WELL-001,drilling,1458.4066,137.7338,124.7251,14.1458,48.1227,75.115,2073.3318,2035.4411,103.3222,1.2694,12.0648,Normal,0,,0.0,None,0,No Action Required
2026-05-01 02:10:00,WELL-001,drilling,1459.1308,132.995,124.9258,14.0485,45.719,74.3841,2064.4395,2055.431,103.3503,1.2706,13.258,Normal,0,,0.0,None,0,No Action Required
2026-05-01 02:11:00,WELL-001,drilling,1460.0152,133.548,123.969,13.8733,50.1759,75.0657,2066.7436,2088.7443,103.3485,1.2713,13.3181,Normal,0,,0.0,None,0,No Action Required
2026-05-01 02:12:00,WELL-001,drilling,1460.7225,135.2993,124.7224,13.7708,46.6753,75.3133,2082.7266,2060.8981,103.3993,1.2674,14.3577,Normal,0,,0.0,None,0,No Action Required
2026-05-01 02:13:00,WELL-001,drilling,1461.5332,137.4131,123.449,13.6546,47.5187,75.7072,2075.788,2037.7069,103.3306,1.2699,13.0526,Normal,0,,0.0,None,0,No Action Required
2026-05-01 02:14:00,WELL-001,drilling,1462.3733,139.904,125.0556,14.3033,48.8047,75.8484,2066.1599,2019.43,103.3994,1.2696,12.1746,Normal,0,,0.0,None,0,No Action Required
2026-05-01 02:15:00,WELL-001,drilling,1463.1949,140.3783,125.6191,13.962,49.0468,75.1797,2066.2375,2067.5489,103.3568,1.2725,11.8842,Normal,0,,0.0,None,0,No Action Required
2026-05-01 02:16:00,WELL-001,drilling,1463.9056,137.6502,124.1575,14.0432,47.1065,75.5854,2078.8761,2121.758,103.3972,1.2711,12.0013,Normal,0,,0.0,None,0,No Action Required
2026-05-01 02:17:00,WELL-001,drilling,1464.7751,134.9954,124.0119,13.7791,49.7046,75.3289,2067.9549,2050.1806,103.3982,1.2694,21.2377,Normal,0,,0.0,None,0,No Action Required
2026-05-01 02:18:00,WELL-001,drilling,1465.6744,137.1292,125.1821,14.4451,52.4021,74.9715,2065.7202,2084.6517,103.3873,1.2669,20.7133,Normal,0,,0.0,None,0,No Action Required
2026-05-01 02:19:00,WELL-001,drilling,1466.5545,137.4445,124.3991,14.468,54.1089,75.4238,2064.3591,2076.513,103.4591,1.2684,20.5573,Normal,0,,0.0,None,0,No Action Required
2026-05-01 02:20:00,WELL-001,drilling,1467.3326,124.6736,125.044,13.6086,47.0242,75.8839,2062.0356,2066.9986,103.4419,1.2687,11.5807,Normal,0,,0.0,None,0,No Action Required
2026-05-01 02:21:00,WELL-001,drilling,1468.1172,123.4009,124.1979,13.3208,47.2654,75.6754,2065.4091,2062.3981,103.4746,1.2735,12.332,Normal,0,,0.0,None,0,No Action Required
2026-05-01 02:22:00,WELL-001,drilling,1468.9163,123.2176,124.9416,13.1303,46.4307,75.4862,2067.1505,2085.0657,103.4014,1.2677,12.0736,Normal,0,,0.0,None,0,No Action Required
2026-05-01 02:23:00,WELL-001,drilling,1469.6121,123.7596,125.3024,13.0556,45.1079,75.4315,2075.7832,2093.699,103.4966,1.2693,12.1522,Normal,0,,0.0,None,0,No Action Required
2026-05-01 02:24:00,WELL-001,drilling,1470.4121,127.6878,123.9262,13.1253,47.1102,75.1553,2097.5832,2053.8499,103.5112,1.267,11.3679,Normal,0,,0.0,None,0,No Action Required
2026-05-01 02:25:00,WELL-001,drilling,1471.2255,130.2742,123.7462,13.6122,48.3669,75.7348,2065.535,2036.1194,103.494,1.2734,11.9407,Normal,0,,0.0,None,0,No Action Required
2026-05-01 02:26:00,WELL-001,drilling,1471.946,125.9441,125.0008,13.2191,42.3569,76.2458,2075.7128,2073.1042,103.48,1.2676,12.9963,Normal,0,,0.0,None,0,No Action Required
2026-05-01 02:27:00,WELL-001,drilling,1472.7352,131.1445,124.421,13.4164,46.1536,75.5205,2078.1231,2032.3066,103.5235,1.2701,12.1258,Normal,0,,0.0,None,0,No Action Required
2026-05-01 02:28:00,WELL-001,drilling,1473.4766,136.2765,123.0043,13.3846,47.3774,75.8543,2063.9824,2091.5383,103.5192,1.2698,11.7876,Normal,0,,0.0,None,0,No Action Required
2026-05-01 02:29:00,WELL-001,drilling,1474.247,137.5434,124.1817,13.16,45.5085,75.8598,2068.2164,2065.5868,103.5278,1.2713,13.1293,Normal,0,,0.0,None,0,No Action Required
2026-05-01 02:30:00,WELL-001,drilling,1474.9732,131.5374,124.1729,12.491,42.5704,75.5384,2047.2619,2093.5927,103.5079,1.2693,13.4951,Normal,0,,0.0,None,0,No Action Required
2026-05-01 02:31:00,WELL-001,drilling,1475.743,135.789,126.042,12.7823,45.2233,75.928,2065.4124,2085.7309,103.5492,1.2678,12.1429,Normal,0,,0.0,None,0,No Action Required
2026-05-01 02:32:00,WELL-001,drilling,1476.4719,136.8349,124.9092,12.9589,43.9043,75.6882,2066.3558,2067.7238,103.6119,1.2691,12.4141,Normal,0,,0.0,None,0,No Action Required
2026-05-01 02:33:00,WELL-001,drilling,1477.1827,127.3715,124.5173,12.2758,42.4933,76.0042,2069.2138,2047.7732,103.5765,1.2695,12.5815,Normal,0,,0.0,None,0,No Action Required
2026-05-01 02:34:00,WELL-001,drilling,1477.8881,127.9118,125.6127,12.1431,41.3268,75.8403,2073.1051,2081.0934,103.6165,1.2733,13.616,Normal,0,,0.0,None,0,No Action Required
2026-05-01 02:35:00,WELL-001,connection,1477.8758,0.0,0.6036,0.0834,0.0,34.8791,830.9514,1493.017,104.3456,1.2798,14.6625,Normal,0,,0.0,None,0,No Action Required
2026-05-01 02:36:00,WELL-001,connection,1477.8577,0.0,0.1897,0.0,0.0,12.3978,0.0,806.3392,105.0634,1.2816,14.4361,Normal,0,,0.0,None,0,No Action Required
2026-05-01 02:37:00,WELL-001,connection,1477.8574,0.0,0.0,0.1548,0.0,4.0128,0.0,419.6902,105.4755,1.2778,14.3535,Normal,0,,0.0,None,0,No Action Required
2026-05-01 02:38:00,WELL-001,connection,1477.8446,1.1288,0.0,0.2139,0.0,15.7197,1042.2013,691.8,105.1775,1.2809,14.4173,Normal,0,,0.0,None,0,No Action Required
2026-05-01 02:39:00,WELL-001,drilling,1478.0085,40.6876,38.0964,7.1446,9.5573,56.8117,2074.9551,1327.5978,104.5147,1.28,13.8097,Normal,0,,0.0,None,0,No Action Required
2026-05-01 02:40:00,WELL-001,drilling,1478.4503,85.1012,73.7792,10.3654,24.3797,70.3824,2071.3036,1702.4333,104.1316,1.2816,13.9598,Normal,0,,0.0,None,0,No Action Required
2026-05-01 02:41:00,WELL-001,drilling,1479.107,126.0982,111.708,13.4848,41.5761,74.2026,2075.9837,1865.0047,103.8809,1.2837,14.4475,Normal,0,,0.0,None,0,No Action Required
2026-05-01 02:42:00,WELL-001,drilling,1479.8018,126.8502,111.0944,13.8251,41.5744,76.3186,2059.9089,1922.3208,103.839,1.2755,14.9406,Normal,0,,0.0,None,0,No Action Required
2026-05-01 02:43:00,WELL-001,drilling,1480.4986,128.0313,111.1557,13.9114,42.1978,76.7093,2066.1568,1947.1612,103.7514,1.2812,14.8127,Normal,0,,0.0,None,0,No Action Required
2026-05-01 02:44:00,WELL-001,drilling,1481.1484,122.9076,112.5048,13.6786,40.3596,77.0109,2090.2697,2053.554,103.7653,1.28,15.0737,Normal,0,,0.0,None,0,No Action Required
2026-05-01 02:45:00,WELL-001,drilling,1481.8866,124.1892,111.6722,13.6959,41.3968,77.0721,2070.188,2076.9056,103.7305,1.2793,15.6528,Normal,0,,0.0,None,0,No Action Required
2026-05-01 02:46:00,WELL-001,drilling,1482.5377,124.4358,111.1219,13.4159,39.8213,77.4846,2060.7384,2082.9399,103.6978,1.2812,15.027,Normal,0,,0.0,None,0,No Action Required
2026-05-01 02:47:00,WELL-001,drilling,1483.2217,129.656,111.2665,13.5884,40.6371,75.9399,2067.1195,2088.7232,103.7279,1.2831,15.6011,Normal,0,,0.0,None,0,No Action Required
2026-05-01 02:48:00,WELL-001,drilling,1483.9543,130.3912,111.2653,13.3129,43.0557,76.2151,2071.6418,2084.7349,103.7697,1.2784,16.9318,Normal,0,,0.0,None,0,No Action Required
2026-05-01 02:49:00,WELL-001,drilling,1484.6563,134.0371,111.1363,13.4764,43.3524,76.0186,2036.8014,2023.2518,103.6943,1.2786,17.0522,Normal,0,,0.0,None,0,No Action Required
2026-05-01 02:50:00,WELL-001,drilling,1485.4114,133.9404,111.3255,13.3946,45.3384,75.7788,2055.6977,2081.9836,103.7442,1.284,16.0149,Normal,0,,0.0,None,0,No Action Required
2026-05-01 02:51:00,WELL-001,drilling,1486.0973,131.8198,112.0185,13.3734,43.806,76.2452,2056.1296,2072.6534,103.7406,1.2784,17.105,Normal,0,,0.0,None,0,No Action Required
2026-05-01 02:52:00,WELL-001,drilling,1486.793,128.257,112.3142,13.1687,42.5645,75.8689,2067.4764,2040.0503,103.8212,1.2806,17.1703,Normal,0,,0.0,None,0,No Action Required
2026-05-01 02:53:00,WELL-001,drilling,1487.5559,130.8551,112.3187,13.2388,43.4568,75.853,2065.0576,2089.7149,103.7678,1.2803,15.9711,Normal,0,,0.0,None,0,No Action Required
2026-05-01 02:54:00,WELL-001,drilling,1488.3052,133.9688,111.8064,13.0598,44.6458,76.5694,2067.3653,2075.6165,103.8402,1.2824,16.7598,Normal,0,,0.0,None,0,No Action Required
2026-05-01 02:55:00,WELL-001,drilling,1489.0458,136.9674,111.1003,13.6329,44.2807,77.3508,2064.0796,2064.4524,103.8376,1.2793,16.407,Normal,0,,0.0,None,0,No Action Required
2026-05-01 02:56:00,WELL-001,drilling,1489.8246,139.4028,111.485,13.306,45.5802,77.1281,2075.4661,2062.3537,103.8761,1.2823,16.0001,Normal,0,,0.0,None,0,No Action Required
2026-05-01 02:57:00,WELL-001,drilling,1490.5699,140.0917,112.9263,12.9615,45.3276,77.1433,2066.6251,2060.1144,103.853,1.2821,16.204,Normal,0,,0.0,None,0,No Action Required
2026-05-01 02:58:00,WELL-001,drilling,1491.3578,143.1355,111.9324,13.476,47.1026,76.5451,2064.9779,2045.1658,103.8094,1.278,15.3541,Normal,0,,0.0,None,0,No Action Required
2026-05-01 02:59:00,WELL-001,drilling,1492.1439,139.4109,112.8892,13.3203,47.0284,76.5548,2064.0158,2068.2005,103.9084,1.2823,20.9539,Normal,0,,0.0,None,0,No Action Required
2026-05-01 03:00:00,WELL-001,drilling,1492.8998,139.2804,110.7192,13.6175,46.7693,76.5849,2069.0362,2086.7127,103.8798,1.2789,20.3209,Normal,0,,0.0,None,0,No Action Required
2026-05-01 03:01:00,WELL-001,drilling,1493.6818,141.0265,112.174,14.401,46.8308,76.8422,2058.0406,2072.4729,103.9086,1.2775,19.3432,Normal,0,,0.0,None,0,No Action Required
2026-05-01 03:02:00,WELL-001,drilling,1494.4328,139.8623,111.682,14.0325,45.6397,77.3404,2062.9786,2059.4215,103.939,1.2795,14.9446,Normal,0,,0.0,None,0,No Action Required
2026-05-01 03:03:00,WELL-001,drilling,1495.1602,141.5262,111.8313,14.5793,44.4407,77.8515,2073.7556,2104.844,103.9187,1.2822,13.261,Normal,0,,0.0,None,0,No Action Required
2026-05-01 03:04:00,WELL-001,drilling,1495.8835,146.9497,111.7459,14.4728,45.1535,76.2253,2070.7602,1999.1219,103.9453,1.2817,13.6727,Normal,0,,0.0,None,0,No Action Required
2026-05-01 03:05:00,WELL-001,drilling,1496.6173,148.8351,111.7674,15.012,43.7051,77.57,2064.5403,2058.0832,103.987,1.2776,16.5467,Normal,0,,0.0,None,0,No Action Required
2026-05-01 03:06:00,WELL-001,drilling,1497.38,145.2807,111.3336,14.534,44.4859,77.6182,2073.862,2025.6777,103.9497,1.2798,15.6803,Normal,0,,0.0,None,0,No Action Required
2026-05-01 03:07:00,WELL-001,drilling,1498.1578,149.8234,112.4421,14.5869,47.442,77.5799,2066.4014,2064.8145,103.9932,1.2799,14.3668,Normal,0,,0.0,None,0,No Action Required
2026-05-01 03:08:00,WELL-001,drilling,1498.9707,148.7598,111.8243,14.7283,46.3997,77.1779,2070.9657,2081.3216,103.9781,1.28,14.7621,Normal,0,,0.0,None,0,No Action Required
2026-05-01 03:09:00,WELL-001,drilling,1499.6929,150.9426,111.3542,15.1288,45.4653,77.5284,2070.825,2073.0735,103.975,1.2817,14.7866,Normal,0,,0.0,None,0,No Action Required
2026-05-01 03:10:00,WELL-001,drilling,1500.4602,150.162,111.9036,14.6532,47.5275,77.09,2056.9168,2034.5747,103.9639,1.2799,13.8016,Normal,0,,0.0,None,0,No Action Required
2026-05-01 03:11:00,WELL-001,drilling,1501.2572,149.8247,111.8664,14.377,45.2245,77.3295,2065.5241,2044.8282,103.9422,1.2787,14.062,Normal,0,,0.0,None,0,No Action Required
2026-05-01 03:12:00,WELL-001,drilling,1502.0329,153.3526,111.7496,14.5167,47.146,77.4552,2064.951,2094.1756,104.005,1.2838,14.0737,Normal,0,,0.0,None,0,No Action Required
2026-05-01 03:13:00,WELL-001,drilling,1502.7732,150.2554,113.0207,14.3162,43.4776,77.0427,2068.3344,2025.2432,103.9896,1.281,13.7418,Normal,0,,0.0,None,0,No Action Required
2026-05-01 03:14:00,WELL-001,drilling,1503.535,147.5241,112.2544,14.3033,45.8017,76.3614,2057.0474,2082.5114,104.0317,1.2791,13.3762,Normal,0,,0.0,None,0,No Action Required
2026-05-01 03:15:00,WELL-001,drilling,1504.3201,147.5622,110.6021,14.426,47.1396,77.1724,2061.0113,2059.4841,104.047,1.2813,13.0802,Normal,0,,0.0,None,0,No Action Required
2026-05-01 03:16:00,WELL-001,drilling,1505.1471,156.046,112.9097,14.9634,51.0839,77.226,2072.3673,2065.9642,104.0465,1.2792,14.0631,Normal,0,,0.0,None,0,No Action Required
2026-05-01 03:17:00,WELL-001,drilling,1506.0421,154.7366,111.2496,15.1769,51.1924,76.756,2068.9458,2051.7889,104.0392,1.2794,14.5967,Normal,0,,0.0,None,0,No Action Required
2026-05-01 03:18:00,WELL-001,connection,1506.0129,0.2279,0.1469,0.0,0.0,35.6163,824.4987,1513.6375,104.7594,1.2819,14.6887,Normal,0,,0.0,None,0,No Action Required
2026-05-01 03:19:00,WELL-001,connection,1505.9919,0.0,0.8744,0.2278,0.0,12.3516,0.0,804.2938,105.5027,1.281,15.0314,Normal,0,,0.0,None,0,No Action Required
2026-05-01 03:20:00,WELL-001,connection,1506.0193,1.3275,0.0,0.0086,0.0,4.1157,0.0,425.5828,105.9623,1.2793,13.6357,Normal,0,,0.0,None,0,No Action Required
2026-05-01 03:21:00,WELL-001,connection,1506.0381,0.6325,0.0,0.0,0.0,0.6671,0.0,231.228,106.2226,1.2826,13.3741,Normal,0,,0.0,None,0,No Action Required
2026-05-01 03:22:00,WELL-001,connection,1506.0483,0.0,1.2325,0.0,0.0,0.2057,0.0,120.7715,106.2793,1.2807,14.1272,Normal,0,,0.0,None,0,No Action Required
2026-05-01 03:23:00,WELL-001,connection,1506.0488,0.0,0.1268,0.0,0.0,0.0,0.0,62.9158,106.3656,1.2792,14.0311,Normal,0,,0.0,None,0,No Action Required
2026-05-01 03:24:00,WELL-001,connection,1506.0419,0.4104,0.3763,0.0047,0.0,0.0,0.0,33.4281,106.3306,1.2798,13.4359,Normal,0,,0.0,None,0,No Action Required
2026-05-01 03:25:00,WELL-001,connection,1506.0609,0.0,0.0,0.0907,0.5876,0.0,0.0,18.3295,106.4448,1.2762,12.8674,Normal,0,,0.0,None,0,No Action Required
2026-05-01 03:26:00,WELL-001,connection,1505.9912,0.7586,0.0,0.0922,0.2368,14.3602,1034.5448,486.5204,105.8756,1.2799,13.784,Normal,0,,0.0,None,0,No Action Required
2026-05-01 03:27:00,WELL-001,drilling,1506.2514,45.3272,41.6427,7.617,12.6255,56.3712,2061.2579,1220.9838,105.0311,1.2827,13.9493,Normal,0,,0.0,None,0,No Action Required
2026-05-01 03:28:00,WELL-001,drilling,1506.7228,92.6603,80.8349,11.0998,29.6037,69.7104,2051.5607,1556.0795,104.6453,1.2816,12.7988,Normal,0,,0.0,None,0,No Action Required
2026-05-01 03:29:00,WELL-001,drilling,1507.5106,134.1732,121.3474,14.2546,47.8039,73.5388,2059.5036,1788.1894,104.3548,1.2792,12.4259,Normal,0,,0.0,None,0,No Action Required
2026-05-01 03:30:00,WELL-001,drilling,1508.3078,136.7273,121.5281,14.2779,48.2238,75.7829,2058.6743,1908.304,104.3551,1.2798,12.8347,Normal,0,,0.0,None,0,No Action Required
2026-05-01 03:31:00,WELL-001,drilling,1509.0582,133.0017,122.35,13.7529,46.1496,76.1691,2064.0486,2009.8151,104.2178,1.2756,14.9337,Normal,0,,0.0,None,0,No Action Required
2026-05-01 03:32:00,WELL-001,drilling,1509.747,126.6955,121.9076,13.1489,41.341,77.5367,2055.0863,2025.2055,104.2619,1.282,14.8049,Normal,0,,0.0,None,0,No Action Required
2026-05-01 03:33:00,WELL-001,drilling,1510.4665,136.177,122.0491,13.2764,44.0261,76.4554,2053.8923,2023.966,104.1724,1.2786,15.6321,Normal,0,,0.0,None,0,No Action Required
2026-05-01 03:34:00,WELL-001,drilling,1511.237,134.8548,122.0015,13.4946,42.95,76.7683,2054.3699,2031.2689,104.2087,1.2815,16.1262,Normal,0,,0.0,None,0,No Action Required
2026-05-01 03:35:00,WELL-001,drilling,1511.9347,127.0068,121.3126,12.5889,43.0574,77.2807,2070.3371,2075.2137,104.1974,1.2854,15.1385,Normal,0,,0.0,None,0,No Action Required
2026-05-01 03:36:00,WELL-001,drilling,1512.5969,124.8321,122.1903,12.848,41.7043,76.0735,2046.2642,2071.8138,104.1565,1.2788,15.6444,Normal,0,,0.0,None,0,No Action Required
2026-05-01 03:37:00,WELL-001,drilling,1513.3871,135.5303,122.3483,13.6428,43.6874,76.4118,2056.8306,2078.612,104.2554,1.2825,14.9182,Normal,0,,0.0,None,0,No Action Required
2026-05-01 03:38:00,WELL-001,drilling,1514.0782,129.6501,123.5487,12.988,43.7411,76.7717,2055.3552,2057.2427,104.1879,1.2803,15.2935,Normal,0,,0.0,None,0,No Action Required
2026-05-01 03:39:00,WELL-001,drilling,1514.8678,129.8278,121.8332,12.9813,45.9306,76.5862,2073.264,2035.9289,104.2834,1.281,15.3791,Normal,0,,0.0,None,0,No Action Required
2026-05-01 03:40:00,WELL-001,drilling,1515.5643,128.6475,121.265,13.4715,43.6286,76.706,2069.6571,2045.2318,104.2231,1.2811,16.3362,Normal,0,,0.0,None,0,No Action Required
2026-05-01 03:41:00,WELL-001,drilling,1516.2851,127.4774,122.3031,13.0261,43.243,75.9699,2055.1994,2085.6393,104.2327,1.2809,15.4372,Normal,0,,0.0,None,0,No Action Required
2026-05-01 03:42:00,WELL-001,drilling,1516.9945,122.7628,121.6275,12.5848,41.3353,76.6555,2066.741,2092.3197,104.2502,1.2769,31.473,Normal,0,,0.0,None,0,No Action Required
2026-05-01 03:43:00,WELL-001,drilling,1517.6466,121.1328,121.5383,12.6065,39.7117,77.1297,2056.7309,2086.5466,104.2545,1.2793,32.1291,Normal,0,,0.0,None,0,No Action Required
2026-05-01 03:44:00,WELL-001,drilling,1518.3204,120.4623,121.8403,12.8218,40.708,76.9099,2065.6831,2091.4648,104.2899,1.2775,32.015,Normal,0,,0.0,None,0,No Action Required
2026-05-01 03:45:00,WELL-001,drilling,1518.9801,118.6746,121.6158,12.4693,40.0371,76.1174,2061.7458,2053.0388,104.2574,1.2814,31.4649,Normal,0,,0.0,None,0,No Action Required
2026-05-01 03:46:00,WELL-001,drilling,1519.7017,121.0967,122.5139,12.4047,42.0854,76.9872,2060.2459,2057.93,104.2635,1.2806,33.6811,Normal,0,,0.0,None,0,No Action Required
2026-05-01 03:47:00,WELL-001,drilling,1520.4483,123.5967,122.176,12.5428,44.0526,76.895,2062.3568,2037.8869,104.3016,1.2784,33.0921,Normal,0,,0.0,None,0,No Action Required
2026-05-01 03:48:00,WELL-001,drilling,1521.1837,118.6696,121.2685,12.2721,44.8103,76.8754,2055.014,2072.185,104.2877,1.2824,32.0678,Normal,0,,0.0,None,0,No Action Required
2026-05-01 03:49:00,WELL-001,drilling,1521.8951,119.2891,122.0106,12.1819,44.1332,76.1841,2054.8289,2060.1189,104.3244,1.278,33.2517,Normal,0,,0.0,None,0,No Action Required
2026-05-01 03:50:00,WELL-001,drilling,1522.6159,126.4669,121.4516,12.1119,43.6088,75.9452,2059.4787,2072.7099,104.2866,1.2771,16.8334,Normal,0,,0.0,None,0,No Action Required
2026-05-01 03:51:00,WELL-001,drilling,1523.3239,127.9038,122.1015,11.8928,43.0436,76.7525,2073.0218,2033.2799,104.309,1.2849,16.8562,Normal,0,,0.0,None,0,No Action Required
2026-05-01 03:52:00,WELL-001,drilling,1524.0942,127.7706,122.3373,11.9586,43.9414,76.3082,2062.5117,2097.4857,104.3263,1.2799,17.0706,Normal,0,,0.0,None,0,No Action Required
2026-05-01 03:53:00,WELL-001,drilling,1524.8701,134.5071,122.5314,13.0277,43.8797,76.4919,2059.7515,2030.645,104.29,1.2809,16.0873,Normal,0,,0.0,None,0,No Action Required
2026-05-01 03:54:00,WELL-001,drilling,1525.5032,134.1331,121.5006,13.167,43.6858,77.3477,2059.4615,2059.8571,104.3807,1.2787,16.0947,Normal,0,,0.0,None,0,No Action Required
2026-05-01 03:55:00,WELL-001,drilling,1526.2693,132.464,120.822,12.9019,42.3456,77.9706,2051.7965,1966.1675,104.3592,1.2779,15.5928,Normal,0,,0.0,None,0,No Action Required
2026-05-01 03:56:00,WELL-001,drilling,1526.9523,133.2463,121.6432,13.4593,42.1645,77.0025,2043.7142,2035.3108,104.4056,1.2789,15.3739,Normal,0,,0.0,None,0,No Action Required
2026-05-01 03:57:00,WELL-001,drilling,1527.6928,136.9788,121.7149,13.2638,43.8096,77.252,2057.9154,2076.2691,104.3979,1.2813,15.4273,Normal,0,,0.0,None,0,No Action Required
2026-05-01 03:58:00,WELL-001,drilling,1528.4846,139.4118,122.5215,13.6966,47.1648,76.6625,2061.62,2052.428,104.4049,1.2766,15.9206,Normal,0,,0.0,None,0,No Action Required
2026-05-01 03:59:00,WELL-001,drilling,1529.2823,136.5807,120.2963,13.5927,45.8664,77.7813,2066.475,2065.8983,104.3675,1.2817,15.9951,Normal,0,,0.0,None,0,No Action Required
2026-05-01 04:00:00,WELL-001,drilling,1529.9684,137.1462,122.428,13.5097,43.5765,76.9521,2063.2114,2092.5399,104.4387,1.2802,15.6078,Normal,0,,0.0,None,0,No Action Required
2026-05-01 04:01:00,WELL-001,drilling,1530.7409,139.0287,121.9997,13.712,45.4719,76.5853,2045.9934,2027.6173,104.4112,1.2824,15.428,Normal,0,,0.0,None,0,No Action Required
2026-05-01 04:02:00,WELL-001,drilling,1531.482,140.756,121.5042,13.9664,43.5206,77.5137,2039.5474,2054.3653,104.4184,1.2815,15.832,Normal,0,,0.0,None,0,No Action Required
2026-05-01 04:03:00,WELL-001,drilling,1532.2717,143.816,120.4408,14.0503,47.3098,77.6873,2040.1784,2045.7203,104.5047,1.2811,15.9147,Normal,0,,0.0,None,0,No Action Required
2026-05-01 04:04:00,WELL-001,drilling,1533.0466,139.523,120.6264,14.8074,46.0471,77.2891,2047.5634,2044.51,104.4842,1.2797,16.5463,Normal,0,,0.0,None,0,No Action Required
2026-05-01 04:05:00,WELL-001,drilling,1533.8745,142.9792,121.1966,14.7948,48.9682,77.6515,2050.389,2091.9402,104.4775,1.2784,16.5146,Normal,0,,0.0,None,0,No Action Required
2026-05-01 04:06:00,WELL-001,drilling,1534.6328,143.8851,120.4181,15.1456,46.8433,77.3868,2046.4524,2076.9387,104.5414,1.2781,15.8,Normal,0,,0.0,None,0,No Action Required
2026-05-01 04:07:00,WELL-001,connection,1534.6109,0.0,0.3894,0.0999,0.4004,35.6283,817.6673,1457.8704,105.1586,1.2933,15.0764,Normal,0,,0.0,None,0,No Action Required
2026-05-01 04:08:00,WELL-001,connection,1534.6062,0.0,0.0,0.0,0.3371,11.9393,0.0,792.4068,105.9437,1.2888,17.2855,Normal,0,,0.0,None,0,No Action Required
2026-05-01 04:09:00,WELL-001,connection,1534.6216,0.4202,0.0667,0.0,0.0893,4.1856,0.0,414.1845,106.3791,1.2886,15.8421,Normal,0,,0.0,None,0,No Action Required
2026-05-01 04:10:00,WELL-001,connection,1534.6247,0.5649,0.2353,0.0492,0.1211,1.5275,0.0,222.8516,106.5788,1.2929,16.5468,Normal,0,,0.0,None,0,No Action Required
2026-05-01 04:11:00,WELL-001,connection,1534.6479,0.0,0.3568,0.0,0.0,1.108,0.0,116.3058,106.7139,1.2857,15.5089,Normal,0,,0.0,None,0,No Action Required
2026-05-01 04:12:00,WELL-001,connection,1534.6637,0.0,0.5871,0.0,0.0,15.5503,1037.9548,546.4608,106.2466,1.2912,14.8149,Normal,0,,0.0,None,0,No Action Required
2026-05-01 04:13:00,WELL-001,drilling,1534.8108,44.0324,37.2234,7.4476,11.6897,58.0854,2063.3997,1245.6572,105.4319,1.2899,13.6343,Normal,0,,0.0,None,0,No Action Required
2026-05-01 04:14:00,WELL-001,drilling,1535.2588,88.8847,73.8819,10.4831,23.6813,71.6197,2055.5318,1626.0477,105.0034,1.2886,14.6608,Normal,0,,0.0,None,0,No Action Required
2026-05-01 04:15:00,WELL-001,drilling,1535.9463,135.0734,109.4176,13.522,40.1106,75.7805,2063.5266,1862.4826,104.7876,1.2893,13.4011,Normal,0,,0.0,None,0,No Action Required
2026-05-01 04:16:00,WELL-001,drilling,1536.6541,140.3252,111.0309,14.1981,43.5443,78.5579,2065.5377,1908.3236,104.6548,1.2915,14.4983,Normal,0,,0.0,None,0,No Action Required
2026-05-01 04:17:00,WELL-001,drilling,1537.3669,140.5835,111.107,14.4444,43.108,77.7924,2058.7594,1956.5727,104.6457,1.291,13.4679,Normal,0,,0.0,None,0,No Action Required
2026-05-01 04:18:00,WELL-001,drilling,1538.0818,140.9911,109.7706,14.3545,44.705,78.9919,2067.5563,2034.3465,104.551,1.2942,13.437,Normal,0,,0.0,None,0,No Action Required
2026-05-01 04:19:00,WELL-001,drilling,1538.8043,138.372,111.677,14.3839,43.4859,78.5273,2060.6195,2045.756,104.5506,1.29,13.8077,Normal,0,,0.0,None,0,No Action Required
2026-05-01 04:20:00,WELL-001,drilling,1539.5468,139.9766,110.521,14.2481,42.3613,78.1302,2066.2702,2079.9355,104.5262,1.2877,15.6649,Normal,0,,0.0,None,0,No Action Required
2026-05-01 04:21:00,WELL-001,drilling,1540.2347,136.9229,110.3821,13.7632,42.6434,77.9978,2067.8015,2019.9629,104.5838,1.2912,15.0014,Normal,0,,0.0,None,0,No Action Required
2026-05-01 04:22:00,WELL-001,drilling,1540.9615,135.7218,110.0183,14.3096,40.7684,77.734,2064.7787,2104.184,104.5295,1.2897,14.9458,Normal,0,,0.0,None,0,No Action Required
2026-05-01 04:23:00,WELL-001,drilling,1541.6587,141.3516,111.4225,14.3454,44.162,79.0087,2071.309,2027.1411,104.577,1.2889,14.0108,Normal,0,,0.0,None,0,No Action Required
2026-05-01 04:24:00,WELL-001,drilling,1542.4416,146.0906,108.9503,14.4706,46.63,78.295,2077.4437,2069.2655,104.5769,1.2892,14.3528,Normal,0,,0.0,None,0,No Action Required
2026-05-01 04:25:00,WELL-001,drilling,1543.1976,143.3548,110.7505,14.1404,44.1868,79.2469,2067.3279,2067.119,104.5861,1.2897,14.646,Normal,0,,0.0,None,0,No Action Required
2026-05-01 04:26:00,WELL-001,drilling,1543.9071,138.6569,110.0634,13.7391,42.9778,78.7151,2072.0914,2070.912,104.5534,1.2865,14.754,Normal,0,,0.0,None,0,No Action Required
2026-05-01 04:27:00,WELL-001,drilling,1544.6034,136.7278,110.0351,13.3113,42.0034,78.5666,2080.9899,2076.1448,104.5838,1.2879,15.2878,Normal,0,,0.0,None,0,No Action Required
2026-05-01 04:28:00,WELL-001,drilling,1545.3273,135.0058,110.0479,13.3324,42.8253,79.764,2075.2142,2103.5082,104.6222,1.2934,14.577,Normal,0,,0.0,None,0,No Action Required
2026-05-01 04:29:00,WELL-001,drilling,1546.0662,136.9218,110.5627,13.3584,44.7334,79.4128,2070.3523,2064.9888,104.64,1.2902,14.054,Normal,0,,0.0,None,0,No Action Required
2026-05-01 04:30:00,WELL-001,drilling,1546.8156,137.2581,109.9638,13.3231,44.0699,79.5666,2066.365,2027.59,104.5711,1.2867,14.765,Normal,0,,0.0,None,0,No Action Required
2026-05-01 04:31:00,WELL-001,drilling,1547.4507,131.8667,111.5184,13.4801,41.5458,79.5866,2081.9783,2085.7054,104.6705,1.2895,23.3411,Normal,0,,0.0,None,0,No Action Required
2026-05-01 04:32:00,WELL-001,drilling,1548.1704,134.6371,108.6528,13.9006,40.3839,79.1873,2078.2462,2057.7256,104.6388,1.2888,22.5973,Normal,0,,0.0,None,0,No Action Required
2026-05-01 04:33:00,WELL-001,drilling,1548.8762,138.3805,109.8444,14.3137,42.8702,78.9714,2068.182,2018.8672,104.6698,1.2888,22.7462,Normal,0,,0.0,None,0,No Action Required
2026-05-01 04:34:00,WELL-001,drilling,1549.6005,140.3226,111.6584,14.7663,44.1492,78.7848,2039.5424,2096.0974,104.6676,1.2885,22.1776,Normal,0,,0.0,None,0,No Action Required
2026-05-01 04:35:00,WELL-001,drilling,1550.3514,140.4546,109.9495,14.9013,44.9938,78.8633,2074.2834,2040.7386,104.7327,1.2935,22.9012,Normal,0,,0.0,None,0,No Action Required
2026-05-01 04:36:00,WELL-001,drilling,1551.0828,134.7391,111.2007,13.9375,43.4187,78.5525,2047.86,2053.5581,104.7045,1.288,13.196,Normal,0,,0.0,None,0,No Action Required
2026-05-01 04:37:00,WELL-001,drilling,1551.8034,130.9213,109.8735,14.3709,42.3771,78.0654,2055.7745,2040.441,104.7493,1.29,13.007,Normal,0,,0.0,None,0,No Action Required
2026-05-01 04:38:00,WELL-001,drilling,1552.5272,130.4168,110.5571,14.6895,43.2783,78.7459,2070.1042,2059.9912,104.7048,1.2893,13.8652,Normal,0,,0.0,None,0,No Action Required
2026-05-01 04:39:00,WELL-001,drilling,1553.2488,130.6151,110.2901,14.3888,43.1767,78.3937,2072.5442,2092.4292,104.6866,1.2877,13.1929,Normal,0,,0.0,None,0,No Action Required
2026-05-01 04:40:00,WELL-001,drilling,1553.9399,133.3008,110.4983,14.5263,41.9062,78.0484,2059.2708,2077.8158,104.7438,1.2883,13.1918,Normal,0,,0.0,None,0,No Action Required
2026-05-01 04:41:00,WELL-001,drilling,1554.6483,138.0541,111.2458,15.1955,43.332,77.8421,2071.888,2041.4892,104.7765,1.2868,13.688,Normal,0,,0.0,None,0,No Action Required
2026-05-01 04:42:00,WELL-001,drilling,1555.4196,139.7664,111.3167,15.4755,44.9398,78.8108,2057.4329,2018.2656,104.762,1.2878,14.2038,Normal,0,,0.0,None,0,No Action Required
2026-05-01 04:43:00,WELL-001,drilling,1556.2262,144.679,110.3546,15.705,46.1199,78.5126,2054.2361,2069.6696,104.771,1.2902,14.8148,Normal,0,,0.0,None,0,No Action Required
2026-05-01 04:44:00,WELL-001,drilling,1556.9579,143.6293,109.7983,15.4369,46.8398,78.0404,2053.0622,2064.6055,104.7649,1.2896,14.145,Normal,0,,0.0,None,0,No Action Required
2026-05-01 04:45:00,WELL-001,drilling,1557.7211,141.141,109.4455,15.4696,45.5575,79.1763,2068.1362,2042.2004,104.7799,1.2899,13.9016,Normal,0,,0.0,None,0,No Action Required
2026-05-01 04:46:00,WELL-001,drilling,1558.5577,153.5485,111.0673,16.2529,50.4268,79.2896,2067.0088,2055.5997,104.7925,1.2911,15.4099,Normal,0,,0.0,None,0,No Action Required
2026-05-01 04:47:00,WELL-001,drilling,1559.4413,156.299,110.191,15.9213,52.8916,78.7929,2074.744,2082.6549,104.8017,1.2915,15.9768,Normal,0,,0.0,None,0,No Action Required
2026-05-01 04:48:00,WELL-001,drilling,1560.3288,154.1737,110.4336,16.2167,52.8778,79.4926,2056.5046,2063.7281,104.7953,1.2923,15.7702,Normal,0,,0.0,None,0,No Action Required
2026-05-01 04:49:00,WELL-001,drilling,1561.1621,150.3719,110.1639,15.6944,50.6443,79.7551,2062.1481,2068.3302,104.7727,1.2898,16.3802,Normal,0,,0.0,None,0,No Action Required
2026-05-01 04:50:00,WELL-001,drilling,1561.9794,153.2079,111.1554,15.6769,49.9078,77.9693,2061.7032,2030.5715,104.8328,1.2899,16.0013,Normal,0,,0.0,None,0,No Action Required
2026-05-01 04:51:00,WELL-001,drilling,1562.8068,150.2544,110.197,14.946,48.4684,79.1875,2073.7131,2112.2721,104.8147,1.2902,15.7814,Normal,0,,0.0,None,0,No Action Required
2026-05-01 04:52:00,WELL-001,connection,1562.7697,0.0,0.0,0.0,0.5852,36.7132,827.6988,1517.745,105.4912,1.2925,16.2745,Normal,0,,0.0,None,0,No Action Required
2026-05-01 04:53:00,WELL-001,connection,1562.8023,0.0,0.0,0.0,0.0049,11.8118,0.0,796.3397,106.3272,1.2917,15.834,Normal,0,,0.0,None,0,No Action Required
2026-05-01 04:54:00,WELL-001,connection,1562.7448,0.0,0.0,0.0,0.0,3.7508,0.0,416.5865,106.7491,1.287,16.2499,Normal,0,,0.0,None,0,No Action Required
2026-05-01 04:55:00,WELL-001,connection,1562.7815,0.2158,0.0,0.0,0.0,1.5507,0.0,223.3203,106.9778,1.2922,14.8746,Normal,0,,0.0,None,0,No Action Required
2026-05-01 04:56:00,WELL-001,connection,1562.7978,0.6258,2.1733,0.0404,0.0,0.4846,0.0,118.6829,107.1155,1.2879,16.2806,Normal,0,,0.0,None,0,No Action Required
2026-05-01 04:57:00,WELL-001,connection,1562.808,1.0181,0.0,0.0,0.2592,0.2196,0.0,64.6123,107.1428,1.2902,15.6789,Normal,0,,0.0,None,0,No Action Required
2026-05-01 04:58:00,WELL-001,connection,1562.8059,1.2643,0.0,0.0,0.333,0.0265,0.0,33.1126,107.1526,1.2898,16.2454,Normal,0,,0.0,None,0,No Action Required
2026-05-01 04:59:00,WELL-001,connection,1562.7894,0.7909,0.6559,0.0,0.0,15.0553,1026.7666,500.0176,106.655,1.288,15.7524,Normal,0,,0.0,None,0,No Action Required
2026-05-01 05:00:00,WELL-001,drilling,1562.9873,45.9763,38.3111,7.3084,12.31,59.3573,2077.588,1240.2442,105.7974,1.2946,14.805,Normal,0,,0.0,None,0,No Action Required
2026-05-01 05:01:00,WELL-001,drilling,1563.4466,91.8355,75.672,10.4699,26.6702,71.9782,2066.1651,1637.6083,105.3968,1.2888,15.1568,Normal,0,,0.0,None,0,No Action Required
2026-05-01 05:02:00,WELL-001,drilling,1564.1899,137.8433,116.3546,13.6943,43.3946,77.3088,2072.0616,1818.1748,105.1474,1.2885,15.0991,Normal,0,,0.0,None,0,No Action Required
2026-05-01 05:03:00,WELL-001,drilling,1564.8943,130.9994,116.4308,14.0256,40.5623,79.2577,2074.3506,1932.3439,105.005,1.2906,14.7684,Normal,0,,0.0,None,0,No Action Required
2026-05-01 05:04:00,WELL-001,drilling,1565.4998,130.7828,117.4914,14.0241,40.9526,78.8218,2090.5449,1995.5848,104.9603,1.2906,14.1796,Normal,0,,0.0,None,0,No Action Required
2026-05-01 05:05:00,WELL-001,drilling,1566.2356,129.6274,117.1684,13.9258,41.6947,79.5635,2066.8721,2022.8436,104.9501,1.2898,14.8885,Normal,0,,0.0,None,0,No Action Required
2026-05-01 05:06:00,WELL-001,drilling,1566.8808,125.4141,115.2299,13.6848,39.1418,79.3964,2074.4728,2061.4718,104.8883,1.2912,14.3438,Normal,0,,0.0,None,0,No Action Required
2026-05-01 05:07:00,WELL-001,drilling,1567.5054,121.682,115.7006,13.4336,38.2197,79.983,2083.902,2053.2589,104.9427,1.2907,13.927,Normal,0,,0.0,None,0,No Action Required
2026-05-01 05:08:00,WELL-001,drilling,1568.1994,124.0277,116.9832,13.8547,40.7724,78.8915,2062.9401,2101.9407,104.8937,1.2898,13.3279,Normal,0,,0.0,None,0,No Action Required
2026-05-01 05:09:00,WELL-001,drilling,1568.9078,120.1816,115.7459,13.9023,41.4761,79.4582,2072.485,2083.8514,104.9116,1.2889,13.7367,Normal,0,,0.0,None,0,No Action Required
2026-05-01 05:10:00,WELL-001,drilling,1569.5807,122.7612,117.5687,14.3706,42.1089,79.7266,2064.3416,2069.8463,104.8977,1.2875,14.4166,Normal,0,,0.0,None,0,No Action Required
2026-05-01 05:11:00,WELL-001,drilling,1570.3367,123.0791,116.9815,14.7912,41.6279,79.1066,2069.8691,2074.6193,104.9566,1.2875,13.9757,Normal,0,,0.0,None,0,No Action Required
2026-05-01 05:12:00,WELL-001,drilling,1570.9541,117.8378,115.9006,14.3335,39.974,79.1279,2045.2328,2085.8472,104.9168,1.2939,13.1692,Normal,0,,0.0,None,0,No Action Required
2026-05-01 05:13:00,WELL-001,drilling,1571.6071,128.4403,116.8035,14.8675,39.6939,79.0543,2066.6427,2098.6119,104.9357,1.2908,13.4922,Normal,0,,0.0,None,0,No Action Required
2026-05-01 05:14:00,WELL-001,drilling,1572.2683,125.159,114.8985,15.01,39.8173,78.9288,2056.8413,2059.0079,104.9709,1.2913,13.3897,Normal,0,,0.0,None,0,No Action Required
2026-05-01 05:15:00,WELL-001,drilling,1572.9722,123.7265,115.4765,14.1701,41.3468,80.1184,2065.3717,2055.8738,104.9892,1.2882,13.2369,Normal,0,,0.0,None,0,No Action Required
2026-05-01 05:16:00,WELL-001,drilling,1573.679,115.9275,116.8883,13.3869,41.2173,79.9772,2054.0747,2043.086,104.9315,1.2922,24.6153,Normal,0,,0.0,None,0,No Action Required
2026-05-01 05:17:00,WELL-001,drilling,1574.3111,115.3769,116.7544,12.876,39.4847,78.7491,2080.7338,2090.0301,104.97,1.2905,24.0523,Normal,0,,0.0,None,0,No Action Required
2026-05-01 05:18:00,WELL-001,drilling,1574.9958,119.4034,116.9394,13.496,41.5984,79.4489,2091.3964,2102.913,105.0133,1.2902,23.9671,Normal,0,,0.0,None,0,No Action Required
2026-05-01 05:19:00,WELL-001,drilling,1575.4172,115.693,116.9257,13.561,22.5403,79.5451,2065.3397,2069.799,105.0008,1.2913,22.7292,Normal,0,,0.0,None,0,No Action Required
2026-05-01 05:20:00,WELL-001,drilling,1575.7698,120.8795,116.0686,14.2525,24.5997,79.6184,2063.6364,2059.2684,104.942,1.2907,21.9605,Normal,0,,0.0,None,0,No Action Required
2026-05-01 05:21:00,WELL-001,drilling,1576.1744,121.3899,115.6349,14.4831,24.6525,80.226,2071.9476,2056.6537,105.0118,1.2911,21.7063,Normal,0,,0.0,None,0,No Action Required
2026-05-01 05:22:00,WELL-001,drilling,1576.5806,119.4844,115.4594,13.8353,24.2128,80.4321,2071.3931,2065.9799,105.0282,1.2883,21.1314,Normal,0,,0.0,None,0,No Action Required
2026-05-01 05:23:00,WELL-001,drilling,1577.0289,123.1091,117.4678,14.1803,23.8476,80.1989,2063.8343,2046.9186,105.0768,1.2891,10.0127,Normal,0,,0.0,None,0,No Action Required
2026-05-01 05:24:00,WELL-001,drilling,1577.4074,117.4403,116.3228,13.6968,22.7729,79.8024,2050.6369,2044.9958,105.0395,1.2921,10.811,Normal,0,,0.0,None,0,No Action Required
2026-05-01 05:25:00,WELL-001,drilling,1577.7682,120.4,115.9481,13.9485,23.7164,79.2349,2063.4568,2032.8613,105.081,1.289,11.3516,Normal,0,,0.0,None,0,No Action Required
2026-05-01 05:26:00,WELL-001,drilling,1578.1803,117.9037,116.9703,13.9765,23.7936,79.9529,2060.4001,2021.9222,105.0529,1.2906,11.6522,Normal,0,,0.0,None,0,No Action Required
2026-05-01 05:27:00,WELL-001,drilling,1578.5459,125.0239,116.3732,14.4868,24.1574,79.6224,2059.1834,2100.3596,105.0338,1.294,10.7348,Normal,0,,0.0,None,0,No Action Required
2026-05-01 05:28:00,WELL-001,drilling,1578.9759,123.0171,116.0005,14.1228,23.7874,79.4794,2067.896,2063.4123,105.0657,1.2901,11.9932,Normal,0,,0.0,None,0,No Action Required
2026-05-01 05:29:00,WELL-001,drilling,1579.4016,124.2239,116.1245,13.7314,24.4426,79.303,2054.7363,2035.3561,105.0631,1.2887,12.0109,Normal,0,,0.0,None,0,No Action Required
2026-05-01 05:30:00,WELL-001,drilling,1579.8176,130.6043,116.7219,14.4087,25.665,79.129,2068.6103,2066.211,105.0654,1.2904,11.7367,Normal,0,,0.0,None,0,No Action Required
2026-05-01 05:31:00,WELL-001,drilling,1580.267,129.7781,116.6326,14.6551,25.1488,79.406,2067.6799,2072.4442,105.0397,1.2896,13.1688,Normal,0,,0.0,None,0,No Action Required
2026-05-01 05:32:00,WELL-001,drilling,1580.7028,132.9784,116.5177,15.1184,27.5469,79.1927,2063.9736,2000.6184,105.0419,1.2846,13.4565,Normal,0,,0.0,None,0,No Action Required
2026-05-01 05:33:00,WELL-001,drilling,1581.1283,133.8203,116.6159,15.4714,27.6485,79.7304,2060.2352,2052.1948,105.1159,1.2878,13.1493,Normal,0,,0.0,None,0,No Action Required
2026-05-01 05:34:00,WELL-001,drilling,1581.5951,137.5438,116.6476,15.7253,26.0006,79.9219,2087.7199,2098.0494,105.0957,1.2908,13.0804,Normal,0,,0.0,None,0,No Action Required
2026-05-01 05:35:00,WELL-001,drilling,1582.0532,140.1653,117.0918,15.5636,27.2577,80.2289,2068.794,2098.7182,105.091,1.289,13.4059,Normal,0,,0.0,None,0,No Action Required
2026-05-01 05:36:00,WELL-001,drilling,1582.4598,138.4247,115.6178,16.1442,25.3949,80.0255,2056.694,2077.8795,105.0698,1.2918,14.5975,Normal,0,,0.0,None,0,No Action Required
2026-05-01 05:37:00,WELL-001,drilling,1582.8667,141.3691,116.3103,16.1167,25.1718,80.5051,2080.6766,2038.5661,105.0923,1.2881,13.8889,Normal,0,,0.0,None,0,No Action Required
2026-05-01 05:38:00,WELL-001,drilling,1583.361,140.493,116.4173,15.8346,24.7662,80.2991,2070.9417,2106.3151,105.1235,1.2916,12.2008,Normal,0,,0.0,None,0,No Action Required
2026-05-01 05:39:00,WELL-001,drilling,1583.7222,140.0356,116.545,15.4082,25.2793,80.2046,2073.4699,2103.332,105.1238,1.2879,10.3786,Normal,0,,0.0,None,0,No Action Required
2026-05-01 05:40:00,WELL-001,drilling,1584.1629,143.7237,115.9361,15.5977,27.5563,80.7994,2086.0855,2073.1063,105.1701,1.2921,11.4666,Normal,0,,0.0,None,0,No Action Required
2026-05-01 05:41:00,WELL-001,drilling,1584.6421,137.3047,115.5419,15.7533,27.5508,79.6779,2065.9251,2062.3178,105.1403,1.2898,11.5126,Normal,0,,0.0,None,0,No Action Required
2026-05-01 05:42:00,WELL-001,drilling,1585.0909,136.7368,115.1549,15.4332,27.3186,79.9589,2063.8849,2082.3681,105.1524,1.2916,15.9234,Normal,0,,0.0,None,0,No Action Required
2026-05-01 05:43:00,WELL-001,drilling,1585.5686,136.5084,117.0893,14.303,26.2185,79.8816,2068.4254,2090.7728,105.1572,1.293,16.6239,Normal,0,,0.0,None,0,No Action Required
2026-05-01 05:44:00,WELL-001,drilling,1585.9771,131.6263,116.4441,14.327,25.4156,79.9002,2079.6138,2075.8704,105.2024,1.2906,17.9382,Normal,0,,0.0,None,0,No Action Required
2026-05-01 05:45:00,WELL-001,drilling,1586.3832,127.8008,116.2656,14.1425,24.401,80.3257,2067.8738,2052.8251,105.1478,1.2897,17.4119,Normal,0,,0.0,None,0,No Action Required
2026-05-01 05:46:00,WELL-001,drilling,1586.7948,126.3159,117.1651,13.6509,23.2082,80.0038,2087.7603,2055.8034,105.195,1.2856,17.0459,Normal,0,,0.0,None,0,No Action Required
2026-05-01 05:47:00,WELL-001,drilling,1587.1844,127.6114,116.0148,13.9054,24.1657,80.6487,2074.6172,2087.2702,105.1221,1.2883,16.1579,Normal,0,,0.0,None,0,No Action Required
2026-05-01 05:48:00,WELL-001,drilling,1587.6484,129.6976,116.0926,14.221,26.4091,80.5476,2062.8481,2016.2678,105.2101,1.2935,16.5541,Normal,0,,0.0,None,0,No Action Required
2026-05-01 05:49:00,WELL-001,drilling,1588.1492,134.2837,115.9284,14.4645,26.8752,79.9563,2084.2466,2059.1743,105.2067,1.2916,17.9319,Normal,0,,0.0,None,0,No Action Required
2026-05-01 05:50:00,WELL-001,drilling,1588.576,140.7582,116.1963,14.2453,28.1729,80.1448,2070.3467,2081.5152,105.2184,1.2917,18.8638,Normal,0,,0.0,None,0,No Action Required
2026-05-01 05:51:00,WELL-001,drilling,1589.0234,136.9155,116.8193,14.8642,26.8165,79.7257,2057.8647,2043.5552,105.21,1.2855,20.6753,Normal,0,,0.0,None,0,No Action Required
2026-05-01 05:52:00,WELL-001,drilling,1589.4334,131.0839,116.4772,13.8234,25.5202,79.6311,2070.6201,2068.0546,105.2323,1.288,21.0827,Normal,0,,0.0,None,0,No Action Required
2026-05-01 05:53:00,WELL-001,drilling,1589.9008,129.7253,115.8144,14.8449,25.2649,80.1094,2069.4192,2066.1406,105.2103,1.2896,20.2595,Normal,0,,0.0,None,0,No Action Required
2026-05-01 05:54:00,WELL-001,drilling,1590.3125,129.7782,116.7683,14.9342,25.0733,80.1548,2077.9455,2124.4245,105.2875,1.2916,19.1895,Normal,0,,0.0,None,0,No Action Required
2026-05-01 05:55:00,WELL-001,drilling,1590.7118,130.9174,116.5256,14.3992,26.0646,79.6155,2059.1847,2020.4512,105.24,1.2919,20.8656,Normal,0,,0.0,None,0,No Action Required
2026-05-01 05:56:00,WELL-001,drilling,1591.1522,126.3823,115.7551,14.2781,23.9375,81.0679,2078.0152,2057.9614,105.2877,1.2902,19.3438,Normal,0,,0.0,None,0,No Action Required
2026-05-01 05:57:00,WELL-001,drilling,1591.5133,120.3709,115.2401,13.8394,23.977,80.2163,2066.0218,2074.8923,105.2924,1.2894,17.151,Normal,0,,0.0,None,0,No Action Required
2026-05-01 05:58:00,WELL-001,connection,1591.5407,0.0,1.0512,0.0,0.0,37.3314,828.3368,1455.3532,105.8808,1.3013,16.8667,Normal,0,,0.0,None,0,No Action Required
2026-05-01 05:59:00,WELL-001,connection,1591.5434,0.0,0.2714,0.0,0.0,12.0043,0.0,794.7393,106.6407,1.2966,16.884,Normal,0,,0.0,None,0,No Action Required
2026-05-01 06:00:00,WELL-001,connection,1591.5704,1.3726,0.0,0.0726,0.3522,4.777,0.0,420.6377,107.2247,1.2999,18.52,Normal,0,,0.0,None,0,No Action Required
2026-05-01 06:01:00,WELL-001,connection,1591.5449,0.0,0.0,0.0,0.0,17.0769,1040.9294,712.6982,106.8253,1.3001,18.0272,Normal,0,,0.0,None,0,No Action Required
2026-05-01 06:02:00,WELL-001,drilling,1591.6217,40.1946,36.5551,7.9745,6.7884,60.1349,2058.8326,1350.8261,106.0788,1.3034,17.9102,Normal,0,,0.0,None,0,No Action Required
2026-05-01 06:03:00,WELL-001,drilling,1591.8772,78.1566,72.9765,10.8122,13.0591,73.9437,2067.2586,1695.7079,105.7361,1.2996,18.7335,Normal,0,,0.0,None,0,No Action Required
2026-05-01 06:04:00,WELL-001,drilling,1592.246,122.669,109.0626,14.3476,22.2204,78.4597,2063.1709,1882.8642,105.4821,1.2968,17.0387,Normal,0,,0.0,None,0,No Action Required
2026-05-01 06:05:00,WELL-001,drilling,1592.6398,129.0118,109.8601,14.8621,24.3106,79.0745,2057.9416,1978.9344,105.3887,1.3017,17.531,Normal,0,,0.0,None,0,No Action Required
2026-05-01 06:06:00,WELL-001,drilling,1593.0862,129.5319,109.8751,15.3736,24.6126,79.9307,2066.4613,1981.7306,105.3539,1.2964,18.0109,Normal,0,,0.0,None,0,No Action Required
2026-05-01 06:07:00,WELL-001,drilling,1593.4418,128.7001,109.1858,14.8963,23.5698,81.0101,2068.9829,2036.8333,105.319,1.2983,16.5435,Normal,0,,0.0,None,0,No Action Required
2026-05-01 06:08:00,WELL-001,drilling,1593.8488,134.7962,109.3123,15.396,24.4041,80.7301,2060.1056,2046.0719,105.3563,1.3003,15.0008,Normal,0,,0.0,None,0,No Action Required
2026-05-01 06:09:00,WELL-001,drilling,1594.273,133.1042,109.5812,15.5665,25.362,80.5862,2063.8521,2087.2846,105.3461,1.3012,15.3481,Normal,0,,0.0,None,0,No Action Required
2026-05-01 06:10:00,WELL-001,drilling,1594.7226,135.6766,110.2147,15.926,25.568,79.9685,2050.2138,2045.5437,105.3462,1.2973,14.9625,Normal,0,,0.0,None,0,No Action Required
2026-05-01 06:11:00,WELL-001,drilling,1595.1688,135.656,110.8923,15.6655,26.3275,80.6868,2055.6024,2092.4757,105.375,1.2974,14.6888,Normal,0,,0.0,None,0,No Action Required
2026-05-01 06:12:00,WELL-001,drilling,1595.6246,143.0022,108.9748,16.4503,27.751,80.4045,2075.0499,2046.0802,105.3939,1.2972,16.0465,Normal,0,,0.0,None,0,No Action Required
2026-05-01 06:13:00,WELL-001,drilling,1596.087,140.4007,109.2508,16.1657,27.8795,80.4762,2058.0666,2054.2947,105.3056,1.2975,16.6073,Normal,0,,0.0,None,0,No Action Required
2026-05-01 06:14:00,WELL-001,drilling,1596.5535,139.3269,109.3406,15.9234,26.7179,80.1577,2041.2744,2026.9567,105.3966,1.3005,17.4313,Normal,0,,0.0,None,0,No Action Required
2026-05-01 06:15:00,WELL-001,drilling,1596.92,141.1233,108.8044,16.1101,24.7117,79.5254,2049.8328,2052.6917,105.3917,1.2991,18.1392,Normal,0,,0.0,None,0,No Action Required
2026-05-01 06:16:00,WELL-001,drilling,1597.3562,146.8203,109.6903,16.3618,26.2054,80.0736,2058.8556,2076.9392,105.4325,1.2989,19.4364,Normal,0,,0.0,None,0,No Action Required
2026-05-01 06:17:00,WELL-001,drilling,1597.7791,145.8958,109.0572,16.1512,25.464,80.6031,2048.6048,2057.5165,105.4112,1.3022,20.0676,Normal,0,,0.0,None,0,No Action Required
2026-05-01 06:18:00,WELL-001,drilling,1598.2119,142.0587,109.5112,15.9732,25.1555,79.3765,2043.0021,2045.8417,105.3962,1.3005,19.5539,Normal,0,,0.0,None,0,No Action Required
2026-05-01 06:19:00,WELL-001,drilling,1598.6203,144.8302,110.8709,16.333,24.6857,79.8868,2039.3866,2070.9888,105.387,1.3014,20.0279,Normal,0,,0.0,None,0,No Action Required
2026-05-01 06:20:00,WELL-001,drilling,1599.0283,139.9116,109.373,15.7077,24.7897,80.2935,2071.7158,2064.8063,105.4355,1.3018,19.6522,Normal,0,,0.0,None,0,No Action Required
2026-05-01 06:21:00,WELL-001,drilling,1599.3937,133.3907,109.6429,15.1966,23.7637,79.61,2066.3257,2091.1598,105.4122,1.3016,18.1578,Normal,0,,0.0,None,0,No Action Required
2026-05-01 06:22:00,WELL-001,drilling,1599.8447,135.4278,109.7873,14.9328,22.9324,80.0005,2052.6352,2060.0633,105.4178,1.3009,39.3246,Normal,0,,0.0,None,0,No Action Required
2026-05-01 06:23:00,WELL-001,drilling,1600.1772,129.3886,110.4114,14.361,23.2653,80.4718,2059.8318,2085.2185,105.3801,1.3018,40.2745,Normal,0,,0.0,None,0,No Action Required
2026-05-01 06:24:00,WELL-001,drilling,1600.5518,125.3426,109.1741,13.9507,23.6981,80.5625,2057.3497,2040.5905,105.4123,1.3004,40.0679,Normal,0,,0.0,None,0,No Action Required
2026-05-01 06:25:00,WELL-001,drilling,1600.9503,130.5627,109.6709,14.0282,24.6505,79.6567,2048.4874,2042.5268,105.4627,1.3026,18.1453,Normal,0,,0.0,None,0,No Action Required
2026-05-01 06:26:00,WELL-001,drilling,1601.4042,128.3658,110.2343,13.9554,24.129,80.8204,2072.8647,2075.0268,105.439,1.2996,17.2436,Normal,0,,0.0,None,0,No Action Required
2026-05-01 06:27:00,WELL-001,drilling,1601.8115,129.3815,109.3415,14.0019,23.8086,80.4617,2067.4048,2061.6128,105.457,1.2983,17.3422,Normal,0,,0.0,None,0,No Action Required
2026-05-01 06:28:00,WELL-001,drilling,1602.186,126.5283,111.4466,14.1388,22.9441,80.6567,2051.5496,2051.3782,105.4604,1.3,17.8167,Normal,0,,0.0,None,0,No Action Required
2026-05-01 06:29:00,WELL-001,drilling,1602.5737,128.5151,110.0802,14.3005,23.208,80.4639,2066.3131,2047.0478,105.4591,1.2982,19.3693,Normal,0,,0.0,None,0,No Action Required
2026-05-01 06:30:00,WELL-001,drilling,1602.916,123.44,110.6172,14.0803,22.8123,81.3912,2063.6687,2072.1137,105.4724,1.3012,17.8835,Normal,0,,0.0,None,0,No Action Required
2026-05-01 06:31:00,WELL-001,drilling,1603.3094,123.8973,111.3312,14.196,22.5209,81.0948,2069.5079,2090.8958,105.491,1.3008,19.0021,Normal,0,,0.0,None,0,No Action Required
2026-05-01 06:32:00,WELL-001,drilling,1603.7277,125.5559,108.7361,14.4957,23.2632,81.6248,2082.4953,2087.1821,105.479,1.298,19.2406,Normal,0,,0.0,None,0,No Action Required
2026-05-01 06:33:00,WELL-001,drilling,1604.0963,131.8248,110.7146,14.2012,24.384,81.5398,2076.6415,2042.9855,105.4812,1.2999,19.9976,Normal,0,,0.0,None,0,No Action Required
2026-05-01 06:34:00,WELL-001,drilling,1604.5056,125.5809,111.0169,14.0837,23.2644,81.1192,2055.7496,2060.1841,105.5156,1.2981,20.3892,Normal,0,,0.0,None,0,No Action Required
2026-05-01 06:35:00,WELL-001,drilling,1604.924,122.9551,109.7298,14.1868,23.896,80.9028,2068.1648,2029.8204,105.4618,1.3006,20.0549,Normal,0,,0.0,None,0,No Action Required
2026-05-01 06:36:00,WELL-001,drilling,1605.2917,125.8646,109.7849,14.5155,22.7045,81.4825,2071.7306,2087.2299,105.4919,1.2989,22.0329,Normal,0,,0.0,None,0,No Action Required
2026-05-01 06:37:00,WELL-001,drilling,1605.6576,123.5536,110.0833,14.349,22.3957,80.9003,2066.4567,2045.4371,105.4851,1.2984,22.772,Normal,0,,0.0,None,0,No Action Required
2026-05-01 06:38:00,WELL-001,drilling,1606.0129,120.8879,109.0782,14.0364,23.232,80.3766,2067.3694,2066.3663,105.4556,1.2991,20.2471,Normal,0,,0.0,None,0,No Action Required
2026-05-01 06:39:00,WELL-001,drilling,1606.3975,121.61,111.0813,14.1234,21.9409,81.0811,2060.043,2050.5774,105.4851,1.3028,19.8035,Normal,0,,0.0,None,0,No Action Required
2026-05-01 06:40:00,WELL-001,drilling,1606.7062,119.4227,110.5189,13.6395,22.0161,80.9279,2071.0431,2029.4959,105.5371,1.3019,20.4783,Normal,0,,0.0,None,0,No Action Required
2026-05-01 06:41:00,WELL-001,drilling,1607.1342,119.607,109.1315,13.5649,23.5698,81.3356,2061.5959,2050.6428,105.5426,1.3005,20.2106,Normal,0,,0.0,None,0,No Action Required
2026-05-01 06:42:00,WELL-001,drilling,1607.5372,125.2741,111.3827,14.065,24.0017,80.4611,2065.8705,2102.2602,105.5558,1.3027,19.7862,Normal,0,,0.0,None,0,No Action Required
2026-05-01 06:43:00,WELL-001,drilling,1607.9836,122.1351,110.3629,13.9547,24.4977,80.8788,2064.5238,2030.3741,105.5644,1.3024,18.5495,Normal,0,,0.0,None,0,No Action Required
2026-05-01 06:44:00,WELL-001,drilling,1608.3395,119.1009,110.4753,13.3209,23.4135,79.9958,2057.3063,2049.2567,105.5667,1.2971,18.9348,Normal,0,,0.0,None,0,No Action Required
2026-05-01 06:45:00,WELL-001,drilling,1608.7427,122.0328,108.2757,13.6532,22.5853,80.8282,2073.707,2077.9215,105.5724,1.2985,18.9031,Normal,0,,0.0,None,0,No Action Required
2026-05-01 06:46:00,WELL-001,drilling,1609.1032,124.5574,109.1255,14.3643,23.1593,79.8641,2053.4426,2064.943,105.5937,1.3078,19.8882,Normal,0,,0.0,None,0,No Action Required
2026-05-01 06:47:00,WELL-001,drilling,1609.5031,123.3157,110.3323,13.7562,23.0728,79.8797,2066.9862,2034.6834,105.5478,1.3031,19.6343,Normal,0,,0.0,None,0,No Action Required
2026-05-01 06:48:00,WELL-001,drilling,1609.8794,127.4947,109.1254,14.511,23.7163,80.7352,2079.6229,2019.0644,105.5636,1.3017,18.7905,Normal,0,,0.0,None,0,No Action Required
2026-05-01 06:49:00,WELL-001,drilling,1610.3185,132.6685,110.7796,14.5718,23.4197,80.9858,2068.3696,2039.7749,105.5894,1.3002,19.9791,Normal,0,,0.0,None,0,No Action Required
2026-05-01 06:50:00,WELL-001,drilling,1610.6718,131.8023,109.3205,14.8114,24.0108,81.5495,2068.1775,2089.4698,105.6145,1.2986,20.9841,Normal,0,,0.0,None,0,No Action Required
2026-05-01 06:51:00,WELL-001,drilling,1611.0543,125.6752,109.4436,14.3055,22.7113,81.1798,2067.9097,2062.3056,105.5901,1.3018,21.2746,Normal,0,,0.0,None,0,No Action Required
2026-05-01 06:52:00,WELL-001,drilling,1611.4351,126.8444,109.5434,14.5769,23.2227,81.288,2070.6684,2081.5078,105.5617,1.2973,20.4925,Normal,0,,0.0,None,0,No Action Required
2026-05-01 06:53:00,WELL-001,drilling,1611.7867,124.716,111.015,14.1496,22.242,80.9915,2066.5313,2068.8132,105.5758,1.3002,21.0536,Normal,0,,0.0,None,0,No Action Required
2026-05-01 06:54:00,WELL-001,drilling,1612.1765,129.381,110.5925,14.0931,22.9531,80.8939,2054.1132,2064.9166,105.6253,1.2995,20.941,Normal,0,,0.0,None,0,No Action Required
2026-05-01 06:55:00,WELL-001,drilling,1612.5639,132.2253,109.5015,14.9897,22.8201,80.5326,2072.1993,2019.3634,105.5992,1.3023,20.2259,Normal,0,,0.0,None,0,No Action Required
2026-05-01 06:56:00,WELL-001,drilling,1612.964,134.046,109.926,15.0176,23.5751,81.1493,2051.28,2060.6808,105.6172,1.3014,20.9195,Normal,0,,0.0,None,0,No Action Required
2026-05-01 06:57:00,WELL-001,drilling,1613.349,136.0515,110.3999,15.9811,24.9386,81.2587,2059.31,2069.6115,105.6446,1.2979,20.3255,Normal,0,,0.0,None,0,No Action Required
2026-05-01 06:58:00,WELL-001,drilling,1613.772,137.8487,108.8667,16.2028,24.1758,80.8238,2065.2296,2070.2657,105.6138,1.3028,21.0241,Normal,0,,0.0,None,0,No Action Required
2026-05-01 06:59:00,WELL-001,drilling,1614.2037,137.8809,109.2137,16.1985,26.1147,80.6806,2058.2732,2048.3886,105.6579,1.2998,20.417,Normal,0,,0.0,None,0,No Action Required
2026-05-01 07:00:00,WELL-001,drilling,1614.6166,134.7076,110.4182,16.1549,25.207,81.7435,2068.5663,2062.6361,105.6489,1.3008,20.6732,Normal,0,,0.0,None,0,No Action Required
2026-05-01 07:01:00,WELL-001,drilling,1615.0317,135.8426,109.9209,15.5224,27.3756,80.424,2060.8634,2043.2394,105.6741,1.2996,19.8102,Normal,0,,0.0,None,0,No Action Required
2026-05-01 07:02:00,WELL-001,drilling,1615.4955,134.9086,109.3099,15.4906,25.0953,80.5417,2057.838,2041.4595,105.6541,1.301,19.1444,Normal,0,,0.0,None,0,No Action Required
2026-05-01 07:03:00,WELL-001,drilling,1615.8471,133.7638,109.6456,14.9265,23.9364,81.7898,2067.9348,2079.4307,105.6655,1.3016,18.5998,Normal,0,,0.0,None,0,No Action Required
2026-05-01 07:04:00,WELL-001,drilling,1616.2613,129.9211,109.1365,15.0488,23.7461,80.8323,2067.9015,2072.2399,105.6625,1.3002,20.5121,Normal,0,,0.0,None,0,No Action Required
2026-05-01 07:05:00,WELL-001,drilling,1616.7093,132.6405,108.6635,14.896,25.9532,80.4268,2048.1162,2039.5619,105.6438,1.3018,20.0018,Normal,0,,0.0,None,0,No Action Required
2026-05-01 07:06:00,WELL-001,drilling,1617.1126,130.4977,109.7066,14.7835,25.5025,80.8482,2063.5175,2038.0904,105.7286,1.3037,18.9198,Normal,0,,0.0,None,0,No Action Required
2026-05-01 07:07:00,WELL-001,drilling,1617.569,130.4092,109.4921,14.8889,26.0993,81.0495,2062.3924,2045.2885,105.7011,1.3024,19.8166,Normal,0,,0.0,None,0,No Action Required
2026-05-01 07:08:00,WELL-001,drilling,1617.985,133.8751,109.9143,14.3779,26.1987,80.7423,2047.6717,2054.8426,105.6384,1.3024,20.5669,Normal,0,,0.0,None,0,No Action Required
2026-05-01 07:09:00,WELL-001,drilling,1618.4129,125.7552,110.0716,14.0126,24.524,81.3309,2058.7163,2081.4386,105.6466,1.2988,19.2929,Normal,0,,0.0,None,0,No Action Required
2026-05-01 07:10:00,WELL-001,drilling,1618.8008,130.2898,108.423,14.3199,23.2489,80.9875,2065.119,2041.4809,105.7336,1.3,19.9717,Normal,0,,0.0,None,0,No Action Required
2026-05-01 07:11:00,WELL-001,drilling,1619.1875,133.1409,109.1551,14.8942,22.6208,80.9593,2071.0546,2026.9972,105.7406,1.3011,21.3865,Normal,0,,0.0,None,0,No Action Required
2026-05-01 07:12:00,WELL-001,drilling,1619.5903,135.1788,110.3527,15.4209,24.7365,80.7547,2056.3325,1999.5616,105.712,1.2972,21.0065,Normal,0,,0.0,None,0,No Action Required
2026-05-01 07:13:00,WELL-001,drilling,1620.0145,137.9733,108.8668,15.5853,24.1436,81.1926,2064.5501,2024.6106,105.6994,1.2996,21.5746,Normal,0,,0.0,None,0,No Action Required
2026-05-01 07:14:00,WELL-001,connection,1620.0011,0.0,0.5684,0.2988,0.0283,38.1104,820.4229,1485.493,106.412,1.2997,21.7901,Normal,0,,0.0,None,0,No Action Required
2026-05-01 07:15:00,WELL-001,connection,1619.9727,0.5728,1.4247,0.0,0.0421,12.853,0.0,781.3029,107.1585,1.3006,20.4361,Normal,0,,0.0,None,0,No Action Required
2026-05-01 07:16:00,WELL-001,connection,1619.9925,0.0,1.0098,0.0452,0.3671,4.1809,0.0,410.8396,107.5838,1.3028,19.903,Normal,0,,0.0,None,0,No Action Required
2026-05-01 07:17:00,WELL-001,connection,1619.9777,0.5566,0.7738,0.1281,0.1048,1.5189,0.0,225.4372,107.8105,1.299,19.7933,Normal,0,,0.0,None,0,No Action Required
2026-05-01 07:18:00,WELL-001,connection,1620.0027,0.2718,0.0,0.1006,0.1122,0.0,0.0,117.6514,107.9594,1.2975,21.351,Normal,0,,0.0,None,0,No Action Required
2026-05-01 07:19:00,WELL-001,connection,1619.986,0.0,0.0,0.1924,0.0,0.37,0.0,63.2619,107.9329,1.2972,20.8945,Normal,0,,0.0,None,0,No Action Required
2026-05-01 07:20:00,WELL-001,connection,1620.0466,0.7989,0.0,0.0,0.1587,0.2857,0.0,34.5789,107.9785,1.3013,20.5268,Normal,0,,0.0,None,0,No Action Required
2026-05-01 07:21:00,WELL-001,connection,1619.9917,0.0,0.0,0.0,0.3835,14.986,1031.5506,499.375,107.4648,1.3012,20.1175,Normal,0,,0.0,None,0,No Action Required
2026-05-01 07:22:00,WELL-001,drilling,1620.1295,45.0252,36.927,7.4374,6.8334,58.8414,2065.3814,1234.4349,106.648,1.301,18.9716,Normal,0,,0.0,None,0,No Action Required
2026-05-01 07:23:00,WELL-001,drilling,1620.3584,89.9756,73.2391,11.4317,13.8836,74.2877,2055.0106,1593.434,106.249,1.3024,19.3971,Normal,0,,0.0,None,0,No Action Required
2026-05-01 07:24:00,WELL-001,drilling,1620.732,133.4974,108.3772,14.483,22.97,78.7805,2052.0652,1809.6171,105.9776,1.3049,19.6843,Normal,0,,0.0,None,0,No Action Required
2026-05-01 07:25:00,WELL-001,drilling,1621.1667,134.98,109.5339,14.4068,23.7007,80.2452,2068.9913,1920.7986,105.8778,1.2986,20.2164,Normal,0,,0.0,None,0,No Action Required
2026-05-01 07:26:00,WELL-001,drilling,1621.5112,134.7361,110.0166,14.6784,23.9713,80.6355,2055.7777,2005.8506,105.8384,1.2989,19.084,Normal,0,,0.0,None,0,No Action Required
2026-05-01 07:27:00,WELL-001,drilling,1621.9306,137.0564,109.3509,14.2209,23.3218,80.6736,2064.0621,2000.9834,105.7728,1.301,20.5806,Normal,0,,0.0,None,0,No Action Required
2026-05-01 07:28:00,WELL-001,drilling,1622.3537,142.608,110.1594,14.2793,24.1058,81.1617,2055.6968,1985.0317,105.7866,1.3027,20.4553,Normal,0,,0.0,None,0,No Action Required
2026-05-01 07:29:00,WELL-001,drilling,1622.7676,143.14,108.6749,14.4342,26.0753,81.2856,2059.4781,2051.5199,105.7721,1.2965,21.2341,Normal,0,,0.0,None,0,No Action Required
2026-05-01 07:30:00,WELL-001,drilling,1623.2279,145.1846,109.2157,14.2632,25.0306,81.4031,2070.0032,2008.1512,105.7824,1.3031,20.529,Normal,0,,0.0,None,0,No Action Required
2026-05-01 07:31:00,WELL-001,drilling,1623.5928,138.0489,109.5349,14.3095,24.5997,80.9464,2062.1289,2100.3513,105.7925,1.301,20.1738,Normal,0,,0.0,None,0,No Action Required
2026-05-01 07:32:00,WELL-001,drilling,1623.9377,134.8005,110.5156,14.3029,21.5049,81.0905,2051.1616,2023.4743,105.7511,1.3043,20.87,Normal,0,,0.0,None,0,No Action Required
2026-05-01 07:33:00,WELL-001,drilling,1624.3967,141.8065,110.4522,15.0152,25.4379,80.7445,2045.0267,2051.0656,105.7615,1.3029,21.0127,Normal,0,,0.0,None,0,No Action Required
2026-05-01 07:34:00,WELL-001,drilling,1624.7538,133.6797,110.3066,13.8122,23.1337,81.0868,2066.5491,2066.6201,105.7152,1.3058,20.4313,Normal,0,,0.0,None,0,No Action Required
2026-05-01 07:35:00,WELL-001,drilling,1625.2087,130.9412,110.201,14.1904,24.5616,80.8436,2066.076,2041.7534,105.7871,1.3037,19.2972,Normal,0,,0.0,None,0,No Action Required
2026-05-01 07:36:00,WELL-001,drilling,1625.5889,133.0172,108.8572,13.707,23.6825,80.8804,2060.1014,2084.3838,105.7804,1.2952,21.6291,Normal,0,,0.0,None,0,No Action Required
2026-05-01 07:37:00,WELL-001,drilling,1625.9667,135.7812,109.8832,13.9608,24.5014,80.9871,2055.9277,2018.5498,105.815,1.2984,21.5516,Normal,0,,0.0,None,0,No Action Required
2026-05-01 07:38:00,WELL-001,drilling,1626.4088,139.4826,110.2524,14.1673,25.0405,80.5235,2043.4592,2037.1067,105.8384,1.3001,27.0617,Normal,0,,0.0,None,0,No Action Required
2026-05-01 07:39:00,WELL-001,drilling,1626.8376,137.8819,110.5524,13.4969,25.0413,80.4216,2061.4592,2044.8681,105.7802,1.3035,27.6434,Normal,0,,0.0,None,0,No Action Required
2026-05-01 07:40:00,WELL-001,drilling,1627.2215,136.0186,111.0876,13.134,24.5688,80.5061,2063.6378,2027.6923,105.7769,1.2968,26.5281,Normal,0,,0.0,None,0,No Action Required
2026-05-01 07:41:00,WELL-001,drilling,1627.6504,128.7414,109.5006,12.3405,23.1803,80.725,2066.6902,2007.963,105.829,1.3014,26.6926,Normal,0,,0.0,None,0,No Action Required
2026-05-01 07:42:00,WELL-001,drilling,1628.0084,126.2333,110.4033,12.4203,21.5159,80.9101,2040.312,2070.8767,105.83,1.2982,25.6548,Normal,0,,0.0,None,0,No Action Required
2026-05-01 07:43:00,WELL-001,drilling,1628.3489,120.4434,110.6574,12.1078,21.2374,80.0498,2057.9155,2051.7344,105.8845,1.3029,24.4857,Normal,0,,0.0,None,0,No Action Required
2026-05-01 07:44:00,WELL-001,drilling,1628.7058,119.0975,108.4038,12.5213,21.6962,81.1076,2061.3082,2025.3271,105.824,1.301,24.7717,Normal,0,,0.0,None,0,No Action Required
2026-05-01 07:45:00,WELL-001,drilling,1629.0998,125.2651,109.7677,12.0048,23.4214,80.5525,2047.2807,2045.7915,105.8354,1.2993,15.814,Normal,0,,0.0,None,0,No Action Required
2026-05-01 07:46:00,WELL-001,drilling,1629.4739,126.6503,108.9882,12.3529,23.2941,80.8589,2031.8139,2046.5585,105.9032,1.2997,16.4495,Normal,0,,0.0,None,0,No Action Required
2026-05-01 07:47:00,WELL-001,drilling,1629.851,131.2721,109.9176,12.5008,23.07,80.5199,2052.7139,2070.7964,105.8672,1.2974,14.8598,Normal,0,,0.0,None,0,No Action Required
2026-05-01 07:48:00,WELL-001,drilling,1630.2192,125.845,110.3174,12.8281,22.2774,81.0992,2061.4148,2017.4512,105.8822,1.2994,14.6686,Normal,0,,0.0,None,0,No Action Required
2026-05-01 07:49:00,WELL-001,drilling,1630.6024,129.3937,109.849,13.0391,21.9246,81.2665,2056.1313,2055.6439,105.8509,1.3001,14.5974,Normal,0,,0.0,None,0,No Action Required
2026-05-01 07:50:00,WELL-001,drilling,1631.0044,129.8569,110.7971,13.7295,22.7208,81.0192,2054.188,2076.9352,105.9165,1.2993,16.0114,Normal,0,,0.0,None,0,No Action Required
2026-05-01 07:51:00,WELL-001,drilling,1631.3836,129.4724,110.6338,13.6462,24.7211,81.2358,2060.1079,2043.0843,105.8767,1.2985,16.5903,Normal,0,,0.0,None,0,No Action Required
2026-05-01 07:52:00,WELL-001,drilling,1631.8051,127.4969,109.7961,13.576,25.8003,80.8816,2067.4703,2068.4908,105.8401,1.2961,16.4631,Normal,0,,0.0,None,0,No Action Required
2026-05-01 07:53:00,WELL-001,drilling,1632.2435,134.3945,110.7123,14.6102,26.305,80.9609,2064.8072,2070.6969,105.8792,1.3003,15.8749,Normal,0,,0.0,None,0,No Action Required
2026-05-01 07:54:00,WELL-001,drilling,1632.6436,132.6109,109.8609,14.4861,24.1651,81.4113,2067.7756,2044.9801,105.8903,1.3019,15.2819,Normal,0,,0.0,None,0,No Action Required
2026-05-01 07:55:00,WELL-001,drilling,1633.0519,129.8376,110.9513,14.2504,24.4176,81.6868,2064.0411,2022.9476,105.8839,1.2983,16.1221,Normal,0,,0.0,None,0,No Action Required
2026-05-01 07:56:00,WELL-001,drilling,1633.4298,131.4706,110.7867,14.6825,23.4433,82.3038,2059.0953,2035.8938,105.8496,1.3012,15.4722,Normal,0,,0.0,None,0,No Action Required
2026-05-01 07:57:00,WELL-001,drilling,1633.8153,127.1115,110.0777,14.389,22.3332,81.9156,2060.6545,2095.5276,105.9052,1.3017,15.1374,Normal,0,,0.0,None,0,No Action Required
2026-05-01 07:58:00,WELL-001,drilling,1634.1914,131.7598,108.9881,14.8109,23.3864,82.4959,2070.2543,2070.0366,105.895,1.3036,16.1376,Normal,0,,0.0,None,0,No Action Required
2026-05-01 07:59:00,WELL-001,drilling,1634.6001,130.5278,111.7695,14.3798,23.5172,81.267,2058.9063,2019.6352,105.8943,1.2991,14.2467,Normal,0,,0.0,None,0,No Action Required
2026-05-01 08:00:00,WELL-001,drilling,1634.9634,129.4887,110.5201,14.2055,22.5294,80.9091,2062.8998,2063.7217,105.8839,1.3006,15.5785,Normal,0,,0.0,None,0,No Action Required
2026-05-01 08:01:00,WELL-001,drilling,1635.3562,130.3303,110.9385,14.4064,23.2539,81.2295,2070.3675,2071.3375,105.9347,1.302,15.1705,Normal,0,,0.0,None,0,No Action Required
2026-05-01 08:02:00,WELL-001,drilling,1635.8045,136.1877,109.9652,14.7972,24.803,81.4275,2072.7541,2032.4672,105.8919,1.3015,16.2073,Normal,0,,0.0,None,0,No Action Required
2026-05-01 08:03:00,WELL-001,drilling,1636.1958,134.9894,110.4068,14.7516,24.8975,81.7948,2069.0319,2077.182,105.933,1.2977,16.1733,Normal,0,,0.0,None,0,No Action Required
2026-05-01 08:04:00,WELL-001,drilling,1636.6171,136.7884,109.2782,14.1384,24.4898,82.0995,2066.3705,2102.5662,105.9832,1.2986,16.8313,Normal,0,,0.0,None,0,No Action Required
2026-05-01 08:05:00,WELL-001,drilling,1637.0434,137.7607,109.6115,14.5527,25.1991,81.4545,2055.4578,2035.0828,105.9136,1.3001,16.3084,Normal,0,,0.0,None,0,No Action Required
2026-05-01 08:06:00,WELL-001,drilling,1637.4934,144.5238,108.9271,15.2595,26.1375,82.2027,2085.9521,2082.9172,105.9667,1.3025,15.2174,Normal,0,,0.0,None,0,No Action Required
2026-05-01 08:07:00,WELL-001,drilling,1637.8892,136.1724,109.8081,14.678,24.7046,82.1217,2072.8765,2059.3189,105.9409,1.3023,16.9228,Normal,0,,0.0,None,0,No Action Required
2026-05-01 08:08:00,WELL-001,drilling,1638.3288,136.915,108.8354,15.1458,24.4674,83.0116,2063.3696,2060.5526,105.9221,1.2993,15.3071,Normal,0,,0.0,None,0,No Action Required
2026-05-01 08:09:00,WELL-001,drilling,1638.7362,140.3727,109.9583,15.2465,27.2018,81.7359,2077.228,2087.2355,105.9007,1.2952,17.5383,Normal,0,,0.0,None,0,No Action Required
2026-05-01 08:10:00,WELL-001,drilling,1639.2151,149.3466,110.1298,15.813,28.5375,82.8989,2065.777,2111.9374,105.9586,1.301,17.2949,Normal,0,,0.0,None,0,No Action Required
2026-05-01 08:11:00,WELL-001,drilling,1639.6209,147.408,109.9156,15.4203,26.5729,82.5161,2069.3752,2066.9849,105.9663,1.3006,17.4914,Normal,0,,0.0,None,0,No Action Required
2026-05-01 08:12:00,WELL-001,drilling,1640.0825,140.5946,109.5668,14.9736,25.3363,82.2658,2062.4341,2067.0639,105.934,1.3011,19.0293,Normal,0,,0.0,None,0,No Action Required
2026-05-01 08:13:00,WELL-001,drilling,1640.5117,143.8881,109.0545,15.025,26.949,82.6228,2075.391,2076.5207,105.9192,1.3019,19.9958,Normal,0,,0.0,None,0,No Action Required
2026-05-01 08:14:00,WELL-001,drilling,1640.9931,141.9098,109.7856,16.2774,25.6412,82.1505,2066.8526,2043.276,105.971,1.3016,19.9224,Normal,0,,0.0,None,0,No Action Required
2026-05-01 08:15:00,WELL-001,drilling,1641.3303,140.4676,109.893,16.2826,25.0242,82.0583,2063.5428,2015.9186,105.9832,1.3016,19.7378,Normal,0,,0.0,None,0,No Action Required
2026-05-01 08:16:00,WELL-001,drilling,1641.782,137.7342,110.2051,15.4729,24.2032,82.7454,2077.8235,2068.6819,105.9848,1.3011,20.969,Normal,0,,0.0,None,0,No Action Required
2026-05-01 08:17:00,WELL-001,drilling,1642.1686,132.9478,108.6501,15.0855,24.0554,81.6257,2047.549,2074.5982,105.997,1.2993,20.6382,Normal,0,,0.0,None,0,No Action Required
2026-05-01 08:18:00,WELL-001,drilling,1642.5731,132.7835,111.1905,15.154,24.2387,81.9191,2050.6432,2043.5895,106.0281,1.2996,22.4253,Normal,0,,0.0,None,0,No Action Required
2026-05-01 08:19:00,WELL-001,drilling,1643.0002,133.3067,109.3515,16.1267,24.428,81.4818,2066.2519,2073.4782,105.9669,1.2975,21.4339,Normal,0,,0.0,None,0,No Action Required
2026-05-01 08:20:00,WELL-001,drilling,1643.3825,130.9769,110.6728,16.0459,22.7405,81.8158,2063.3173,2039.4869,106.0485,1.2995,21.5429,Normal,0,,0.0,None,0,No Action Required
2026-05-01 08:21:00,WELL-001,drilling,1643.7762,133.7566,110.028,15.9471,23.1104,82.029,2044.2382,2031.5999,106.0011,1.2979,20.1886,Normal,0,,0.0,None,0,No Action Required
2026-05-01 08:22:00,WELL-001,drilling,1644.1704,129.7348,109.3081,15.2183,23.0575,81.5193,2041.6595,2037.5434,106.0194,1.3016,21.0368,Normal,0,,0.0,None,0,No Action Required
2026-05-01 08:23:00,WELL-001,drilling,1644.5213,118.6921,110.0396,14.8863,22.0992,80.5937,2060.1091,2023.7264,106.0066,1.2989,21.7043,Normal,0,,0.0,None,0,No Action Required
2026-05-01 08:24:00,WELL-001,drilling,1644.8822,120.5857,110.855,14.6426,21.4369,81.0805,2038.4633,2078.391,106.033,1.3003,22.1868,Normal,0,,0.0,None,0,No Action Required
2026-05-01 08:25:00,WELL-001,drilling,1645.2744,123.2513,109.4764,14.6893,21.5898,81.8306,2060.6127,2063.6592,106.0726,1.2966,21.7871,Normal,0,,0.0,None,0,No Action Required
2026-05-01 08:26:00,WELL-001,drilling,1645.6189,128.699,108.7857,14.9822,22.1292,82.0772,2074.9878,2044.2057,106.071,1.3037,22.622,Normal,0,,0.0,None,0,No Action Required
2026-05-01 08:27:00,WELL-001,drilling,1645.9578,121.5143,109.8129,14.3366,21.8367,81.4943,2046.3643,2013.9539,106.1072,1.2998,22.2777,Normal,0,,0.0,None,0,No Action Required
2026-05-01 08:28:00,WELL-001,drilling,1646.3094,118.8213,109.8049,14.0963,21.629,82.0746,2075.7431,2081.8848,105.975,1.2978,20.5851,Normal,0,,0.0,None,0,No Action Required
2026-05-01 08:29:00,WELL-001,drilling,1646.699,122.631,109.5058,14.0558,22.7809,82.1454,2078.6306,2073.721,106.0606,1.2996,20.9632,Normal,0,,0.0,None,0,No Action Required
2026-05-01 08:30:00,WELL-001,drilling,1647.0961,121.7888,108.9791,13.9048,23.2754,82.3566,2076.6828,2055.4583,106.0635,1.2997,19.5155,Normal,0,,0.0,None,0,No Action Required
2026-05-01 08:31:00,WELL-001,drilling,1647.4688,121.5535,108.2156,13.6718,22.3838,81.5979,2062.1851,2066.8135,106.0179,1.3025,19.8307,Normal,0,,0.0,None,0,No Action Required
2026-05-01 08:32:00,WELL-001,drilling,1647.8106,122.4472,109.1824,13.7508,23.338,82.5006,2088.7307,2078.8615,106.1044,1.2971,19.388,Normal,0,,0.0,None,0,No Action Required
2026-05-01 08:33:00,WELL-001,drilling,1648.256,130.1492,110.3813,14.033,25.3008,82.3562,2056.9661,2079.9426,106.0695,1.3031,21.1896,Normal,0,,0.0,None,0,No Action Required
2026-05-01 08:34:00,WELL-001,connection,1648.2454,0.5222,1.2829,0.0,0.0,38.095,824.0752,1487.2846,106.8099,1.308,22.7031,Normal,0,,0.0,None,0,No Action Required
2026-05-01 08:35:00,WELL-001,connection,1648.214,0.0,0.0,0.0,0.2304,12.4544,0.0,783.2029,107.5173,1.3103,22.4231,Normal,0,,0.0,None,0,No Action Required
2026-05-01 08:36:00,WELL-001,connection,1648.2101,0.0,0.4638,0.0,0.2551,4.3996,0.0,420.6141,107.9572,1.3103,22.5089,Normal,0,,0.0,None,0,No Action Required
2026-05-01 08:37:00,WELL-001,connection,1648.2724,1.6261,0.6541,0.0,0.3837,1.3985,0.0,221.073,108.1796,1.3097,23.7799,Normal,0,,0.0,None,0,No Action Required
2026-05-01 08:38:00,WELL-001,connection,1648.2537,0.1851,0.3116,0.0,0.0,0.8025,0.0,119.4642,108.2783,1.309,24.1628,Normal,0,,0.0,None,0,No Action Required
2026-05-01 08:39:00,WELL-001,connection,1648.2853,0.0046,0.7197,0.0,0.431,0.2786,0.0,63.69,108.3425,1.3123,22.1897,Normal,0,,0.0,None,0,No Action Required
2026-05-01 08:40:00,WELL-001,connection,1648.2939,1.7988,0.0,0.0081,0.3997,0.0,0.0,33.3044,108.3223,1.3072,23.9272,Normal,0,,0.0,None,0,No Action Required
2026-05-01 08:41:00,WELL-001,connection,1648.2886,0.0,0.0,0.2569,0.1161,0.0,0.0,18.6308,108.3845,1.3111,22.5716,Normal,0,,0.0,None,0,No Action Required
2026-05-01 08:42:00,WELL-001,connection,1648.2314,0.2503,0.4563,0.0,0.0682,15.4521,1036.9069,494.2765,107.8311,1.3101,22.4417,Normal,0,,0.0,None,0,No Action Required
2026-05-01 08:43:00,WELL-001,drilling,1648.3825,45.946,41.826,7.7052,7.4353,61.019,2066.461,1232.4043,107.014,1.3079,22.8468,Normal,0,,0.0,None,0,No Action Required
2026-05-01 08:44:00,WELL-001,drilling,1648.6655,90.7122,82.513,10.7974,17.1049,76.2659,2055.9666,1620.6422,106.6013,1.3106,22.5838,Normal,0,,0.0,None,0,No Action Required
2026-05-01 08:45:00,WELL-001,drilling,1649.0921,130.0846,123.5633,14.6783,26.8122,80.0034,2057.2126,1830.2552,106.3975,1.3127,21.2139,Normal,0,,0.0,None,0,No Action Required
2026-05-01 08:46:00,WELL-001,drilling,1649.5765,134.288,123.5989,14.7345,27.5624,81.2377,2084.0424,1922.1342,106.1817,1.3074,21.3119,Normal,0,,0.0,None,0,No Action Required
2026-05-01 08:47:00,WELL-001,drilling,1650.0218,130.0141,122.6511,14.3814,26.5815,82.9329,2075.4146,1941.7907,106.1689,1.3111,20.6755,Normal,0,,0.0,None,0,No Action Required
2026-05-01 08:48:00,WELL-001,drilling,1650.4349,133.202,122.5589,14.6295,25.677,81.8415,2057.8555,1999.4822,106.1506,1.3109,20.7783,Normal,0,,0.0,None,0,No Action Required
2026-05-01 08:49:00,WELL-001,drilling,1650.8518,132.8873,123.9522,14.8998,25.189,83.7246,2064.5458,2027.2198,106.1358,1.3114,20.8279,Normal,0,,0.0,None,0,No Action Required
2026-05-01 08:50:00,WELL-001,drilling,1651.2788,128.712,123.0681,14.7476,24.283,82.1997,2056.5701,2081.2404,106.1242,1.3098,20.0171,Normal,0,,0.0,None,0,No Action Required
2026-05-01 08:51:00,WELL-001,drilling,1651.6933,129.0226,122.4863,14.2328,24.1663,81.8201,2054.4422,2040.6002,106.1714,1.3104,19.5648,Normal,0,,0.0,None,0,No Action Required
2026-05-01 08:52:00,WELL-001,drilling,1652.1417,135.3344,122.8499,15.4544,25.7285,82.77,2064.139,2061.0165,106.1255,1.311,19.2586,Normal,0,,0.0,None,0,No Action Required
2026-05-01 08:53:00,WELL-001,drilling,1652.5823,142.4031,121.4906,15.8092,27.9085,82.549,2055.2597,2007.3244,106.1333,1.3091,19.3241,Normal,0,,0.0,None,0,No Action Required
2026-05-01 08:54:00,WELL-001,drilling,1653.0069,140.593,123.2918,15.6068,26.4943,82.7565,2059.5377,2043.7225,106.1417,1.3097,19.0481,Normal,0,,0.0,None,0,No Action Required
2026-05-01 08:55:00,WELL-001,drilling,1653.4736,134.7232,121.8164,15.7546,26.5798,83.1032,2057.0341,2055.2567,106.1056,1.3104,18.839,Normal,0,,0.0,None,0,No Action Required
2026-05-01 08:56:00,WELL-001,drilling,1653.907,128.8663,123.0401,15.0994,26.3652,82.9984,2059.4221,2031.8304,106.1248,1.3107,17.9355,Normal,0,,0.0,None,0,No Action Required
2026-05-01 08:57:00,WELL-001,drilling,1654.355,131.3316,122.8561,15.1294,27.6731,83.1331,2055.8082,2058.611,106.1327,1.3111,19.3652,Normal,0,,0.0,None,0,No Action Required
2026-05-01 08:58:00,WELL-001,drilling,1654.8228,133.1026,122.9851,15.0443,27.1602,82.5352,2055.8167,2056.3259,106.1541,1.3122,28.8619,Normal,0,,0.0,None,0,No Action Required
2026-05-01 08:59:00,WELL-001,drilling,1655.2991,138.0026,123.2949,15.5786,26.8324,82.3033,2062.4875,2038.359,106.1384,1.3088,28.7648,Normal,0,,0.0,None,0,No Action Required
2026-05-01 09:00:00,WELL-001,drilling,1655.6862,135.3712,122.5802,15.4432,25.307,82.7842,2066.9691,2088.8347,106.1213,1.3113,27.2344,Normal,0,,0.0,None,0,No Action Required
2026-05-01 09:01:00,WELL-001,drilling,1656.1387,133.4804,122.2821,15.2244,24.6617,82.2225,2067.6356,2002.048,106.1632,1.3099,26.2027,Normal,0,,0.0,None,0,No Action Required
2026-05-01 09:02:00,WELL-001,drilling,1656.5067,131.7078,122.696,14.7172,25.3902,82.275,2054.2487,2062.6899,106.1307,1.3085,27.6328,Normal,0,,0.0,None,0,No Action Required
2026-05-01 09:03:00,WELL-001,drilling,1656.9767,138.1324,124.139,15.1229,24.2662,82.1951,2059.2986,2107.0997,106.1632,1.3108,28.514,Normal,0,,0.0,None,0,No Action Required
2026-05-01 09:04:00,WELL-001,drilling,1657.3634,136.1489,123.8653,14.8779,24.4248,82.6411,2056.4438,2126.3002,106.1479,1.3104,29.4068,Normal,0,,0.0,None,0,No Action Required
2026-05-01 09:05:00,WELL-001,drilling,1657.7464,133.3789,122.5311,14.797,24.8399,82.5679,2064.8976,2019.7266,106.2313,1.3083,29.6412,Normal,0,,0.0,None,0,No Action Required
2026-05-01 09:06:00,WELL-001,drilling,1658.1808,134.2463,123.4798,14.9188,26.307,82.2333,2044.1981,2087.611,106.1847,1.3093,21.0952,Normal,0,,0.0,None,0,No Action Required
2026-05-01 09:07:00,WELL-001,drilling,1658.6351,134.638,123.5975,14.9875,25.6358,81.7864,2060.241,2073.5878,106.1222,1.3114,20.8246,Normal,0,,0.0,None,0,No Action Required
2026-05-01 09:08:00,WELL-001,drilling,1659.0505,140.5076,123.2718,15.2016,25.7716,82.0181,2048.6356,2092.1801,106.2119,1.306,21.4216,Normal,0,,0.0,None,0,No Action Required
2026-05-01 09:09:00,WELL-001,drilling,1659.4858,134.6262,122.5148,14.6266,24.4172,82.4335,2054.9048,2064.0788,106.2064,1.3062,20.8458,Normal,0,,0.0,None,0,No Action Required
2026-05-01 09:10:00,WELL-001,drilling,1659.8761,136.3037,123.2334,14.5302,25.0326,82.7622,2055.7727,2034.2635,106.1402,1.3112,19.4245,Normal,0,,0.0,None,0,No Action Required
2026-05-01 09:11:00,WELL-001,drilling,1660.3136,139.119,121.8796,14.5358,26.2763,82.366,2053.4129,2061.0691,106.2312,1.3119,20.2198,Normal,0,,0.0,None,0,No Action Required
2026-05-01 09:12:00,WELL-001,drilling,1660.7126,138.5971,123.8193,14.4698,24.8047,82.6023,2055.9598,2045.9367,106.213,1.3126,19.7122,Normal,0,,0.0,None,0,No Action Required
2026-05-01 09:13:00,WELL-001,drilling,1661.1239,131.5288,123.8134,14.4151,24.4697,82.415,2056.496,2014.1255,106.2068,1.3082,18.7181,Normal,0,,0.0,None,0,No Action Required
2026-05-01 09:14:00,WELL-001,drilling,1661.5116,127.0271,122.3649,13.9922,23.9836,82.9094,2048.6107,2057.1531,106.2397,1.3107,20.8919,Normal,0,,0.0,None,0,No Action Required
2026-05-01 09:15:00,WELL-001,drilling,1661.8996,130.8032,123.0866,14.003,25.5077,82.8958,2075.1544,2030.4622,106.2189,1.3105,19.6737,Normal,0,,0.0,None,0,No Action Required
2026-05-01 09:16:00,WELL-001,drilling,1662.3851,131.1152,123.2987,14.734,25.7187,82.9327,2062.2161,2074.9464,106.2265,1.3087,19.0778,Normal,0,,0.0,None,0,No Action Required
2026-05-01 09:17:00,WELL-001,drilling,1662.7969,127.9329,124.0499,13.895,24.9691,83.1513,2070.3568,2049.6052,106.2366,1.3134,19.1487,Normal,0,,0.0,None,0,No Action Required
2026-05-01 09:18:00,WELL-001,drilling,1663.2413,128.8146,123.4689,14.0788,25.2192,83.452,2047.2155,1994.9765,106.2463,1.3097,19.0548,Normal,0,,0.0,None,0,No Action Required
2026-05-01 09:19:00,WELL-001,drilling,1663.7063,123.2386,123.5212,13.2711,25.2143,82.9276,2058.5387,2085.9782,106.2291,1.3085,19.7078,Normal,0,,0.0,None,0,No Action Required
2026-05-01 09:20:00,WELL-001,drilling,1664.0581,130.9661,122.5642,13.938,26.3355,82.8882,2062.8446,2047.1623,106.256,1.3096,18.7252,Normal,0,,0.0,None,0,No Action Required
2026-05-01 09:21:00,WELL-001,drilling,1664.4876,128.2218,121.355,13.6478,23.7648,83.638,2057.1605,2055.528,106.2134,1.311,20.1879,Normal,0,,0.0,None,0,No Action Required
2026-05-01 09:22:00,WELL-001,drilling,1664.8959,129.0042,123.1492,13.6645,23.31,83.4326,2073.2663,2048.5329,106.2295,1.3084,21.9678,Normal,0,,0.0,None,0,No Action Required
2026-05-01 09:23:00,WELL-001,drilling,1665.3137,125.7161,124.1483,13.662,24.0711,82.752,2047.9677,2053.4489,106.2498,1.3087,22.7581,Normal,0,,0.0,None,0,No Action Required
2026-05-01 09:24:00,WELL-001,drilling,1665.6945,127.0322,123.5713,13.5211,24.4214,83.0027,2064.9221,2025.7297,106.2537,1.3119,21.3597,Normal,0,,0.0,None,0,No Action Required
2026-05-01 09:25:00,WELL-001,drilling,1666.1056,130.328,122.868,13.9556,24.852,83.0474,2045.6389,2065.2575,106.2487,1.3134,20.4435,Normal,0,,0.0,None,0,No Action Required
2026-05-01 09:26:00,WELL-001,drilling,1666.5604,130.0966,122.0336,14.3337,25.181,83.5376,2054.6146,2031.8762,106.2896,1.3097,19.9372,Normal,0,,0.0,None,0,No Action Required
2026-05-01 09:27:00,WELL-001,drilling,1666.9501,128.7335,122.0536,13.5924,24.2065,82.4087,2046.6946,2048.1323,106.2814,1.3083,21.8138,Normal,0,,0.0,None,0,No Action Required
2026-05-01 09:28:00,WELL-001,drilling,1667.3592,126.1076,123.0727,13.2685,25.7324,82.2116,2055.2156,2049.6992,106.3134,1.3107,19.9675,Normal,0,,0.0,None,0,No Action Required
2026-05-01 09:29:00,WELL-001,drilling,1667.7926,130.7513,123.5777,13.7679,26.2729,82.279,2062.9378,2106.804,106.2418,1.31,19.8892,Normal,0,,0.0,None,0,No Action Required
2026-05-01 09:30:00,WELL-001,drilling,1668.2435,132.8474,123.3276,13.6931,25.2582,82.3398,2067.1927,2040.528,106.2684,1.3106,19.463,Normal,0,,0.0,None,0,No Action Required
2026-05-01 09:31:00,WELL-001,drilling,1668.6519,134.915,123.0094,13.9196,26.1458,82.3578,2045.8089,2035.0243,106.2098,1.3128,19.6707,Normal,0,,0.0,None,0,No Action Required
2026-05-01 09:32:00,WELL-001,drilling,1669.0994,135.0271,122.9997,13.9644,26.0698,82.7092,2043.7568,2061.5054,106.2676,1.3073,19.9651,Normal,0,,0.0,None,0,No Action Required
2026-05-01 09:33:00,WELL-001,drilling,1669.501,132.4082,122.2513,14.5651,25.5726,82.6975,2054.4528,2029.9851,106.3338,1.3097,21.1659,Normal,0,,0.0,None,0,No Action Required
2026-05-01 09:34:00,WELL-001,drilling,1669.963,131.9553,123.1264,14.3214,27.111,81.8668,2055.5587,2048.4841,106.3074,1.3088,21.7133,Normal,0,,0.0,None,0,No Action Required
2026-05-01 09:35:00,WELL-001,drilling,1670.3702,133.8027,123.463,14.2804,27.4789,82.7099,2054.636,2070.0788,106.2662,1.3111,22.2739,Normal,0,,0.0,None,0,No Action Required
2026-05-01 09:36:00,WELL-001,drilling,1670.855,136.1858,123.6896,14.5614,26.9982,82.1899,2048.1643,1992.6884,106.331,1.3111,22.507,Normal,0,,0.0,None,0,No Action Required
2026-05-01 09:37:00,WELL-001,drilling,1671.2827,136.724,122.8884,15.4063,26.4269,82.3705,2067.3013,2022.5009,106.3016,1.3107,21.7681,Normal,0,,0.0,None,0,No Action Required
2026-05-01 09:38:00,WELL-001,drilling,1671.7187,140.405,123.4557,15.0987,26.9166,82.4691,2044.193,2075.5677,106.3153,1.3113,21.812,Normal,0,,0.0,None,0,No Action Required
2026-05-01 09:39:00,WELL-001,drilling,1672.1961,139.4941,122.833,15.2473,26.6545,82.4716,2068.4865,2068.4,106.3195,1.3046,22.5784,Normal,0,,0.0,None,0,No Action Required
2026-05-01 09:40:00,WELL-001,drilling,1672.6232,139.2561,123.1543,15.4321,26.4409,82.7531,2058.0303,2004.9289,106.274,1.3095,23.3061,Normal,0,,0.0,None,0,No Action Required
2026-05-01 09:41:00,WELL-001,drilling,1673.0267,144.5367,122.874,16.2665,26.6988,83.1087,2057.8372,2019.0881,106.3514,1.311,22.7172,Normal,0,,0.0,None,0,No Action Required
2026-05-01 09:42:00,WELL-001,drilling,1673.5095,143.68,123.557,16.2145,27.3089,82.7257,2059.8708,2086.7105,106.2746,1.3111,23.3799,Normal,0,,0.0,None,0,No Action Required
2026-05-01 09:43:00,WELL-001,drilling,1673.9515,140.9432,122.8006,15.8248,26.7124,83.5611,2056.0691,2008.9816,106.3353,1.3081,24.0927,Normal,0,,0.0,None,0,No Action Required
2026-05-01 09:44:00,WELL-001,drilling,1674.3715,140.8489,123.4857,15.6936,25.6606,83.843,2058.9988,2039.3989,106.3172,1.309,24.0158,Normal,0,,0.0,None,0,No Action Required
2026-05-01 09:45:00,WELL-001,drilling,1674.7826,142.9863,121.5676,16.1492,26.8664,83.2602,2070.2174,2063.6081,106.3035,1.3069,24.5185,Normal,0,,0.0,None,0,No Action Required
2026-05-01 09:46:00,WELL-001,drilling,1675.2039,139.9329,122.3828,16.1046,25.4754,82.93,2065.9172,2081.3602,106.3537,1.3089,24.1977,Normal,0,,0.0,None,0,No Action Required
2026-05-01 09:47:00,WELL-001,drilling,1675.6445,140.6198,124.1739,15.9774,24.9377,83.5261,2073.6678,2080.0719,106.337,1.3098,25.8968,Normal,0,,0.0,None,0,No Action Required
2026-05-01 09:48:00,WELL-001,drilling,1676.0892,137.363,121.3986,16.0945,26.0109,83.6736,2063.3621,2066.1236,106.313,1.3107,23.8076,Normal,0,,0.0,None,0,No Action Required
2026-05-01 09:49:00,WELL-001,drilling,1676.4689,136.9095,123.7296,15.68,25.3424,83.7801,2064.9274,2082.3631,106.3432,1.3089,23.2996,Normal,0,,0.0,None,0,No Action Required
2026-05-01 09:50:00,WELL-001,drilling,1676.9084,136.7086,123.3238,15.6755,24.6202,83.8406,2072.111,2067.136,106.3667,1.3097,23.5234,Normal,0,,0.0,None,0,No Action Required
2026-05-01 09:51:00,WELL-001,connection,1676.9173,1.4022,0.3918,0.1851,0.0,38.5349,822.2436,1470.1629,106.981,1.3062,23.9162,Normal,0,,0.0,None,0,No Action Required
2026-05-01 09:52:00,WELL-001,connection,1676.8911,0.1095,0.0,0.1019,0.6138,12.6795,0.0,799.0276,107.7833,1.313,25.5454,Normal,0,,0.0,None,0,No Action Required
2026-05-01 09:53:00,WELL-001,connection,1676.8905,0.3814,0.3672,0.0,0.57,4.6743,0.0,419.5799,108.2067,1.3094,25.6693,Normal,0,,0.0,None,0,No Action Required
2026-05-01 09:54:00,WELL-001,connection,1676.8877,0.0,0.0583,0.0224,0.0601,1.5112,0.0,222.7923,108.4471,1.3137,25.1368,Normal,0,,0.0,None,0,No Action Required
2026-05-01 09:55:00,WELL-001,connection,1676.8669,0.0,0.8204,0.0,0.485,0.4744,0.0,117.2051,108.5514,1.3098,26.5243,Normal,0,,0.0,None,0,No Action Required
2026-05-01 09:56:00,WELL-001,connection,1676.8675,0.0,0.153,0.1111,0.4261,15.7678,1027.95,544.9139,108.0829,1.3124,25.6675,Normal,0,,0.0,None,0,No Action Required
2026-05-01 09:57:00,WELL-001,drilling,1676.993,44.5225,38.9485,8.0102,6.421,60.5351,2058.1398,1248.8644,107.2449,1.3062,26.4799,Normal,0,,0.0,None,0,No Action Required
2026-05-01 09:58:00,WELL-001,drilling,1677.2582,90.4008,74.8295,11.2425,16.8907,75.9651,2063.7281,1615.7992,106.8314,1.3084,26.7251,Normal,0,,0.0,None,0,No Action Required
2026-05-01 09:59:00,WELL-001,drilling,1677.6851,132.6666,112.0601,14.7844,25.7814,80.7366,2066.1523,1824.5956,106.5576,1.3109,25.1632,Normal,0,,0.0,None,0,No Action Required
2026-05-01 10:00:00,WELL-001,drilling,1678.1244,131.9162,113.2421,15.3253,26.4366,82.2016,2068.2219,1896.8121,106.4473,1.3139,24.0197,Normal,0,,0.0,None,0,No Action Required
2026-05-01 10:01:00,WELL-001,drilling,1678.5785,134.0549,111.1887,15.689,26.134,82.3926,2052.5363,1941.1515,106.4125,1.3109,25.0593,Normal,0,,0.0,None,0,No Action Required
2026-05-01 10:02:00,WELL-001,drilling,1679.0156,130.7327,112.3699,15.3866,25.2557,81.6489,2050.8732,2051.717,106.3834,1.3109,25.6546,Normal,0,,0.0,None,0,No Action Required
2026-05-01 10:03:00,WELL-001,drilling,1679.435,136.9986,110.5777,15.4978,25.0993,82.4557,2054.0153,1984.9921,106.4501,1.3073,24.5053,Normal,0,,0.0,None,0,No Action Required
2026-05-01 10:04:00,WELL-001,drilling,1679.8646,132.7377,111.6279,15.2325,24.3124,83.0931,2048.228,2026.7069,106.4169,1.3123,25.4579,Normal,0,,0.0,None,0,No Action Required
2026-05-01 10:05:00,WELL-001,drilling,1680.256,131.1757,111.9023,15.1989,25.5793,83.3003,2055.4367,2051.6256,106.352,1.311,24.0764,Normal,0,,0.0,None,0,No Action Required
2026-05-01 10:06:00,WELL-001,drilling,1680.6726,127.2932,111.12,14.2421,23.1164,82.9325,2058.6496,2028.1747,106.4177,1.3135,23.9833,Normal,0,,0.0,None,0,No Action Required
2026-05-01 10:07:00,WELL-001,drilling,1681.1021,134.5068,112.6212,14.1798,24.8842,83.2026,2045.7612,2038.9035,106.3484,1.3103,23.7313,Normal,0,,0.0,None,0,No Action Required
2026-05-01 10:08:00,WELL-001,drilling,1681.4581,133.328,111.9533,14.4441,23.9273,83.0156,2057.5136,2027.2732,106.4265,1.3101,23.42,Normal,0,,0.0,None,0,No Action Required
2026-05-01 10:09:00,WELL-001,drilling,1681.8638,132.9338,110.9952,14.3961,22.3487,82.7443,2057.8893,2065.3945,106.4304,1.3104,24.1799,Normal,0,,0.0,None,0,No Action Required
2026-05-01 10:10:00,WELL-001,drilling,1682.229,137.0378,112.7397,14.8043,22.0385,83.8146,2068.2602,2084.7587,106.3378,1.3097,23.135,Normal,0,,0.0,None,0,No Action Required
2026-05-01 10:11:00,WELL-001,drilling,1682.592,136.2797,112.1931,14.4682,21.8504,83.7198,2063.4773,2093.4561,106.3496,1.3093,21.9248,Normal,0,,0.0,None,0,No Action Required
2026-05-01 10:12:00,WELL-001,drilling,1682.9185,137.996,111.1654,15.1064,22.7135,83.0552,2055.0286,2124.3769,106.4223,1.3119,21.3837,Normal,0,,0.0,None,0,No Action Required
2026-05-01 10:13:00,WELL-001,drilling,1683.3374,137.9675,112.0144,15.0698,22.5785,83.4008,2076.2339,2094.2495,106.431,1.3103,21.2389,Normal,0,,0.0,None,0,No Action Required
2026-05-01 10:14:00,WELL-001,drilling,1683.7406,134.5626,111.8917,15.0992,23.6629,83.6259,2066.5604,2070.1134,106.4112,1.3116,22.5938,Normal,0,,0.0,None,0,No Action Required
2026-05-01 10:15:00,WELL-001,drilling,1684.1623,133.1538,112.2769,15.143,24.629,83.3635,2064.1388,2055.0346,106.4626,1.3092,44.448,Normal,0,,0.0,None,0,No Action Required
2026-05-01 10:16:00,WELL-001,drilling,1684.5827,136.6493,110.8321,16.136,25.657,84.9334,2077.5936,2074.1457,106.3785,1.3134,42.9746,Normal,0,,0.0,None,0,No Action Required
2026-05-01 10:17:00,WELL-001,drilling,1685.0146,133.2677,112.1538,15.1982,25.3482,84.1337,2065.6891,2104.0536,106.4101,1.3039,42.5289,Normal,0,,0.0,None,0,No Action Required
2026-05-01 10:18:00,WELL-001,drilling,1685.4489,136.0913,111.8468,16.0357,25.7873,83.6931,2073.2806,2027.8767,106.3675,1.3099,40.7277,Normal,0,,0.0,None,0,No Action Required
2026-05-01 10:19:00,WELL-001,drilling,1685.8686,132.3344,110.8476,15.3948,24.9748,84.5796,2072.8253,2061.2355,106.4072,1.3106,40.1219,Normal,0,,0.0,None,0,No Action Required
2026-05-01 10:20:00,WELL-001,drilling,1686.3126,133.5501,110.7091,16.2108,25.4881,83.9535,2073.5087,2030.2723,106.3975,1.3103,14.651,Normal,0,,0.0,None,0,No Action Required
2026-05-01 10:21:00,WELL-001,drilling,1686.6878,135.1542,111.4052,16.2875,25.2088,83.973,2073.977,2023.4329,106.4394,1.3097,14.598,Normal,0,,0.0,None,0,No Action Required
2026-05-01 10:22:00,WELL-001,drilling,1687.1766,134.6581,112.5843,16.1422,25.1574,83.9289,2062.7681,2067.223,106.4111,1.3108,15.1997,Normal,0,,0.0,None,0,No Action Required
2026-05-01 10:23:00,WELL-001,drilling,1687.5364,136.4529,111.9554,16.6166,24.7047,83.6673,2069.5368,2057.2104,106.5266,1.3136,15.4611,Normal,0,,0.0,None,0,No Action Required
2026-05-01 10:24:00,WELL-001,drilling,1688.0038,138.0115,111.8465,16.4375,26.1929,83.219,2073.4047,2052.1338,106.4062,1.3107,14.518,Normal,0,,0.0,None,0,No Action Required
2026-05-01 10:25:00,WELL-001,drilling,1688.4323,140.1761,113.7229,16.3723,26.9454,84.3505,2071.9463,2047.1545,106.4845,1.3113,14.587,Normal,0,,0.0,None,0,No Action Required
2026-05-01 10:26:00,WELL-001,drilling,1688.9291,147.1502,111.9045,17.2761,28.5605,84.0123,2056.207,2049.5819,106.4115,1.3099,15.8094,Normal,0,,0.0,None,0,No Action Required
2026-05-01 10:27:00,WELL-001,drilling,1689.3613,139.4301,112.169,16.3291,27.353,83.9459,2079.0659,2127.3194,106.4711,1.3144,18.028,Normal,0,,0.0,None,0,No Action Required
2026-05-01 10:28:00,WELL-001,drilling,1689.8009,132.8018,111.5164,15.8551,26.4516,83.3736,2063.724,2036.3925,106.4895,1.3101,17.8992,Normal,0,,0.0,None,0,No Action Required
2026-05-01 10:29:00,WELL-001,drilling,1690.2886,133.2166,111.7276,15.7024,27.5182,83.7882,2063.1873,2081.4529,106.4127,1.3106,16.887,Normal,0,,0.0,None,0,No Action Required
2026-05-01 10:30:00,WELL-001,drilling,1690.738,143.1206,112.2852,15.6009,29.3724,83.7412,2066.3289,2084.6805,106.4776,1.3122,18.2294,Normal,0,,0.0,None,0,No Action Required
2026-05-01 10:31:00,WELL-001,drilling,1691.2055,142.6171,113.12,15.3678,28.171,83.6501,2058.5514,2034.3168,106.4499,1.3118,19.0082,Normal,0,,0.0,None,0,No Action Required
2026-05-01 10:32:00,WELL-001,drilling,1691.6725,138.2036,112.6405,14.7735,26.0001,84.1227,2073.0253,2090.5748,106.4543,1.3103,18.8786,Normal,0,,0.0,None,0,No Action Required
2026-05-01 10:33:00,WELL-001,drilling,1692.1125,136.4093,110.9271,14.7618,25.7565,83.7682,2050.65,2028.9205,106.4758,1.31,19.7274,Normal,0,,0.0,None,0,No Action Required
2026-05-01 10:34:00,WELL-001,drilling,1692.5168,137.6466,112.3364,14.8712,27.2486,83.5168,2063.7401,2095.734,106.4466,1.3121,18.5042,Normal,0,,0.0,None,0,No Action Required
2026-05-01 10:35:00,WELL-001,drilling,1693.0058,141.1267,112.0613,14.7832,27.531,83.2791,2055.5485,2070.138,106.5159,1.3099,19.1268,Normal,0,,0.0,None,0,No Action Required
2026-05-01 10:36:00,WELL-001,drilling,1693.3996,136.1318,112.9764,14.727,26.3067,83.8649,2070.8663,2113.7009,106.4234,1.3092,18.864,Normal,0,,0.0,None,0,No Action Required
2026-05-01 10:37:00,WELL-001,drilling,1693.8589,139.5463,111.0019,14.8708,26.0802,83.4371,2058.1836,2064.0246,106.4874,1.3089,18.5939,Normal,0,,0.0,None,0,No Action Required
2026-05-01 10:38:00,WELL-001,drilling,1694.2696,140.1942,112.9535,14.8851,25.2769,83.424,2075.1348,2038.2132,106.4565,1.312,19.0015,Normal,0,,0.0,None,0,No Action Required
2026-05-01 10:39:00,WELL-001,drilling,1694.6915,137.9747,111.687,14.8675,24.5579,83.505,2060.2731,2039.4207,106.5189,1.3096,18.7256,Normal,0,,0.0,None,0,No Action Required
2026-05-01 10:40:00,WELL-001,drilling,1695.0581,136.2956,111.2068,14.6118,23.9654,83.8962,2058.1152,2050.1548,106.4475,1.31,17.6782,Normal,0,,0.0,None,0,No Action Required
2026-05-01 10:41:00,WELL-001,drilling,1695.4931,134.1275,111.7193,15.1735,24.2614,83.9229,2070.7868,2072.5268,106.4871,1.312,18.2379,Normal,0,,0.0,None,0,No Action Required
2026-05-01 10:42:00,WELL-001,drilling,1695.9239,133.8411,111.2216,14.8579,25.0,83.8072,2065.5031,2043.9814,106.5115,1.3093,19.9572,Normal,0,,0.0,None,0,No Action Required
2026-05-01 10:43:00,WELL-001,drilling,1696.3366,133.4712,113.6139,15.1223,25.1171,83.2422,2059.0477,2036.1308,106.5528,1.3118,19.6455,Normal,0,,0.0,None,0,No Action Required
2026-05-01 10:44:00,WELL-001,drilling,1696.805,137.2111,111.2477,15.2771,26.3564,82.642,2047.8679,2092.8179,106.5225,1.3066,20.3794,Normal,0,,0.0,None,0,No Action Required
2026-05-01 10:45:00,WELL-001,drilling,1697.2205,132.6589,111.7118,15.0952,26.0945,83.9395,2058.8447,2023.7237,106.526,1.3073,22.3303,Normal,0,,0.0,None,0,No Action Required
2026-05-01 10:46:00,WELL-001,drilling,1697.6551,134.1401,111.876,15.3427,26.6961,83.2471,2068.714,2034.616,106.5438,1.309,23.3909,Normal,0,,0.0,None,0,No Action Required
2026-05-01 10:47:00,WELL-001,drilling,1698.1235,140.2668,111.4145,16.4562,28.0278,83.5866,2046.6271,2090.6594,106.5252,1.3097,22.0151,Normal,0,,0.0,None,0,No Action Required
2026-05-01 10:48:00,WELL-001,drilling,1698.5636,138.8582,112.1024,16.12,26.5732,83.0692,2064.0973,2097.1922,106.5592,1.3086,21.9379,Normal,0,,0.0,None,0,No Action Required
2026-05-01 10:49:00,WELL-001,drilling,1699.035,135.1741,113.2842,15.7231,28.4802,82.9616,2049.049,2036.7006,106.5929,1.3132,22.5386,Normal,0,,0.0,None,0,No Action Required
2026-05-01 10:50:00,WELL-001,drilling,1699.4619,129.9698,111.8824,14.8082,27.2462,84.0271,2046.5648,2041.6972,106.5352,1.3162,21.509,Normal,0,,0.0,None,0,No Action Required
2026-05-01 10:51:00,WELL-001,drilling,1699.9176,127.2998,112.2465,14.4346,26.7896,84.4876,2050.9147,2106.4139,106.5307,1.3074,20.5706,Normal,0,,0.0,None,0,No Action Required
2026-05-01 10:52:00,WELL-001,drilling,1700.33,129.2699,112.4723,14.4903,26.2665,84.0752,2053.2379,2060.9622,106.5497,1.3141,21.5794,Normal,0,,0.0,None,0,No Action Required
2026-05-01 10:53:00,WELL-001,drilling,1700.7485,129.7992,112.5913,14.8578,24.1977,83.8817,2066.4915,2064.4332,106.4956,1.3081,20.9825,Normal,0,,0.0,None,0,No Action Required
2026-05-01 10:54:00,WELL-001,drilling,1701.1067,126.6454,112.4227,14.363,23.1125,84.2526,2066.3023,2064.7833,106.4978,1.3083,21.3746,Normal,0,,0.0,None,0,No Action Required
2026-05-01 10:55:00,WELL-001,drilling,1701.5298,129.0243,111.8736,14.124,24.0908,83.523,2066.5461,2010.1617,106.5472,1.3058,21.5137,Normal,0,,0.0,None,0,No Action Required
2026-05-01 10:56:00,WELL-001,drilling,1701.8949,121.5479,111.8509,13.2236,23.8197,83.3393,2057.2753,2063.8131,106.5634,1.3093,20.3495,Normal,0,,0.0,None,0,No Action Required
2026-05-01 10:57:00,WELL-001,drilling,1702.3205,124.0861,111.1681,13.6741,24.2027,83.8499,2075.8432,2065.0557,106.5387,1.3092,20.5346,Normal,0,,0.0,None,0,No Action Required
2026-05-01 10:58:00,WELL-001,drilling,1702.699,125.9928,112.8618,13.6793,22.1337,83.8104,2062.5469,2045.5951,106.5217,1.3098,19.7084,Normal,0,,0.0,None,0,No Action Required
2026-05-01 10:59:00,WELL-001,drilling,1703.0776,128.9166,112.13,13.6023,23.8199,84.3405,2070.5872,2084.2804,106.5816,1.3119,21.2635,Normal,0,,0.0,None,0,No Action Required
2026-05-01 11:00:00,WELL-001,drilling,1703.4695,126.2968,112.3237,14.0316,23.2087,84.5989,2061.926,2054.768,106.5123,1.3115,20.6252,Normal,0,,0.0,None,0,No Action Required
2026-05-01 11:01:00,WELL-001,drilling,1703.8464,134.6781,111.0637,14.8723,25.1555,83.927,2063.7151,2068.7906,106.5526,1.3143,20.7256,Normal,0,,0.0,None,0,No Action Required
2026-05-01 11:02:00,WELL-001,drilling,1704.3196,133.7574,111.618,14.8478,25.8609,84.2079,2056.7145,2089.3701,106.5263,1.3133,20.3425,Normal,0,,0.0,None,0,No Action Required
2026-05-01 11:03:00,WELL-001,drilling,1704.7389,130.799,113.1676,14.5331,26.28,84.0742,2052.6161,2063.3998,106.5752,1.3045,20.6527,Normal,0,,0.0,None,0,No Action Required
2026-05-01 11:04:00,WELL-001,drilling,1705.1558,132.71,110.4645,14.7334,25.054,83.24,2065.2529,2042.7232,106.593,1.3078,19.8006,Normal,0,,0.0,None,0,No Action Required
2026-05-01 11:05:00,WELL-001,drilling,1705.5965,133.7974,111.0657,14.7062,25.8291,82.892,2058.911,2041.0626,106.5728,1.3076,21.0791,Normal,0,,0.0,None,0,No Action Required
2026-05-01 11:06:00,WELL-001,connection,1705.5766,0.0,1.1205,0.1584,0.473,38.5044,818.2842,1494.0512,107.2344,1.3197,21.1407,Normal,0,,0.0,None,0,No Action Required
2026-05-01 11:07:00,WELL-001,connection,1705.5987,0.0,0.5276,0.0758,0.3747,12.8159,0.0,794.7535,108.0425,1.3231,20.3697,Normal,0,,0.0,None,0,No Action Required
2026-05-01 11:08:00,WELL-001,connection,1705.5867,1.1247,0.0,0.1065,0.2605,4.3627,0.0,423.3439,108.408,1.3213,19.5019,Normal,0,,0.0,None,0,No Action Required
2026-05-01 11:09:00,WELL-001,connection,1705.5938,0.4016,0.0,0.0118,0.0,1.4602,0.0,223.2308,108.6696,1.3158,18.285,Normal,0,,0.0,None,0,No Action Required
2026-05-01 11:10:00,WELL-001,connection,1705.6116,0.9306,0.0,0.0891,0.0,0.7154,0.0,115.8087,108.776,1.3195,19.2013,Normal,0,,0.0,None,0,No Action Required
2026-05-01 11:11:00,WELL-001,connection,1705.6069,0.2433,0.0,0.0,0.1258,0.0,0.0,62.7405,108.857,1.3199,18.5168,Normal,0,,0.0,None,0,No Action Required
2026-05-01 11:12:00,WELL-001,connection,1705.6031,0.0,0.0,0.0858,0.2395,16.3152,1037.494,516.3533,108.3463,1.3206,18.6131,Normal,0,,0.0,None,0,No Action Required
2026-05-01 11:13:00,WELL-001,drilling,1705.7178,46.0157,36.8998,8.1162,7.0477,61.8981,2066.2521,1254.9496,107.4814,1.317,17.2552,Normal,0,,0.0,None,0,No Action Required
2026-05-01 11:14:00,WELL-001,drilling,1705.9622,90.4315,73.2948,11.3329,15.6783,79.0708,2072.5626,1621.7468,107.0515,1.3205,18.3321,Normal,0,,0.0,None,0,No Action Required
2026-05-01 11:15:00,WELL-001,drilling,1706.4076,134.7051,110.1504,14.8651,24.83,83.4182,2083.7224,1832.3844,106.8643,1.3224,16.7542,Normal,0,,0.0,None,0,No Action Required
2026-05-01 11:16:00,WELL-001,drilling,1706.8207,136.5716,111.6115,14.9288,25.2076,85.5334,2097.8417,1919.858,106.7148,1.3218,16.4983,Normal,0,,0.0,None,0,No Action Required
2026-05-01 11:17:00,WELL-001,drilling,1707.2054,137.1535,109.2015,14.9002,23.9737,86.1369,2081.7408,2034.2992,106.6159,1.3212,18.0723,Normal,0,,0.0,None,0,No Action Required
2026-05-01 11:18:00,WELL-001,drilling,1707.6305,136.4167,109.0065,14.7335,25.265,86.0328,2087.0245,2049.6097,106.6043,1.3177,18.9105,Normal,0,,0.0,None,0,No Action Required
2026-05-01 11:19:00,WELL-001,drilling,1708.0337,132.2932,110.4277,14.2542,25.2173,86.8257,2080.9145,2116.044,106.5682,1.3228,16.6127,Normal,0,,0.0,None,0,No Action Required
2026-05-01 11:20:00,WELL-001,drilling,1708.4397,132.3741,110.2737,14.0111,24.7432,86.3254,2084.8813,2106.0478,106.571,1.3158,16.4869,Normal,0,,0.0,None,0,No Action Required
2026-05-01 11:21:00,WELL-001,drilling,1708.8778,142.6848,110.6222,14.688,26.765,86.4775,2080.3805,2071.8682,106.6178,1.3224,16.9275,Normal,0,,0.0,None,0,No Action Required
2026-05-01 11:22:00,WELL-001,drilling,1709.3484,142.6189,109.6629,14.7426,26.6881,86.2262,2086.8002,2102.1297,106.594,1.32,17.6582,Normal,0,,0.0,None,0,No Action Required
2026-05-01 11:23:00,WELL-001,drilling,1709.7356,142.4499,109.5478,14.8173,25.8025,85.8752,2067.9155,2082.3757,106.6064,1.32,17.5337,Normal,0,,0.0,None,0,No Action Required
2026-05-01 11:24:00,WELL-001,drilling,1710.1934,143.1816,109.9906,15.1554,25.8907,85.255,2076.1952,2075.8704,106.5932,1.3167,18.2748,Normal,0,,0.0,None,0,No Action Required
2026-05-01 11:25:00,WELL-001,drilling,1710.6379,144.3676,109.5658,14.7913,27.0892,85.0391,2058.2545,2064.2357,106.5642,1.3211,18.2084,Normal,0,,0.0,None,0,No Action Required
2026-05-01 11:26:00,WELL-001,drilling,1711.0936,143.4816,110.1965,14.7331,27.5028,85.3374,2050.2728,2090.5177,106.5986,1.3213,19.3118,Normal,0,,0.0,None,0,No Action Required
2026-05-01 11:27:00,WELL-001,drilling,1711.5346,139.069,110.1195,15.0545,25.5739,85.1245,2067.6461,2045.9721,106.6142,1.3193,19.2593,Normal,0,,0.0,None,0,No Action Required
2026-05-01 11:28:00,WELL-001,drilling,1711.907,145.0081,110.1142,15.7313,25.8278,86.5156,2071.1755,2083.7878,106.5765,1.3227,19.4935,Normal,0,,0.0,None,0,No Action Required
2026-05-01 11:29:00,WELL-001,drilling,1712.3836,150.4735,111.1097,15.8055,25.7643,84.6933,2058.563,2092.6237,106.5929,1.3207,19.1297,Normal,0,,0.0,None,0,No Action Required
2026-05-01 11:30:00,WELL-001,drilling,1712.8228,153.0414,111.0952,15.8648,26.8477,85.8198,2055.9689,2082.1914,106.6503,1.3165,34.3082,Normal,0,,0.0,None,0,No Action Required
2026-05-01 11:31:00,WELL-001,drilling,1713.2739,146.3743,111.2685,15.9221,26.3436,85.2481,2058.2877,2085.1782,106.5928,1.3198,35.0744,Normal,0,,0.0,None,0,No Action Required
2026-05-01 11:32:00,WELL-001,drilling,1713.6851,148.0069,109.6127,16.0817,26.1694,84.9458,2072.7042,2058.6724,106.6652,1.3179,35.0091,Normal,0,,0.0,None,0,No Action Required
2026-05-01 11:33:00,WELL-001,drilling,1714.1278,146.4315,109.3144,15.638,26.2574,85.3865,2066.9586,2007.1532,106.5924,1.3195,37.367,Normal,0,,0.0,None,0,No Action Required
2026-05-01 11:34:00,WELL-001,drilling,1714.5391,147.7769,110.4228,15.8307,25.6441,85.3679,2077.447,2074.8137,106.6574,1.3207,38.3516,Normal,0,,0.0,None,0,No Action Required
2026-05-01 11:35:00,WELL-001,drilling,1714.9714,143.0314,109.3473,15.0225,26.4713,84.8264,2075.7897,2064.1819,106.6886,1.3184,40.377,Normal,0,,0.0,None,0,No Action Required
2026-05-01 11:36:00,WELL-001,drilling,1715.4424,148.1236,110.5966,15.3708,26.2323,85.6,2084.0854,2084.4698,106.6514,1.322,26.4268,Normal,0,,0.0,None,0,No Action Required
2026-05-01 11:37:00,WELL-001,drilling,1715.8531,143.9187,109.6633,15.5506,25.0787,84.9549,2063.1598,2076.4271,106.6468,1.3255,25.6817,Normal,0,,0.0,None,0,No Action Required
2026-05-01 11:38:00,WELL-001,drilling,1716.2636,143.5088,109.6136,15.7308,24.0219,84.992,2038.8394,2101.7285,106.61,1.3247,23.8804,Normal,0,,0.0,None,0,No Action Required
2026-05-01 11:39:00,WELL-001,drilling,1716.6685,138.2366,110.2765,15.1447,25.708,85.0375,2076.5799,2032.3471,106.6489,1.3193,24.3021,Normal,0,,0.0,None,0,No Action Required
2026-05-01 11:40:00,WELL-001,drilling,1717.1102,137.3856,111.1984,15.6313,24.5598,84.9509,2072.5382,2057.5444,106.6544,1.3158,24.1413,Normal,0,,0.0,None,0,No Action Required
2026-05-01 11:41:00,WELL-001,drilling,1717.496,135.4183,109.8348,15.4419,25.0445,85.6136,2070.507,2112.1181,106.6261,1.3184,23.3746,Normal,0,,0.0,None,0,No Action Required
2026-05-01 11:42:00,WELL-001,drilling,1717.9712,135.151,109.8122,15.2763,27.0776,85.4912,2051.7405,2042.3183,106.6769,1.3231,23.1951,Normal,0,,0.0,None,0,No Action Required
2026-05-01 11:43:00,WELL-001,drilling,1718.416,130.7364,110.4438,14.9319,26.1111,84.7678,2067.0863,2067.8984,106.6292,1.3177,24.4558,Normal,0,,0.0,None,0,No Action Required
2026-05-01 11:44:00,WELL-001,drilling,1718.8482,139.208,110.7628,15.1936,26.6967,84.6259,2054.9875,2024.5042,106.685,1.323,23.3289,Normal,0,,0.0,None,0,No Action Required
2026-05-01 11:45:00,WELL-001,drilling,1719.2645,140.7747,110.5856,15.177,26.728,85.2339,2060.6537,2085.9766,106.6881,1.3211,22.7734,Normal,0,,0.0,None,0,No Action Required
2026-05-01 11:46:00,WELL-001,drilling,1719.7638,140.9052,109.4658,15.4302,26.9174,85.4048,2047.0948,2022.9568,106.6495,1.3179,21.9781,Normal,0,,0.0,None,0,No Action Required
2026-05-01 11:47:00,WELL-001,drilling,1720.1556,142.0825,108.9656,15.7399,27.0955,84.9617,2057.5478,2070.4337,106.6447,1.3186,22.6441,Normal,0,,0.0,None,0,No Action Required
2026-05-01 11:48:00,WELL-001,drilling,1720.6003,133.4736,111.1776,15.0818,25.9979,84.308,2062.2549,2071.5874,106.6475,1.322,22.6284,Normal,0,,0.0,None,0,No Action Required
2026-05-01 11:49:00,WELL-001,drilling,1721.0101,132.8554,110.3299,15.5029,25.035,85.7097,2061.8771,2075.6604,106.6422,1.3184,22.2524,Normal,0,,0.0,None,0,No Action Required
2026-05-01 11:50:00,WELL-001,drilling,1721.4293,130.4151,108.7201,14.9077,25.0011,84.3314,2059.1867,2056.0649,106.6689,1.3197,21.945,Normal,0,,0.0,None,0,No Action Required
2026-05-01 11:51:00,WELL-001,drilling,1721.8175,128.7257,110.0109,15.196,23.2387,84.7149,2037.9808,2036.5437,106.722,1.3231,22.3953,Normal,0,,0.0,None,0,No Action Required
2026-05-01 11:52:00,WELL-001,drilling,1722.2021,127.5503,111.0298,14.4024,23.2247,84.7388,2041.9066,2019.7785,106.6911,1.3187,21.6443,Normal,0,,0.0,None,0,No Action Required
2026-05-01 11:53:00,WELL-001,drilling,1722.5929,124.7738,111.2473,14.5495,22.2601,84.6983,2039.7792,2046.2627,106.672,1.3214,22.2281,Normal,0,,0.0,None,0,No Action Required
2026-05-01 11:54:00,WELL-001,drilling,1722.9393,132.3724,110.9906,15.3201,23.0791,85.6113,2042.9301,2072.1165,106.6766,1.318,21.4758,Normal,0,,0.0,None,0,No Action Required
2026-05-01 11:55:00,WELL-001,drilling,1723.3138,138.0301,111.1585,15.8482,23.5755,84.9627,2047.1744,2002.2304,106.6928,1.3183,23.4125,Normal,0,,0.0,None,0,No Action Required
2026-05-01 11:56:00,WELL-001,drilling,1723.6609,136.3322,110.7258,15.894,23.1303,84.5559,2051.4789,2062.7623,106.7415,1.317,21.9785,Normal,0,,0.0,None,0,No Action Required
2026-05-01 11:57:00,WELL-001,drilling,1724.1072,133.4736,110.1932,15.5694,23.605,84.9225,2048.26,2095.7206,106.7409,1.3191,20.6733,Normal,0,,0.0,None,0,No Action Required
2026-05-01 11:58:00,WELL-001,drilling,1724.538,138.3009,110.0963,15.8327,25.0731,85.3562,2063.9298,2106.2392,106.6585,1.319,21.0671,Normal,0,,0.0,None,0,No Action Required
2026-05-01 11:59:00,WELL-001,drilling,1724.9541,134.1841,111.0548,15.4528,22.8544,85.8322,2070.4523,2075.6227,106.6647,1.3168,20.2954,Normal,0,,0.0,None,0,No Action Required
2026-05-01 12:00:00,WELL-001,drilling,1725.3026,132.8224,111.3735,15.3824,23.3128,86.1749,2062.8133,2100.5721,106.66,1.3211,19.6538,Normal,0,,0.0,None,0,No Action Required
2026-05-01 12:01:00,WELL-001,drilling,1725.6962,131.5274,109.3999,15.6409,22.7238,84.6009,2058.596,2051.4803,106.688,1.3246,17.2403,Normal,0,,0.0,None,0,No Action Required
2026-05-01 12:02:00,WELL-001,drilling,1726.1075,136.5748,111.2755,16.1492,23.4163,86.0297,2061.4331,2049.9546,106.6904,1.3191,16.6128,Normal,0,,0.0,None,0,No Action Required
2026-05-01 12:03:00,WELL-001,drilling,1726.469,133.0532,110.3039,16.0823,23.2012,86.1401,2062.4057,2048.7584,106.729,1.3194,18.223,Normal,0,,0.0,None,0,No Action Required
2026-05-01 12:04:00,WELL-001,drilling,1726.8749,135.1889,110.3036,16.0466,24.543,86.043,2067.4791,2021.1718,106.7613,1.3189,18.5089,Normal,0,,0.0,None,0,No Action Required
2026-05-01 12:05:00,WELL-001,drilling,1727.3229,133.7759,109.1562,16.1826,24.2509,85.0438,2055.9502,2044.6283,106.7627,1.3217,18.9565,Normal,0,,0.0,None,0,No Action Required
2026-05-01 12:06:00,WELL-001,drilling,1727.6688,127.1508,110.3627,15.3535,23.2423,86.0139,2055.9933,2096.3591,106.7232,1.3184,18.7329,Normal,0,,0.0,None,0,No Action Required
2026-05-01 12:07:00,WELL-001,drilling,1728.0723,129.3142,110.2085,15.3384,23.3153,85.4796,2072.5053,2080.7386,106.709,1.3208,18.4772,Normal,0,,0.0,None,0,No Action Required
2026-05-01 12:08:00,WELL-001,drilling,1728.4828,129.1029,110.6592,15.6121,24.5388,85.3189,2071.3699,2073.128,106.7495,1.322,17.4397,Normal,0,,0.0,None,0,No Action Required
2026-05-01 12:09:00,WELL-001,drilling,1728.8516,124.8601,108.8668,15.068,22.8311,85.991,2065.1589,2059.7194,106.7224,1.3171,17.6135,Normal,0,,0.0,None,0,No Action Required
2026-05-01 12:10:00,WELL-001,drilling,1729.28,128.2504,108.028,15.403,24.9067,86.1293,2075.0204,2054.9335,106.7448,1.3167,16.3597,Normal,0,,0.0,None,0,No Action Required
2026-05-01 12:11:00,WELL-001,drilling,1729.6574,130.3423,110.0407,15.3518,23.0277,86.1669,2070.0026,2058.0144,106.7116,1.3192,14.2818,Normal,0,,0.0,None,0,No Action Required
2026-05-01 12:12:00,WELL-001,drilling,1730.0563,136.4872,111.3785,15.5116,24.1588,86.0046,2062.6329,2069.2283,106.732,1.3192,15.7586,Normal,0,,0.0,None,0,No Action Required
2026-05-01 12:13:00,WELL-001,drilling,1730.4728,136.2185,109.8677,15.2991,24.805,86.2215,2073.6315,2054.339,106.7313,1.3156,16.3053,Normal,0,,0.0,None,0,No Action Required
2026-05-01 12:14:00,WELL-001,drilling,1730.8538,131.8953,109.9558,15.3788,25.6457,85.9031,2077.8177,2071.0965,106.7228,1.3221,17.273,Normal,0,,0.0,None,0,No Action Required
2026-05-01 12:15:00,WELL-001,drilling,1731.282,130.5718,109.8565,15.1845,24.3459,85.9731,2085.763,2066.374,106.7218,1.3228,17.8307,Normal,0,,0.0,None,0,No Action Required
2026-05-01 12:16:00,WELL-001,drilling,1731.6928,130.8492,110.7683,15.3973,24.2163,86.3452,2065.02,2094.9915,106.6961,1.3175,18.2678,Normal,0,,0.0,None,0,No Action Required
2026-05-01 12:17:00,WELL-001,drilling,1732.0946,132.5724,111.0733,16.4241,25.1254,86.2637,2065.8926,2056.0244,106.7542,1.3201,18.1183,Normal,0,,0.0,None,0,No Action Required
2026-05-01 12:18:00,WELL-001,drilling,1732.5144,135.3093,111.2127,17.3406,24.7548,85.8569,2065.5973,2030.9784,106.7553,1.3187,18.546,Normal,0,,0.0,None,0,No Action Required
2026-05-01 12:19:00,WELL-001,drilling,1733.016,144.3602,109.3648,17.3886,27.3874,85.3526,2060.6083,2051.6546,106.7237,1.3208,17.587,Normal,0,,0.0,None,0,No Action Required
2026-05-01 12:20:00,WELL-001,drilling,1733.4741,149.0141,110.8912,17.3762,28.3317,85.7757,2070.8971,2061.5264,106.7029,1.3201,18.5272,Normal,0,,0.0,None,0,No Action Required
2026-05-01 12:21:00,WELL-001,drilling,1733.9621,152.4485,109.3883,16.9194,28.6078,85.2753,2062.8553,2064.4503,106.7345,1.3201,18.2821,Normal,0,,0.0,None,0,No Action Required
2026-05-01 12:22:00,WELL-001,connection,1733.909,1.2612,0.9918,0.0793,0.0,39.4625,827.5642,1480.1666,107.4099,1.3187,17.9257,Normal,0,,0.0,None,0,No Action Required
2026-05-01 12:23:00,WELL-001,connection,1733.9292,0.0,0.0,0.0,0.1992,13.3837,0.0,801.0115,108.1631,1.3175,19.8252,Normal,0,,0.0,None,0,No Action Required
2026-05-01 12:24:00,WELL-001,connection,1733.9856,0.3168,0.0,0.0,0.0115,4.1699,0.0,425.4648,108.6151,1.3191,20.5514,Normal,0,,0.0,None,0,No Action Required
2026-05-01 12:25:00,WELL-001,connection,1733.9647,0.8256,0.0,0.0,0.0,1.9268,0.0,223.3317,108.8306,1.3226,20.0903,Normal,0,,0.0,None,0,No Action Required
2026-05-01 12:26:00,WELL-001,connection,1733.9565,0.5335,0.1359,0.0,0.0387,0.3246,0.0,117.9783,108.9495,1.3203,18.9525,Normal,0,,0.0,None,0,No Action Required
2026-05-01 12:27:00,WELL-001,connection,1733.9575,0.1993,0.4433,0.0,0.0882,16.6403,1029.1092,548.3145,108.4427,1.3194,16.8962,Normal,0,,0.0,None,0,No Action Required
2026-05-01 12:28:00,WELL-001,drilling,1734.0541,50.5058,36.055,8.7169,6.8457,62.0711,2045.6718,1252.6865,107.6734,1.3189,17.8513,Normal,0,,0.0,None,0,No Action Required
2026-05-01 12:29:00,WELL-001,drilling,1734.3383,95.5552,73.0156,11.9152,17.1719,76.8177,2050.4647,1609.2264,107.2602,1.322,18.7167,Normal,0,,0.0,None,0,No Action Required
2026-05-01 12:30:00,WELL-001,drilling,1734.7458,138.3709,110.242,15.3105,25.2678,82.2486,2059.6336,1803.0234,107.0363,1.3243,19.5043,Normal,0,,0.0,None,0,No Action Required
2026-05-01 12:31:00,WELL-001,drilling,1735.1917,140.8923,109.4669,15.3627,24.937,83.8166,2061.2784,1899.8391,106.9196,1.3206,19.354,Normal,0,,0.0,None,0,No Action Required
2026-05-01 12:32:00,WELL-001,drilling,1735.6143,143.535,110.5757,15.9391,25.796,85.976,2044.9705,1996.8721,106.8379,1.3215,18.3552,Normal,0,,0.0,None,0,No Action Required
2026-05-01 12:33:00,WELL-001,drilling,1736.0282,143.2498,110.1601,15.5171,24.3939,85.4098,2057.674,2064.7508,106.7514,1.3179,16.7066,Normal,0,,0.0,None,0,No Action Required
2026-05-01 12:34:00,WELL-001,drilling,1736.4406,139.8414,109.1737,15.2174,24.9814,85.1624,2059.5843,2001.4728,106.7981,1.3206,17.3554,Normal,0,,0.0,None,0,No Action Required
2026-05-01 12:35:00,WELL-001,drilling,1736.8435,139.6153,111.5246,15.1746,24.9625,84.9167,2051.9938,2082.251,106.751,1.3182,18.8071,Normal,0,,0.0,None,0,No Action Required
2026-05-01 12:36:00,WELL-001,drilling,1737.2921,142.6047,109.8611,15.2027,24.595,86.623,2059.3929,2055.6696,106.7551,1.3178,18.8794,Normal,0,,0.0,None,0,No Action Required
2026-05-01 12:37:00,WELL-001,drilling,1737.6649,143.4871,109.8963,15.3287,24.6133,85.4419,2053.4893,2065.7417,106.8276,1.323,18.8165,Normal,0,,0.0,None,0,No Action Required
2026-05-01 12:38:00,WELL-001,drilling,1738.0388,151.1746,109.2595,15.6257,24.3704,85.2533,2058.1408,2020.9867,106.7763,1.3175,19.9339,Normal,0,,0.0,None,0,No Action Required
2026-05-01 12:39:00,WELL-001,drilling,1738.4397,145.7698,110.1272,15.2379,23.6907,85.2268,2063.1105,2079.3459,106.7046,1.3176,19.2149,Normal,0,,0.0,None,0,No Action Required
2026-05-01 12:40:00,WELL-001,drilling,1738.8744,146.379,110.3563,15.0812,23.1776,85.1888,2047.638,2053.5311,106.8156,1.3201,19.7392,Normal,0,,0.0,None,0,No Action Required
2026-05-01 12:41:00,WELL-001,drilling,1739.2475,146.7874,109.6952,15.0677,23.2483,85.6369,2071.2957,2066.0133,106.7431,1.3199,19.3293,Normal,0,,0.0,None,0,No Action Required
2026-05-01 12:42:00,WELL-001,drilling,1739.6623,146.2162,110.9492,15.8705,24.4502,85.505,2071.1353,2062.7908,106.7782,1.3219,18.4708,Normal,0,,0.0,None,0,No Action Required
2026-05-01 12:43:00,WELL-001,drilling,1740.0017,144.1153,110.1338,15.5706,24.3676,85.3318,2060.1763,2074.6137,106.7718,1.3197,18.2856,Normal,0,,0.0,None,0,No Action Required
2026-05-01 12:44:00,WELL-001,drilling,1740.4526,140.1671,110.1074,15.4282,23.1098,86.027,2074.4343,2069.8892,106.7508,1.3227,18.4797,Normal,0,,0.0,None,0,No Action Required
2026-05-01 12:45:00,WELL-001,drilling,1740.8222,141.4447,110.0205,15.9222,23.6167,86.0974,2064.3337,2048.7865,106.7487,1.3168,18.6027,Normal,0,,0.0,None,0,No Action Required
2026-05-01 12:46:00,WELL-001,drilling,1741.2866,143.5855,109.0137,15.6746,26.1394,86.3037,2054.8593,2055.6534,106.7956,1.3176,26.9973,Normal,0,,0.0,None,0,No Action Required
2026-05-01 12:47:00,WELL-001,drilling,1741.718,143.1171,111.4232,15.8555,26.3019,85.7868,2069.4255,2051.0381,106.7606,1.3202,27.1977,Normal,0,,0.0,None,0,No Action Required
2026-05-01 12:48:00,WELL-001,drilling,1742.1321,148.4282,110.2721,16.6565,27.0789,86.166,2065.5,2060.9147,106.7365,1.3255,27.5022,Normal,0,,0.0,None,0,No Action Required
2026-05-01 12:49:00,WELL-001,drilling,1742.5865,146.5786,109.5206,16.3138,26.602,86.0531,2057.1913,2073.2561,106.7562,1.3195,28.0223,Normal,0,,0.0,None,0,No Action Required
2026-05-01 12:50:00,WELL-001,drilling,1742.9936,143.7281,109.9243,15.7192,25.7945,85.8505,2056.0193,2042.8757,106.8052,1.32,28.2404,Normal,0,,0.0,None,0,No Action Required
2026-05-01 12:51:00,WELL-001,drilling,1743.4809,148.2919,110.6921,16.0421,27.4539,86.0687,2067.1158,2074.4164,106.816,1.3172,19.6205,Normal,0,,0.0,None,0,No Action Required
2026-05-01 12:52:00,WELL-001,drilling,1743.935,147.6236,109.626,15.5926,27.6883,85.8371,2062.1269,2050.9716,106.828,1.325,18.722,Normal,0,,0.0,None,0,No Action Required
2026-05-01 12:53:00,WELL-001,drilling,1744.4032,145.6075,109.3778,14.8221,26.1448,86.6051,2070.2138,2068.2499,106.811,1.318,16.6034,Normal,0,,0.0,None,0,No Action Required
2026-05-01 12:54:00,WELL-001,drilling,1744.8101,146.9883,109.9795,14.6676,26.5832,86.3358,2069.7027,2027.2921,106.7814,1.3173,16.6473,Normal,0,,0.0,None,0,No Action Required
2026-05-01 12:55:00,WELL-001,drilling,1745.2572,141.0541,110.4242,13.7582,25.3705,86.5615,2070.1441,2066.2561,106.8088,1.3177,16.8567,Normal,0,,0.0,None,0,No Action Required
2026-05-01 12:56:00,WELL-001,drilling,1745.6404,138.9388,110.3104,13.7855,25.631,85.549,2070.5768,2049.9857,106.8412,1.3216,18.1112,Normal,0,,0.0,None,0,No Action Required
2026-05-01 12:57:00,WELL-001,drilling,1746.1067,145.3289,110.1475,14.1845,26.2109,85.6385,2061.0425,2087.0337,106.8292,1.3198,18.1406,Normal,0,,0.0,None,0,No Action Required
2026-05-01 12:58:00,WELL-001,drilling,1746.5318,148.1133,110.3738,13.9133,26.0324,86.2362,2072.3194,2088.4177,106.8051,1.3198,17.3991,Normal,0,,0.0,None,0,No Action Required
2026-05-01 12:59:00,WELL-001,drilling,1746.9834,148.0743,110.7383,14.2929,25.5633,86.0061,2058.238,2021.6575,106.8183,1.3215,18.2816,Normal,0,,0.0,None,0,No Action Required
2026-05-01 13:00:00,WELL-001,drilling,1747.3972,148.3182,110.7958,14.3991,24.3607,86.2433,2062.529,2058.0159,106.8278,1.3213,17.8087,Normal,0,,0.0,None,0,No Action Required
2026-05-01 13:01:00,WELL-001,drilling,1747.8254,144.1607,110.711,13.9779,26.3482,87.1523,2088.274,2001.4651,106.7948,1.3217,19.0025,Normal,0,,0.0,None,0,No Action Required
2026-05-01 13:02:00,WELL-001,drilling,1748.2432,142.2745,109.1877,14.1773,27.2621,87.413,2076.9997,2044.5116,106.8747,1.3198,17.2053,Normal,0,,0.0,None,0,No Action Required
2026-05-01 13:03:00,WELL-001,drilling,1748.6676,136.3683,111.2359,13.942,25.6532,86.5562,2059.4529,2055.0311,106.5534,1.3196,18.2182,Normal,0,,0.0,None,0,No Action Required
2026-05-01 13:04:00,WELL-001,drilling,1749.086,137.2268,109.9212,14.2802,24.4525,86.4937,2060.4148,2050.6154,106.3428,1.3175,18.6819,Normal,0,,0.0,None,0,No Action Required
2026-05-01 13:05:00,WELL-001,drilling,1749.514,140.0481,108.9459,14.2263,26.7975,86.6701,2075.3466,2096.0235,106.087,1.3207,18.3414,Normal,0,,0.0,None,0,No Action Required
2026-05-01 13:06:00,WELL-001,drilling,1749.9662,135.4636,110.656,14.2317,25.5681,85.7168,2061.1279,2078.9014,106.0361,1.32,18.6225,Normal,0,,0.0,None,0,No Action Required
2026-05-01 13:07:00,WELL-001,drilling,1750.3966,134.4981,110.7032,14.3749,25.9178,85.9087,2070.7762,2091.2812,106.1116,1.3207,19.1958,Normal,0,,0.0,None,0,No Action Required
2026-05-01 13:08:00,WELL-001,drilling,1750.8318,126.3978,110.3749,14.1043,24.4092,86.7739,2064.1429,2044.1599,106.1298,1.3214,18.2804,Normal,0,,0.0,None,0,No Action Required
2026-05-01 13:09:00,WELL-001,drilling,1751.2297,125.6495,109.6103,14.0953,24.5406,86.6898,2062.1721,2012.5022,106.1286,1.3209,18.8072,Normal,0,,0.0,None,0,No Action Required
2026-05-01 13:10:00,WELL-001,drilling,1751.6317,127.8584,109.6214,13.8815,24.0001,86.1824,2069.5846,2063.7057,106.0899,1.3193,18.5212,Normal,0,,0.0,None,0,No Action Required
2026-05-01 13:11:00,WELL-001,drilling,1752.0223,125.8567,110.107,13.792,24.1892,85.4798,2057.8865,2057.2771,106.1466,1.3173,19.2665,Normal,0,,0.0,None,0,No Action Required
2026-05-01 13:12:00,WELL-001,drilling,1752.4183,127.3072,110.177,13.9289,22.7993,86.6039,2059.2514,2046.5598,106.1093,1.3218,20.8865,Normal,0,,0.0,None,0,No Action Required
2026-05-01 13:13:00,WELL-001,drilling,1752.7825,127.9828,109.006,13.8619,22.6413,86.322,2060.2499,2063.6371,106.1492,1.3191,19.9361,Normal,0,,0.0,None,0,No Action Required
2026-05-01 13:14:00,WELL-001,drilling,1753.1644,123.1787,111.7611,13.3333,22.7102,86.1868,2065.734,2040.0395,106.1363,1.3177,19.8993,Normal,0,,0.0,None,0,No Action Required
2026-05-01 13:15:00,WELL-001,drilling,1753.5832,127.3547,111.0609,13.5502,23.6463,86.0336,2053.7252,2064.1604,106.154,1.3207,19.9944,Normal,0,,0.0,None,0,No Action Required
2026-05-01 13:16:00,WELL-001,drilling,1753.9468,126.1774,110.2813,13.9694,23.2976,86.5148,2063.7009,2055.4912,106.1491,1.3204,20.3503,Normal,0,,0.0,None,0,No Action Required
2026-05-01 13:17:00,WELL-001,drilling,1754.2866,124.0413,109.7605,13.3369,21.3983,86.6126,2058.7204,2058.997,106.1043,1.3199,20.4335,Normal,0,,0.0,None,0,No Action Required
2026-05-01 13:18:00,WELL-001,drilling,1754.6793,126.8303,110.5601,14.0595,23.1668,86.468,2076.1058,2083.8304,106.1535,1.3213,20.5168,Normal,0,,0.0,None,0,No Action Required
2026-05-01 13:19:00,WELL-001,drilling,1755.0872,130.6311,110.2838,13.8857,23.8416,86.5415,2083.7894,2081.7151,106.1681,1.3205,22.0649,Normal,0,,0.0,None,0,No Action Required
2026-05-01 13:20:00,WELL-001,drilling,1755.5136,127.6574,111.2379,14.0377,25.9262,87.0076,2079.0834,2089.9139,106.1431,1.3179,21.8753,Normal,0,,0.0,None,0,No Action Required
2026-05-01 13:21:00,WELL-001,drilling,1755.9055,127.8932,110.9756,14.0149,23.4323,87.0576,2070.0623,2065.804,106.1487,1.3242,21.5866,Normal,0,,0.0,None,0,No Action Required
2026-05-01 13:22:00,WELL-001,drilling,1756.3333,126.0888,109.3767,13.7168,24.5798,87.7282,2083.4596,2071.0146,106.1809,1.3204,21.2125,Normal,0,,0.0,None,0,No Action Required
2026-05-01 13:23:00,WELL-001,drilling,1756.7342,127.9767,110.7618,14.1392,24.8307,87.4916,2085.4551,2062.8097,106.1587,1.3175,22.3935,Normal,0,,0.0,None,0,No Action Required
2026-05-01 13:24:00,WELL-001,drilling,1757.1415,129.9807,109.0568,13.5049,24.8287,87.2791,2079.4502,2084.3074,106.1905,1.3203,21.2197,Normal,0,,0.0,None,0,No Action Required
2026-05-01 13:25:00,WELL-001,drilling,1757.546,128.6508,110.149,14.0552,23.3912,87.1827,2077.1053,2067.6822,106.1784,1.3191,20.8328,Normal,0,,0.0,None,0,No Action Required
2026-05-01 13:26:00,WELL-001,drilling,1757.9574,125.3748,110.0936,13.9301,23.2323,87.7704,2084.2863,2034.6239,106.1863,1.3206,21.9348,Normal,0,,0.0,None,0,No Action Required
2026-05-01 13:27:00,WELL-001,drilling,1758.3295,125.5681,109.6584,14.059,23.5766,88.1291,2075.4653,2068.2391,106.1654,1.3175,20.9718,Normal,0,,0.0,None,0,No Action Required
2026-05-01 13:28:00,WELL-001,drilling,1758.7477,125.7062,109.1922,14.0648,24.6075,87.3485,2078.556,2061.1788,106.1904,1.319,20.7076,Normal,0,,0.0,None,0,No Action Required
2026-05-01 13:29:00,WELL-001,drilling,1759.174,123.7724,109.9871,14.1044,24.5372,86.8646,2070.2417,2045.4433,106.1854,1.3203,20.979,Normal,0,,0.0,None,0,No Action Required
2026-05-01 13:30:00,WELL-001,drilling,1759.586,130.5168,109.9596,14.8021,25.7665,87.2182,2079.9706,2090.5305,106.1897,1.321,19.9986,Normal,0,,0.0,None,0,No Action Required
2026-05-01 13:31:00,WELL-001,drilling,1759.9987,134.6144,109.6811,15.0637,25.2101,87.2525,2061.6806,2050.2237,106.2412,1.3209,20.6379,Normal,0,,0.0,None,0,No Action Required
2026-05-01 13:32:00,WELL-001,drilling,1760.4499,129.9046,109.6251,14.6989,23.6267,86.9265,2072.0024,2093.46,106.1932,1.3197,20.0434,Normal,0,,0.0,None,0,No Action Required
2026-05-01 13:33:00,WELL-001,drilling,1760.8176,133.812,110.623,15.111,26.0886,87.116,2076.7983,2077.0397,106.2204,1.317,19.5008,Normal,0,,0.0,None,0,No Action Required
2026-05-01 13:34:00,WELL-001,drilling,1761.2729,138.8219,110.2297,15.7136,24.7282,85.6965,2063.9918,2092.839,106.2365,1.3198,19.6576,Normal,0,,0.0,None,0,No Action Required
2026-05-01 13:35:00,WELL-001,drilling,1761.7008,132.521,109.4722,15.3233,23.8822,86.8299,2080.0928,2097.1757,106.204,1.3182,19.5961,Normal,0,,0.0,None,0,No Action Required
2026-05-01 13:36:00,WELL-001,drilling,1762.0608,130.9949,109.6341,15.4275,24.2932,86.1952,2076.0597,2044.5476,106.2378,1.3214,20.6409,Normal,0,,0.0,None,0,No Action Required
2026-05-01 13:37:00,WELL-001,drilling,1762.4841,136.5909,109.8282,16.0491,24.2931,86.8393,2060.5635,2071.2334,106.2526,1.3207,21.844,Normal,0,,0.0,None,0,No Action Required
2026-05-01 13:38:00,WELL-001,connection,1762.4742,0.298,0.7224,0.0576,0.0,39.9245,823.6364,1472.8515,106.8841,1.331,22.0096,Normal,0,,0.0,None,0,No Action Required
2026-05-01 13:39:00,WELL-001,connection,1762.4481,0.1872,0.0171,0.0,0.0,13.2087,0.0,802.6263,107.6946,1.3311,20.4113,Normal,0,,0.0,None,0,No Action Required
2026-05-01 13:40:00,WELL-001,connection,1762.4818,0.3228,1.0791,0.0192,0.0,4.2732,0.0,418.5726,108.0919,1.3329,19.4851,Normal,0,,0.0,None,0,No Action Required
2026-05-01 13:41:00,WELL-001,connection,1762.4383,0.0,0.7667,0.1303,0.5675,0.5883,0.0,225.2726,108.3108,1.3339,19.9288,Normal,0,,0.0,None,0,No Action Required
2026-05-01 13:42:00,WELL-001,connection,1762.4973,0.0,0.7386,0.0,0.0379,0.3957,0.0,119.0285,108.4262,1.3318,19.62,Normal,0,,0.0,None,0,No Action Required
2026-05-01 13:43:00,WELL-001,connection,1762.4503,0.1166,0.0,0.0251,0.0,0.2236,0.0,65.0927,108.4948,1.3303,18.2511,Normal,0,,0.0,None,0,No Action Required
2026-05-01 13:44:00,WELL-001,connection,1762.5061,0.1026,0.0,0.0817,0.0,16.3762,1034.8359,509.2666,108.0028,1.3282,18.7197,Normal,0,,0.0,None,0,No Action Required
2026-05-01 13:45:00,WELL-001,drilling,1762.6017,45.5454,37.7996,8.8121,6.4954,64.4019,2067.3499,1217.343,107.1812,1.3254,19.1552,Normal,0,,0.0,None,0,No Action Required
2026-05-01 13:46:00,WELL-001,drilling,1762.8359,91.645,75.938,12.5735,14.1409,79.0205,2065.5861,1630.7081,106.7701,1.3278,18.1908,Normal,0,,0.0,None,0,No Action Required
2026-05-01 13:47:00,WELL-001,drilling,1763.2556,135.7829,114.8528,15.2958,24.1545,84.3369,2061.4591,1828.8058,106.4847,1.329,17.3043,Normal,0,,0.0,None,0,No Action Required
2026-05-01 13:48:00,WELL-001,drilling,1763.6662,141.307,113.9457,15.8585,26.0767,85.9798,2062.7187,1917.9892,106.3834,1.3299,19.0645,Normal,0,,0.0,None,0,No Action Required
2026-05-01 13:49:00,WELL-001,drilling,1764.0721,149.1446,113.9291,16.886,25.5918,86.9524,2054.3665,1983.1076,106.3252,1.3318,18.5692,Normal,0,,0.0,None,0,No Action Required
2026-05-01 13:50:00,WELL-001,drilling,1764.5387,145.9003,113.2202,16.4916,24.9265,87.1401,2060.1569,2044.538,106.2906,1.328,19.1729,Normal,0,,0.0,None,0,No Action Required
2026-05-01 13:51:00,WELL-001,drilling,1764.9111,146.0765,114.9173,16.2252,25.5533,86.9514,2051.4581,1997.04,106.2992,1.3302,20.4056,Normal,0,,0.0,None,0,No Action Required
2026-05-01 13:52:00,WELL-001,drilling,1765.3175,137.203,113.4333,15.5724,24.004,87.2264,2064.7443,2102.8544,106.2168,1.332,20.9976,Normal,0,,0.0,None,0,No Action Required
2026-05-01 13:53:00,WELL-001,drilling,1765.7108,138.3117,115.2995,15.6959,23.7652,86.6544,2061.0212,2033.826,106.2651,1.3327,20.8613,Normal,0,,0.0,None,0,No Action Required
2026-05-01 13:54:00,WELL-001,drilling,1766.161,137.6419,113.8014,15.6389,24.0744,87.2299,2062.3756,2071.5148,106.2491,1.327,20.9723,Normal,0,,0.0,None,0,No Action Required
2026-05-01 13:55:00,WELL-001,drilling,1766.5444,139.2755,113.8797,16.0456,25.2566,87.4601,2083.695,2071.7967,106.3024,1.327,20.0,Normal,0,,0.0,None,0,No Action Required
2026-05-01 13:56:00,WELL-001,drilling,1766.9852,141.7129,114.3981,16.3034,24.8733,87.2444,2069.4577,2013.2358,106.2841,1.3284,18.2765,Normal,0,,0.0,None,0,No Action Required
2026-05-01 13:57:00,WELL-001,drilling,1767.3799,140.0491,114.7263,15.5795,22.9108,86.9912,2062.0536,2019.8624,106.2849,1.3276,19.089,Normal,0,,0.0,None,0,No Action Required
2026-05-01 13:58:00,WELL-001,drilling,1767.7194,135.7501,113.8542,16.061,24.3683,86.9975,2089.0841,2087.6557,106.2509,1.3327,18.4614,Normal,0,,0.0,None,0,No Action Required
2026-05-01 13:59:00,WELL-001,drilling,1768.154,134.7495,113.9521,15.8305,25.1839,87.3668,2075.9598,2033.6832,106.2849,1.3284,20.0084,Normal,0,,0.0,None,0,No Action Required
2026-05-01 14:00:00,WELL-001,drilling,1768.6113,137.1257,114.3728,15.7491,26.2352,87.7085,2073.795,2067.4542,106.2971,1.329,21.0698,Normal,0,,0.0,None,0,No Action Required
2026-05-01 14:01:00,WELL-001,drilling,1769.0253,142.9944,114.9661,16.3494,26.4246,87.2,2061.3795,2087.197,106.3114,1.3323,20.5534,Normal,0,,0.0,None,0,No Action Required
2026-05-01 14:02:00,WELL-001,drilling,1769.5205,146.5831,114.833,15.9648,28.8198,87.0311,2071.584,2069.0614,106.2667,1.3293,27.2436,Normal,0,,0.0,None,0,No Action Required
2026-05-01 14:03:00,WELL-001,drilling,1769.971,145.4369,114.9258,16.346,27.4502,87.9772,2064.2841,2075.2841,106.3854,1.3325,29.1257,Normal,0,,0.0,None,0,No Action Required
2026-05-01 14:04:00,WELL-001,drilling,1770.4402,146.3943,114.0658,16.9448,28.4418,87.3471,2078.1609,2033.5349,106.3168,1.3294,28.8386,Normal,0,,0.0,None,0,No Action Required
2026-05-01 14:05:00,WELL-001,drilling,1770.8777,141.3874,114.5921,16.6643,26.6282,87.375,2057.1979,2026.9067,106.2782,1.3307,27.4802,Normal,0,,0.0,None,0,No Action Required
2026-05-01 14:06:00,WELL-001,drilling,1771.3173,142.3216,115.0606,16.6016,26.285,87.1327,2069.9229,2068.2787,106.3035,1.3328,27.4366,Normal,0,,0.0,None,0,No Action Required
2026-05-01 14:07:00,WELL-001,drilling,1771.7854,141.6222,115.9247,16.847,27.4608,87.4197,2071.4246,2078.0249,106.2974,1.3297,26.7229,Normal,0,,0.0,None,0,No Action Required
2026-05-01 14:08:00,WELL-001,drilling,1772.1975,136.4385,115.3189,16.2442,26.2937,88.4906,2062.1282,2063.7676,106.2858,1.3309,21.5655,Normal,0,,0.0,None,0,No Action Required
2026-05-01 14:09:00,WELL-001,drilling,1772.6706,135.8859,114.7993,16.6515,27.3222,87.6584,2057.5567,2079.5056,106.3165,1.3292,21.6233,Normal,0,,0.0,None,0,No Action Required
2026-05-01 14:10:00,WELL-001,drilling,1773.1461,138.7019,114.394,16.9374,27.6922,87.351,2066.6072,2088.4546,106.2841,1.3296,20.3178,Normal,0,,0.0,None,0,No Action Required
2026-05-01 14:11:00,WELL-001,drilling,1773.5764,139.7534,115.4318,17.2669,28.1852,87.7413,2079.3944,2109.6069,106.3707,1.322,19.5413,Normal,0,,0.0,None,0,No Action Required
2026-05-01 14:12:00,WELL-001,drilling,1774.0896,143.2948,113.5437,17.3396,28.6278,88.2423,2061.4215,2072.5691,106.3288,1.3303,18.641,Normal,0,,0.0,None,0,No Action Required
2026-05-01 14:13:00,WELL-001,drilling,1774.5234,138.2323,114.535,17.1704,27.6868,87.3545,2053.9205,2089.7508,106.3479,1.3316,18.7986,Normal,0,,0.0,None,0,No Action Required
2026-05-01 14:14:00,WELL-001,drilling,1775.0207,137.0255,114.4269,16.7205,28.062,87.3383,2065.0861,2057.0602,106.3926,1.3309,19.8993,Normal,0,,0.0,None,0,No Action Required
2026-05-01 14:15:00,WELL-001,drilling,1775.5047,143.7759,114.4076,16.9166,30.8683,87.9487,2052.8067,2048.9565,106.3187,1.3319,18.3975,Normal,0,,0.0,None,0,No Action Required
2026-05-01 14:16:00,WELL-001,drilling,1775.9984,139.8578,113.5785,16.2357,28.8831,87.4398,2062.9964,2126.8462,106.3338,1.3309,18.6075,Normal,0,,0.0,None,0,No Action Required
2026-05-01 14:17:00,WELL-001,drilling,1776.4483,143.4151,113.677,16.3954,28.158,87.4453,2068.4432,2043.5561,106.3553,1.3313,18.2246,Normal,0,,0.0,None,0,No Action Required
2026-05-01 14:18:00,WELL-001,drilling,1776.9324,145.8046,115.7413,16.6807,30.5004,87.8069,2077.1661,2064.3078,106.324,1.3334,18.3625,Normal,0,,0.0,None,0,No Action Required
2026-05-01 14:19:00,WELL-001,drilling,1777.5098,149.0514,114.8312,17.0492,31.2957,87.2154,2065.6117,2049.3516,106.2953,1.3275,17.3498,Normal,0,,0.0,None,0,No Action Required
2026-05-01 14:20:00,WELL-001,drilling,1777.9967,147.4281,113.1983,16.6095,28.1869,88.5591,2062.4504,2019.1784,106.3783,1.329,17.1944,Normal,0,,0.0,None,0,No Action Required
2026-05-01 14:21:00,WELL-001,drilling,1778.4386,156.0632,113.6981,17.3892,30.2738,88.1869,2065.975,2053.8443,106.3985,1.3263,19.0255,Normal,0,,0.0,None,0,No Action Required
2026-05-01 14:22:00,WELL-001,drilling,1778.9551,151.2532,114.3943,16.6585,29.2236,88.2157,2073.5436,2088.6968,106.3646,1.3316,18.1157,Normal,0,,0.0,None,0,No Action Required
2026-05-01 14:23:00,WELL-001,drilling,1779.3853,150.8738,114.5122,17.4206,28.608,88.2407,2072.6888,2073.9166,106.3922,1.3302,18.0721,Normal,0,,0.0,None,0,No Action Required
2026-05-01 14:24:00,WELL-001,drilling,1779.8927,154.5989,114.8586,17.9057,29.5978,87.5702,2068.4574,2126.3764,106.3583,1.3295,17.5594,Normal,0,,0.0,None,0,No Action Required
2026-05-01 14:25:00,WELL-001,drilling,1780.3465,151.5947,115.1163,17.6321,28.642,88.542,2075.2216,2115.599,106.3539,1.3291,17.013,Normal,0,,0.0,None,0,No Action Required
2026-05-01 14:26:00,WELL-001,drilling,1780.8353,147.6841,114.9335,17.1033,29.1231,88.2229,2075.3972,2030.2846,106.3754,1.3291,16.6181,Normal,0,,0.0,None,0,No Action Required
2026-05-01 14:27:00,WELL-001,drilling,1781.2414,147.011,114.6142,16.9793,27.4907,88.5574,2061.8895,2077.5803,106.3916,1.3316,16.681,Normal,0,,0.0,None,0,No Action Required
2026-05-01 14:28:00,WELL-001,drilling,1781.7095,145.1842,113.8166,16.9941,28.189,87.2063,2059.5244,2109.6473,106.3906,1.3281,16.6628,Normal,0,,0.0,None,0,No Action Required
2026-05-01 14:29:00,WELL-001,drilling,1782.2082,143.2656,115.2018,17.0804,27.038,87.9837,2076.7046,2024.6004,106.4003,1.3318,16.9655,Normal,0,,0.0,None,0,No Action Required
2026-05-01 14:30:00,WELL-001,drilling,1782.6465,139.1652,113.2107,16.314,26.9239,88.0789,2066.1536,2087.2512,106.3605,1.3326,18.0962,Normal,0,,0.0,None,0,No Action Required
2026-05-01 14:31:00,WELL-001,drilling,1783.0981,149.5472,113.1826,17.4169,28.8606,87.737,2061.7896,2079.566,106.4144,1.3306,16.8272,Normal,0,,0.0,None,0,No Action Required
2026-05-01 14:32:00,WELL-001,drilling,1783.601,145.3713,113.2851,16.8139,27.903,87.4676,2068.9067,2065.0616,106.4335,1.3302,17.1216,Normal,0,,0.0,None,0,No Action Required
2026-05-01 14:33:00,WELL-001,drilling,1784.0206,147.4928,114.498,17.2528,27.5234,87.9428,2068.0778,2059.2522,106.4479,1.3293,16.668,Normal,0,,0.0,None,0,No Action Required
2026-05-01 14:34:00,WELL-001,drilling,1784.4631,149.941,114.2458,17.7284,26.9028,88.1514,2067.0092,2036.8704,106.4157,1.3319,18.4388,Normal,0,,0.0,None,0,No Action Required
2026-05-01 14:35:00,WELL-001,drilling,1784.8966,149.4982,113.2405,17.1756,26.3708,88.3328,2064.102,2081.2415,106.413,1.3293,17.6546,Normal,0,,0.0,None,0,No Action Required
2026-05-01 14:36:00,WELL-001,drilling,1785.3447,148.1309,114.1375,16.6703,26.7172,87.4207,2061.2752,2027.6886,106.4197,1.3285,19.0567,Normal,0,,0.0,None,0,No Action Required
2026-05-01 14:37:00,WELL-001,drilling,1785.7309,146.3381,114.7043,16.6646,24.7674,88.0393,2072.0123,2056.7303,106.4331,1.3281,18.6414,Normal,0,,0.0,None,0,No Action Required
2026-05-01 14:38:00,WELL-001,drilling,1786.1192,149.8473,114.0688,16.675,24.1351,87.6756,2064.7849,2044.7029,106.4783,1.3307,18.8091,Normal,0,,0.0,None,0,No Action Required
2026-05-01 14:39:00,WELL-001,drilling,1786.5446,142.3952,115.4973,16.4758,23.587,88.8032,2065.0427,2054.4122,106.4338,1.3319,19.9504,Normal,0,,0.0,None,0,No Action Required
2026-05-01 14:40:00,WELL-001,drilling,1786.9846,146.3082,114.6919,16.7373,25.4582,88.2328,2053.3627,2099.4881,106.4537,1.3272,21.3887,Normal,0,,0.0,None,0,No Action Required
2026-05-01 14:41:00,WELL-001,drilling,1787.43,142.5262,114.0878,16.5888,25.0879,87.8524,2048.9501,2051.956,106.4121,1.3286,21.6386,Normal,0,,0.0,None,0,No Action Required
2026-05-01 14:42:00,WELL-001,drilling,1787.7967,136.7735,115.104,16.1308,24.6136,87.1708,2065.5091,2074.7567,106.4683,1.3288,23.0497,Normal,0,,0.0,None,0,No Action Required
2026-05-01 14:43:00,WELL-001,drilling,1788.2194,129.4055,114.3206,15.4282,24.3336,88.2298,2073.064,2039.3021,106.4876,1.3263,22.3143,Normal,0,,0.0,None,0,No Action Required
2026-05-01 14:44:00,WELL-001,drilling,1788.6111,127.9516,114.009,15.0693,24.5844,88.0776,2068.3764,2073.3807,106.4258,1.3299,21.5117,Normal,0,,0.0,None,0,No Action Required
2026-05-01 14:45:00,WELL-001,drilling,1788.9753,128.3359,115.3502,15.1485,22.632,88.5502,2084.6341,2026.0234,106.441,1.3336,24.1504,Normal,0,,0.0,None,0,No Action Required
2026-05-01 14:46:00,WELL-001,drilling,1789.3821,126.1564,114.8439,14.8639,23.005,87.7759,2063.6931,2089.5246,106.4917,1.3323,23.4212,Normal,0,,0.0,None,0,No Action Required
2026-05-01 14:47:00,WELL-001,drilling,1789.7449,126.4688,113.4491,15.4707,22.8022,88.6628,2074.441,2054.0682,106.4294,1.3277,22.7123,Normal,0,,0.0,None,0,No Action Required
2026-05-01 14:48:00,WELL-001,drilling,1790.1273,126.3036,114.7567,15.0602,23.6073,88.8534,2071.8255,2086.5351,106.4602,1.3322,22.1058,Normal,0,,0.0,None,0,No Action Required
2026-05-01 14:49:00,WELL-001,drilling,1790.5607,126.7466,114.874,15.0683,22.6315,87.75,2077.1149,2087.5972,106.4252,1.3311,23.2468,Normal,0,,0.0,None,0,No Action Required
2026-05-01 14:50:00,WELL-001,drilling,1790.8794,123.3178,113.4291,15.1773,21.3622,88.9283,2073.8226,2057.1447,106.4389,1.3283,25.8096,Normal,0,,0.0,None,0,No Action Required
2026-05-01 14:51:00,WELL-001,connection,1790.8854,0.4839,0.2534,0.0719,0.0,40.251,825.378,1483.7801,107.1073,1.3298,25.824,Normal,0,,0.0,None,0,No Action Required
2026-05-01 14:52:00,WELL-001,connection,1790.9024,1.0933,0.0,0.0,0.2697,13.6254,0.0,801.5452,107.8713,1.3301,25.9223,Normal,0,,0.0,None,0,No Action Required
2026-05-01 14:53:00,WELL-001,connection,1790.8787,0.4499,0.0,0.0,0.0,4.2491,0.0,419.0906,108.3392,1.3345,23.8102,Normal,0,,0.0,None,0,No Action Required
2026-05-01 14:54:00,WELL-001,connection,1790.9271,1.392,0.0,0.0,0.1222,1.6537,0.0,224.3578,108.525,1.3346,22.9401,Normal,0,,0.0,None,0,No Action Required
2026-05-01 14:55:00,WELL-001,connection,1790.8964,0.3893,2.0372,0.0338,0.6027,0.5278,0.0,119.595,108.656,1.3269,24.6618,Normal,0,,0.0,None,0,No Action Required
2026-05-01 14:56:00,WELL-001,connection,1790.8978,0.0,0.0,0.0,0.0,0.0,0.0,63.1142,108.7836,1.3299,24.6667,Normal,0,,0.0,None,0,No Action Required
2026-05-01 14:57:00,WELL-001,connection,1790.8933,0.3948,0.0,0.0992,0.0,16.2517,1034.4359,510.9424,108.214,1.3285,24.7313,Normal,0,,0.0,None,0,No Action Required
2026-05-01 14:58:00,WELL-001,drilling,1791.0259,42.9214,37.7951,8.7354,6.6411,63.6403,2077.0074,1246.0773,107.4377,1.3295,24.0596,Normal,0,,0.0,None,0,No Action Required
2026-05-01 14:59:00,WELL-001,drilling,1791.2243,82.5924,73.9348,11.713,14.3041,79.3313,2050.6176,1630.8761,106.9484,1.3321,23.5044,Normal,0,,0.0,None,0,No Action Required
2026-05-01 15:00:00,WELL-001,drilling,1791.5854,129.7976,110.0344,15.0869,23.1689,85.2606,2056.736,1816.4621,106.7721,1.3306,22.7967,Normal,0,,0.0,None,0,No Action Required
2026-05-01 15:01:00,WELL-001,drilling,1792.0242,131.5273,110.1401,15.1565,23.8432,86.4809,2061.686,1957.7969,106.5791,1.3284,22.4188,Normal,0,,0.0,None,0,No Action Required
2026-05-01 15:02:00,WELL-001,drilling,1792.3931,125.3416,109.8228,15.0061,22.5863,88.2819,2056.2451,2013.8809,106.5177,1.3274,23.6053,Normal,0,,0.0,None,0,No Action Required
2026-05-01 15:03:00,WELL-001,drilling,1792.8123,127.7003,111.6431,15.3015,23.3374,87.9526,2071.4799,1992.631,106.5469,1.3294,23.861,Normal,0,,0.0,None,0,No Action Required
2026-05-01 15:04:00,WELL-001,drilling,1793.209,132.7198,111.0104,15.4931,24.3333,87.6919,2072.3038,2068.4885,106.4676,1.3252,22.1231,Normal,0,,0.0,None,0,No Action Required
2026-05-01 15:05:00,WELL-001,drilling,1793.6112,130.8383,112.1856,14.8861,24.7404,88.4361,2063.4549,2088.7542,106.4673,1.3291,22.4985,Normal,0,,0.0,None,0,No Action Required
2026-05-01 15:06:00,WELL-001,drilling,1794.0282,135.8804,110.1193,15.507,24.6681,87.5668,2060.6623,2052.0784,106.4912,1.3278,21.4479,Normal,0,,0.0,None,0,No Action Required
2026-05-01 15:07:00,WELL-001,drilling,1794.4247,133.8184,109.0129,15.6598,25.1968,87.9853,2059.4146,2066.3202,106.5278,1.3288,21.8921,Normal,0,,0.0,None,0,No Action Required
2026-05-01 15:08:00,WELL-001,drilling,1794.8781,136.8078,110.5699,15.9372,25.4923,88.2142,2045.6816,2099.0549,106.4135,1.3315,21.2243,Normal,0,,0.0,None,0,No Action Required
2026-05-01 15:09:00,WELL-001,drilling,1795.2959,132.3719,111.2165,15.676,25.7904,87.9492,2079.9549,2070.8186,106.5025,1.3286,21.1313,Normal,0,,0.0,None,0,No Action Required
2026-05-01 15:10:00,WELL-001,drilling,1795.68,131.8859,110.8844,15.5525,24.2177,87.4139,2061.1077,2041.7005,106.5742,1.3296,20.546,Normal,0,,0.0,None,0,No Action Required
2026-05-01 15:11:00,WELL-001,drilling,1796.0873,139.6358,109.8829,16.0643,25.6777,87.718,2062.1946,2030.1425,106.5217,1.3349,20.6382,Normal,0,,0.0,None,0,No Action Required
2026-05-01 15:12:00,WELL-001,drilling,1796.4688,133.1447,110.6071,16.2847,23.4491,87.9841,2063.5511,2052.2622,106.5063,1.3284,20.1213,Normal,0,,0.0,None,0,No Action Required
2026-05-01 15:13:00,WELL-001,drilling,1796.8902,132.5417,111.5532,16.2523,21.6883,88.1426,2059.6524,2058.9327,106.5556,1.3275,21.4748,Normal,0,,0.0,None,0,No Action Required
2026-05-01 15:14:00,WELL-001,drilling,1797.2488,133.209,110.2265,16.1849,21.3937,87.6864,2052.8432,1999.9567,106.5392,1.3321,20.252,Normal,0,,0.0,None,0,No Action Required
2026-05-01 15:15:00,WELL-001,drilling,1797.6036,131.5662,110.8427,16.2006,22.5684,87.634,2045.9486,2091.552,106.4931,1.3322,29.0864,Normal,0,,0.0,None,0,No Action Required
2026-05-01 15:16:00,WELL-001,drilling,1797.9743,128.6223,109.1875,16.4292,21.6677,87.4448,2062.9819,2104.0294,106.5009,1.331,28.3666,Normal,0,,0.0,None,0,No Action Required
2026-05-01 15:17:00,WELL-001,drilling,1798.3756,134.4861,110.5237,16.648,22.9092,87.6776,2056.445,2028.7906,106.4868,1.3306,28.8119,Normal,0,,0.0,None,0,No Action Required
2026-05-01 15:18:00,WELL-001,drilling,1798.7358,130.7987,110.3496,16.2718,22.6393,87.4352,2056.6744,2021.3952,106.5105,1.3261,28.3677,Normal,0,,0.0,None,0,No Action Required
2026-05-01 15:19:00,WELL-001,drilling,1799.1378,129.921,110.3146,16.0348,22.7954,87.3998,2051.8684,2037.4376,106.5831,1.3311,28.8207,Normal,0,,0.0,None,0,No Action Required
2026-05-01 15:20:00,WELL-001,drilling,1799.5023,131.813,111.0928,15.8859,23.3252,88.3584,2068.0155,1980.0659,106.5185,1.3287,28.5578,Normal,0,,0.0,None,0,No Action Required
2026-05-01 15:21:00,WELL-001,drilling,1799.8552,132.9368,110.4392,16.3283,22.1897,87.0249,2059.5669,2067.6593,106.5533,1.326,21.1427,Normal,0,,0.0,None,0,No Action Required
2026-05-01 15:22:00,WELL-001,drilling,1800.2747,140.7225,111.348,16.8967,23.6106,88.4268,2060.8338,2049.5175,106.5182,1.331,22.2396,Normal,0,,0.0,None,0,No Action Required
2026-05-01 15:23:00,WELL-001,drilling,1800.6553,142.7811,110.1617,17.1103,24.5005,88.0888,2056.2585,2079.0048,106.5812,1.331,22.3818,Normal,0,,0.0,None,0,No Action Required
2026-05-01 15:24:00,WELL-001,drilling,1801.1156,137.1257,110.3887,16.9295,22.7453,87.7104,2061.8093,2035.8286,106.5524,1.3294,22.1058,Normal,0,,0.0,None,0,No Action Required
2026-05-01 15:25:00,WELL-001,drilling,1801.4723,140.4857,110.9312,17.4151,23.3048,87.5127,2065.1238,2060.5597,106.5528,1.3301,21.6946,Normal,0,,0.0,None,0,No Action Required
2026-05-01 15:26:00,WELL-001,drilling,1801.9007,141.018,110.6314,17.7266,25.6062,87.7035,2047.6699,2072.2185,106.5416,1.3294,21.41,Normal,0,,0.0,None,0,No Action Required
2026-05-01 15:27:00,WELL-001,drilling,1802.2768,135.9857,111.4043,17.5268,24.4625,87.8036,2075.1478,2099.1091,106.5332,1.3309,22.327,Normal,0,,0.0,None,0,No Action Required
2026-05-01 15:28:00,WELL-001,drilling,1802.7176,136.923,110.4867,17.2207,25.3233,88.2108,2054.6746,2037.6036,106.5329,1.3292,22.3469,Normal,0,,0.0,None,0,No Action Required
2026-05-01 15:29:00,WELL-001,drilling,1803.1332,135.5892,110.0695,17.5328,25.4854,88.453,2053.5285,2144.7052,106.5668,1.329,22.487,Normal,0,,0.0,None,0,No Action Required
2026-05-01 15:30:00,WELL-001,drilling,1803.5156,131.9209,109.322,16.6718,24.4146,88.4413,2061.6475,2064.8795,106.5832,1.3288,23.7084,Normal,0,,0.0,None,0,No Action Required
2026-05-01 15:31:00,WELL-001,drilling,1803.9436,131.9092,109.7741,16.3664,23.796,89.3013,2078.9591,2045.7315,106.519,1.331,21.8369,Normal,0,,0.0,None,0,No Action Required
2026-05-01 15:32:00,WELL-001,drilling,1804.3586,135.5227,110.8052,16.5837,24.0659,89.2238,2075.1854,2084.4751,106.5502,1.3274,22.0014,Normal,0,,0.0,None,0,No Action Required
2026-05-01 15:33:00,WELL-001,drilling,1804.6951,129.2365,110.3445,16.4686,22.5381,89.1168,2063.1906,2073.807,106.5195,1.3282,21.0129,Normal,0,,0.0,None,0,No Action Required
2026-05-01 15:34:00,WELL-001,drilling,1805.1443,128.872,109.4321,16.314,24.8413,88.8621,2084.0264,2093.868,106.5459,1.3303,21.8865,Normal,0,,0.0,None,0,No Action Required
2026-05-01 15:35:00,WELL-001,drilling,1805.484,128.8654,110.9705,16.134,24.3184,89.4058,2069.5305,2085.8025,106.5105,1.3288,20.4702,Normal,0,,0.0,None,0,No Action Required
2026-05-01 15:36:00,WELL-001,drilling,1805.9232,132.4862,109.6844,16.147,25.0603,89.8146,2074.0201,2088.6721,106.5734,1.3288,19.5854,Normal,0,,0.0,None,0,No Action Required
2026-05-01 15:37:00,WELL-001,drilling,1806.3637,134.6924,110.0776,15.9211,24.4437,88.6959,2077.5863,2063.2748,106.5717,1.3345,19.9056,Normal,0,,0.0,None,0,No Action Required
2026-05-01 15:38:00,WELL-001,drilling,1806.7866,136.1618,111.3531,15.4172,24.8975,88.624,2063.5507,2049.9859,106.5507,1.3297,20.9912,Normal,0,,0.0,None,0,No Action Required
2026-05-01 15:39:00,WELL-001,drilling,1807.1067,124.8243,109.9597,14.8546,22.4678,89.5086,2070.3839,2043.1799,106.5261,1.3325,20.3417,Normal,0,,0.0,None,0,No Action Required
2026-05-01 15:40:00,WELL-001,drilling,1807.4952,124.0762,110.6228,14.774,21.4098,88.7191,2073.0901,2071.1192,106.6099,1.3292,23.1172,Normal,0,,0.0,None,0,No Action Required
2026-05-01 15:41:00,WELL-001,drilling,1807.8953,121.218,111.631,14.819,21.7731,87.6373,2065.8846,2121.8687,106.6642,1.3323,23.2771,Normal,0,,0.0,None,0,No Action Required
2026-05-01 15:42:00,WELL-001,drilling,1808.2035,126.4727,110.6425,15.226,22.6368,89.3205,2054.2555,2071.5739,106.5853,1.3286,24.1527,Normal,0,,0.0,None,0,No Action Required
2026-05-01 15:43:00,WELL-001,drilling,1808.5739,128.547,111.5736,15.9004,22.6048,88.8096,2071.7253,2032.6475,106.6093,1.3266,25.4218,Normal,0,,0.0,None,0,No Action Required
2026-05-01 15:44:00,WELL-001,drilling,1808.967,125.7545,111.1821,15.3628,21.7567,89.6007,2063.4259,2100.6878,106.6553,1.3294,24.2513,Normal,0,,0.0,None,0,No Action Required
2026-05-01 15:45:00,WELL-001,drilling,1809.3813,126.4861,109.4629,15.1677,22.1386,89.5314,2078.3655,2130.8872,106.6351,1.3254,23.7918,Normal,0,,0.0,None,0,No Action Required
2026-05-01 15:46:00,WELL-001,drilling,1809.7193,132.5376,109.738,15.6419,21.8928,89.6236,2068.1473,2074.5797,106.5919,1.3311,21.9125,Normal,0,,0.0,None,0,No Action Required
2026-05-01 15:47:00,WELL-001,drilling,1810.0966,135.8217,110.5099,15.7408,22.5229,89.6061,2072.5904,2080.6581,106.601,1.327,19.6926,Normal,0,,0.0,None,0,No Action Required
2026-05-01 15:48:00,WELL-001,drilling,1810.485,141.5022,110.0202,15.663,23.8584,88.7507,2064.2913,2036.0901,106.6094,1.3264,20.0679,Normal,0,,0.0,None,0,No Action Required
2026-05-01 15:49:00,WELL-001,drilling,1810.8698,137.4041,110.1509,15.6085,22.3047,89.0667,2087.8448,2047.5551,106.6314,1.3307,18.9839,Normal,0,,0.0,None,0,No Action Required
2026-05-01 15:50:00,WELL-001,drilling,1811.2613,139.9611,111.0687,15.6704,23.5627,89.5185,2063.5157,2052.2136,106.5855,1.3303,19.2647,Normal,0,,0.0,None,0,No Action Required
2026-05-01 15:51:00,WELL-001,drilling,1811.6467,141.7675,110.1167,16.256,23.3078,88.7127,2055.4508,2098.7639,106.591,1.3341,19.2094,Normal,0,,0.0,None,0,No Action Required
2026-05-01 15:52:00,WELL-001,drilling,1812.0436,140.0082,110.0171,16.1639,23.9608,88.6588,2083.7422,2036.0052,106.6591,1.3298,19.226,Normal,0,,0.0,None,0,No Action Required
2026-05-01 15:53:00,WELL-001,drilling,1812.4615,137.0841,111.0652,15.8778,25.2993,89.142,2074.7113,2067.7984,106.6078,1.3287,19.9458,Normal,0,,0.0,None,0,No Action Required
2026-05-01 15:54:00,WELL-001,drilling,1812.892,135.6092,110.3971,15.6732,24.7168,88.7874,2069.026,2061.2754,106.6482,1.33,20.1492,Normal,0,,0.0,None,0,No Action Required
2026-05-01 15:55:00,WELL-001,drilling,1813.3151,138.0586,110.4426,15.6835,24.8545,88.6643,2080.5125,2059.8392,106.6504,1.332,21.7451,Normal,0,,0.0,None,0,No Action Required
2026-05-01 15:56:00,WELL-001,drilling,1813.6946,139.3808,110.8597,15.5404,24.3238,89.6186,2070.8128,2035.6549,106.6758,1.3291,20.3597,Normal,0,,0.0,None,0,No Action Required
2026-05-01 15:57:00,WELL-001,drilling,1814.0919,138.6262,111.2439,15.2559,22.8354,88.7698,2082.7577,2042.9419,106.637,1.3271,21.521,Normal,0,,0.0,None,0,No Action Required
2026-05-01 15:58:00,WELL-001,drilling,1814.4762,138.5589,110.1508,15.4294,23.7516,88.6976,2054.9853,2037.3366,106.5851,1.3349,20.3078,Normal,0,,0.0,None,0,No Action Required
2026-05-01 15:59:00,WELL-001,drilling,1814.8333,133.1815,110.8468,15.2107,22.5515,88.4144,2063.3961,2016.3967,106.6232,1.33,21.0992,Normal,0,,0.0,None,0,No Action Required
2026-05-01 16:00:00,WELL-001,drilling,1815.2671,139.0019,109.9112,15.7408,23.5168,88.7932,2075.1533,2042.5913,106.6429,1.332,20.2719,Normal,0,,0.0,None,0,No Action Required
2026-05-01 16:01:00,WELL-001,drilling,1815.6379,131.4011,110.0616,15.4138,22.778,88.2846,2063.4048,2096.6378,106.7072,1.3296,19.5874,Normal,0,,0.0,None,0,No Action Required
2026-05-01 16:02:00,WELL-001,drilling,1815.9793,125.8346,111.3993,14.9855,23.0271,88.5824,2076.8907,2039.0007,106.6552,1.3288,20.5133,Normal,0,,0.0,None,0,No Action Required
2026-05-01 16:03:00,WELL-001,drilling,1816.3526,118.2523,110.4775,14.147,22.1978,88.8755,2062.8879,2126.0298,106.6138,1.3309,19.2205,Normal,0,,0.0,None,0,No Action Required
2026-05-01 16:04:00,WELL-001,drilling,1816.7378,120.4133,111.3637,14.0073,22.4507,89.4716,2074.5492,2012.9866,106.6447,1.328,19.5941,Normal,0,,0.0,None,0,No Action Required
2026-05-01 16:05:00,WELL-001,drilling,1817.0973,120.3738,110.5458,14.273,22.8906,89.1265,2070.9149,2042.4756,106.6581,1.3307,20.1805,Normal,0,,0.0,None,0,No Action Required
2026-05-01 16:06:00,WELL-001,drilling,1817.514,122.6489,110.6901,14.0968,23.0189,89.8168,2071.8227,2036.2315,106.6113,1.329,19.3905,Normal,0,,0.0,None,0,No Action Required
2026-05-01 16:07:00,WELL-001,drilling,1817.9214,125.5343,110.2901,15.139,25.1569,88.4687,2058.1234,2067.2091,106.6297,1.3315,17.5403,Normal,0,,0.0,None,0,No Action Required
2026-05-01 16:08:00,WELL-001,drilling,1818.303,123.7926,111.4514,15.1565,23.7129,89.1018,2060.6109,2082.7324,106.712,1.3302,18.0557,Normal,0,,0.0,None,0,No Action Required
2026-05-01 16:09:00,WELL-001,drilling,1818.7653,126.3168,111.3372,15.4185,24.4765,88.6995,2072.1499,2055.8291,106.6696,1.3278,17.7862,Normal,0,,0.0,None,0,No Action Required
2026-05-01 16:10:00,WELL-001,drilling,1819.1291,127.0652,111.2841,15.7004,25.3062,89.0691,2079.544,2089.4372,106.6458,1.329,17.7955,Normal,0,,0.0,None,0,No Action Required
2026-05-01 16:11:00,WELL-001,drilling,1819.5955,121.8017,111.5657,14.7479,25.4365,89.6877,2061.3687,2092.4459,106.7322,1.3312,17.4122,Normal,0,,0.0,None,0,No Action Required
2026-05-01 16:12:00,WELL-001,connection,1819.6068,0.0,0.0,0.0764,0.0,41.2503,822.154,1484.3901,107.336,1.3396,16.7727,Normal,0,,0.0,None,0,No Action Required
2026-05-01 16:13:00,WELL-001,connection,1819.6042,0.0,0.8649,0.0,0.0044,14.0974,0.0,791.6832,108.1156,1.3422,18.1698,Normal,0,,0.0,None,0,No Action Required
2026-05-01 16:14:00,WELL-001,connection,1819.5652,0.0,0.022,0.0,0.0,5.0112,0.0,424.1229,108.5434,1.3388,18.5371,Normal,0,,0.0,None,0,No Action Required
2026-05-01 16:15:00,WELL-001,connection,1819.595,0.8873,0.0,0.0381,0.528,1.0611,0.0,228.3826,108.7946,1.3425,20.0341,Normal,0,,0.0,None,0,No Action Required
2026-05-01 16:16:00,WELL-001,connection,1819.5719,0.0,0.0,0.1337,0.394,0.7937,0.0,121.5457,108.912,1.3418,19.2451,Normal,0,,0.0,None,0,No Action Required
2026-05-01 16:17:00,WELL-001,connection,1819.5788,0.1673,1.0284,0.0,0.0,0.0,0.0,63.0114,108.9475,1.3415,20.4334,Normal,0,,0.0,None,0,No Action Required
2026-05-01 16:18:00,WELL-001,connection,1819.5776,0.664,0.5544,0.0,0.0,17.3135,1024.9765,517.2264,108.4436,1.3377,19.6973,Normal,0,,0.0,None,0,No Action Required
2026-05-01 16:19:00,WELL-001,drilling,1819.6466,43.1417,36.4041,8.5366,6.905,64.9536,2071.9705,1230.271,107.5908,1.3389,19.6452,Normal,0,,0.0,None,0,No Action Required
2026-05-01 16:20:00,WELL-001,drilling,1819.9312,84.5538,72.1068,11.6122,14.7693,81.684,2064.0106,1618.272,107.2016,1.3383,19.0183,Normal,0,,0.0,None,0,No Action Required
2026-05-01 16:21:00,WELL-001,drilling,1820.2949,123.0285,109.2219,15.1656,23.4481,87.9242,2062.9249,1827.9828,106.8885,1.3397,18.3345,Normal,0,,0.0,None,0,No Action Required
2026-05-01 16:22:00,WELL-001,drilling,1820.7089,127.7343,109.3578,15.0071,23.2953,89.6071,2048.175,1934.3231,106.8127,1.3413,18.6595,Normal,0,,0.0,None,0,No Action Required
2026-05-01 16:23:00,WELL-001,drilling,1821.1053,133.0535,108.3038,15.5658,24.3943,89.5755,2063.7681,2054.5219,106.7501,1.3372,17.9372,Normal,0,,0.0,None,0,No Action Required
2026-05-01 16:24:00,WELL-001,drilling,1821.5138,128.5454,108.9483,14.9818,24.0105,89.225,2070.2636,2044.0795,106.7356,1.341,17.4756,Normal,0,,0.0,None,0,No Action Required
2026-05-01 16:25:00,WELL-001,drilling,1821.884,133.5847,108.4729,15.5507,20.8646,90.093,2068.7672,2076.4098,106.6823,1.3379,18.6075,Normal,0,,0.0,None,0,No Action Required
2026-05-01 16:26:00,WELL-001,drilling,1822.2618,139.7198,108.9761,16.3479,23.5516,89.8292,2071.6744,2027.8454,106.7148,1.338,18.2133,Normal,0,,0.0,None,0,No Action Required
2026-05-01 16:27:00,WELL-001,drilling,1822.6741,141.2305,109.4684,16.1288,23.133,89.3482,2079.5597,2067.9946,106.6825,1.3403,16.3858,Normal,0,,0.0,None,0,No Action Required
2026-05-01 16:28:00,WELL-001,drilling,1823.0238,139.4947,111.0419,16.127,23.7257,89.0479,2068.7144,2051.9939,106.7273,1.3416,17.0594,Normal,0,,0.0,None,0,No Action Required
2026-05-01 16:29:00,WELL-001,drilling,1823.4573,138.6648,109.278,16.4061,24.939,89.6084,2068.666,2067.5275,106.7086,1.3379,18.0063,Normal,0,,0.0,None,0,No Action Required
2026-05-01 16:30:00,WELL-001,drilling,1823.8968,142.0803,108.2437,16.5065,25.4482,89.2171,2061.3743,2059.8847,106.7065,1.3394,18.1788,Normal,0,,0.0,None,0,No Action Required
2026-05-01 16:31:00,WELL-001,drilling,1824.3131,145.3078,108.2553,16.833,27.3748,88.9833,2060.1094,2077.5827,106.7454,1.3419,18.0001,Normal,0,,0.0,None,0,No Action Required
2026-05-01 16:32:00,WELL-001,drilling,1824.7534,142.647,109.1164,16.8127,26.6658,89.2349,2072.0481,2074.7394,106.7289,1.342,17.8168,Normal,0,,0.0,None,0,No Action Required
2026-05-01 16:33:00,WELL-001,drilling,1825.2456,150.1198,109.1971,17.0674,27.8318,88.655,2070.7055,2055.1825,106.701,1.3382,17.7544,Normal,0,,0.0,None,0,No Action Required
2026-05-01 16:34:00,WELL-001,drilling,1825.7114,150.2956,108.9565,17.1222,28.1682,89.1991,2059.6097,2044.8027,106.7064,1.3451,17.3183,Normal,0,,0.0,None,0,No Action Required
2026-05-01 16:35:00,WELL-001,drilling,1826.1602,147.6241,108.2197,16.751,27.8669,89.2307,2053.2392,2056.2921,106.695,1.3408,16.0094,Normal,0,,0.0,None,0,No Action Required
2026-05-01 16:36:00,WELL-001,drilling,1826.6122,146.0605,107.8214,16.8005,27.6402,88.5818,2075.2327,2020.8437,106.7196,1.3401,26.4585,Normal,0,,0.0,None,0,No Action Required
2026-05-01 16:37:00,WELL-001,drilling,1827.1341,143.5381,108.5191,16.3117,26.5891,89.4649,2041.2346,2054.899,106.709,1.3388,25.348,Normal,0,,0.0,None,0,No Action Required
2026-05-01 16:38:00,WELL-001,drilling,1827.505,140.2327,109.2433,15.9721,25.8949,88.644,2067.035,2036.8443,106.7791,1.3429,26.0548,Normal,0,,0.0,None,0,No Action Required
2026-05-01 16:39:00,WELL-001,drilling,1827.9413,131.0376,108.3407,15.5427,23.6167,88.8267,2058.074,2074.4306,106.7062,1.3421,26.2762,Normal,0,,0.0,None,0,No Action Required
2026-05-01 16:40:00,WELL-001,drilling,1828.3418,132.9994,108.8742,15.7074,24.7045,89.719,2076.456,2058.1908,106.7739,1.3382,27.9717,Normal,0,,0.0,None,0,No Action Required
2026-05-01 16:41:00,WELL-001,drilling,1828.728,128.7163,108.9029,15.8508,23.507,89.9221,2053.1957,2105.9603,106.7721,1.3419,26.6484,Normal,0,,0.0,None,0,No Action Required
2026-05-01 16:42:00,WELL-001,drilling,1829.1495,122.1174,109.3873,14.9669,23.0159,89.9167,2063.3451,2062.8452,106.7583,1.3421,16.9167,Normal,0,,0.0,None,0,No Action Required
2026-05-01 16:43:00,WELL-001,drilling,1829.4997,126.2828,108.2068,15.7749,22.5676,90.2616,2067.0961,2083.1725,106.7672,1.3379,16.7944,Normal,0,,0.0,None,0,No Action Required
2026-05-01 16:44:00,WELL-001,drilling,1829.8557,123.7935,108.3189,15.592,21.6105,89.7909,2059.9937,2090.6266,106.6996,1.3405,18.1638,Normal,0,,0.0,None,0,No Action Required
2026-05-01 16:45:00,WELL-001,drilling,1830.2182,120.6146,108.1103,14.9312,21.0171,89.5367,2048.4518,2027.364,106.7759,1.3364,19.2754,Normal,0,,0.0,None,0,No Action Required
2026-05-01 16:46:00,WELL-001,drilling,1830.6219,119.2304,108.3243,14.7335,23.0409,89.71,2058.1689,2089.4477,106.752,1.342,19.5238,Normal,0,,0.0,None,0,No Action Required
2026-05-01 16:47:00,WELL-001,drilling,1831.002,120.9389,108.8594,15.1736,23.1136,89.5542,2065.7459,2090.5154,106.7466,1.3404,21.4822,Normal,0,,0.0,None,0,No Action Required
2026-05-01 16:48:00,WELL-001,drilling,1831.384,125.1461,108.9937,15.5117,24.1997,89.3694,2072.4171,2059.7959,106.7838,1.3398,21.1965,Normal,0,,0.0,None,0,No Action Required
2026-05-01 16:49:00,WELL-001,drilling,1831.8309,126.76,109.9573,15.5854,26.1315,89.7085,2056.9076,2041.8148,106.7535,1.3399,20.8186,Normal,0,,0.0,None,0,No Action Required
2026-05-01 16:50:00,WELL-001,drilling,1832.2731,126.7187,108.8933,15.4536,25.9326,89.6323,2062.5829,2057.2666,106.7926,1.3372,21.59,Normal,0,,0.0,None,0,No Action Required
2026-05-01 16:51:00,WELL-001,drilling,1832.7291,126.8625,110.5224,15.2051,25.0408,89.2063,2063.3444,2027.4731,106.7674,1.3367,20.5134,Normal,0,,0.0,None,0,No Action Required
2026-05-01 16:52:00,WELL-001,drilling,1833.0882,121.4316,109.3171,14.9565,25.1549,90.2528,2066.8327,2054.6129,106.7567,1.3418,19.6177,Normal,0,,0.0,None,0,No Action Required
2026-05-01 16:53:00,WELL-001,drilling,1833.5255,117.9803,108.9871,14.536,25.0689,90.2588,2057.5801,2052.3346,106.7674,1.3403,21.539,Normal,0,,0.0,None,0,No Action Required
2026-05-01 16:54:00,WELL-001,drilling,1833.9078,115.0777,108.4793,14.3591,23.5227,89.9699,2065.8926,2108.1625,106.8095,1.3394,20.6124,Normal,0,,0.0,None,0,No Action Required
2026-05-01 16:55:00,WELL-001,drilling,1834.2971,114.3318,109.1637,14.3107,22.3268,89.3429,2068.2963,2104.3743,106.7445,1.34,21.4426,Normal,0,,0.0,None,0,No Action Required
2026-05-01 16:56:00,WELL-001,drilling,1834.6906,115.7098,109.1243,14.3918,22.7954,90.6835,2071.089,2025.6059,106.7978,1.341,19.5899,Normal,0,,0.0,None,0,No Action Required
2026-05-01 16:57:00,WELL-001,drilling,1835.0805,113.7728,108.3226,14.3803,23.2914,89.8209,2058.223,2031.6428,106.7418,1.3385,17.1507,Normal,0,,0.0,None,0,No Action Required
2026-05-01 16:58:00,WELL-001,drilling,1835.4043,112.6857,107.8544,14.4023,23.1081,89.5048,2066.9232,2062.8127,106.7373,1.3374,17.3898,Normal,0,,0.0,None,0,No Action Required
2026-05-01 16:59:00,WELL-001,drilling,1835.782,116.7252,109.5245,14.1122,22.452,89.1506,2059.0935,2071.5939,106.8108,1.3376,18.1806,Normal,0,,0.0,None,0,No Action Required
2026-05-01 17:00:00,WELL-001,drilling,1836.1922,117.5413,109.4644,14.2967,23.1021,89.9818,2050.576,2084.5689,106.8135,1.3368,17.5243,Normal,0,,0.0,None,0,No Action Required
2026-05-01 17:01:00,WELL-001,drilling,1836.5613,118.3089,108.8086,14.424,23.0337,89.5816,2071.1869,2057.0017,106.7764,1.3417,16.9344,Normal,0,,0.0,None,0,No Action Required
2026-05-01 17:02:00,WELL-001,drilling,1836.94,113.0755,108.6422,14.387,23.2753,89.6712,2049.7036,2083.8978,106.8034,1.3392,16.996,Normal,0,,0.0,None,0,No Action Required
2026-05-01 17:03:00,WELL-001,drilling,1837.2951,123.3067,109.5142,15.559,22.5544,89.7772,2058.0839,2070.0742,106.7843,1.3391,16.1748,Normal,0,,0.0,None,0,No Action Required
2026-05-01 17:04:00,WELL-001,drilling,1837.6804,121.4752,108.6385,15.344,21.7512,89.7973,2060.9107,2062.1268,106.7515,1.3382,16.3408,Normal,0,,0.0,None,0,No Action Required
2026-05-01 17:05:00,WELL-001,drilling,1838.019,118.5895,107.2954,15.1948,20.4134,89.6838,2064.1596,2061.1198,106.7854,1.3417,15.0674,Normal,0,,0.0,None,0,No Action Required
2026-05-01 17:06:00,WELL-001,drilling,1838.3813,121.0724,108.0792,15.1367,20.2101,90.2308,2069.2249,2072.4724,106.8105,1.3374,15.0262,Normal,0,,0.0,None,0,No Action Required
2026-05-01 17:07:00,WELL-001,drilling,1838.6817,113.5647,107.7969,14.7483,19.9304,89.4718,2057.4441,2030.2886,106.7777,1.3362,15.4644,Normal,0,,0.0,None,0,No Action Required
2026-05-01 17:08:00,WELL-001,drilling,1839.0039,113.002,109.0363,14.2955,19.8117,89.5123,2060.168,2052.8104,106.8076,1.3398,15.8282,Normal,0,,0.0,None,0,No Action Required
2026-05-01 17:09:00,WELL-001,drilling,1839.3745,108.7577,109.5486,13.6588,20.733,90.4029,2061.8747,2118.9606,106.8217,1.3373,14.0387,Normal,0,,0.0,None,0,No Action Required
2026-05-01 17:10:00,WELL-001,drilling,1839.7516,109.5318,109.9698,13.9488,19.6784,90.0256,2058.123,2071.1354,106.8027,1.3359,16.2969,Normal,0,,0.0,None,0,No Action Required
2026-05-01 17:11:00,WELL-001,drilling,1840.0883,113.9245,108.6572,13.6874,21.4887,90.8209,2072.9536,2068.7744,106.7973,1.3416,17.4036,Normal,0,,0.0,None,0,No Action Required
2026-05-01 17:12:00,WELL-001,drilling,1840.4332,123.143,108.1366,14.1001,21.1171,91.1799,2077.3111,2093.4845,106.8288,1.3404,17.6314,Normal,0,,0.0,None,0,No Action Required
2026-05-01 17:13:00,WELL-001,drilling,1840.776,128.6646,108.675,14.8691,21.4372,90.562,2053.472,2044.7801,106.8185,1.3396,17.5784,Normal,0,,0.0,None,0,No Action Required
2026-05-01 17:14:00,WELL-001,drilling,1841.1208,124.7299,107.4518,14.4365,20.9706,90.1506,2054.8409,2058.2047,106.8275,1.3374,17.4549,Normal,0,,0.0,None,0,No Action Required
2026-05-01 17:15:00,WELL-001,drilling,1841.49,125.0065,108.1911,14.7477,21.3988,89.3549,2061.5487,2056.8951,106.7804,1.3401,18.5443,Normal,0,,0.0,None,0,No Action Required
2026-05-01 17:16:00,WELL-001,drilling,1841.9137,128.6953,108.6509,15.1731,22.819,90.133,2086.1634,2062.0044,106.8403,1.3397,18.8328,Normal,0,,0.0,None,0,No Action Required
2026-05-01 17:17:00,WELL-001,drilling,1842.2456,128.5604,110.7698,15.5152,22.7146,90.0559,2074.7881,2046.4878,106.79,1.342,17.3427,Normal,0,,0.0,None,0,No Action Required
2026-05-01 17:18:00,WELL-001,drilling,1842.6535,133.0186,108.7164,15.8834,23.0148,89.492,2073.5448,2070.1483,106.8368,1.3401,18.2032,Normal,0,,0.0,None,0,No Action Required
2026-05-01 17:19:00,WELL-001,drilling,1842.9874,125.4554,109.5651,14.8075,21.2457,90.1562,2071.2517,2076.6989,106.8279,1.3375,17.91,Normal,0,,0.0,None,0,No Action Required
2026-05-01 17:20:00,WELL-001,drilling,1843.3759,130.7022,109.9394,14.5236,23.551,90.3114,2066.7886,2089.189,106.8573,1.3428,18.6056,Normal,0,,0.0,None,0,No Action Required
2026-05-01 17:21:00,WELL-001,drilling,1843.7294,132.2862,108.5603,15.3518,22.6168,90.1806,2072.4681,2019.5364,106.8798,1.338,19.7535,Normal,0,,0.0,None,0,No Action Required
2026-05-01 17:22:00,WELL-001,drilling,1844.124,131.6831,109.3019,15.2767,21.5956,89.892,2059.3598,2067.3232,106.8708,1.3403,20.293,Normal,0,,0.0,None,0,No Action Required
2026-05-01 17:23:00,WELL-001,drilling,1844.5126,135.2039,109.0777,15.6588,21.7153,88.9762,2045.4113,2041.7214,106.8358,1.3391,19.7664,Normal,0,,0.0,None,0,No Action Required
2026-05-01 17:24:00,WELL-001,drilling,1844.9087,136.3294,109.3333,15.3316,23.8895,88.8216,2054.6677,2085.8427,106.8624,1.346,19.4852,Normal,0,,0.0,None,0,No Action Required
2026-05-01 17:25:00,WELL-001,drilling,1845.2922,137.5857,109.1615,15.3153,23.1959,89.0946,2074.8365,2074.5734,106.8799,1.3408,19.7582,Normal,0,,0.0,None,0,No Action Required
2026-05-01 17:26:00,WELL-001,drilling,1845.6914,129.3753,109.641,14.6665,22.9546,90.0953,2081.8602,2093.7816,106.8397,1.3409,21.0932,Normal,0,,0.0,None,0,No Action Required
2026-05-01 17:27:00,WELL-001,drilling,1846.0395,133.9346,110.4797,15.0283,23.0876,90.2762,2072.44,2026.252,106.8493,1.3419,20.4533,Normal,0,,0.0,None,0,No Action Required
2026-05-01 17:28:00,WELL-001,drilling,1846.4594,131.3629,108.7594,15.3691,23.8617,90.0729,2075.291,2066.94,106.8484,1.3374,18.71,Normal,0,,0.0,None,0,No Action Required
2026-05-01 17:29:00,WELL-001,drilling,1846.8844,132.1559,108.4752,15.4318,24.3629,90.1964,2055.0174,2122.6647,106.8582,1.34,18.9104,Normal,0,,0.0,None,0,No Action Required
2026-05-01 17:30:00,WELL-001,drilling,1847.299,133.0574,110.8966,15.4362,25.1746,89.4839,2060.8629,2071.7201,106.8209,1.3397,19.9355,Normal,0,,0.0,None,0,No Action Required
2026-05-01 17:31:00,WELL-001,drilling,1847.7696,143.5729,108.7759,16.2562,26.2848,90.6152,2059.3125,2035.5518,106.8416,1.3431,19.6306,Normal,0,,0.0,None,0,No Action Required
2026-05-01 17:32:00,WELL-001,connection,1847.7575,0.0,0.5343,0.1002,0.0,41.7734,825.6921,1466.1652,107.4729,1.3403,19.3031,Normal,0,,0.0,None,0,No Action Required
2026-05-01 17:33:00,WELL-001,connection,1847.746,0.669,1.3542,0.0,0.0,13.6616,0.0,790.9014,108.2916,1.3404,20.5739,Normal,0,,0.0,None,0,No Action Required
2026-05-01 17:34:00,WELL-001,connection,1847.7424,1.3872,0.0,0.0339,0.0049,4.7233,0.0,420.1242,108.7771,1.3417,19.3669,Normal,0,,0.0,None,0,No Action Required
2026-05-01 17:35:00,WELL-001,connection,1847.7033,0.0913,0.0,0.0,0.4279,1.2181,0.0,223.8583,108.973,1.3382,18.3722,Normal,0,,0.0,None,0,No Action Required
2026-05-01 17:36:00,WELL-001,connection,1847.7369,0.0,1.0855,0.0,0.0,0.3276,0.0,119.4405,109.0274,1.3404,17.4437,Normal,0,,0.0,None,0,No Action Required
2026-05-01 17:37:00,WELL-001,connection,1847.702,0.6871,0.183,0.0,0.0,16.9381,1025.5535,547.9938,108.522,1.3393,17.5507,Normal,0,,0.0,None,0,No Action Required
2026-05-01 17:38:00,WELL-001,drilling,1847.858,49.0994,38.1528,9.0067,6.5367,65.5384,2065.9562,1251.9121,107.7875,1.3373,18.0938,Normal,0,,0.0,None,0,No Action Required
2026-05-01 17:39:00,WELL-001,drilling,1848.1403,92.7614,74.1834,12.6141,15.5209,82.2022,2059.1438,1629.0736,107.3288,1.3389,18.4809,Normal,0,,0.0,None,0,No Action Required
2026-05-01 17:40:00,WELL-001,drilling,1848.4886,136.1029,112.2836,15.7516,24.7839,87.0152,2055.4251,1852.034,107.0986,1.3392,18.6979,Normal,0,,0.0,None,0,No Action Required
2026-05-01 17:41:00,WELL-001,drilling,1848.9659,139.9801,111.4308,15.9513,26.0663,89.3912,2054.3635,1984.2545,106.97,1.3392,18.6634,Normal,0,,0.0,None,0,No Action Required
2026-05-01 17:42:00,WELL-001,drilling,1849.3971,134.6468,111.936,15.8392,26.4736,89.7526,2073.4345,1978.7583,106.9333,1.3423,19.2615,Normal,0,,0.0,None,0,No Action Required
2026-05-01 17:43:00,WELL-001,drilling,1849.8635,139.3669,112.1786,15.9584,25.6706,89.981,2067.3123,2021.9452,106.8339,1.3425,20.3365,Normal,0,,0.0,None,0,No Action Required
2026-05-01 17:44:00,WELL-001,drilling,1850.245,136.9325,111.3229,15.7135,25.2657,89.874,2067.7322,2078.5136,106.8811,1.3382,20.2742,Normal,0,,0.0,None,0,No Action Required
2026-05-01 17:45:00,WELL-001,drilling,1850.6797,136.7079,112.7985,15.6666,25.6253,89.7789,2069.5653,2048.2213,106.8763,1.3394,19.9346,Normal,0,,0.0,None,0,No Action Required
2026-05-01 17:46:00,WELL-001,drilling,1851.1319,134.6846,111.2238,15.1713,25.8167,90.5233,2079.5843,2035.7596,106.8705,1.3404,22.11,Normal,0,,0.0,None,0,No Action Required
2026-05-01 17:47:00,WELL-001,drilling,1851.5502,134.9552,112.2443,14.7087,25.0731,90.2437,2063.7314,2080.1288,106.8783,1.342,21.228,Normal,0,,0.0,None,0,No Action Required
2026-05-01 17:48:00,WELL-001,drilling,1851.9686,131.3546,110.7904,14.2811,24.7732,90.1929,2066.9537,2060.925,106.8618,1.3449,20.5562,Normal,0,,0.0,None,0,No Action Required
2026-05-01 17:49:00,WELL-001,drilling,1852.4005,129.933,110.1936,14.6014,26.3278,90.3579,2055.8691,2045.5184,106.9113,1.3403,21.7684,Normal,0,,0.0,None,0,No Action Required
2026-05-01 17:50:00,WELL-001,drilling,1852.7736,123.2637,111.8768,14.2784,24.7651,90.3548,2070.2684,2038.07,106.8682,1.3407,20.6158,Normal,0,,0.0,None,0,No Action Required
2026-05-01 17:51:00,WELL-001,drilling,1853.2036,121.4044,112.4443,14.0972,23.9212,89.7931,2063.5505,2052.0886,106.9086,1.3364,21.6119,Normal,0,,0.0,None,0,No Action Required
2026-05-01 17:52:00,WELL-001,drilling,1853.6012,118.4519,111.731,13.8349,23.5743,89.8324,2060.932,2069.0424,106.8731,1.3402,21.1681,Normal,0,,0.0,None,0,No Action Required
2026-05-01 17:53:00,WELL-001,drilling,1853.9961,114.9132,112.1465,13.6398,22.9734,89.8505,2072.2813,2045.5742,106.8071,1.3407,21.1826,Normal,0,,0.0,None,0,No Action Required
2026-05-01 17:54:00,WELL-001,drilling,1854.4027,113.5242,113.2633,13.8643,22.8228,90.3301,2046.1647,2069.1979,106.8244,1.3436,20.7423,Normal,0,,0.0,None,0,No Action Required
2026-05-01 17:55:00,WELL-001,drilling,1854.7316,116.3853,111.8923,13.8685,22.4501,91.0913,2073.8537,2086.2909,106.8765,1.341,21.3022,Normal,0,,0.0,None,0,No Action Required
2026-05-01 17:56:00,WELL-001,drilling,1855.1184,117.2391,111.6742,14.4073,22.9907,91.3002,2058.9024,2055.517,106.8741,1.3418,31.3261,Normal,0,,0.0,None,0,No Action Required
2026-05-01 17:57:00,WELL-001,drilling,1855.4882,117.9584,112.3331,14.2979,22.4628,90.6684,2073.3314,2051.6258,106.8902,1.3423,29.615,Normal,0,,0.0,None,0,No Action Required
2026-05-01 17:58:00,WELL-001,drilling,1855.9158,115.4438,111.6073,14.1737,22.6208,91.1568,2070.3095,2049.2221,106.9153,1.3401,29.7262,Normal,0,,0.0,None,0,No Action Required
2026-05-01 17:59:00,WELL-001,drilling,1856.2702,119.0947,112.1166,14.3657,23.0269,90.9968,2067.1749,2065.877,106.8958,1.3387,29.5827,Normal,0,,0.0,None,0,No Action Required
2026-05-01 18:00:00,WELL-001,drilling,1856.6422,114.8808,112.0432,13.7115,19.8121,91.1431,2073.2875,2050.6362,106.8866,1.3388,30.4013,Normal,0,,0.0,None,0,No Action Required
2026-05-01 18:01:00,WELL-001,drilling,1856.981,119.0589,111.1013,13.9763,21.2146,90.719,2056.4365,2098.115,106.9411,1.3371,20.3499,Normal,0,,0.0,None,0,No Action Required
2026-05-01 18:02:00,WELL-001,drilling,1857.383,121.4082,111.0003,14.6041,21.8099,90.9419,2083.4032,2058.4807,106.9219,1.3378,18.1717,Normal,0,,0.0,None,0,No Action Required
2026-05-01 18:03:00,WELL-001,drilling,1857.7775,123.4893,110.8908,14.7223,24.0732,90.7551,2069.3947,2072.3229,106.867,1.3416,18.4502,Normal,0,,0.0,None,0,No Action Required
2026-05-01 18:04:00,WELL-001,drilling,1858.1643,123.7176,111.1235,14.6949,23.7172,90.5903,2051.3587,2090.2958,106.9323,1.3398,18.5371,Normal,0,,0.0,None,0,No Action Required
2026-05-01 18:05:00,WELL-001,drilling,1858.5618,127.1644,111.3225,14.4584,24.8806,91.4009,2069.7994,2081.9867,106.9362,1.3406,19.6963,Normal,0,,0.0,None,0,No Action Required
2026-05-01 18:06:00,WELL-001,drilling,1858.9527,133.3411,112.4297,15.3969,24.7178,91.6106,2069.8188,2100.3411,106.8846,1.3395,18.7058,Normal,0,,0.0,None,0,No Action Required
2026-05-01 18:07:00,WELL-001,drilling,1859.5839,131.9042,111.3303,15.631,36.2965,90.5676,2065.3927,2064.6419,106.9176,1.3386,18.2205,Normal,0,,0.0,None,0,No Action Required
2026-05-01 18:08:00,WELL-001,drilling,1860.0949,125.3964,111.9454,15.5298,32.5299,91.2549,2064.0593,2057.5018,106.8691,1.3435,17.1736,Normal,0,,0.0,None,0,No Action Required
2026-05-01 18:09:00,WELL-001,drilling,1860.6802,123.8804,111.6647,15.3448,34.5811,91.6204,2074.3206,2106.7775,106.9284,1.3413,19.817,Normal,0,,0.0,None,0,No Action Required
2026-05-01 18:10:00,WELL-001,drilling,1861.2786,122.3187,112.5974,15.1432,35.0259,90.5407,2076.8108,2055.7765,106.9317,1.3396,19.1953,Normal,0,,0.0,None,0,No Action Required
2026-05-01 18:11:00,WELL-001,drilling,1861.8152,120.413,111.8722,15.2115,32.4943,91.2143,2074.5133,2065.2273,106.941,1.3414,18.691,Normal,0,,0.0,None,0,No Action Required
2026-05-01 18:12:00,WELL-001,drilling,1862.4266,126.3607,111.8869,15.3688,34.6722,91.3244,2069.24,2108.31,106.8688,1.338,18.7799,Normal,0,,0.0,None,0,No Action Required
2026-05-01 18:13:00,WELL-001,drilling,1863.0367,124.4488,111.6388,15.2436,37.0334,91.1768,2064.8651,2079.3479,106.9577,1.3417,17.1745,Normal,0,,0.0,None,0,No Action Required
2026-05-01 18:14:00,WELL-001,drilling,1863.5844,124.6939,112.0294,15.4958,35.4208,91.3499,2081.4306,2076.097,106.9399,1.3416,16.5034,Normal,0,,0.0,None,0,No Action Required
2026-05-01 18:15:00,WELL-001,drilling,1864.1838,123.0108,109.3727,15.9315,35.2955,91.8283,2073.0086,2080.6186,106.907,1.3394,16.2797,Normal,0,,0.0,None,0,No Action Required
2026-05-01 18:16:00,WELL-001,drilling,1864.8064,122.6285,110.1294,15.37,35.4621,91.0739,2070.8307,2028.5412,106.9582,1.343,16.0565,Normal,0,,0.0,None,0,No Action Required
2026-05-01 18:17:00,WELL-001,drilling,1865.3542,123.9055,111.6806,15.3549,33.6927,91.4049,2070.0983,2095.5113,106.8787,1.3396,18.9252,Normal,0,,0.0,None,0,No Action Required
2026-05-01 18:18:00,WELL-001,drilling,1865.9103,129.3956,110.6896,15.4017,33.7905,90.6567,2076.1028,2015.2908,106.9227,1.3428,17.4343,Normal,0,,0.0,None,0,No Action Required
2026-05-01 18:19:00,WELL-001,drilling,1866.4779,130.0977,112.536,15.7774,34.8112,91.256,2056.6808,1999.4759,106.9004,1.3393,17.8645,Normal,0,,0.0,None,0,No Action Required
2026-05-01 18:20:00,WELL-001,drilling,1867.036,129.2408,112.2056,15.5902,33.5934,90.9272,2050.0458,2080.7535,107.0014,1.3356,17.3759,Normal,0,,0.0,None,0,No Action Required
2026-05-01 18:21:00,WELL-001,drilling,1867.6703,136.7752,113.4163,16.1937,37.8641,90.3228,2065.1187,2074.882,106.9296,1.3409,16.8336,Normal,0,,0.0,None,0,No Action Required
2026-05-01 18:22:00,WELL-001,drilling,1868.2698,138.6433,111.3529,16.0481,36.8576,90.7807,2081.4215,2082.3501,106.9538,1.3417,17.9568,Normal,0,,0.0,None,0,No Action Required
2026-05-01 18:23:00,WELL-001,drilling,1868.8551,127.4455,111.8069,14.62,34.6125,90.8665,2062.5938,2043.257,106.96,1.3402,18.8149,Normal,0,,0.0,None,0,No Action Required
2026-05-01 18:24:00,WELL-001,drilling,1869.3999,123.6601,111.394,14.4411,32.3744,91.4313,2081.5814,2062.8446,106.9769,1.3415,19.0343,Normal,0,,0.0,None,0,No Action Required
2026-05-01 18:25:00,WELL-001,drilling,1869.9418,127.7509,112.2231,13.9969,31.746,90.9361,2055.8096,2073.6745,106.9372,1.3389,19.2443,Normal,0,,0.0,None,0,No Action Required
2026-05-01 18:26:00,WELL-001,drilling,1870.4851,127.3266,113.371,14.0521,33.2046,92.1282,2068.4438,2054.6796,106.9483,1.3393,18.7255,Normal,0,,0.0,None,0,No Action Required
2026-05-01 18:27:00,WELL-001,drilling,1871.0944,131.9995,111.1009,14.2424,35.7978,91.2694,2085.3396,2041.0872,106.9412,1.3437,18.7826,Normal,0,,0.0,None,0,No Action Required
2026-05-01 18:28:00,WELL-001,drilling,1871.6711,134.3863,111.901,14.5078,36.6665,91.6626,2084.8768,2057.3459,106.9146,1.3376,18.3573,Normal,0,,0.0,None,0,No Action Required
2026-05-01 18:29:00,WELL-001,drilling,1872.2661,129.2649,111.5917,14.1124,35.3158,91.7696,2074.8484,2043.3803,106.9915,1.3384,17.6011,Normal,0,,0.0,None,0,No Action Required
2026-05-01 18:30:00,WELL-001,drilling,1872.8694,131.6751,112.543,13.9416,37.5013,91.2073,2062.5758,2097.3836,106.9258,1.3418,8.9107,Normal,0,,0.0,None,0,No Action Required
2026-05-01 18:31:00,WELL-001,drilling,1873.5341,134.191,112.4675,14.5305,37.2597,90.8351,2061.2836,2041.6737,106.9677,1.339,9.9335,Normal,0,,0.0,None,0,No Action Required
2026-05-01 18:32:00,WELL-001,drilling,1874.1103,130.3007,112.4106,13.7162,34.888,90.8234,2071.5608,2076.1236,106.9504,1.3399,8.7811,Normal,0,,0.0,None,0,No Action Required
2026-05-01 18:33:00,WELL-001,drilling,1874.6988,134.8658,110.8591,14.0811,36.6343,91.5218,2071.0275,2091.4157,106.9538,1.3414,8.6708,Normal,0,,0.0,None,0,No Action Required
2026-05-01 18:34:00,WELL-001,drilling,1875.3572,138.7673,111.5892,13.8592,38.1374,90.7926,2051.3874,2094.326,106.9317,1.3361,9.163,Normal,0,,0.0,None,0,No Action Required
2026-05-01 18:35:00,WELL-001,drilling,1875.9862,135.7729,111.7946,14.0846,38.4987,91.2416,2059.5079,2054.3263,106.9559,1.341,8.18,Normal,0,,0.0,None,0,No Action Required
2026-05-01 18:36:00,WELL-001,drilling,1876.58,139.5962,110.7192,14.8353,37.1319,90.5824,2053.8926,2069.7024,107.0082,1.3365,8.4828,Normal,0,,0.0,None,0,No Action Required
2026-05-01 18:37:00,WELL-001,connection,1876.6041,0.0,0.0,0.2184,0.0,42.0026,826.3099,1472.4595,107.6658,1.3469,9.3318,Normal,0,,0.0,None,0,No Action Required
2026-05-01 18:38:00,WELL-001,connection,1876.6372,0.5606,2.9234,0.049,0.0726,14.1483,0.0,790.5093,108.4272,1.35,9.2544,Normal,0,,0.0,None,0,No Action Required
2026-05-01 18:39:00,WELL-001,connection,1876.6083,0.0,0.9006,0.0,0.0,4.5073,0.0,425.1888,108.8323,1.3518,9.4835,Normal,0,,0.0,None,0,No Action Required
2026-05-01 18:40:00,WELL-001,connection,1876.5998,0.0,0.0,0.0,0.5195,19.4524,1026.1066,700.508,108.5072,1.3448,9.2268,Normal,0,,0.0,None,0,No Action Required
2026-05-01 18:41:00,WELL-001,drilling,1876.7876,43.5505,38.0869,8.7193,9.4175,67.004,2075.5476,1360.8272,107.7486,1.3499,9.3124,Normal,0,,0.0,None,0,No Action Required
2026-05-01 18:42:00,WELL-001,drilling,1877.1184,91.1553,72.9972,12.1286,22.5924,84.0132,2079.3175,1711.2521,107.4,1.3529,8.9677,Normal,0,,0.0,None,0,No Action Required
2026-05-01 18:43:00,WELL-001,drilling,1877.7084,129.1103,109.1557,15.4004,34.568,88.6514,2058.2388,1846.8176,107.2277,1.3526,8.6831,Normal,0,,0.0,None,0,No Action Required
2026-05-01 18:44:00,WELL-001,drilling,1878.2973,130.0154,110.0106,14.9971,34.9964,90.0416,2067.6859,1931.3699,107.1577,1.3504,9.1601,Normal,0,,0.0,None,0,No Action Required
2026-05-01 18:45:00,WELL-001,drilling,1878.8825,131.0183,110.8487,14.8568,36.1654,91.5517,2067.7488,1999.7568,107.0918,1.3465,8.472,Normal,0,,0.0,None,0,No Action Required
2026-05-01 18:46:00,WELL-001,drilling,1879.5064,127.9395,109.9849,14.4637,37.0123,91.6816,2067.2437,2040.5488,107.0104,1.3496,8.4961,Normal,0,,0.0,None,0,No Action Required
2026-05-01 18:47:00,WELL-001,drilling,1880.0954,128.8817,109.1446,14.4794,36.0427,92.0478,2049.6955,2044.0848,107.0134,1.3507,8.3419,Normal,0,,0.0,None,0,No Action Required
2026-05-01 18:48:00,WELL-001,drilling,1880.7146,130.7697,108.588,14.0344,36.0685,92.2097,2065.9169,2025.0871,106.9798,1.3475,7.1579,Normal,0,,0.0,None,0,No Action Required
2026-05-01 18:49:00,WELL-001,drilling,1881.276,125.937,109.574,13.9498,34.5835,92.5768,2053.3742,2062.4855,106.9633,1.351,8.224,Normal,0,,0.0,None,0,No Action Required
2026-05-01 18:50:00,WELL-001,drilling,1881.8846,128.5728,108.8063,13.9548,35.1553,91.3738,2055.5966,2010.782,106.9792,1.3492,8.376,Normal,0,,0.0,None,0,No Action Required
2026-05-01 18:51:00,WELL-001,drilling,1882.4847,140.0848,108.2039,15.1295,37.6917,92.3254,2058.3249,2035.2084,106.9893,1.3493,8.7912,Normal,0,,0.0,None,0,No Action Required
2026-05-01 18:52:00,WELL-001,drilling,1883.0986,138.407,109.9369,15.0594,36.9062,91.5406,2062.2445,2071.5668,106.9768,1.3461,9.6604,Normal,0,,0.0,None,0,No Action Required
2026-05-01 18:53:00,WELL-001,drilling,1883.688,132.7513,109.3369,14.7767,34.3971,92.4631,2069.3817,2060.3458,106.9831,1.3514,9.3044,Normal,0,,0.0,None,0,No Action Required
2026-05-01 18:54:00,WELL-001,drilling,1884.2602,138.4335,108.189,15.3401,35.0535,91.9944,2073.0414,2073.5444,107.0111,1.3497,8.4031,Normal,0,,0.0,None,0,No Action Required
2026-05-01 18:55:00,WELL-001,drilling,1884.8373,134.738,111.4913,15.4812,33.7624,92.095,2062.66,2069.8392,106.975,1.3527,8.9366,Normal,0,,0.0,None,0,No Action Required
2026-05-01 18:56:00,WELL-001,drilling,1885.3833,136.5638,109.5848,15.4712,33.7019,91.6861,2063.8345,2032.8935,106.9444,1.3521,8.7158,Normal,0,,0.0,None,0,No Action Required
2026-05-01 18:57:00,WELL-001,drilling,1885.9059,133.4464,110.2517,15.2131,32.8703,91.9928,2046.0367,2032.7303,107.022,1.3516,8.4249,Normal,0,,0.0,None,0,No Action Required
2026-05-01 18:58:00,WELL-001,drilling,1886.4644,131.78,109.4435,14.9966,32.4761,91.6539,2056.5463,2037.8643,106.9941,1.3553,8.9599,Normal,0,,0.0,None,0,No Action Required
2026-05-01 18:59:00,WELL-001,drilling,1887.0264,130.4123,108.6706,14.7009,32.9161,92.1697,2048.8242,2067.1254,107.0024,1.3464,8.5367,Normal,0,,0.0,None,0,No Action Required
2026-05-01 19:00:00,WELL-001,drilling,1887.5897,128.4044,109.2366,14.7848,32.7111,91.2622,2055.2066,2024.5458,106.98,1.3484,8.0881,Normal,0,,0.0,None,0,No Action Required
2026-05-01 19:01:00,WELL-001,drilling,1888.1361,131.794,109.643,14.7719,31.8099,91.5227,2050.4716,2075.6982,106.9839,1.3508,17.8891,Normal,0,,0.0,None,0,No Action Required
2026-05-01 19:02:00,WELL-001,drilling,1888.6277,131.9445,109.2282,14.5361,32.1351,91.2295,2050.2439,2031.2209,106.9754,1.3478,18.4438,Normal,0,,0.0,None,0,No Action Required
2026-05-01 19:03:00,WELL-001,drilling,1889.1572,133.9202,109.6259,15.0523,33.1081,91.848,2066.9999,2080.9449,106.977,1.3516,18.2744,Normal,0,,0.0,None,0,No Action Required
2026-05-01 19:04:00,WELL-001,drilling,1889.7035,129.6981,110.0011,15.1683,31.3715,91.6933,2049.7881,2076.1865,107.0146,1.3495,7.9714,Normal,0,,0.0,None,0,No Action Required
2026-05-01 19:05:00,WELL-001,drilling,1890.2638,135.6722,109.6484,15.7388,34.2732,91.9612,2068.0938,2090.1466,106.9833,1.3519,7.5748,Normal,0,,0.0,None,0,No Action Required
2026-05-01 19:06:00,WELL-001,drilling,1890.8257,136.3693,111.0479,15.4232,34.0466,91.903,2072.9365,2086.2196,106.9786,1.3497,7.7271,Normal,0,,0.0,None,0,No Action Required
2026-05-01 19:07:00,WELL-001,drilling,1891.3543,128.3749,109.427,15.081,32.1925,92.3594,2064.5056,2064.8938,106.987,1.354,7.0603,Normal,0,,0.0,None,0,No Action Required
2026-05-01 19:08:00,WELL-001,drilling,1891.9198,126.2094,110.4253,14.3206,32.8453,93.2707,2070.8571,2075.8433,107.0456,1.3506,7.5311,Normal,0,,0.0,None,0,No Action Required
2026-05-01 19:09:00,WELL-001,drilling,1892.4486,125.8255,108.8244,14.3116,34.1621,92.3166,2053.9822,2075.4286,107.0142,1.3473,7.7254,Normal,0,,0.0,None,0,No Action Required
2026-05-01 19:10:00,WELL-001,drilling,1893.0811,131.1133,109.663,14.8151,34.2093,91.9784,2060.7479,2109.2788,107.0117,1.3507,8.3984,Normal,0,,0.0,None,0,No Action Required
2026-05-01 19:11:00,WELL-001,drilling,1893.6125,125.9966,109.5854,14.1451,33.5112,91.3992,2051.2507,2110.4221,107.0303,1.3481,8.206,Normal,0,,0.0,None,0,No Action Required
2026-05-01 19:12:00,WELL-001,drilling,1894.1565,123.8927,108.987,14.0296,32.3399,92.0888,2066.452,2078.9009,107.0099,1.3491,7.5446,Normal,0,,0.0,None,0,No Action Required
2026-05-01 19:13:00,WELL-001,drilling,1894.7283,127.8985,110.1277,14.1698,32.343,90.9652,2040.2712,2012.7523,107.0684,1.3509,8.0744,Normal,0,,0.0,None,0,No Action Required
2026-05-01 19:14:00,WELL-001,drilling,1895.2957,131.6463,108.8913,14.6275,34.0086,91.758,2050.8177,2056.9824,107.0473,1.3489,7.6023,Normal,0,,0.0,None,0,No Action Required
2026-05-01 19:15:00,WELL-001,drilling,1895.8752,133.3347,108.8555,14.6657,34.6549,90.7702,2049.0245,2093.5526,107.067,1.3525,7.945,Normal,0,,0.0,None,0,No Action Required
2026-05-01 19:16:00,WELL-001,drilling,1896.4656,133.6436,109.6708,14.2,34.7321,91.285,2043.5541,2059.7166,107.0552,1.3508,7.4975,Normal,0,,0.0,None,0,No Action Required
2026-05-01 19:17:00,WELL-001,drilling,1897.0412,138.0435,110.7057,15.278,35.9785,91.53,2059.5468,2077.7113,106.9749,1.3485,6.5815,Normal,0,,0.0,None,0,No Action Required
2026-05-01 19:18:00,WELL-001,drilling,1897.5983,137.6472,107.3298,15.2367,33.4913,91.9579,2046.4178,2083.9233,107.0208,1.3482,6.8051,Normal,0,,0.0,None,0,No Action Required
2026-05-01 19:19:00,WELL-001,drilling,1898.1587,135.0511,110.2686,15.0028,33.7709,92.2293,2044.8553,2082.9385,107.0207,1.3502,6.3753,Normal,0,,0.0,None,0,No Action Required
2026-05-01 19:20:00,WELL-001,drilling,1898.7867,135.5073,108.7577,15.3471,34.7561,91.6568,2069.428,2088.1241,107.0815,1.3456,7.108,Normal,0,,0.0,None,0,No Action Required
2026-05-01 19:21:00,WELL-001,drilling,1899.3474,135.9041,109.2176,15.9339,34.2605,92.0656,2060.3452,2060.8791,107.0273,1.3513,6.6307,Normal,0,,0.0,None,0,No Action Required
2026-05-01 19:22:00,WELL-001,drilling,1899.9519,139.9277,109.7475,15.4809,36.4768,92.1486,2041.6142,2076.3301,107.0729,1.3486,6.1529,Normal,0,,0.0,None,0,No Action Required
2026-05-01 19:23:00,WELL-001,drilling,1900.5342,137.13,109.1046,15.2084,37.3285,91.8926,2058.5001,2042.7339,107.0508,1.3472,6.4004,Normal,0,,0.0,None,0,No Action Required
2026-05-01 19:24:00,WELL-001,drilling,1901.1787,138.7341,109.5778,15.7045,38.1947,92.2043,2054.9344,2071.073,107.0715,1.3555,6.5451,Normal,0,,0.0,None,0,No Action Required
2026-05-01 19:25:00,WELL-001,drilling,1901.835,139.9766,110.3312,15.6245,39.1705,92.3529,2073.8691,2029.5693,107.1231,1.3491,6.1637,Normal,0,,0.0,None,0,No Action Required
2026-05-01 19:26:00,WELL-001,drilling,1902.5283,136.5119,109.4056,15.3534,40.9594,92.1909,2054.7903,2067.7395,107.0092,1.3484,6.3273,Normal,0,,0.0,None,0,No Action Required
2026-05-01 19:27:00,WELL-001,drilling,1903.2116,139.266,108.8883,15.5613,41.5588,92.892,2057.1713,2081.3045,107.0497,1.3504,6.3501,Normal,0,,0.0,None,0,No Action Required
2026-05-01 19:28:00,WELL-001,drilling,1903.8908,140.9722,109.3358,16.1948,41.0719,92.6525,2067.3446,2027.3595,107.0384,1.3531,5.8966,Normal,0,,0.0,None,0,No Action Required
2026-05-01 19:29:00,WELL-001,drilling,1904.5572,139.7195,111.2266,16.0704,39.6904,93.4855,2051.6296,2046.3713,107.0171,1.3499,5.7851,Normal,0,,0.0,None,0,No Action Required
2026-05-01 19:30:00,WELL-001,drilling,1905.1939,141.3269,109.2923,16.2429,37.7043,92.6669,2076.0182,2115.4598,107.066,1.3513,6.5312,Normal,0,,0.0,None,0,No Action Required
2026-05-01 19:31:00,WELL-001,connection,1905.1715,0.184,0.0,0.0,0.4607,42.9396,827.0813,1499.5647,107.7523,1.3569,6.7646,Normal,0,,0.0,None,0,No Action Required
2026-05-01 19:32:00,WELL-001,connection,1905.1911,0.0,0.0,0.0342,0.0,14.248,0.0,796.2471,108.4871,1.3603,6.3434,Normal,0,,0.0,None,0,No Action Required
2026-05-01 19:33:00,WELL-001,connection,1905.2209,0.0,0.1722,0.0,0.5045,5.1629,0.0,428.1427,108.9412,1.3625,6.3443,Normal,0,,0.0,None,0,No Action Required
2026-05-01 19:34:00,WELL-001,connection,1905.1862,0.1925,0.1874,0.0497,0.1244,2.511,0.0,224.6117,109.1115,1.3584,6.1093,Normal,0,,0.0,None,0,No Action Required
2026-05-01 19:35:00,WELL-001,connection,1905.1899,0.883,0.0,0.0,0.0,0.745,0.0,117.7408,109.2289,1.3617,6.9217,Normal,0,,0.0,None,0,No Action Required
2026-05-01 19:36:00,WELL-001,connection,1905.1857,0.0808,0.5095,0.0,0.0,0.0,0.0,65.421,109.3034,1.358,7.7068,Normal,0,,0.0,None,0,No Action Required
2026-05-01 19:37:00,WELL-001,connection,1905.2514,0.5901,0.0542,0.035,0.0,0.4247,0.0,34.0962,109.3366,1.3576,7.9672,Normal,0,,0.0,None,0,No Action Required
2026-05-01 19:38:00,WELL-001,connection,1905.1985,0.7378,0.205,0.0,0.8145,0.1177,0.0,18.007,109.3928,1.3593,7.5851,Normal,0,,0.0,None,0,No Action Required
2026-05-01 19:39:00,WELL-001,connection,1905.219,0.0413,0.0,0.0,0.3275,17.6119,1036.2025,490.861,108.809,1.362,7.9379,Normal,0,,0.0,None,0,No Action Required
2026-05-01 19:40:00,WELL-001,drilling,1905.3382,42.4888,40.6829,8.3576,9.7326,68.5174,2073.644,1225.9798,107.949,1.3613,8.2645,Normal,0,,0.0,None,0,No Action Required
2026-05-01 19:41:00,WELL-001,drilling,1905.6959,87.8177,79.7158,11.7649,21.3375,85.1653,2082.6873,1612.7701,107.4905,1.3662,7.4941,Normal,0,,0.0,None,0,No Action Required
2026-05-01 19:42:00,WELL-001,drilling,1906.3485,128.6704,120.0938,15.0268,35.8252,91.0609,2053.4362,1854.5911,107.3172,1.3615,7.9708,Normal,0,,0.0,None,0,No Action Required
2026-05-01 19:43:00,WELL-001,drilling,1906.9102,129.0383,119.5085,15.1444,35.2379,94.1537,2074.5072,1938.8383,107.1886,1.3595,8.2052,Normal,0,,0.0,None,0,No Action Required
2026-05-01 19:44:00,WELL-001,drilling,1907.4887,131.0694,118.3316,15.6457,34.7849,93.8677,2083.8912,2023.2009,107.0862,1.3594,8.4289,Normal,0,,0.0,None,0,No Action Required
2026-05-01 19:45:00,WELL-001,drilling,1908.1039,130.872,119.4128,16.0064,35.2904,94.5346,2089.4719,2077.3981,107.0771,1.3594,8.4767,Normal,0,,0.0,None,0,No Action Required
2026-05-01 19:46:00,WELL-001,drilling,1908.7025,135.1412,118.9965,16.0908,36.5802,94.358,2102.16,2014.4279,107.0367,1.3605,8.3925,Normal,0,,0.0,None,0,No Action Required
2026-05-01 19:47:00,WELL-001,drilling,1909.2804,132.2288,119.7867,16.3271,35.855,94.4016,2081.6512,2054.9031,107.0321,1.3575,8.6791,Normal,0,,0.0,None,0,No Action Required
2026-05-01 19:48:00,WELL-001,drilling,1909.8747,128.8369,119.2098,16.0242,34.4389,94.4657,2075.3452,2065.0227,107.0094,1.36,8.2666,Normal,0,,0.0,None,0,No Action Required
2026-05-01 19:49:00,WELL-001,drilling,1910.395,129.028,119.1513,15.5075,32.478,94.4476,2095.0249,2037.0792,107.0616,1.359,8.5035,Normal,0,,0.0,None,0,No Action Required
2026-05-01 19:50:00,WELL-001,drilling,1910.9293,129.2257,121.4767,14.8501,32.548,94.3313,2062.0437,2074.4616,107.0619,1.3587,8.4085,Normal,0,,0.0,None,0,No Action Required
2026-05-01 19:51:00,WELL-001,drilling,1911.4679,123.7179,120.2067,14.5724,31.4522,94.1819,2079.6877,2045.6743,107.0363,1.3617,9.1965,Normal,0,,0.0,None,0,No Action Required
2026-05-01 19:52:00,WELL-001,drilling,1911.972,126.7115,118.5117,14.6624,30.8091,94.6643,2078.8452,2012.8079,107.0642,1.3598,9.3317,Normal,0,,0.0,None,0,No Action Required
2026-05-01 19:53:00,WELL-001,drilling,1912.5465,124.1738,120.9897,14.3324,30.1862,93.6884,2074.8485,2058.1652,107.0207,1.3595,9.064,Normal,0,,0.0,None,0,No Action Required
2026-05-01 19:54:00,WELL-001,drilling,1913.044,131.8853,120.1085,15.319,32.4085,93.9713,2072.8532,2076.9912,107.0289,1.3571,8.843,Normal,0,,0.0,None,0,No Action Required
2026-05-01 19:55:00,WELL-001,drilling,1913.5798,130.6793,120.2844,15.5748,30.9647,93.6062,2080.885,2059.1361,107.0064,1.3601,23.4537,Normal,0,,0.0,None,0,No Action Required
2026-05-01 19:56:00,WELL-001,drilling,1914.1251,129.9939,121.0792,15.3644,33.2977,93.3045,2051.809,2064.9491,106.9972,1.361,23.052,Normal,0,,0.0,None,0,No Action Required
2026-05-01 19:57:00,WELL-001,drilling,1914.6483,136.0103,119.2351,15.5031,34.1216,94.549,2083.6956,2062.8379,107.0163,1.3597,22.9421,Normal,0,,0.0,None,0,No Action Required
2026-05-01 19:58:00,WELL-001,drilling,1915.2437,133.6934,118.6609,15.1388,34.543,95.0311,2081.8811,2093.0374,107.1095,1.3598,22.9463,Normal,0,,0.0,None,0,No Action Required
2026-05-01 19:59:00,WELL-001,drilling,1915.8463,133.0381,118.7074,15.6925,35.1094,94.7466,2074.0443,2077.194,107.0717,1.3594,21.8986,Normal,0,,0.0,None,0,No Action Required
2026-05-01 20:00:00,WELL-001,drilling,1916.4729,132.1174,119.4297,15.4245,35.9915,94.6466,2066.2698,2071.9276,107.0195,1.3597,21.5687,Normal,0,,0.0,None,0,No Action Required
2026-05-01 20:01:00,WELL-001,drilling,1917.0299,131.0683,119.7453,15.2529,36.3941,93.3919,2081.5177,2086.8811,107.0598,1.3588,22.4905,Normal,0,,0.0,None,0,No Action Required
2026-05-01 20:02:00,WELL-001,drilling,1917.666,129.9421,119.5516,15.2314,35.8594,93.7826,2053.7173,2115.8568,107.0516,1.3572,22.0577,Normal,0,,0.0,None,0,No Action Required
2026-05-01 20:03:00,WELL-001,drilling,1918.2945,128.4406,119.1113,15.214,35.4873,94.3733,2072.0354,2090.875,107.106,1.3581,7.5069,Normal,0,,0.0,None,0,No Action Required
2026-05-01 20:04:00,WELL-001,drilling,1918.8344,125.1309,119.8388,14.6524,34.4652,92.801,2081.234,2071.2665,107.0354,1.3614,7.2001,Normal,0,,0.0,None,0,No Action Required
2026-05-01 20:05:00,WELL-001,drilling,1919.4371,128.8567,119.858,14.5133,36.9068,94.1611,2067.7899,2076.6821,107.1284,1.3596,8.0198,Normal,0,,0.0,None,0,No Action Required
2026-05-01 20:06:00,WELL-001,drilling,1920.0885,133.5322,119.2637,15.8787,38.0468,93.839,2051.9205,2100.1929,107.0569,1.3604,7.3101,Normal,0,,0.0,None,0,No Action Required
2026-05-01 20:07:00,WELL-001,drilling,1920.7137,131.1884,119.9092,16.0429,38.2762,93.5941,2067.7642,2092.7545,107.1223,1.3619,7.5833,Normal,0,,0.0,None,0,No Action Required
2026-05-01 20:08:00,WELL-001,drilling,1921.3648,136.8695,120.5271,15.3613,38.7085,92.7945,2048.0749,2061.1697,107.0819,1.3631,7.7365,Normal,0,,0.0,None,0,No Action Required
2026-05-01 20:09:00,WELL-001,drilling,1921.9917,132.2727,119.4784,15.2292,37.8113,93.1713,2052.5527,2040.3422,107.1108,1.3621,8.6425,Normal,0,,0.0,None,0,No Action Required
2026-05-01 20:10:00,WELL-001,drilling,1922.5868,127.6928,118.6045,15.3545,35.268,93.9789,2065.545,2052.3781,107.1084,1.358,8.4241,Normal,0,,0.0,None,0,No Action Required
2026-05-01 20:11:00,WELL-001,drilling,1923.19,122.9283,119.8773,14.7215,34.3481,92.9545,2058.9055,2080.3317,107.0807,1.3563,8.5581,Normal,0,,0.0,None,0,No Action Required
2026-05-01 20:12:00,WELL-001,drilling,1923.7208,124.4081,119.5877,14.647,35.0342,93.4282,2055.8414,2046.1855,107.1225,1.3622,8.6394,Normal,0,,0.0,None,0,No Action Required
2026-05-01 20:13:00,WELL-001,drilling,1924.2785,120.7509,119.1176,14.434,32.9813,93.6292,2069.1498,2023.9878,107.1462,1.3562,7.7773,Normal,0,,0.0,None,0,No Action Required
2026-05-01 20:14:00,WELL-001,drilling,1924.9167,123.5555,119.4863,14.5191,35.9922,93.1703,2071.4047,2051.1837,107.0856,1.3606,8.311,Normal,0,,0.0,None,0,No Action Required
2026-05-01 20:15:00,WELL-001,drilling,1925.3904,120.9647,120.6959,14.3568,32.9686,93.8733,2064.4486,2088.9967,107.0296,1.3584,8.7472,Normal,0,,0.0,None,0,No Action Required
2026-05-01 20:16:00,WELL-001,drilling,1925.981,116.5169,119.2424,14.336,34.0901,94.1559,2066.4859,2107.3855,107.1029,1.3618,8.2124,Normal,0,,0.0,None,0,No Action Required
2026-05-01 20:17:00,WELL-001,drilling,1926.5605,117.7645,120.1851,14.4027,33.4748,93.3108,2072.9603,2054.0267,107.1254,1.3595,8.4179,Normal,0,,0.0,None,0,No Action Required
2026-05-01 20:18:00,WELL-001,drilling,1927.0681,121.4979,118.3921,14.4477,31.6793,93.8391,2060.1658,2041.3006,107.1228,1.3602,7.9544,Normal,0,,0.0,None,0,No Action Required
2026-05-01 20:19:00,WELL-001,drilling,1927.5957,119.9819,118.0031,14.3505,32.353,94.3377,2057.1582,2087.7878,107.1068,1.3598,7.4267,Normal,0,,0.0,None,0,No Action Required
2026-05-01 20:20:00,WELL-001,drilling,1928.1021,115.273,120.1484,13.6448,31.6492,94.0372,2069.4291,2047.3934,107.0562,1.3626,7.3868,Normal,0,,0.0,None,0,No Action Required
2026-05-01 20:21:00,WELL-001,drilling,1928.5861,114.0014,119.8094,13.3926,30.0986,94.067,2072.2289,2081.1975,107.112,1.358,7.5937,Normal,0,,0.0,None,0,No Action Required
2026-05-01 20:22:00,WELL-001,drilling,1929.1175,118.0725,118.9144,14.0816,29.8045,94.7272,2070.7767,2055.5486,107.1325,1.3584,7.5399,Normal,0,,0.0,None,0,No Action Required
2026-05-01 20:23:00,WELL-001,drilling,1929.61,117.048,119.4855,13.8147,30.2783,94.3296,2076.0726,2061.0594,107.0973,1.3585,7.2536,Normal,0,,0.0,None,0,No Action Required
2026-05-01 20:24:00,WELL-001,drilling,1930.1352,120.7361,120.2436,13.4885,32.2479,94.8303,2077.7103,2057.4393,107.0602,1.3609,7.9494,Normal,0,,0.0,None,0,No Action Required
2026-05-01 20:25:00,WELL-001,drilling,1930.6978,121.5814,119.6335,13.8252,32.1796,93.5288,2068.6224,2065.585,107.0738,1.3614,7.7995,Normal,0,,0.0,None,0,No Action Required
2026-05-01 20:26:00,WELL-001,drilling,1931.229,126.0926,119.3605,14.1944,32.4266,94.7307,2071.4744,2064.949,107.0417,1.3609,7.8372,Normal,0,,0.0,None,0,No Action Required
2026-05-01 20:27:00,WELL-001,drilling,1931.8076,126.928,120.0325,13.9363,32.5399,94.635,2069.0021,2070.2304,107.0767,1.3632,7.7848,Normal,0,,0.0,None,0,No Action Required
2026-05-01 20:28:00,WELL-001,drilling,1932.2951,124.9217,120.0028,14.0753,32.8252,94.2657,2059.8796,2075.2903,107.0961,1.3592,8.1086,Normal,0,,0.0,None,0,No Action Required
2026-05-01 20:29:00,WELL-001,drilling,1932.8561,119.031,119.3152,14.1766,32.5668,93.6223,2060.2717,2048.8961,107.0712,1.3618,8.2429,Normal,0,,0.0,None,0,No Action Required
2026-05-01 20:30:00,WELL-001,drilling,1933.4189,117.7298,120.4033,13.8795,31.7687,93.7484,2073.0053,2052.4443,107.1196,1.3606,7.6164,Normal,0,,0.0,None,0,No Action Required
2026-05-01 20:31:00,WELL-001,connection,1933.4177,0.0164,1.0897,0.1858,1.0961,43.5533,820.782,1503.1717,107.7518,1.3582,7.9446,Normal,0,,0.0,None,0,No Action Required
2026-05-01 20:32:00,WELL-001,connection,1933.3831,0.9207,0.0,0.0,0.1798,14.6884,0.0,795.2863,108.5125,1.3609,7.1194,Normal,0,,0.0,None,0,No Action Required
2026-05-01 20:33:00,WELL-001,connection,1933.3874,0.0113,0.8117,0.1319,0.1076,4.9927,0.0,419.5213,109.0181,1.3611,6.9231,Normal,0,,0.0,None,0,No Action Required
2026-05-01 20:34:00,WELL-001,connection,1933.3905,0.0,0.0,0.0,0.039,1.3677,0.0,224.5751,109.1513,1.3592,7.3921,Normal,0,,0.0,None,0,No Action Required
2026-05-01 20:35:00,WELL-001,connection,1933.4209,0.0,0.0,0.0455,0.0,0.0141,0.0,117.7524,109.3069,1.3598,7.6678,Normal,0,,0.0,None,0,No Action Required
2026-05-01 20:36:00,WELL-001,connection,1933.424,0.5026,0.0,0.2383,0.0,18.8363,1033.2092,539.5524,108.7915,1.3624,7.9385,Normal,0,,0.0,None,0,No Action Required
2026-05-01 20:37:00,WELL-001,drilling,1933.587,41.0189,37.0796,7.5544,9.4693,68.6167,2069.4964,1254.9346,108.0777,1.3613,7.3229,Normal,0,,0.0,None,0,No Action Required
2026-05-01 20:38:00,WELL-001,drilling,1933.9005,83.1709,77.6184,10.9329,20.6777,85.9682,2058.9086,1643.3126,107.6085,1.3616,8.2057,Normal,0,,0.0,None,0,No Action Required
2026-05-01 20:39:00,WELL-001,drilling,1934.4821,130.5244,115.0058,14.5103,35.2191,91.2813,2074.9278,1835.6242,107.3429,1.3602,7.8234,Normal,0,,0.0,None,0,No Action Required
2026-05-01 20:40:00,WELL-001,drilling,1935.0659,128.9857,114.7233,14.6047,34.5579,92.9918,2056.6657,1908.2657,107.2233,1.3577,7.8113,Normal,0,,0.0,None,0,No Action Required
2026-05-01 20:41:00,WELL-001,drilling,1935.649,127.9561,115.3468,15.3775,33.625,93.4915,2071.8577,2036.1496,107.1679,1.3611,8.0558,Normal,0,,0.0,None,0,No Action Required
2026-05-01 20:42:00,WELL-001,drilling,1936.1667,127.9203,114.6828,15.33,33.1441,93.4567,2078.8116,2049.0899,107.1454,1.3618,8.5247,Normal,0,,0.0,None,0,No Action Required
2026-05-01 20:43:00,WELL-001,drilling,1936.7355,127.7512,114.39,14.609,31.6178,94.3911,2061.867,2045.6199,107.0603,1.3625,8.212,Normal,0,,0.0,None,0,No Action Required
2026-05-01 20:44:00,WELL-001,drilling,1937.2435,133.3488,114.3919,15.0126,33.4101,94.5038,2075.8707,2072.8304,107.0846,1.3602,7.7921,Normal,0,,0.0,None,0,No Action Required
2026-05-01 20:45:00,WELL-001,drilling,1937.8497,131.9615,114.2693,15.0884,34.7281,95.0058,2083.9436,2075.6468,107.123,1.3583,8.2092,Normal,0,,0.0,None,0,No Action Required
2026-05-01 20:46:00,WELL-001,drilling,1938.4107,131.9105,113.4376,14.9833,35.1342,94.7632,2074.2244,2059.7334,107.0452,1.362,7.8754,Normal,0,,0.0,None,0,No Action Required
2026-05-01 20:47:00,WELL-001,drilling,1938.9885,132.8899,114.7706,15.5962,35.6189,95.4537,2068.4772,2070.8987,107.1083,1.3623,7.62,Normal,0,,0.0,None,0,No Action Required
2026-05-01 20:48:00,WELL-001,drilling,1939.6185,136.097,113.4365,15.4094,36.1503,95.5628,2075.3594,2065.7765,107.0819,1.3639,6.959,Normal,0,,0.0,None,0,No Action Required
2026-05-01 20:49:00,WELL-001,drilling,1940.2216,135.4747,112.9293,15.584,36.2405,95.3396,2074.5169,2066.7768,107.0536,1.3575,6.7369,Normal,0,,0.0,None,0,No Action Required
2026-05-01 20:50:00,WELL-001,drilling,1940.827,139.7472,114.6427,15.2354,36.9633,94.987,2085.1987,2062.349,107.1038,1.3602,7.4288,Normal,0,,0.0,None,0,No Action Required
2026-05-01 20:51:00,WELL-001,drilling,1941.4306,134.1676,114.5816,15.4214,35.6611,95.6329,2055.242,2084.5754,107.1252,1.3564,7.1507,Normal,0,,0.0,None,0,No Action Required
2026-05-01 20:52:00,WELL-001,drilling,1942.0067,130.9862,114.0778,15.3867,34.8949,94.725,2065.8792,2029.0694,107.0941,1.3615,7.6857,Normal,0,,0.0,None,0,No Action Required
2026-05-01 20:53:00,WELL-001,drilling,1942.6021,131.0416,112.755,15.1511,36.5176,94.6961,2076.9899,2050.4469,107.136,1.3603,7.0057,Normal,0,,0.0,None,0,No Action Required
2026-05-01 20:54:00,WELL-001,drilling,1943.2366,137.2884,113.3905,15.5655,36.2318,94.1831,2063.2137,2075.043,107.0603,1.3578,7.8672,Normal,0,,0.0,None,0,No Action Required
2026-05-01 20:55:00,WELL-001,drilling,1943.8349,137.2049,114.8013,15.227,37.6265,94.6606,2071.6621,2059.8574,107.064,1.3601,24.3021,Normal,0,,0.0,None,0,No Action Required
2026-05-01 20:56:00,WELL-001,drilling,1944.4258,132.1838,113.4179,14.8258,36.4069,94.78,2060.6555,2049.3274,107.1595,1.3617,22.3503,Normal,0,,0.0,None,0,No Action Required
2026-05-01 20:57:00,WELL-001,drilling,1944.9819,131.1791,114.1439,14.3775,35.8031,94.5286,2062.642,2079.9457,107.1567,1.3605,23.2798,Normal,0,,0.0,None,0,No Action Required
2026-05-01 20:58:00,WELL-001,drilling,1945.631,130.4468,113.3482,14.2789,35.5039,94.1807,2073.807,2084.1967,107.1217,1.3545,23.455,Normal,0,,0.0,None,0,No Action Required
2026-05-01 20:59:00,WELL-001,drilling,1946.1941,132.6737,114.7601,15.0146,35.6701,94.7808,2077.5137,2116.4421,107.1367,1.3581,22.957,Normal,0,,0.0,None,0,No Action Required
2026-05-01 21:00:00,WELL-001,drilling,1946.8191,138.7626,113.5671,15.7085,35.483,94.7008,2068.2111,2120.6309,107.0978,1.3588,6.9093,Normal,0,,0.0,None,0,No Action Required
2026-05-01 21:01:00,WELL-001,drilling,1947.4268,143.8707,112.9771,16.1142,37.2261,95.425,2070.674,2079.9569,107.0477,1.3592,7.4587,Normal,0,,0.0,None,0,No Action Required
2026-05-01 21:02:00,WELL-001,drilling,1948.0206,144.2207,115.1384,16.1382,36.8146,95.545,2069.4737,2080.8449,107.0747,1.3617,7.3095,Normal,0,,0.0,None,0,No Action Required
2026-05-01 21:03:00,WELL-001,drilling,1948.6907,137.4665,114.0649,15.939,37.7196,94.892,2067.0462,2029.9866,107.1653,1.3622,7.2228,Normal,0,,0.0,None,0,No Action Required
2026-05-01 21:04:00,WELL-001,drilling,1949.3393,137.7326,114.3641,16.1648,38.9821,95.4019,2074.795,2065.2117,107.1099,1.3637,6.4712,Normal,0,,0.0,None,0,No Action Required
2026-05-01 21:05:00,WELL-001,drilling,1949.9555,134.4477,114.0928,15.6542,37.5145,95.9127,2067.3453,2036.7304,107.163,1.3587,6.1476,Normal,0,,0.0,None,0,No Action Required
2026-05-01 21:06:00,WELL-001,drilling,1950.5751,127.6572,115.8122,15.2863,36.5184,94.9629,2062.3717,2082.4141,107.123,1.3618,7.2617,Normal,0,,0.0,None,0,No Action Required
2026-05-01 21:07:00,WELL-001,drilling,1951.1927,133.0241,115.1909,15.6357,36.2589,94.6958,2080.7913,2073.7709,107.111,1.359,7.3653,Normal,0,,0.0,None,0,No Action Required
2026-05-01 21:08:00,WELL-001,drilling,1951.7822,130.244,114.6185,15.5138,35.829,95.0766,2077.2766,2108.0952,107.1433,1.3581,8.6087,Normal,0,,0.0,None,0,No Action Required
2026-05-01 21:09:00,WELL-001,drilling,1952.3605,128.5691,114.9093,15.3597,34.6885,94.9681,2062.9234,2056.2999,107.1396,1.3567,6.8867,Normal,0,,0.0,None,0,No Action Required
2026-05-01 21:10:00,WELL-001,drilling,1952.884,126.937,112.7493,15.2651,33.5093,94.8125,2065.5601,2075.2548,107.1906,1.3587,7.734,Normal,0,,0.0,None,0,No Action Required
2026-05-01 21:11:00,WELL-001,drilling,1953.523,125.6653,114.5866,15.0987,36.0668,94.5039,2055.6952,2114.8931,107.1695,1.3594,7.5,Normal,0,,0.0,None,0,No Action Required
2026-05-01 21:12:00,WELL-001,drilling,1954.0497,129.824,112.9828,15.2673,34.215,93.9562,2056.0124,2024.406,107.1416,1.3614,7.3207,Normal,0,,0.0,None,0,No Action Required
2026-05-01 21:13:00,WELL-001,drilling,1954.6179,130.7216,114.7874,15.0669,33.6238,93.901,2053.5899,2074.9365,107.1571,1.3613,6.9702,Normal,0,,0.0,None,0,No Action Required
2026-05-01 21:14:00,WELL-001,drilling,1955.1971,126.8344,114.44,14.9643,34.2802,93.3725,2057.1398,2048.0795,107.1655,1.3575,7.6788,Normal,0,,0.0,None,0,No Action Required
2026-05-01 21:15:00,WELL-001,drilling,1955.7794,131.9106,113.3319,15.407,35.981,93.7413,2053.0038,2076.4509,107.1431,1.3603,8.4849,Normal,0,,0.0,None,0,No Action Required
2026-05-01 21:16:00,WELL-001,drilling,1956.4157,127.0131,114.8214,14.9507,37.8977,93.184,2051.5459,2047.3519,107.1538,1.3585,7.8763,Normal,0,,0.0,None,0,No Action Required
2026-05-01 21:17:00,WELL-001,drilling,1957.0375,126.2196,114.4452,14.4535,37.2223,93.2631,2053.1948,2019.063,107.1216,1.3593,8.4557,Normal,0,,0.0,None,0,No Action Required
2026-05-01 21:18:00,WELL-001,drilling,1957.673,130.7708,114.8474,14.713,36.2338,93.2973,2063.3048,2064.3603,107.1463,1.3571,8.2014,Normal,0,,0.0,None,0,No Action Required
2026-05-01 21:19:00,WELL-001,drilling,1958.2792,133.78,113.3542,14.6416,37.0007,93.6651,2071.2715,2089.3591,107.149,1.3586,8.6459,Normal,0,,0.0,None,0,No Action Required
2026-05-01 21:20:00,WELL-001,drilling,1958.8969,129.8834,114.5012,15.0589,36.7421,94.4434,2057.0532,2129.7566,107.1398,1.3616,8.8264,Normal,0,,0.0,None,0,No Action Required
2026-05-01 21:21:00,WELL-001,drilling,1959.4425,125.1788,115.8752,13.9879,34.401,93.93,2064.5364,2045.5991,107.1655,1.3634,8.7423,Normal,0,,0.0,None,0,No Action Required
2026-05-01 21:22:00,WELL-001,drilling,1960.02,129.2723,115.304,14.2753,34.4434,95.2147,2054.0657,2034.1647,107.1448,1.3605,7.8331,Normal,0,,0.0,None,0,No Action Required
2026-05-01 21:23:00,WELL-001,drilling,1960.5582,130.5896,114.3484,15.3662,35.2465,94.7719,2042.4074,2088.0231,107.1857,1.3613,8.3546,Normal,0,,0.0,None,0,No Action Required
2026-05-01 21:24:00,WELL-001,drilling,1961.1918,131.0025,114.2097,14.6855,34.8165,94.7641,2067.0194,2069.1453,107.1411,1.3614,8.7044,Normal,0,,0.0,None,0,No Action Required
2026-05-01 21:25:00,WELL-001,drilling,1961.7735,128.673,115.2688,14.4857,34.5725,94.5976,2057.2433,2059.3555,107.1494,1.357,9.0099,Normal,0,,0.0,None,0,No Action Required
2026-05-01 21:26:00,WELL-001,connection,1961.7327,0.0,0.3944,0.0854,0.0,43.532,825.672,1488.5718,107.8072,1.3683,8.8756,Normal,0,,0.0,None,0,No Action Required
2026-05-01 21:27:00,WELL-001,connection,1961.7762,0.0,0.1409,0.0,0.0,14.605,0.0,788.2884,108.6242,1.3683,9.4503,Normal,0,,0.0,None,0,No Action Required
2026-05-01 21:28:00,WELL-001,connection,1961.772,0.0,0.0,0.0,0.0,5.7111,0.0,416.0184,109.0283,1.3687,8.9883,Normal,0,,0.0,None,0,No Action Required
2026-05-01 21:29:00,WELL-001,connection,1961.7718,0.0,0.0,0.005,0.0,1.3303,0.0,223.5041,109.2456,1.3709,9.1792,Normal,0,,0.0,None,0,No Action Required
2026-05-01 21:30:00,WELL-001,connection,1961.7557,0.0,0.0349,0.0,0.3142,19.2387,1033.7566,602.04,108.8419,1.3674,9.0367,Normal,0,,0.0,None,0,No Action Required
2026-05-01 21:31:00,WELL-001,drilling,1961.919,40.2927,40.5443,7.921,10.3199,69.9916,2071.347,1281.8969,108.0346,1.3712,9.2436,Normal,0,,0.0,None,0,No Action Required
2026-05-01 21:32:00,WELL-001,drilling,1962.3158,84.6457,80.0743,11.3991,22.3648,87.2667,2077.9566,1643.7973,107.6395,1.3732,9.1678,Normal,0,,0.0,None,0,No Action Required
2026-05-01 21:33:00,WELL-001,drilling,1962.8565,123.4854,120.135,14.0475,34.6945,92.7417,2066.4841,1835.6904,107.3597,1.3712,8.4337,Normal,0,,0.0,None,0,No Action Required
2026-05-01 21:34:00,WELL-001,drilling,1963.4499,125.2289,119.3243,14.0709,35.8775,94.2341,2056.7941,1951.526,107.2405,1.368,7.6641,Normal,0,,0.0,None,0,No Action Required
2026-05-01 21:35:00,WELL-001,drilling,1964.0235,124.7725,119.3734,14.1164,35.234,95.269,2068.473,1973.5672,107.2134,1.3707,8.1136,Normal,0,,0.0,None,0,No Action Required
2026-05-01 21:36:00,WELL-001,drilling,1964.6375,123.6447,119.9639,14.4708,34.6116,96.6058,2060.8075,2028.9905,107.1954,1.3701,7.5875,Normal,0,,0.0,None,0,No Action Required
2026-05-01 21:37:00,WELL-001,drilling,1965.1622,122.0845,120.0949,14.4251,33.9581,95.7299,2073.5725,2049.8953,107.1332,1.3648,8.2861,Normal,0,,0.0,None,0,No Action Required
2026-05-01 21:38:00,WELL-001,drilling,1965.7541,124.0565,121.2187,13.6919,33.3163,95.6544,2061.5581,2038.446,107.1823,1.3693,7.6215,Normal,0,,0.0,None,0,No Action Required
2026-05-01 21:39:00,WELL-001,drilling,1966.3035,124.6973,120.2824,13.9487,33.0232,95.9918,2073.036,2094.9632,107.2136,1.369,7.6406,Normal,0,,0.0,None,0,No Action Required
2026-05-01 21:40:00,WELL-001,drilling,1966.8838,132.2579,120.3101,14.4712,35.2626,96.6004,2058.3342,2068.0301,107.1565,1.3694,7.0195,Normal,0,,0.0,None,0,No Action Required
2026-05-01 21:41:00,WELL-001,drilling,1967.4691,128.443,119.672,14.1672,34.6109,95.6102,2057.6755,2060.9125,107.1365,1.3689,7.2062,Normal,0,,0.0,None,0,No Action Required
2026-05-01 21:42:00,WELL-001,drilling,1968.0535,125.9268,119.3822,14.3044,34.9307,96.5612,2062.6302,2079.7298,107.1255,1.3696,6.8498,Normal,0,,0.0,None,0,No Action Required
2026-05-01 21:43:00,WELL-001,drilling,1968.6637,128.0825,120.255,14.4986,36.0005,97.0958,2069.0659,2047.0055,107.1626,1.3687,8.1235,Normal,0,,0.0,None,0,No Action Required
2026-05-01 21:44:00,WELL-001,drilling,1969.2523,132.2167,120.5849,14.5828,36.2199,97.0101,2060.8335,2058.7404,107.1471,1.3679,7.6638,Normal,0,,0.0,None,0,No Action Required
2026-05-01 21:45:00,WELL-001,drilling,1969.8893,141.1483,119.1387,15.3914,36.2715,95.9596,2070.5649,2037.768,107.169,1.3698,8.7154,Normal,0,,0.0,None,0,No Action Required
2026-05-01 21:46:00,WELL-001,drilling,1970.4551,134.0453,119.7433,15.3252,34.8833,96.1617,2067.4856,2090.0135,107.1576,1.3706,9.0852,Normal,0,,0.0,None,0,No Action Required
2026-05-01 21:47:00,WELL-001,drilling,1971.0698,131.1976,120.4168,14.8352,36.6853,96.3769,2084.9704,2051.9389,107.1515,1.3677,8.6597,Normal,0,,0.0,None,0,No Action Required
2026-05-01 21:48:00,WELL-001,drilling,1971.6813,130.156,119.9276,14.3624,36.2388,96.4476,2071.8778,2102.4288,107.1377,1.3719,8.6473,Normal,0,,0.0,None,0,No Action Required
2026-05-01 21:49:00,WELL-001,drilling,1972.2515,129.2364,119.8414,14.1024,36.7217,95.7188,2081.6118,2074.8849,107.1815,1.3711,7.1278,Normal,0,,0.0,None,0,No Action Required
2026-05-01 21:50:00,WELL-001,drilling,1972.874,131.4146,119.7627,14.3157,37.9594,96.0166,2059.5193,2049.6774,107.1784,1.374,25.0968,Normal,0,,0.0,None,0,No Action Required
2026-05-01 21:51:00,WELL-001,drilling,1973.5419,131.0449,119.5916,14.0104,37.3598,96.0768,2063.3085,2059.2542,107.1762,1.3689,25.3544,Normal,0,,0.0,None,0,No Action Required
2026-05-01 21:52:00,WELL-001,drilling,1974.1443,131.7006,119.5308,14.6356,38.06,95.6741,2074.9796,2085.1367,107.1565,1.3679,24.8871,Normal,0,,0.0,None,0,No Action Required
2026-05-01 21:53:00,WELL-001,drilling,1974.8031,134.024,119.055,15.407,37.9209,95.9329,2083.5226,2041.9043,107.1442,1.3729,24.9458,Normal,0,,0.0,None,0,No Action Required
2026-05-01 21:54:00,WELL-001,drilling,1975.4511,135.8654,120.137,16.0304,39.1689,95.9399,2067.8546,2083.1452,107.192,1.3722,7.2881,Normal,0,,0.0,None,0,No Action Required
2026-05-01 21:55:00,WELL-001,drilling,1976.0991,141.6144,119.0975,16.6398,39.4806,95.9433,2059.6288,2081.1491,107.1608,1.3682,5.7653,Normal,0,,0.0,None,0,No Action Required
2026-05-01 21:56:00,WELL-001,drilling,1976.7406,139.6644,118.878,16.1248,36.1565,96.2225,2055.6907,2058.3049,107.1506,1.3743,6.4184,Normal,0,,0.0,None,0,No Action Required
2026-05-01 21:57:00,WELL-001,drilling,1977.352,139.3614,119.0057,16.5966,37.8922,96.2944,2063.0428,2035.1487,107.1954,1.373,5.7587,Normal,0,,0.0,None,0,No Action Required
2026-05-01 21:58:00,WELL-001,drilling,1977.9476,138.0655,119.806,16.06,34.4077,95.8116,2065.4375,2035.2202,107.1658,1.3709,5.7287,Normal,0,,0.0,None,0,No Action Required
2026-05-01 21:59:00,WELL-001,drilling,1978.4955,139.3022,119.3831,16.1127,34.7026,95.9596,2066.2318,2049.1183,107.1885,1.3725,4.8374,Normal,0,,0.0,None,0,No Action Required
2026-05-01 22:00:00,WELL-001,drilling,1979.0705,138.9874,119.8396,15.155,34.0873,95.9997,2071.9559,2074.8263,107.2212,1.3689,5.5594,Normal,0,,0.0,None,0,No Action Required
2026-05-01 22:01:00,WELL-001,drilling,1979.6349,137.5871,119.607,14.9596,32.6386,96.6055,2060.9171,2060.6501,107.1665,1.3695,5.0064,Normal,0,,0.0,None,0,No Action Required
2026-05-01 22:02:00,WELL-001,drilling,1980.1883,137.56,119.7437,15.7018,32.8202,96.7504,2089.0034,2066.8216,107.1794,1.368,6.8785,Normal,0,,0.0,None,0,No Action Required
2026-05-01 22:03:00,WELL-001,drilling,1980.7348,139.5954,121.3208,15.9991,33.4606,96.901,2075.8834,2064.8126,107.1765,1.3693,5.9743,Normal,0,,0.0,None,0,No Action Required
2026-05-01 22:04:00,WELL-001,drilling,1981.2835,134.7543,120.0268,15.5972,34.7829,96.7839,2094.5435,2098.3623,107.2062,1.3696,6.6737,Normal,0,,0.0,None,0,No Action Required
2026-05-01 22:05:00,WELL-001,drilling,1981.9096,130.1619,120.3021,15.4573,35.6152,96.2658,2065.6073,2064.9515,107.2522,1.3681,6.0588,Normal,0,,0.0,None,0,No Action Required
2026-05-01 22:06:00,WELL-001,drilling,1982.5001,129.7562,121.2566,15.3868,35.331,96.6586,2067.4758,2064.6733,107.1936,1.3686,6.7123,Normal,0,,0.0,None,0,No Action Required
2026-05-01 22:07:00,WELL-001,drilling,1983.0407,125.5591,118.701,15.183,33.8717,95.9367,2054.9177,2076.5978,107.2099,1.3693,6.0769,Normal,0,,0.0,None,0,No Action Required
2026-05-01 22:08:00,WELL-001,drilling,1983.5983,126.1177,119.8311,15.2663,33.8581,95.9409,2067.1249,2079.6078,107.2,1.3702,6.5379,Normal,0,,0.0,None,0,No Action Required
2026-05-01 22:09:00,WELL-001,drilling,1984.1433,129.6466,119.6766,15.6233,33.7777,96.2613,2085.4023,2065.4956,107.1801,1.3733,6.6865,Normal,0,,0.0,None,0,No Action Required
2026-05-01 22:10:00,WELL-001,drilling,1984.7415,131.9235,118.4412,15.7619,34.1835,96.5776,2068.8639,2053.7939,107.1806,1.3717,7.0461,Normal,0,,0.0,None,0,No Action Required
2026-05-01 22:11:00,WELL-001,drilling,1985.2581,129.3354,116.6614,16.3462,31.9253,96.485,2066.0316,2059.609,107.2195,1.3713,7.5553,Stuck Pipe,1,Stuck Pipe,0.046,High,90,Stop applying weight; work the string within torque and overpull limits
2026-05-01 22:12:00,WELL-001,drilling,1985.8025,126.779,115.4268,17.1165,29.8229,95.6841,2057.2709,2063.1857,107.2093,1.3691,7.5098,Stuck Pipe,1,Stuck Pipe,0.092,High,90,Stop applying weight; work the string within torque and overpull limits
2026-05-01 22:13:00,WELL-001,drilling,1986.2567,129.4031,114.0324,17.5898,28.6025,96.5077,2054.5421,2083.2278,107.1722,1.3699,7.3567,Stuck Pipe,1,Stuck Pipe,0.138,High,90,Stop applying weight; work the string within torque and overpull limits
2026-05-01 22:14:00,WELL-001,drilling,1986.7183,139.6026,109.5585,19.3181,29.1094,96.4957,2074.3297,2052.1256,107.1764,1.3733,8.2282,Stuck Pipe,1,Stuck Pipe,0.184,High,90,Stop applying weight; work the string within torque and overpull limits
2026-05-01 22:15:00,WELL-001,drilling,1987.2013,140.2787,109.177,19.4173,28.1562,96.4881,2069.9845,2070.0041,107.2071,1.372,8.1126,Stuck Pipe,1,Stuck Pipe,0.23,High,90,Stop applying weight; work the string within torque and overpull limits
2026-05-01 22:16:00,WELL-001,drilling,1987.613,133.211,106.7164,19.8961,25.7791,96.1117,2069.981,2029.8717,107.2591,1.3696,6.8987,Stuck Pipe,1,Stuck Pipe,0.276,High,90,Stop applying weight; work the string within torque and overpull limits
2026-05-01 22:17:00,WELL-001,drilling,1988.0367,131.9525,105.2798,19.9959,24.3982,96.8749,2069.673,2056.5466,107.2071,1.3688,7.5433,Stuck Pipe,1,Stuck Pipe,0.322,High,90,Stop applying weight; work the string within torque and overpull limits
2026-05-01 22:18:00,WELL-001,drilling,1988.4546,139.7331,101.0249,20.3543,23.5793,96.0392,2066.9405,2043.9962,107.2576,1.3726,8.2244,Stuck Pipe,1,Stuck Pipe,0.368,High,90,Stop applying weight; work the string within torque and overpull limits
2026-05-01 22:19:00,WELL-001,drilling,1988.7885,138.4976,100.0953,19.813,22.3305,95.8064,2051.8345,2060.9041,107.202,1.3686,7.7731,Stuck Pipe,1,Stuck Pipe,0.414,High,90,Stop applying weight; work the string within torque and overpull limits
2026-05-01 22:20:00,WELL-001,drilling,1989.1411,131.5272,98.0968,20.1924,19.944,96.8156,2055.9413,2051.819,107.2414,1.3695,7.4595,Stuck Pipe,1,Stuck Pipe,0.46,High,90,Stop applying weight; work the string within torque and overpull limits
2026-05-01 22:21:00,WELL-001,drilling,1989.4341,135.4574,95.4711,21.8219,18.5146,96.332,2082.0189,2031.6084,107.1596,1.3728,8.3471,Stuck Pipe,1,Stuck Pipe,0.506,High,90,Stop applying weight; work the string within torque and overpull limits
2026-05-01 22:22:00,WELL-001,drilling,1989.7201,135.5223,92.8783,23.1212,15.7054,97.1714,2076.2225,2063.7135,107.2586,1.372,8.499,Stuck Pipe,1,Stuck Pipe,0.552,High,90,Stop applying weight; work the string within torque and overpull limits
2026-05-01 22:23:00,WELL-001,drilling,1990.0065,133.771,93.1424,22.7574,15.0635,96.8623,2082.2486,2101.6483,107.2391,1.3713,9.1238,Stuck Pipe,1,Stuck Pipe,0.552,High,90,Stop applying weight; work the string within torque and overpull limits
2026-05-01 22:24:00,WELL-001,drilling,1990.238,130.7498,93.5243,24.7188,15.1325,96.8056,2072.188,2041.1383,107.2403,1.3677,8.7357,Stuck Pipe,1,Stuck Pipe,0.552,High,90,Stop applying weight; work the string within torque and overpull limits
2026-05-01 22:25:00,WELL-001,connection,1990.2147,0.0,0.0,0.0146,0.4513,45.3951,825.539,1484.3147,107.9258,1.3694,8.1574,Stuck Pipe,1,Stuck Pipe,0.552,High,90,Stop applying weight; work the string within torque and overpull limits
2026-05-01 22:26:00,WELL-001,connection,1990.2052,0.0,0.0,0.0,0.5048,15.3401,0.0,792.4105,108.6389,1.3718,8.6359,Stuck Pipe,1,Stuck Pipe,0.552,High,90,Stop applying weight; work the string within torque and overpull limits
2026-05-01 22:27:00,WELL-001,connection,1990.2389,0.6454,0.3988,0.0941,0.0409,4.1983,0.0,424.008,109.086,1.3714,9.4594,Stuck Pipe,1,Stuck Pipe,0.552,High,90,Stop applying weight; work the string within torque and overpull limits
2026-05-01 22:28:00,WELL-001,connection,1990.2224,1.0144,1.3125,0.0,0.0,1.3607,0.0,225.6789,109.2947,1.3728,8.8605,Stuck Pipe,1,Stuck Pipe,0.552,High,90,Stop applying weight; work the string within torque and overpull limits
2026-05-01 22:29:00,WELL-001,connection,1990.2563,0.0,0.0549,0.0,0.0,1.0297,0.0,118.7783,109.3938,1.3721,8.4135,Stuck Pipe,1,Stuck Pipe,0.552,High,90,Stop applying weight; work the string within torque and overpull limits
2026-05-01 22:30:00,WELL-001,connection,1990.2588,0.0524,0.0,0.0968,0.4319,18.3862,1027.6766,548.763,108.9337,1.3688,8.7635,Stuck Pipe,1,Stuck Pipe,0.552,High,90,Stop applying weight; work the string within torque and overpull limits
2026-05-01 22:31:00,WELL-001,drilling,1990.2862,43.5665,28.6279,13.488,4.2734,70.0283,2069.8299,1263.1713,108.0929,1.3752,8.8277,Stuck Pipe,1,Stuck Pipe,0.552,High,90,Stop applying weight; work the string within torque and overpull limits
2026-05-01 22:32:00,WELL-001,drilling,1990.4393,85.089,58.4826,19.1345,9.0939,87.4398,2070.3411,1637.522,107.6793,1.3697,8.6286,Stuck Pipe,1,Stuck Pipe,0.552,High,90,Stop applying weight; work the string within torque and overpull limits
2026-05-01 22:33:00,WELL-001,drilling,1990.7121,128.2411,87.3677,23.8974,14.3501,93.4092,2056.4302,1827.7735,107.454,1.3722,8.3831,Stuck Pipe,1,Stuck Pipe,0.552,High,90,Stop applying weight; work the string within torque and overpull limits
2026-05-01 22:34:00,WELL-001,drilling,1990.9435,130.5929,88.0433,20.4009,15.5538,95.0347,2062.208,1927.9091,107.2963,1.3692,7.9182,Stuck Pipe,1,Stuck Pipe,0.552,High,90,Stop applying weight; work the string within torque and overpull limits
2026-05-01 22:35:00,WELL-001,drilling,1991.1995,129.6661,88.3652,23.3399,14.9814,95.2821,2074.7343,2010.2766,107.304,1.3695,7.5868,Stuck Pipe,1,Stuck Pipe,0.552,High,90,Stop applying weight; work the string within torque and overpull limits
2026-05-01 22:36:00,WELL-001,drilling,1991.4341,129.8232,86.7801,23.9088,14.2152,95.426,2063.8134,2035.8967,107.2449,1.3717,8.498,Stuck Pipe,1,Stuck Pipe,0.552,High,90,Stop applying weight; work the string within torque and overpull limits
2026-05-01 22:37:00,WELL-001,drilling,1991.709,129.1235,86.7069,21.2533,14.2306,95.7863,2073.3633,2062.7867,107.2367,1.369,8.6719,Stuck Pipe,1,Stuck Pipe,0.552,High,90,Stop applying weight; work the string within torque and overpull limits
2026-05-01 22:38:00,WELL-001,drilling,1991.9054,125.2385,86.9057,20.8263,13.7328,95.969,2055.4729,2019.5199,107.2304,1.3702,9.2897,Stuck Pipe,1,Stuck Pipe,0.552,High,90,Stop applying weight; work the string within torque and overpull limits
2026-05-01 22:39:00,WELL-001,drilling,1992.1581,133.1822,85.4134,22.293,14.1538,95.9127,2061.2702,2057.8096,107.2153,1.3724,9.32,Stuck Pipe,1,Stuck Pipe,0.552,High,90,Stop applying weight; work the string within torque and overpull limits
2026-05-01 22:40:00,WELL-001,drilling,1992.4011,132.2724,87.5502,23.0502,15.6283,95.4867,2061.4021,2052.7398,107.2576,1.3734,10.1327,Stuck Pipe,1,Stuck Pipe,0.552,High,90,Stop applying weight; work the string within torque and overpull limits
2026-05-01 22:41:00,WELL-001,drilling,1992.69,127.7506,86.6755,25.2023,15.2847,95.3018,2037.9461,2058.6941,107.2117,1.3682,10.4706,Stuck Pipe,1,Stuck Pipe,0.552,High,90,Stop applying weight; work the string within torque and overpull limits
2026-05-01 22:42:00,WELL-001,drilling,1992.9399,130.2153,87.2467,22.1643,15.0495,95.0202,2051.3621,2037.4033,107.2398,1.3747,10.6467,Stuck Pipe,1,Stuck Pipe,0.552,High,90,Stop applying weight; work the string within torque and overpull limits
2026-05-01 22:43:00,WELL-001,drilling,1993.1598,135.4108,86.6415,20.2299,15.6901,95.9823,2060.8771,2090.7366,107.1879,1.3683,10.253,Stuck Pipe,1,Stuck Pipe,0.552,High,90,Stop applying weight; work the string within torque and overpull limits
2026-05-01 22:44:00,WELL-001,drilling,1993.4319,137.193,86.5649,24.8915,16.1759,95.5512,2042.9156,2048.798,107.2281,1.3674,9.0838,Stuck Pipe,1,Stuck Pipe,0.552,High,90,Stop applying weight; work the string within torque and overpull limits
2026-05-01 22:45:00,WELL-001,drilling,1993.671,135.1411,86.7837,22.4499,15.1825,95.4257,2051.039,2062.5914,107.2633,1.3703,9.6478,Stuck Pipe,1,Stuck Pipe,0.552,High,90,Stop applying weight; work the string within torque and overpull limits
2026-05-01 22:46:00,WELL-001,drilling,1993.9602,132.4997,87.4846,21.5115,15.6194,95.4626,2073.8278,2071.4723,107.1667,1.3715,9.4801,Stuck Pipe,1,Stuck Pipe,0.552,High,90,Stop applying weight; work the string within torque and overpull limits
2026-05-01 22:47:00,WELL-001,drilling,1994.2145,130.3302,86.3275,20.2463,15.0546,95.6623,2070.7471,2085.0771,107.2326,1.3718,9.6738,Stuck Pipe,1,Stuck Pipe,0.552,High,90,Stop applying weight; work the string within torque and overpull limits
2026-05-01 22:48:00,WELL-001,drilling,1994.473,131.2546,87.6626,21.6126,16.3988,96.4235,2060.7761,2098.9185,107.2201,1.3697,9.059,Stuck Pipe,1,Stuck Pipe,0.552,High,90,Stop applying weight; work the string within torque and overpull limits
2026-05-01 22:49:00,WELL-001,drilling,1994.7367,129.709,86.8018,23.3304,15.3228,95.8691,2069.3864,2067.9122,107.2498,1.3698,16.3377,Stuck Pipe,1,Stuck Pipe,0.552,High,90,Stop applying weight; work the string within torque and overpull limits
2026-05-01 22:50:00,WELL-001,drilling,1994.9817,128.11,86.793,20.258,14.7759,96.2743,2066.7223,2088.5556,107.1849,1.3703,17.1261,Stuck Pipe,1,Stuck Pipe,0.552,High,90,Stop applying weight; work the string within torque and overpull limits
2026-05-01 22:51:00,WELL-001,drilling,1995.2097,128.9084,86.8784,19.88,14.6734,96.967,2061.6337,2066.2229,107.1867,1.3715,15.3839,Stuck Pipe,1,Stuck Pipe,0.552,High,90,Stop applying weight; work the string within torque and overpull limits
2026-05-01 22:52:00,WELL-001,drilling,1995.4763,134.66,86.4581,22.29,14.8103,97.1955,2068.6683,2060.7906,107.2124,1.3689,16.1703,Stuck Pipe,1,Stuck Pipe,0.552,High,90,Stop applying weight; work the string within torque and overpull limits
2026-05-01 22:53:00,WELL-001,drilling,1995.7327,133.2077,86.2838,21.0254,15.1689,95.9359,2076.572,2074.7773,107.2456,1.3696,15.7464,Stuck Pipe,1,Stuck Pipe,0.552,High,90,Stop applying weight; work the string within torque and overpull limits
2026-05-01 22:54:00,WELL-001,drilling,1996.0043,138.6958,87.2659,23.7784,15.0621,95.9181,2053.0106,2087.4202,107.2428,1.3702,8.8206,Stuck Pipe,1,Stuck Pipe,0.552,High,90,Stop applying weight; work the string within torque and overpull limits
2026-05-01 22:55:00,WELL-001,drilling,1996.2434,136.9291,85.9148,23.808,16.0355,96.8611,2056.2578,2059.7692,107.24,1.3728,9.396,Stuck Pipe,1,Stuck Pipe,0.552,High,90,Stop applying weight; work the string within torque and overpull limits
2026-05-01 22:56:00,WELL-001,drilling,1996.4933,139.1105,87.3952,23.1364,15.2737,96.4326,2070.2043,2080.1877,107.2433,1.368,9.1567,Stuck Pipe,1,Stuck Pipe,0.552,High,90,Stop applying weight; work the string within torque and overpull limits
2026-05-01 22:57:00,WELL-001,drilling,1996.7301,136.1749,85.1725,22.5843,15.7936,96.3074,2071.6168,2076.6434,107.1944,1.3691,9.0758,Stuck Pipe,1,Stuck Pipe,0.552,High,90,Stop applying weight; work the string within torque and overpull limits
2026-05-01 22:58:00,WELL-001,drilling,1996.9908,126.8025,87.0862,21.92,14.4306,97.5959,2061.107,2041.1267,107.2548,1.3683,8.8643,Stuck Pipe,1,Stuck Pipe,0.552,High,90,Stop applying weight; work the string within torque and overpull limits
2026-05-01 22:59:00,WELL-001,drilling,1997.2261,127.4834,86.5436,20.9172,15.5889,96.2325,2064.1114,2097.8335,107.2116,1.3689,9.3687,Stuck Pipe,1,Stuck Pipe,0.552,High,90,Stop applying weight; work the string within torque and overpull limits
2026-05-01 23:00:00,WELL-001,drilling,1997.5022,126.2528,86.0819,22.526,15.6645,97.1423,2074.99,2046.9028,107.2088,1.3691,8.9589,Stuck Pipe,1,Stuck Pipe,0.552,High,90,Stop applying weight; work the string within torque and overpull limits
2026-05-01 23:01:00,WELL-001,drilling,1997.8162,129.0556,87.8618,20.5084,16.9353,96.4016,2070.3151,2060.5478,107.1864,1.3708,8.8088,Stuck Pipe,1,Stuck Pipe,0.552,High,90,Stop applying weight; work the string within torque and overpull limits
2026-05-01 23:02:00,WELL-001,drilling,1998.0541,129.7227,86.1006,23.291,16.0626,97.2246,2075.835,2007.6751,107.1981,1.3728,8.5573,Stuck Pipe,1,Stuck Pipe,0.552,High,90,Stop applying weight; work the string within torque and overpull limits
2026-05-01 23:03:00,WELL-001,drilling,1998.3347,129.7373,87.3347,21.5262,16.7323,96.7132,2078.8249,2042.7064,107.2694,1.3679,7.8854,Stuck Pipe,1,Stuck Pipe,0.552,High,90,Stop applying weight; work the string within torque and overpull limits
2026-05-01 23:04:00,WELL-001,drilling,1998.6464,134.7197,86.4657,21.4995,17.6823,96.6383,2063.2271,2067.369,107.2725,1.3686,8.2182,Stuck Pipe,1,Stuck Pipe,0.552,High,90,Stop applying weight; work the string within torque and overpull limits
2026-05-01 23:05:00,WELL-001,drilling,1998.9569,136.5245,86.509,21.4995,17.4619,96.8477,2068.6498,2078.545,107.2227,1.3702,8.6148,Stuck Pipe,1,Stuck Pipe,0.552,High,90,Stop applying weight; work the string within torque and overpull limits
2026-05-01 23:06:00,WELL-001,drilling,1999.2303,140.7626,86.6919,24.1702,18.421,96.9379,2074.5291,2060.8273,107.2716,1.3702,8.0351,Stuck Pipe,1,Stuck Pipe,0.552,High,90,Stop applying weight; work the string within torque and overpull limits
2026-05-01 23:07:00,WELL-001,drilling,1999.5578,145.3578,86.4093,23.7112,18.474,96.9351,2069.4662,2065.4423,107.2474,1.3698,8.8334,Stuck Pipe,1,Stuck Pipe,0.552,High,90,Stop applying weight; work the string within torque and overpull limits
2026-05-01 23:08:00,WELL-001,drilling,1999.8435,145.6284,88.3427,24.6303,19.1034,96.5004,2063.6904,2063.753,107.2582,1.3732,7.7583,Stuck Pipe,1,Stuck Pipe,0.552,High,90,Stop applying weight; work the string within torque and overpull limits
2026-05-01 23:09:00,WELL-001,drilling,2000.1799,143.0203,87.5904,22.8448,16.5522,96.9465,2067.9636,2052.349,107.2197,1.3662,8.2277,Stuck Pipe,1,Stuck Pipe,0.552,High,90,Stop applying weight; work the string within torque and overpull limits
2026-05-01 23:10:00,WELL-001,drilling,2000.3982,144.0118,86.6894,23.4557,16.8841,95.8244,2065.7234,2067.6656,107.2917,1.3661,8.1503,Stuck Pipe,1,Stuck Pipe,0.552,High,90,Stop applying weight; work the string within torque and overpull limits
2026-05-01 23:11:00,WELL-001,drilling,2000.6947,143.3507,86.8679,22.0291,17.2811,96.2712,2095.7088,2089.4469,107.2711,1.3718,9.5963,Stuck Pipe,1,Stuck Pipe,0.552,High,90,Stop applying weight; work the string within torque and overpull limits
2026-05-01 23:12:00,WELL-001,drilling,2001.0033,139.6822,87.3818,21.4212,16.5319,96.6466,2071.5297,2052.4746,107.2079,1.3703,10.1515,Stuck Pipe,1,Stuck Pipe,0.552,High,90,Stop applying weight; work the string within torque and overpull limits
2026-05-01 23:13:00,WELL-001,drilling,2001.2626,142.3813,87.9992,21.7632,16.8748,97.0304,2077.8208,2044.6184,107.2635,1.3694,9.7837,Stuck Pipe,1,Stuck Pipe,0.552,High,90,Stop applying weight; work the string within torque and overpull limits
2026-05-01 23:14:00,WELL-001,drilling,2001.5361,144.5655,86.3325,22.5455,17.1574,97.63,2070.8626,2081.3806,107.258,1.3673,10.0665,Stuck Pipe,1,Stuck Pipe,0.552,High,90,Stop applying weight; work the string within torque and overpull limits
2026-05-01 23:15:00,WELL-001,drilling,2001.8328,140.5818,87.0396,20.3133,16.2365,96.9333,2077.1074,2029.356,107.2463,1.3693,9.8284,Stuck Pipe,1,Stuck Pipe,0.552,High,90,Stop applying weight; work the string within torque and overpull limits
2026-05-01 23:16:00,WELL-001,drilling,2002.1224,134.1792,87.4781,22.1505,15.2613,97.2583,2074.8286,2040.1781,107.1742,1.3701,9.8284,Stuck Pipe,1,Stuck Pipe,0.552,High,90,Stop applying weight; work the string within torque and overpull limits
2026-05-01 23:17:00,WELL-001,drilling,2002.3404,134.7306,87.1136,20.4028,15.5121,96.8255,2068.7694,2063.5213,107.2673,1.3721,9.5886,Stuck Pipe,1,Stuck Pipe,0.552,High,90,Stop applying weight; work the string within torque and overpull limits
2026-05-01 23:18:00,WELL-001,drilling,2002.6,129.3277,86.7279,20.8034,15.3186,97.195,2064.0143,2080.8051,107.2768,1.3729,10.5828,Stuck Pipe,1,Stuck Pipe,0.552,High,90,Stop applying weight; work the string within torque and overpull limits
2026-05-01 23:19:00,WELL-001,drilling,2002.8717,126.7826,87.5867,19.7899,14.6162,96.5176,2064.1278,2090.324,107.2442,1.3669,9.4297,Stuck Pipe,1,Stuck Pipe,0.552,High,90,Stop applying weight; work the string within torque and overpull limits
2026-05-01 23:20:00,WELL-001,drilling,2003.07,122.1913,87.4794,18.9131,14.3911,97.5323,2072.4677,2032.0916,107.2672,1.3675,10.2506,Stuck Pipe,1,Stuck Pipe,0.552,High,90,Stop applying weight; work the string within torque and overpull limits
2026-05-01 23:21:00,WELL-001,drilling,2003.3156,125.0992,87.5741,19.588,14.0708,98.1006,2072.0248,2052.2697,107.26,1.3664,10.0248,Stuck Pipe,1,Stuck Pipe,0.552,High,90,Stop applying weight; work the string within torque and overpull limits
2026-05-01 23:22:00,WELL-001,drilling,2003.6528,129.7106,92.1323,16.965,19.7564,98.826,2070.8012,2099.7964,107.2295,1.3703,10.3255,Stuck Pipe,1,Stuck Pipe,0.414,High,90,Stop applying weight; work the string within torque and overpull limits
2026-05-01 23:23:00,WELL-001,drilling,2004.0574,128.1793,98.7272,16.4765,26.1475,98.2151,2064.9917,2083.9616,107.2639,1.3667,9.9195,Stuck Pipe,1,Stuck Pipe,0.276,High,90,Stop applying weight; work the string within torque and overpull limits
2026-05-01 23:24:00,WELL-001,drilling,2004.6046,126.8456,105.5764,15.4997,31.1375,97.9654,2091.9164,2070.7882,107.2158,1.3692,9.4336,Stuck Pipe,1,Stuck Pipe,0.138,High,90,Stop applying weight; work the string within torque and overpull limits
2026-05-01 23:25:00,WELL-001,drilling,2005.1847,128.3356,112.6271,14.6476,36.7062,98.6146,2083.2551,2027.9906,107.2546,1.3707,8.898,Normal,0,,0.0,None,0,No Action Required
2026-05-01 23:26:00,WELL-001,drilling,2005.8268,132.653,111.7659,14.878,37.4281,98.0368,2066.6919,2069.5528,107.2014,1.3689,9.073,Normal,0,,0.0,None,0,No Action Required
2026-05-01 23:27:00,WELL-001,drilling,2006.5057,138.1477,112.0294,15.4428,40.0423,98.1881,2071.3014,2083.231,107.237,1.3682,9.8076,Normal,0,,0.0,None,0,No Action Required
2026-05-01 23:28:00,WELL-001,drilling,2007.1992,144.1035,111.8272,16.2251,41.3993,98.7063,2068.2296,2085.0197,107.2332,1.3712,10.0999,Normal,0,,0.0,None,0,No Action Required
2026-05-01 23:29:00,WELL-001,drilling,2007.8333,146.2096,111.6554,16.8258,39.3533,97.446,2087.1866,2107.8143,107.2631,1.3718,9.6882,Normal,0,,0.0,None,0,No Action Required
2026-05-01 23:30:00,WELL-001,drilling,2008.5309,148.6609,111.8717,16.7976,37.6175,97.8058,2066.6536,2051.8424,107.2591,1.3681,9.6298,Normal,0,,0.0,None,0,No Action Required
2026-05-01 23:31:00,WELL-001,drilling,2009.1273,151.2486,111.2687,17.4217,39.9422,97.5692,2052.9448,2037.2614,107.2321,1.3716,9.9138,Normal,0,,0.0,None,0,No Action Required
2026-05-01 23:32:00,WELL-001,drilling,2009.7763,147.5443,111.2034,17.2349,38.1534,97.391,2073.8094,2045.6715,107.2619,1.3708,10.5163,Normal,0,,0.0,None,0,No Action Required
2026-05-01 23:33:00,WELL-001,drilling,2010.4157,145.262,112.1207,17.1248,39.5594,97.562,2082.2977,2099.0754,107.2616,1.3687,10.8013,Normal,0,,0.0,None,0,No Action Required
2026-05-01 23:34:00,WELL-001,drilling,2011.1038,146.8471,111.8563,17.3971,40.6942,97.7848,2060.6511,2031.304,107.2711,1.37,9.9872,Normal,0,,0.0,None,0,No Action Required
2026-05-01 23:35:00,WELL-001,drilling,2011.7941,149.1616,111.2296,17.3558,41.5998,97.5474,2064.5959,2063.242,107.3215,1.3717,10.2615,Normal,0,,0.0,None,0,No Action Required
2026-05-01 23:36:00,WELL-001,drilling,2012.5229,150.1247,111.1819,17.1093,42.4817,97.0275,2052.9541,2033.0388,107.3524,1.3688,10.2126,Normal,0,,0.0,None,0,No Action Required
2026-05-01 23:37:00,WELL-001,drilling,2013.1921,151.1018,110.5601,17.505,40.6944,96.4151,2072.4547,2055.6737,107.2709,1.3715,10.3236,Normal,0,,0.0,None,0,No Action Required
2026-05-01 23:38:00,WELL-001,drilling,2013.8646,150.7789,112.1279,17.3357,40.936,97.1152,2040.8593,2003.1758,107.3283,1.3733,9.7731,Normal,0,,0.0,None,0,No Action Required
2026-05-01 23:39:00,WELL-001,drilling,2014.5221,156.0365,111.238,17.8913,41.2741,97.0936,2060.9959,2018.8612,107.2908,1.3689,9.2398,Normal,0,,0.0,None,0,No Action Required
2026-05-01 23:40:00,WELL-001,drilling,2015.1997,152.1528,111.1054,17.1269,39.8603,96.4175,2053.9556,2041.6646,107.2309,1.3741,9.2654,Normal,0,,0.0,None,0,No Action Required
2026-05-01 23:41:00,WELL-001,drilling,2015.9247,151.9395,112.1573,16.7659,40.0813,96.886,2047.8006,2079.2453,107.2964,1.3709,8.4754,Normal,0,,0.0,None,0,No Action Required
2026-05-01 23:42:00,WELL-001,drilling,2016.5325,155.5511,112.7953,16.9172,41.4669,95.9746,2045.3306,2051.0294,107.3436,1.3707,9.0764,Normal,0,,0.0,None,0,No Action Required
2026-05-01 23:43:00,WELL-001,drilling,2017.253,152.4856,111.8967,17.1912,38.2148,96.0178,2056.508,2023.0645,107.2684,1.3692,8.7948,Normal,0,,0.0,None,0,No Action Required
2026-05-01 23:44:00,WELL-001,drilling,2017.8532,150.0575,111.663,16.9692,37.9267,95.5525,2040.1786,2081.5496,107.2586,1.371,8.532,Normal,0,,0.0,None,0,No Action Required
2026-05-01 23:45:00,WELL-001,drilling,2018.487,147.738,112.138,16.8013,38.619,96.1595,2055.985,2014.7234,107.298,1.3693,8.9419,Normal,0,,0.0,None,0,No Action Required
2026-05-01 23:46:00,WELL-001,drilling,2019.1061,148.0278,111.9174,16.7474,37.7331,96.5221,2062.8973,2079.3978,107.3512,1.3692,8.3854,Normal,0,,0.0,None,0,No Action Required
2026-05-01 23:47:00,WELL-001,connection,2019.1213,0.2755,0.0963,0.0,0.0,45.2727,822.3099,1476.3861,107.9664,1.383,8.2384,Normal,0,,0.0,None,0,No Action Required
2026-05-01 23:48:00,WELL-001,connection,2019.1353,0.3308,0.1739,0.1804,0.2966,14.7383,0.0,806.6044,108.6906,1.3799,8.7383,Normal,0,,0.0,None,0,No Action Required
2026-05-01 23:49:00,WELL-001,connection,2019.1376,0.0,0.0,0.2897,0.0,4.3683,0.0,429.7684,109.1888,1.38,9.0942,Normal,0,,0.0,None,0,No Action Required
2026-05-01 23:50:00,WELL-001,connection,2019.1198,0.9167,0.0,0.2459,0.0,2.1437,0.0,226.0478,109.3595,1.3786,8.6607,Normal,0,,0.0,None,0,No Action Required
2026-05-01 23:51:00,WELL-001,connection,2019.1481,1.8704,0.0,0.0,0.0,18.7302,1031.8526,593.8727,108.9633,1.3784,9.7254,Normal,0,,0.0,None,0,No Action Required
2026-05-01 23:52:00,WELL-001,drilling,2019.3191,46.3233,37.9576,8.653,9.7376,71.6097,2061.8752,1259.0762,108.2322,1.3797,9.7447,Normal,0,,0.0,None,0,No Action Required
2026-05-01 23:53:00,WELL-001,drilling,2019.6452,93.1742,75.2468,12.2643,21.0846,89.3444,2056.3901,1680.0475,107.7551,1.3813,9.6529,Normal,0,,0.0,None,0,No Action Required
2026-05-01 23:54:00,WELL-001,drilling,2020.2621,140.6692,113.5906,15.0764,35.0804,94.6722,2081.4649,1854.3433,107.5823,1.3792,9.3878,Normal,0,,0.0,None,0,No Action Required
2026-05-01 23:55:00,WELL-001,drilling,2020.8131,144.8945,114.1381,15.5629,35.8402,95.8944,2071.545,1923.8556,107.4257,1.3804,8.8598,Normal,0,,0.0,None,0,No Action Required
2026-05-01 23:56:00,WELL-001,drilling,2021.4264,145.1766,114.5537,15.621,36.3665,97.5422,2055.2775,1981.52,107.3085,1.3786,9.2549,Normal,0,,0.0,None,0,No Action Required
2026-05-01 23:57:00,WELL-001,drilling,2022.0493,141.3005,115.2271,15.313,35.6498,98.0547,2053.4109,2035.7998,107.2859,1.3833,8.8418,Normal,0,,0.0,None,0,No Action Required
2026-05-01 23:58:00,WELL-001,drilling,2022.6669,136.6033,113.8894,15.172,36.8654,98.3007,2061.3567,1957.9585,107.2568,1.3799,8.5512,Normal,0,,0.0,None,0,No Action Required
2026-05-01 23:59:00,WELL-001,drilling,2023.2599,136.6863,114.8964,14.4611,35.9571,98.4808,2070.9517,2055.4604,107.253,1.3805,8.7303,Normal,0,,0.0,None,0,No Action Required
2026-05-01 00:00:00,WELL-002,drilling,2791.5741,44.5598,41.7234,10.6206,10.7974,160.5763,2793.2386,2812.8268,91.6715,1.5603,20.8543,Normal,0,,0.0,None,0,No Action Required
2026-05-01 00:01:00,WELL-002,drilling,2792.0349,88.9857,80.2172,14.2714,25.7231,213.0368,2864.6284,2800.0045,91.6991,1.5579,20.3544,Normal,0,,0.0,None,0,No Action Required
2026-05-01 00:02:00,WELL-002,drilling,2792.6923,128.2796,120.8242,17.7325,39.9216,231.7035,2832.4176,2861.1555,91.6902,1.5633,20.0226,Normal,0,,0.0,None,0,No Action Required
2026-05-01 00:03:00,WELL-002,drilling,2793.3474,127.0497,120.293,16.8579,40.6127,237.972,2838.7247,2797.9229,91.7827,1.5579,19.8546,Normal,0,,0.0,None,0,No Action Required
2026-05-01 00:04:00,WELL-002,drilling,2794.0279,128.1768,120.0378,17.2149,39.5873,240.7856,2839.6978,2808.0455,91.7217,1.5618,19.4532,Normal,0,,0.0,None,0,No Action Required
2026-05-01 00:05:00,WELL-002,drilling,2794.6956,123.9489,119.8408,16.8015,40.1317,241.3347,2840.8879,2881.9044,91.6413,1.5606,20.3714,Normal,0,,0.0,None,0,No Action Required
2026-05-01 00:06:00,WELL-002,drilling,2795.4168,127.2234,119.7623,16.7063,43.9793,240.2146,2845.7278,2846.6242,91.6697,1.5598,20.3857,Normal,0,,0.0,None,0,No Action Required
2026-05-01 00:07:00,WELL-002,drilling,2796.1505,126.4759,119.1196,16.8967,44.5808,240.9836,2848.2812,2810.5542,91.676,1.5584,20.5842,Normal,0,,0.0,None,0,No Action Required
2026-05-01 00:08:00,WELL-002,drilling,2796.902,126.6027,119.2479,16.7232,44.174,240.7753,2838.4395,2846.7446,91.6689,1.5623,20.2679,Normal,0,,0.0,None,0,No Action Required
2026-05-01 00:09:00,WELL-002,drilling,2797.6309,124.4956,120.3336,16.7064,42.1545,241.1081,2814.922,2756.2741,91.6964,1.5587,19.912,Normal,0,,0.0,None,0,No Action Required
2026-05-01 00:10:00,WELL-002,drilling,2798.3233,128.2321,119.8527,16.7282,43.8216,239.6978,2831.2243,2806.8539,91.692,1.5561,20.0151,Normal,0,,0.0,None,0,No Action Required
2026-05-01 00:11:00,WELL-002,drilling,2799.1302,130.0639,121.0762,16.7081,44.2092,239.7565,2837.904,2781.1298,91.6914,1.561,20.1634,Normal,0,,0.0,None,0,No Action Required
2026-05-01 00:12:00,WELL-002,drilling,2799.8274,131.0688,118.9772,16.8306,45.2791,240.149,2816.385,2844.0945,91.7792,1.5619,19.5544,Normal,0,,0.0,None,0,No Action Required
2026-05-01 00:13:00,WELL-002,drilling,2800.5449,129.6573,120.2023,16.7613,41.92,239.8218,2826.1445,2846.2398,91.7401,1.5593,20.0928,Normal,0,,0.0,None,0,No Action Required
2026-05-01 00:14:00,WELL-002,drilling,2801.2274,128.5583,120.4338,17.0316,40.7987,239.8847,2840.3272,2878.7786,91.7236,1.5573,19.8949,Normal,0,,0.0,None,0,No Action Required
2026-05-01 00:15:00,WELL-002,drilling,2801.8891,131.8774,118.7394,17.5783,40.589,239.8283,2845.6738,2838.5192,91.7088,1.558,20.0384,Normal,0,,0.0,None,0,No Action Required
2026-05-01 00:16:00,WELL-002,drilling,2802.5633,128.759,119.5322,17.0869,40.4125,239.6498,2819.3047,2790.1287,91.7302,1.5589,20.4109,Normal,0,,0.0,None,0,No Action Required
2026-05-01 00:17:00,WELL-002,drilling,2803.2585,128.6384,120.7469,17.6791,42.7787,239.9046,2812.7398,2758.0364,91.7549,1.5575,20.1381,Normal,0,,0.0,None,0,No Action Required
2026-05-01 00:18:00,WELL-002,drilling,2803.9937,136.1166,120.2919,18.2597,43.3781,240.3943,2837.401,2857.4709,91.6757,1.558,19.8574,Normal,0,,0.0,None,0,No Action Required
2026-05-01 00:19:00,WELL-002,drilling,2804.7036,134.2707,121.0897,17.3664,41.6965,239.8103,2836.9411,2770.7424,91.6967,1.5598,20.1295,Normal,0,,0.0,None,0,No Action Required
2026-05-01 00:20:00,WELL-002,drilling,2805.3384,129.1281,119.8009,17.3606,40.7598,239.1495,2814.1265,2790.2275,91.6712,1.5603,19.592,Normal,0,,0.0,None,0,No Action Required
2026-05-01 00:21:00,WELL-002,drilling,2806.0562,137.0774,120.2138,17.6078,43.7305,238.4563,2814.4158,2862.9398,91.7417,1.5594,19.7574,Normal,0,,0.0,None,0,No Action Required
2026-05-01 00:22:00,WELL-002,drilling,2806.8117,130.109,119.6504,17.2227,42.8617,238.5574,2810.8915,2803.1774,91.7187,1.561,19.4481,Normal,0,,0.0,None,0,No Action Required
2026-05-01 00:23:00,WELL-002,drilling,2807.5571,125.3234,118.831,16.8308,44.403,237.8929,2800.7127,2820.7473,91.7285,1.5581,20.1693,Normal,0,,0.0,None,0,No Action Required
2026-05-01 00:24:00,WELL-002,drilling,2808.2758,130.1504,120.4291,16.7099,45.1163,237.8859,2814.9769,2761.1709,91.6907,1.5575,20.2193,Normal,0,,0.0,None,0,No Action Required
2026-05-01 00:25:00,WELL-002,drilling,2808.9809,127.9751,119.5744,16.6062,42.8343,237.8431,2797.5219,2841.6923,91.746,1.5564,20.4858,Normal,0,,0.0,None,0,No Action Required
2026-05-01 00:26:00,WELL-002,drilling,2809.6749,125.5973,120.7674,16.3542,40.3172,238.792,2817.8052,2790.4951,91.6865,1.5635,19.6354,Normal,0,,0.0,None,0,No Action Required
2026-05-01 00:27:00,WELL-002,drilling,2810.3311,127.5288,119.8697,16.939,39.6299,238.9158,2807.0776,2792.5499,91.6742,1.5598,20.3974,Normal,0,,0.0,None,0,No Action Required
2026-05-01 00:28:00,WELL-002,drilling,2810.9976,120.1275,120.0679,15.5017,38.2336,239.5795,2826.243,2798.5136,91.6985,1.5582,20.0558,Normal,0,,0.0,None,0,No Action Required
2026-05-01 00:29:00,WELL-002,drilling,2811.6186,124.9082,120.6171,16.0406,40.2107,239.8663,2852.3372,2841.4691,91.7121,1.5611,20.2829,Normal,0,,0.0,None,0,No Action Required
2026-05-01 00:30:00,WELL-002,drilling,2812.2885,118.0566,119.7161,15.806,39.8111,239.8806,2814.1093,2756.732,91.7219,1.5591,20.1151,Normal,0,,0.0,None,0,No Action Required
2026-05-01 00:31:00,WELL-002,drilling,2812.9257,119.0579,120.2874,16.2904,38.8045,240.8669,2818.8415,2822.2607,91.6884,1.5566,20.0477,Normal,0,,0.0,None,0,No Action Required
2026-05-01 00:32:00,WELL-002,drilling,2813.6077,120.9461,119.8422,16.4989,40.5949,240.8517,2814.2585,2834.7229,91.661,1.5603,20.2181,Normal,0,,0.0,None,0,No Action Required
2026-05-01 00:33:00,WELL-002,drilling,2814.2943,120.2442,119.5698,16.1479,39.3719,241.6419,2832.0032,2845.4877,91.6742,1.5619,20.804,Normal,0,,0.0,None,0,No Action Required
2026-05-01 00:34:00,WELL-002,drilling,2814.9428,115.8645,119.0305,16.3221,38.998,241.8656,2803.2947,2804.7275,91.7676,1.5601,20.1098,Normal,0,,0.0,None,0,No Action Required
2026-05-01 00:35:00,WELL-002,drilling,2815.6209,123.6602,119.0402,16.7064,39.0211,240.2864,2809.5059,2830.3821,91.6957,1.5616,20.4176,Normal,0,,0.0,None,0,No Action Required
2026-05-01 00:36:00,WELL-002,drilling,2816.2261,118.1737,119.8038,16.0754,37.9125,240.5867,2822.6501,2815.5586,91.7161,1.5588,20.1376,Normal,0,,0.0,None,0,No Action Required
2026-05-01 00:37:00,WELL-002,drilling,2816.9274,121.3029,119.9653,15.9999,39.9753,241.4145,2848.4069,2798.7817,91.7,1.5605,19.8654,Normal,0,,0.0,None,0,No Action Required
2026-05-01 00:38:00,WELL-002,connection,2816.8979,0.4231,0.0,0.0,0.2048,111.2566,1119.7216,1896.8079,92.3994,1.5618,19.9473,Normal,0,,0.0,None,0,No Action Required
2026-05-01 00:39:00,WELL-002,connection,2816.891,0.837,1.11,0.0,0.044,37.133,0.0,809.7583,93.2934,1.5634,19.8972,Normal,0,,0.0,None,0,No Action Required
2026-05-01 00:40:00,WELL-002,connection,2816.9223,0.0,0.0,0.1381,0.1426,12.1932,0.0,361.2113,93.639,1.564,19.7162,Normal,0,,0.0,None,0,No Action Required
2026-05-01 00:41:00,WELL-002,connection,2816.8977,0.0004,0.0,0.002,0.0,4.767,0.0,160.5812,93.8326,1.558,20.2175,Normal,0,,0.0,None,0,No Action Required
2026-05-01 00:42:00,WELL-002,connection,2816.8563,1.5537,0.2237,0.0916,0.2698,0.9415,0.0,71.1172,93.8385,1.5598,20.1907,Normal,0,,0.0,None,0,No Action Required
2026-05-01 00:43:00,WELL-002,connection,2816.8796,0.5028,1.0399,0.0673,0.1251,0.5617,0.0,32.0088,93.8118,1.5575,19.5193,Normal,0,,0.0,None,0,No Action Required
2026-05-01 00:44:00,WELL-002,connection,2816.9026,0.0,0.2235,0.0,0.0497,46.5532,1404.5217,783.7103,93.2772,1.5594,20.1439,Normal,0,,0.0,None,0,No Action Required
2026-05-01 00:45:00,WELL-002,drilling,2817.0519,40.4624,40.4928,10.0614,10.1897,176.5774,2824.0767,1895.5509,92.3927,1.5593,20.6462,Normal,0,,0.0,None,0,No Action Required
2026-05-01 00:46:00,WELL-002,drilling,2817.4246,86.8255,82.1413,13.9441,24.1664,220.4495,2841.8196,2385.7299,92.0128,1.5598,20.3729,Normal,0,,0.0,None,0,No Action Required
2026-05-01 00:47:00,WELL-002,drilling,2818.066,129.655,123.41,17.4393,38.914,235.2095,2830.0809,2634.355,91.7633,1.5619,20.4809,Normal,0,,0.0,None,0,No Action Required
2026-05-01 00:48:00,WELL-002,drilling,2818.7246,131.8654,123.0694,17.4868,38.8466,239.9431,2828.1011,2745.1615,91.7236,1.5598,16.7171,Normal,0,,0.0,None,0,No Action Required
2026-05-01 00:49:00,WELL-002,drilling,2819.352,127.7252,123.8344,17.577,39.4392,240.8677,2809.5251,2820.3734,91.6574,1.5576,15.6912,Normal,0,,0.0,None,0,No Action Required
2026-05-01 00:50:00,WELL-002,drilling,2820.0826,129.5022,124.3057,16.7363,40.0974,240.884,2832.3947,2790.199,91.6633,1.5593,16.6214,Normal,0,,0.0,None,0,No Action Required
2026-05-01 00:51:00,WELL-002,drilling,2820.706,127.9405,123.0116,16.4776,39.5084,242.3987,2808.8802,2828.335,91.691,1.5592,17.4807,Normal,0,,0.0,None,0,No Action Required
2026-05-01 00:52:00,WELL-002,drilling,2821.4225,129.3391,123.0065,16.7483,40.2234,241.9607,2844.9111,2809.6335,91.6552,1.5609,18.0368,Normal,0,,0.0,None,0,No Action Required
2026-05-01 00:53:00,WELL-002,drilling,2822.0493,128.5643,124.1036,16.68,38.979,242.025,2824.1977,2812.5837,91.6347,1.5625,18.3823,Normal,0,,0.0,None,0,No Action Required
2026-05-01 00:54:00,WELL-002,drilling,2822.696,122.7642,124.8266,16.0205,37.6094,242.5205,2853.9818,2808.1785,91.6861,1.5579,16.3197,Normal,0,,0.0,None,0,No Action Required
2026-05-01 00:55:00,WELL-002,drilling,2823.3079,127.3731,122.459,16.368,37.1,242.1572,2840.0666,2741.6398,91.658,1.5543,16.3571,Normal,0,,0.0,None,0,No Action Required
2026-05-01 00:56:00,WELL-002,drilling,2823.9438,128.6913,123.8562,16.5371,37.7968,243.0845,2822.7973,2817.807,91.6857,1.5589,14.8162,Normal,0,,0.0,None,0,No Action Required
2026-05-01 00:57:00,WELL-002,drilling,2824.5965,128.529,123.8559,17.3527,39.5998,242.5398,2844.0536,2804.0059,91.6319,1.5592,15.2141,Normal,0,,0.0,None,0,No Action Required
2026-05-01 00:58:00,WELL-002,drilling,2825.2834,134.7468,122.7704,17.3983,42.1781,242.8811,2832.1946,2810.4638,91.6686,1.5625,16.1967,Normal,0,,0.0,None,0,No Action Required
2026-05-01 00:59:00,WELL-002,drilling,2825.971,134.4987,123.0368,17.8043,42.2268,242.3704,2817.4057,2807.4087,91.7098,1.5595,18.236,Normal,0,,0.0,None,0,No Action Required
2026-05-01 01:00:00,WELL-002,drilling,2826.6746,139.1491,122.8628,17.9612,43.0879,242.2454,2831.3195,2784.4255,91.642,1.5602,17.7143,Normal,0,,0.0,None,0,No Action Required
2026-05-01 01:01:00,WELL-002,drilling,2827.3867,135.087,123.6868,17.963,40.8588,242.8097,2836.3875,2796.7402,91.6503,1.5611,17.8279,Normal,0,,0.0,None,0,No Action Required
2026-05-01 01:02:00,WELL-002,drilling,2828.115,138.9348,123.6138,18.5479,44.0909,242.1897,2823.9066,2814.5759,91.6393,1.5585,16.749,Normal,0,,0.0,None,0,No Action Required
2026-05-01 01:03:00,WELL-002,drilling,2828.8812,135.4413,123.2783,18.0005,45.2623,243.3735,2828.6861,2774.6767,91.6241,1.557,16.5238,Normal,0,,0.0,None,0,No Action Required
2026-05-01 01:04:00,WELL-002,drilling,2829.5825,134.5636,123.1803,17.913,43.1645,242.6054,2809.1089,2864.183,91.6542,1.5584,15.7052,Normal,0,,0.0,None,0,No Action Required
2026-05-01 01:05:00,WELL-002,drilling,2830.3299,138.7131,123.1932,18.2231,43.6384,243.5245,2818.5126,2758.9862,91.641,1.5625,16.5213,Normal,0,,0.0,None,0,No Action Required
2026-05-01 01:06:00,WELL-002,drilling,2831.0492,138.7057,123.9569,18.0897,42.4794,243.2791,2830.2733,2865.0478,91.6685,1.5575,17.4015,Normal,0,,0.0,None,0,No Action Required
2026-05-01 01:07:00,WELL-002,drilling,2831.8368,144.1445,123.8664,18.534,46.6327,244.5527,2848.8666,2799.2946,91.6841,1.5576,16.7114,Normal,0,,0.0,None,0,No Action Required
2026-05-01 01:08:00,WELL-002,drilling,2832.563,143.8867,122.8164,19.1344,46.0601,244.2811,2847.0942,2811.7622,91.6446,1.559,18.1066,Normal,0,,0.0,None,0,No Action Required
2026-05-01 01:09:00,WELL-002,drilling,2833.3661,145.5853,123.0359,18.8745,45.3913,244.9639,2857.2983,2776.7042,91.68,1.5616,18.3754,Normal,0,,0.0,None,0,No Action Required
2026-05-01 01:10:00,WELL-002,drilling,2834.0952,144.2586,123.3528,18.4333,44.701,244.2355,2854.3324,2844.4461,91.6811,1.5622,17.2846,Normal,0,,0.0,None,0,No Action Required
2026-05-01 01:11:00,WELL-002,drilling,2834.8706,140.6005,123.2386,17.9231,44.6083,244.569,2834.2751,2869.5601,91.6077,1.5613,17.0043,Normal,0,,0.0,None,0,No Action Required
2026-05-01 01:12:00,WELL-002,drilling,2835.5444,137.359,122.7374,17.1388,42.9809,245.6049,2848.8036,2852.6848,91.6394,1.5591,17.9881,Normal,0,,0.0,None,0,No Action Required
2026-05-01 01:13:00,WELL-002,drilling,2836.2347,137.734,123.6043,16.533,42.3242,245.7624,2840.4543,2854.3421,91.6521,1.5576,15.8332,Normal,0,,0.0,None,0,No Action Required
2026-05-01 01:14:00,WELL-002,drilling,2836.9875,135.1372,123.3745,16.6699,42.213,244.1634,2855.4044,2863.1139,91.6184,1.5636,16.5591,Normal,0,,0.0,None,0,No Action Required
2026-05-01 01:15:00,WELL-002,drilling,2837.6874,133.8055,123.8733,16.5833,40.2226,243.9286,2831.4412,2842.2448,91.6946,1.5576,15.7194,Normal,0,,0.0,None,0,No Action Required
2026-05-01 01:16:00,WELL-002,drilling,2838.3215,133.4726,124.3252,17.342,39.2679,243.9144,2825.9935,2799.755,91.657,1.5572,15.4896,Normal,0,,0.0,None,0,No Action Required
2026-05-01 01:17:00,WELL-002,drilling,2838.9903,124.6512,124.1389,16.6331,39.0185,243.505,2847.5407,2819.6333,91.6873,1.5613,16.4899,Normal,0,,0.0,None,0,No Action Required
2026-05-01 01:18:00,WELL-002,drilling,2839.5967,124.3666,122.9669,17.1401,39.003,243.5825,2805.8645,2841.4424,91.6915,1.5587,17.2109,Normal,0,,0.0,None,0,No Action Required
2026-05-01 01:19:00,WELL-002,drilling,2840.2805,129.3828,123.1047,17.8954,40.4692,243.8438,2835.1288,2826.7159,91.6258,1.5602,18.4951,Normal,0,,0.0,None,0,No Action Required
2026-05-01 01:20:00,WELL-002,drilling,2840.9566,126.3322,124.2446,17.2384,41.3663,243.8937,2831.8845,2830.1637,91.6391,1.5614,20.2272,Normal,0,,0.0,None,0,No Action Required
2026-05-01 01:21:00,WELL-002,drilling,2841.6901,124.7451,124.1167,17.0312,42.4561,244.0054,2833.1377,2816.3686,91.6778,1.5626,19.7915,Normal,0,,0.0,None,0,No Action Required
2026-05-01 01:22:00,WELL-002,drilling,2842.3828,125.8426,121.8091,16.9865,40.8878,244.0877,2830.598,2833.464,91.6843,1.5649,18.9835,Normal,0,,0.0,None,0,No Action Required
2026-05-01 01:23:00,WELL-002,drilling,2843.0372,125.1354,122.4998,17.379,39.795,243.1108,2817.8064,2828.501,91.6644,1.5592,19.8782,Normal,0,,0.0,None,0,No Action Required
2026-05-01 01:24:00,WELL-002,drilling,2843.7308,125.7815,123.8425,17.3961,39.8551,243.756,2840.0262,2769.3987,91.6963,1.5632,21.838,Normal,0,,0.0,None,0,No Action Required
2026-05-01 01:25:00,WELL-002,drilling,2844.362,125.5784,123.5326,17.7224,39.1599,242.405,2829.5555,2778.2458,91.6721,1.561,22.152,Normal,0,,0.0,None,0,No Action Required
2026-05-01 01:26:00,WELL-002,drilling,2845.0394,125.8527,123.0537,17.6524,38.8079,242.9219,2807.4832,2821.1089,91.6857,1.5602,29.0188,Normal,0,,0.0,None,0,No Action Required
2026-05-01 01:27:00,WELL-002,drilling,2845.7176,126.3116,123.5704,16.7155,41.4931,243.3236,2826.5707,2791.7826,91.6241,1.5609,27.3612,Normal,0,,0.0,None,0,No Action Required
2026-05-01 01:28:00,WELL-002,connection,2845.7472,1.0747,1.2851,0.0,0.383,113.4519,1133.2051,1869.9212,92.381,1.5688,28.3018,Normal,0,,0.0,None,0,No Action Required
2026-05-01 01:29:00,WELL-002,connection,2845.6888,0.0,0.3865,0.0,0.751,37.7534,0.0,839.0589,93.2027,1.57,28.6446,Normal,0,,0.0,None,0,No Action Required
2026-05-01 01:30:00,WELL-002,connection,2845.7121,0.0,0.0,0.0,0.176,12.237,0.0,368.4978,93.6067,1.5654,28.283,Normal,0,,0.0,None,0,No Action Required
2026-05-01 01:31:00,WELL-002,connection,2845.7114,0.6235,0.0,0.0,0.0,3.5653,0.0,160.8379,93.7519,1.5708,27.0515,Normal,0,,0.0,None,0,No Action Required
2026-05-01 01:32:00,WELL-002,connection,2845.6864,0.0,0.0,0.0178,0.0,1.897,0.0,71.5348,93.8252,1.5693,20.2992,Normal,0,,0.0,None,0,No Action Required
2026-05-01 01:33:00,WELL-002,connection,2845.7039,0.0,0.0,0.0248,0.2709,0.56,0.0,31.7487,93.823,1.5665,19.295,Normal,0,,0.0,None,0,No Action Required
2026-05-01 01:34:00,WELL-002,connection,2845.6893,0.9014,0.0,0.2603,0.0,0.0,0.0,14.2159,93.8519,1.5671,18.8673,Normal,0,,0.0,None,0,No Action Required
2026-05-01 01:35:00,WELL-002,connection,2845.7014,0.0,0.5966,0.0,0.5327,0.6808,0.0,6.1731,93.8882,1.568,17.1355,Normal,0,,0.0,None,0,No Action Required
2026-05-01 01:36:00,WELL-002,connection,2845.7355,0.2037,0.0,0.0,0.0048,46.5935,1411.6863,788.3233,93.2349,1.5712,18.7691,Normal,0,,0.0,None,0,No Action Required
2026-05-01 01:37:00,WELL-002,drilling,2845.8554,41.0507,40.577,10.6833,11.1167,178.4848,2838.3889,1938.3748,92.3891,1.5694,18.3246,Normal,0,,0.0,None,0,No Action Required
2026-05-01 01:38:00,WELL-002,drilling,2846.3032,88.2037,79.5454,14.2397,26.0849,222.4165,2825.8368,2422.6551,91.9426,1.5717,18.6083,Normal,0,,0.0,None,0,No Action Required
2026-05-01 01:39:00,WELL-002,drilling,2846.9951,126.9532,120.9565,17.5557,39.4045,237.4732,2821.1264,2639.7791,91.7627,1.5699,16.7915,Normal,0,,0.0,None,0,No Action Required
2026-05-01 01:40:00,WELL-002,drilling,2847.6782,129.836,119.442,18.0334,41.3977,242.7445,2838.6042,2787.5111,91.72,1.5711,18.6403,Normal,0,,0.0,None,0,No Action Required
2026-05-01 01:41:00,WELL-002,drilling,2848.3546,127.7094,119.655,18.0633,41.3423,244.4826,2820.5615,2859.7983,91.7189,1.5644,17.9007,Normal,0,,0.0,None,0,No Action Required
2026-05-01 01:42:00,WELL-002,drilling,2849.0428,129.0352,120.6645,17.8692,41.1025,244.9223,2834.5003,2777.6415,91.6567,1.5702,18.63,Normal,0,,0.0,None,0,No Action Required
2026-05-01 01:43:00,WELL-002,drilling,2849.6955,126.7525,119.9861,17.3812,39.2646,244.9406,2822.0883,2835.1867,91.6161,1.5684,20.3379,Normal,0,,0.0,None,0,No Action Required
2026-05-01 01:44:00,WELL-002,drilling,2850.3952,127.0914,121.0056,16.665,40.0399,245.4677,2815.5974,2847.5315,91.6334,1.5687,20.9275,Normal,0,,0.0,None,0,No Action Required
2026-05-01 01:45:00,WELL-002,drilling,2851.0326,131.3345,120.5095,17.0241,39.0851,244.9617,2816.8286,2807.4358,91.5653,1.5701,20.8842,Normal,0,,0.0,None,0,No Action Required
2026-05-01 01:46:00,WELL-002,drilling,2851.6965,128.8755,120.6009,16.6548,40.7772,244.4493,2822.2684,2778.6872,91.616,1.57,21.5187,Normal,0,,0.0,None,0,No Action Required
2026-05-01 01:47:00,WELL-002,drilling,2852.3432,131.0204,120.0462,17.0211,39.8331,245.6632,2848.3408,2854.3612,91.5823,1.572,20.947,Normal,0,,0.0,None,0,No Action Required
2026-05-01 01:48:00,WELL-002,drilling,2852.9779,125.4271,120.7457,16.7725,38.3714,245.5694,2847.7643,2805.1303,91.6239,1.573,21.884,Normal,0,,0.0,None,0,No Action Required
2026-05-01 01:49:00,WELL-002,drilling,2853.6526,124.2169,119.5112,16.5588,39.6744,245.7521,2834.6016,2778.2809,91.6247,1.5687,21.3521,Normal,0,,0.0,None,0,No Action Required
2026-05-01 01:50:00,WELL-002,drilling,2854.248,119.2763,120.1881,16.9296,37.7531,246.5295,2813.9612,2850.7426,91.6645,1.5693,20.1863,Normal,0,,0.0,None,0,No Action Required
2026-05-01 01:51:00,WELL-002,drilling,2854.841,118.4227,120.6832,17.1276,36.3337,245.3113,2822.1331,2756.2558,91.5938,1.5714,21.3107,Normal,0,,0.0,None,0,No Action Required
2026-05-01 01:52:00,WELL-002,drilling,2855.4968,119.8257,119.9667,17.4819,38.5896,244.983,2843.9337,2931.5438,91.6349,1.5672,23.5116,Normal,0,,0.0,None,0,No Action Required
2026-05-01 01:53:00,WELL-002,drilling,2856.1613,121.0169,119.8539,17.3329,40.8178,245.3232,2852.946,2800.2201,91.583,1.5687,22.2569,Normal,0,,0.0,None,0,No Action Required
2026-05-01 01:54:00,WELL-002,drilling,2856.8736,121.157,120.5907,17.9038,39.3772,245.2653,2838.9416,2821.7843,91.6492,1.5699,22.0629,Normal,0,,0.0,None,0,No Action Required
2026-05-01 01:55:00,WELL-002,drilling,2857.5185,114.8442,120.095,17.5611,38.7072,244.7513,2827.192,2821.5681,91.6372,1.5726,24.0325,Normal,0,,0.0,None,0,No Action Required
2026-05-01 01:56:00,WELL-002,drilling,2858.1504,115.9074,119.8413,17.3201,36.9478,246.0,2829.0638,2808.8544,91.6482,1.5676,24.7665,Normal,0,,0.0,None,0,No Action Required
2026-05-01 01:57:00,WELL-002,drilling,2858.7796,124.6711,118.6932,18.3906,39.1861,245.953,2837.5577,2822.6643,91.6484,1.5677,24.832,Normal,0,,0.0,None,0,No Action Required
2026-05-01 01:58:00,WELL-002,drilling,2859.4406,115.644,119.8253,18.1667,37.5689,246.7089,2829.5818,2823.9065,91.6307,1.5708,25.0127,Normal,0,,0.0,None,0,No Action Required
2026-05-01 01:59:00,WELL-002,drilling,2860.0552,117.6813,119.9683,18.2667,37.6238,245.9902,2823.0258,2872.1221,91.6188,1.5692,25.5799,Normal,0,,0.0,None,0,No Action Required
2026-05-01 02:00:00,WELL-002,drilling,2860.6355,116.8766,120.7442,18.2585,36.2588,246.5353,2837.3234,2786.9716,91.609,1.5697,24.9948,Normal,0,,0.0,None,0,No Action Required
2026-05-01 02:01:00,WELL-002,drilling,2861.2781,117.8684,118.8439,18.2744,37.1376,247.1833,2833.0535,2889.8356,91.589,1.5696,23.7594,Normal,0,,0.0,None,0,No Action Required
2026-05-01 02:02:00,WELL-002,drilling,2861.9158,119.5613,119.4605,17.6357,38.4877,246.8652,2835.8041,2812.5863,91.5839,1.5696,23.0817,Normal,0,,0.0,None,0,No Action Required
2026-05-01 02:03:00,WELL-002,drilling,2862.5384,119.9775,120.484,17.7241,36.1748,246.9731,2835.1767,2826.0558,91.5415,1.572,22.7216,Normal,0,,0.0,None,0,No Action Required
2026-05-01 02:04:00,WELL-002,drilling,2863.1188,115.6683,119.9507,17.706,37.0432,247.4831,2834.9251,2753.9254,91.608,1.5699,22.3209,Normal,0,,0.0,None,0,No Action Required
2026-05-01 02:05:00,WELL-002,drilling,2863.701,113.841,119.5559,17.1247,34.4995,246.9455,2837.2104,2871.4174,91.6171,1.5659,21.6403,Normal,0,,0.0,None,0,No Action Required
2026-05-01 02:06:00,WELL-002,drilling,2864.3471,117.4281,120.7405,17.2934,37.3168,247.0814,2820.8744,2845.6254,91.616,1.5686,22.4714,Normal,0,,0.0,None,0,No Action Required
2026-05-01 02:07:00,WELL-002,drilling,2864.9675,118.9976,120.0013,17.4973,38.5268,247.8954,2826.7142,2869.7356,91.6039,1.5694,22.8621,Normal,0,,0.0,None,0,No Action Required
2026-05-01 02:08:00,WELL-002,drilling,2865.626,120.0936,119.7687,17.4683,38.9546,247.9463,2851.7247,2716.1371,91.5485,1.5758,22.5599,Normal,0,,0.0,None,0,No Action Required
2026-05-01 02:09:00,WELL-002,drilling,2866.3121,124.5397,119.8792,17.6138,41.7055,247.5919,2850.9728,2861.0469,91.5706,1.5668,22.0276,Normal,0,,0.0,None,0,No Action Required
2026-05-01 02:10:00,WELL-002,drilling,2866.9987,123.8672,118.9463,17.3253,38.1411,247.1908,2832.0593,2859.5878,91.6374,1.5729,22.1257,Normal,0,,0.0,None,0,No Action Required
2026-05-01 02:11:00,WELL-002,drilling,2867.5773,124.0176,120.0354,16.7108,37.6044,246.4032,2843.1708,2883.6717,91.5862,1.5672,21.6026,Normal,0,,0.0,None,0,No Action Required
2026-05-01 02:12:00,WELL-002,drilling,2868.1596,123.269,119.0952,17.0764,36.4205,245.9614,2820.7846,2851.3495,91.5894,1.5701,19.0045,Normal,0,,0.0,None,0,No Action Required
2026-05-01 02:13:00,WELL-002,drilling,2868.8478,122.1488,118.9834,17.0616,38.1395,246.4323,2841.4971,2785.543,91.5769,1.5685,18.789,Normal,0,,0.0,None,0,No Action Required
2026-05-01 02:14:00,WELL-002,drilling,2869.4934,123.7018,119.1289,17.4396,40.9856,246.959,2841.3801,2841.7019,91.6612,1.5685,20.6339,Normal,0,,0.0,None,0,No Action Required
2026-05-01 02:15:00,WELL-002,drilling,2870.2213,126.4059,119.1541,16.8043,41.9323,246.1405,2817.9169,2795.4535,91.6097,1.5725,20.3285,Normal,0,,0.0,None,0,No Action Required
2026-05-01 02:16:00,WELL-002,drilling,2870.9135,126.3223,119.4638,17.1366,41.4105,246.1622,2826.575,2879.0444,91.6463,1.5709,27.7594,Normal,0,,0.0,None,0,No Action Required
2026-05-01 02:17:00,WELL-002,drilling,2871.5364,121.7208,119.3075,16.9147,40.6404,246.4742,2817.2039,2853.945,91.5783,1.5736,27.7612,Normal,0,,0.0,None,0,No Action Required
2026-05-01 02:18:00,WELL-002,drilling,2872.1924,118.6033,120.0997,16.3673,38.3199,245.951,2821.5974,2909.4394,91.6807,1.5675,28.8147,Normal,0,,0.0,None,0,No Action Required
2026-05-01 02:19:00,WELL-002,drilling,2872.8899,127.1372,119.6115,17.1569,39.3119,246.7167,2836.6658,2854.9638,91.6104,1.5731,29.2868,Normal,0,,0.0,None,0,No Action Required
2026-05-01 02:20:00,WELL-002,drilling,2873.5341,127.6363,120.4336,16.7414,39.3339,246.1592,2804.7935,2834.0876,91.6067,1.567,27.265,Normal,0,,0.0,None,0,No Action Required
2026-05-01 02:21:00,WELL-002,connection,2873.5283,0.0,0.5602,0.0,0.3242,113.4977,1131.9857,1875.6082,92.346,1.5725,27.5766,Normal,0,,0.0,None,0,No Action Required
2026-05-01 02:22:00,WELL-002,connection,2873.5283,0.5254,0.0,0.0068,0.2318,37.7941,0.0,824.1708,93.2119,1.5685,26.5501,Normal,0,,0.0,None,0,No Action Required
2026-05-01 02:23:00,WELL-002,connection,2873.5501,0.8637,0.0,0.2316,0.0,13.158,0.0,367.9657,93.5618,1.5685,26.4129,Normal,0,,0.0,None,0,No Action Required
2026-05-01 02:24:00,WELL-002,connection,2873.5422,0.293,0.0048,0.2145,0.0,3.8233,0.0,162.4354,93.773,1.5713,17.3443,Normal,0,,0.0,None,0,No Action Required
2026-05-01 02:25:00,WELL-002,connection,2873.5215,0.0,0.0,0.0,0.1043,1.0596,0.0,72.6102,93.8197,1.5682,17.0388,Normal,0,,0.0,None,0,No Action Required
2026-05-01 02:26:00,WELL-002,connection,2873.5148,0.486,0.0,0.0423,0.0,47.4211,1414.7995,811.81,93.2307,1.5661,15.5395,Normal,0,,0.0,None,0,No Action Required
2026-05-01 02:27:00,WELL-002,drilling,2873.7141,45.8554,40.5837,11.2379,10.9447,179.0708,2823.3674,1904.4607,92.2945,1.5704,15.9852,Normal,0,,0.0,None,0,No Action Required
2026-05-01 02:28:00,WELL-002,drilling,2874.1109,87.9892,81.7039,14.9352,24.1511,223.015,2823.6547,2441.4257,91.9448,1.572,16.7361,Normal,0,,0.0,None,0,No Action Required
2026-05-01 02:29:00,WELL-002,drilling,2874.7773,132.8396,124.1633,18.333,39.338,237.0597,2814.3162,2637.9126,91.7126,1.5721,16.0877,Normal,0,,0.0,None,0,No Action Required
2026-05-01 02:30:00,WELL-002,drilling,2875.459,129.5387,124.0201,17.5681,41.1439,241.8059,2785.4247,2796.0725,91.6462,1.571,16.4058,Normal,0,,0.0,None,0,No Action Required
2026-05-01 02:31:00,WELL-002,drilling,2876.158,128.7649,123.5297,17.6322,41.8354,243.2274,2814.6737,2841.4701,91.6404,1.5711,18.1902,Normal,0,,0.0,None,0,No Action Required
2026-05-01 02:32:00,WELL-002,drilling,2876.7767,122.5078,123.454,17.608,39.6353,243.5402,2815.0804,2792.2457,91.5919,1.5709,17.8581,Normal,0,,0.0,None,0,No Action Required
2026-05-01 02:33:00,WELL-002,drilling,2877.4744,124.5066,123.2981,17.8924,38.3766,243.5193,2791.8983,2786.2805,91.6553,1.5709,18.1001,Normal,0,,0.0,None,0,No Action Required
2026-05-01 02:34:00,WELL-002,drilling,2878.0747,126.6657,124.0139,18.0413,38.3265,244.3036,2842.2694,2734.7589,91.6497,1.5732,18.124,Normal,0,,0.0,None,0,No Action Required
2026-05-01 02:35:00,WELL-002,drilling,2878.7471,126.203,123.2726,17.5259,36.5105,244.3166,2819.0474,2820.0022,91.587,1.5672,16.8339,Normal,0,,0.0,None,0,No Action Required
2026-05-01 02:36:00,WELL-002,drilling,2879.3695,126.2418,123.6961,17.6602,37.3144,245.6255,2808.7237,2760.089,91.6263,1.5725,18.2124,Normal,0,,0.0,None,0,No Action Required
2026-05-01 02:37:00,WELL-002,drilling,2879.993,126.3476,123.7528,17.842,37.9841,245.2572,2813.0733,2816.8668,91.6286,1.5709,18.9669,Normal,0,,0.0,None,0,No Action Required
2026-05-01 02:38:00,WELL-002,drilling,2880.6184,123.3219,125.2066,17.4039,37.0942,245.2706,2818.9646,2722.683,91.6062,1.5676,20.0342,Normal,0,,0.0,None,0,No Action Required
2026-05-01 02:39:00,WELL-002,drilling,2881.2006,116.9788,124.5533,16.8415,36.6242,245.8273,2814.8432,2825.2352,91.5813,1.5691,19.0994,Normal,0,,0.0,None,0,No Action Required
2026-05-01 02:40:00,WELL-002,drilling,2881.8163,120.3833,124.24,17.0405,37.1708,245.6363,2824.4671,2869.3359,91.5766,1.5742,19.6534,Normal,0,,0.0,None,0,No Action Required
2026-05-01 02:41:00,WELL-002,drilling,2882.4735,118.4272,123.6571,17.348,36.8113,246.6286,2811.4911,2765.9828,91.6066,1.5675,18.6159,Normal,0,,0.0,None,0,No Action Required
2026-05-01 02:42:00,WELL-002,drilling,2883.0522,124.7724,123.6265,17.8712,37.3843,246.157,2830.4301,2873.6929,91.5795,1.5695,19.5932,Normal,0,,0.0,None,0,No Action Required
2026-05-01 02:43:00,WELL-002,drilling,2883.7328,129.7714,124.4208,17.8873,40.8204,247.7432,2816.2651,2882.8034,91.5545,1.5713,18.5734,Normal,0,,0.0,None,0,No Action Required
2026-05-01 02:44:00,WELL-002,drilling,2884.4193,130.3231,123.4467,18.1312,39.8758,246.8364,2813.924,2851.6754,91.5951,1.5725,18.7061,Normal,0,,0.0,None,0,No Action Required
2026-05-01 02:45:00,WELL-002,drilling,2884.7804,136.2938,124.9551,16.6323,21.8798,247.3376,2838.634,2797.3061,91.5813,1.5707,20.0147,Normal,0,,0.0,None,0,No Action Required
2026-05-01 02:46:00,WELL-002,drilling,2885.1225,134.7814,124.6452,16.2762,21.0532,247.362,2821.0707,2803.3166,91.575,1.5704,20.6669,Normal,0,,0.0,None,0,No Action Required
2026-05-01 02:47:00,WELL-002,drilling,2885.4113,126.6934,123.5188,15.3179,19.8713,248.1011,2839.5348,2803.055,91.6193,1.5731,21.419,Normal,0,,0.0,None,0,No Action Required
2026-05-01 02:48:00,WELL-002,drilling,2885.8141,123.0777,123.794,15.9847,19.7308,247.7977,2828.4137,2874.1893,91.5675,1.5712,21.5802,Normal,0,,0.0,None,0,No Action Required
2026-05-01 02:49:00,WELL-002,drilling,2886.1343,121.8308,123.2264,15.8548,20.5847,247.6696,2823.8617,2835.6542,91.6026,1.5663,20.7078,Normal,0,,0.0,None,0,No Action Required
2026-05-01 02:50:00,WELL-002,drilling,2886.5115,123.2817,123.7962,15.7348,21.2306,248.771,2822.5894,2817.6184,91.5922,1.5681,19.4006,Normal,0,,0.0,None,0,No Action Required
2026-05-01 02:51:00,WELL-002,drilling,2886.8349,123.5243,124.4963,15.2399,21.6838,249.3232,2858.0015,2830.4566,91.5967,1.5698,20.5165,Normal,0,,0.0,None,0,No Action Required
2026-05-01 02:52:00,WELL-002,drilling,2887.1998,118.1907,123.7576,14.7188,21.5431,249.2202,2841.2862,2833.7979,91.5979,1.5725,21.7586,Normal,0,,0.0,None,0,No Action Required
2026-05-01 02:53:00,WELL-002,drilling,2887.5298,110.8441,124.4224,14.9972,20.7462,249.1163,2839.3615,2826.0987,91.6437,1.57,23.1539,Normal,0,,0.0,None,0,No Action Required
2026-05-01 02:54:00,WELL-002,drilling,2887.8873,108.2546,123.2421,14.4608,20.4666,249.3214,2824.2692,2806.3385,91.5599,1.5685,23.7722,Normal,0,,0.0,None,0,No Action Required
2026-05-01 02:55:00,WELL-002,drilling,2888.2572,116.132,122.9144,14.9285,20.3012,248.8612,2826.8782,2788.0477,91.5935,1.5724,23.3325,Normal,0,,0.0,None,0,No Action Required
2026-05-01 02:56:00,WELL-002,drilling,2888.5934,115.9899,123.1736,14.9137,21.3275,248.6277,2832.701,2824.7393,91.597,1.5686,21.0316,Normal,0,,0.0,None,0,No Action Required
2026-05-01 02:57:00,WELL-002,drilling,2888.9051,117.1201,125.8523,15.1879,19.9599,248.0958,2819.6114,2777.3133,91.6222,1.5697,21.1358,Normal,0,,0.0,None,0,No Action Required
2026-05-01 02:58:00,WELL-002,drilling,2889.2834,119.8781,123.2784,15.4844,21.3682,248.13,2845.6506,2824.5789,91.6055,1.5662,20.8373,Normal,0,,0.0,None,0,No Action Required
2026-05-01 02:59:00,WELL-002,drilling,2889.6405,124.031,122.557,15.5983,21.5387,248.4841,2836.1816,2816.7096,91.5834,1.5686,22.6232,Normal,0,,0.0,None,0,No Action Required
2026-05-01 03:00:00,WELL-002,drilling,2889.9674,124.6607,125.5005,15.7281,21.3595,248.3481,2838.0138,2874.9699,91.6339,1.5695,21.3313,Normal,0,,0.0,None,0,No Action Required
2026-05-01 03:01:00,WELL-002,drilling,2890.2665,123.8564,124.4814,15.6899,19.8673,248.6564,2834.6965,2747.1858,91.6039,1.5705,21.3158,Normal,0,,0.0,None,0,No Action Required
2026-05-01 03:02:00,WELL-002,drilling,2890.6441,118.4062,123.2789,15.1792,20.174,247.8131,2829.5153,2832.3488,91.6471,1.5721,19.8106,Normal,0,,0.0,None,0,No Action Required
2026-05-01 03:03:00,WELL-002,drilling,2891.0012,110.0593,124.261,15.0235,19.9317,247.4301,2836.6914,2876.1143,91.5976,1.5715,20.4283,Normal,0,,0.0,None,0,No Action Required
2026-05-01 03:04:00,WELL-002,drilling,2891.3487,119.5952,123.6461,15.5793,22.3113,246.8864,2827.1598,2742.1907,91.5839,1.5705,21.0408,Normal,0,,0.0,None,0,No Action Required
2026-05-01 03:05:00,WELL-002,drilling,2891.6803,120.0466,123.4791,14.9292,21.4157,247.4801,2854.1065,2832.2152,91.6141,1.5702,20.903,Normal,0,,0.0,None,0,No Action Required
2026-05-01 03:06:00,WELL-002,drilling,2892.0637,120.0807,123.6523,14.9771,20.7623,247.5943,2818.506,2754.6497,91.6357,1.5708,21.518,Normal,0,,0.0,None,0,No Action Required
2026-05-01 03:07:00,WELL-002,drilling,2892.3779,122.0061,123.7024,14.8831,22.198,246.4901,2823.8432,2818.928,91.5691,1.5694,20.2168,Normal,0,,0.0,None,0,No Action Required
2026-05-01 03:08:00,WELL-002,drilling,2892.7686,121.7363,123.3319,14.9102,20.7686,247.5127,2838.9424,2801.4092,91.5958,1.573,19.7477,Normal,0,,0.0,None,0,No Action Required
2026-05-01 03:09:00,WELL-002,drilling,2893.0541,122.846,124.4695,14.9088,20.815,247.2295,2833.0132,2812.5015,91.6022,1.5686,27.0533,Normal,0,,0.0,None,0,No Action Required
2026-05-01 03:10:00,WELL-002,drilling,2893.4203,129.3476,122.7092,15.2763,21.3119,247.6064,2829.5962,2835.1036,91.6328,1.5684,26.3958,Normal,0,,0.0,None,0,No Action Required
2026-05-01 03:11:00,WELL-002,drilling,2893.8102,130.585,122.9637,15.2098,21.745,247.7621,2808.2755,2863.6991,91.5893,1.5682,26.7823,Normal,0,,0.0,None,0,No Action Required
2026-05-01 03:12:00,WELL-002,drilling,2894.1755,129.2404,124.7258,14.94,21.6005,246.7493,2828.6647,2861.7187,91.5995,1.5709,27.0029,Normal,0,,0.0,None,0,No Action Required
2026-05-01 03:13:00,WELL-002,drilling,2894.5169,124.0478,122.3151,14.5963,21.0762,248.6953,2822.933,2799.7136,91.6488,1.5692,27.755,Normal,0,,0.0,None,0,No Action Required
2026-05-01 03:14:00,WELL-002,drilling,2894.7962,125.4349,124.462,15.1802,19.1677,248.0226,2831.801,2773.5313,91.6253,1.5696,21.3787,Normal,0,,0.0,None,0,No Action Required
2026-05-01 03:15:00,WELL-002,drilling,2895.199,123.4169,123.8263,15.193,20.4535,247.1969,2804.6359,2817.8696,91.5956,1.5736,19.9546,Normal,0,,0.0,None,0,No Action Required
2026-05-01 03:16:00,WELL-002,drilling,2895.5096,126.5607,122.425,15.495,19.8892,248.3964,2832.2034,2787.3223,91.615,1.5715,20.2556,Normal,0,,0.0,None,0,No Action Required
2026-05-01 03:17:00,WELL-002,drilling,2895.8722,125.2761,123.7881,14.8921,21.2709,247.3809,2827.4745,2798.6098,91.6801,1.5717,20.3978,Normal,0,,0.0,None,0,No Action Required
2026-05-01 03:18:00,WELL-002,drilling,2896.2114,132.6854,123.9158,15.3199,21.4871,248.6591,2836.8128,2805.2953,91.5728,1.5672,20.5774,Normal,0,,0.0,None,0,No Action Required
2026-05-01 03:19:00,WELL-002,drilling,2896.5942,127.0595,123.8035,15.3324,23.0735,248.5463,2828.3062,2798.0326,91.5788,1.5677,22.0515,Normal,0,,0.0,None,0,No Action Required
2026-05-01 03:20:00,WELL-002,drilling,2896.9136,117.0903,123.6711,14.6034,19.7209,249.0908,2817.637,2793.92,91.6037,1.5726,21.7898,Normal,0,,0.0,None,0,No Action Required
2026-05-01 03:21:00,WELL-002,drilling,2897.2292,120.889,124.2835,15.0898,20.0704,248.6395,2828.0869,2804.3947,91.5923,1.5706,19.3877,Normal,0,,0.0,None,0,No Action Required
2026-05-01 03:22:00,WELL-002,drilling,2897.6189,126.1536,123.964,15.6567,20.3426,247.6569,2827.9286,2760.6344,91.6364,1.5694,19.2287,Normal,0,,0.0,None,0,No Action Required
2026-05-01 03:23:00,WELL-002,drilling,2897.9664,124.397,123.3064,15.5546,21.1848,246.8698,2850.2636,2837.5632,91.5855,1.568,19.2629,Normal,0,,0.0,None,0,No Action Required
2026-05-01 03:24:00,WELL-002,drilling,2898.2595,120.7835,124.3222,15.2531,19.7462,248.3418,2831.4103,2821.6732,91.6129,1.5707,19.6929,Normal,0,,0.0,None,0,No Action Required
2026-05-01 03:25:00,WELL-002,drilling,2898.6151,120.3407,124.4137,15.3454,18.864,246.6051,2805.6834,2781.4217,91.6514,1.5677,18.9342,Normal,0,,0.0,None,0,No Action Required
2026-05-01 03:26:00,WELL-002,drilling,2898.9579,123.6185,122.8068,15.3396,20.1064,245.3673,2836.764,2816.4266,91.594,1.5689,19.7685,Normal,0,,0.0,None,0,No Action Required
2026-05-01 03:27:00,WELL-002,drilling,2899.2981,119.048,123.4144,14.9727,20.6135,246.0998,2813.9644,2789.6652,91.6281,1.5718,19.0403,Normal,0,,0.0,None,0,No Action Required
2026-05-01 03:28:00,WELL-002,drilling,2899.5784,120.984,122.8412,15.2789,21.6668,247.77,2818.4618,2790.2817,91.6202,1.5685,19.2347,Normal,0,,0.0,None,0,No Action Required
2026-05-01 03:29:00,WELL-002,drilling,2899.9261,121.4157,122.6239,14.7284,20.6881,246.5846,2812.8902,2874.6692,91.646,1.5738,19.4098,Normal,0,,0.0,None,0,No Action Required
2026-05-01 03:30:00,WELL-002,drilling,2900.3358,115.3819,124.3762,14.4431,20.8468,246.5216,2837.3395,2894.2097,91.635,1.5695,20.8974,Normal,0,,0.0,None,0,No Action Required
2026-05-01 03:31:00,WELL-002,drilling,2900.6995,120.0559,123.6241,15.1845,22.8872,246.5558,2811.2868,2822.3827,91.6145,1.5712,19.6561,Normal,0,,0.0,None,0,No Action Required
2026-05-01 03:32:00,WELL-002,drilling,2901.0536,119.8329,122.9997,15.2173,21.2439,246.738,2821.1167,2852.6731,91.6164,1.5689,27.0083,Normal,0,,0.0,None,0,No Action Required
2026-05-01 03:33:00,WELL-002,drilling,2901.4189,122.0801,123.8774,15.6133,21.6804,246.9963,2809.8681,2801.7626,91.6327,1.5663,25.0293,Normal,0,,0.0,None,0,No Action Required
2026-05-01 03:34:00,WELL-002,drilling,2901.781,122.7078,124.7751,15.0384,22.8705,247.1069,2844.0564,2796.8908,91.5937,1.5688,24.1351,Normal,0,,0.0,None,0,No Action Required
2026-05-01 03:35:00,WELL-002,drilling,2902.1808,125.79,123.5625,15.6431,22.8145,247.9106,2833.64,2829.3172,91.563,1.5693,23.7437,Normal,0,,0.0,None,0,No Action Required
2026-05-01 03:36:00,WELL-002,connection,2902.1934,0.0,1.0741,0.0,0.0,114.1793,1126.9467,1897.4999,92.3789,1.5805,24.5256,Normal,0,,0.0,None,0,No Action Required
2026-05-01 03:37:00,WELL-002,connection,2902.1625,0.4,0.0,0.0028,0.0048,38.0479,0.0,832.6834,93.1326,1.5819,23.0143,Normal,0,,0.0,None,0,No Action Required
2026-05-01 03:38:00,WELL-002,connection,2902.1619,0.0,0.4586,0.0,0.0,12.3648,0.0,360.5764,93.5055,1.5797,21.4939,Normal,0,,0.0,None,0,No Action Required
2026-05-01 03:39:00,WELL-002,connection,2902.1598,0.0,0.0,0.0,0.0,3.7708,0.0,161.0313,93.7678,1.5784,19.2157,Normal,0,,0.0,None,0,No Action Required
2026-05-01 03:40:00,WELL-002,connection,2902.1581,0.0,0.0,0.0,0.0,49.1194,1412.6797,856.0077,93.1118,1.5834,19.0666,Normal,0,,0.0,None,0,No Action Required
2026-05-01 03:41:00,WELL-002,drilling,2902.2524,38.7605,41.0492,9.5959,5.5968,181.792,2808.7844,1931.8183,92.2789,1.5796,20.7634,Normal,0,,0.0,None,0,No Action Required
2026-05-01 03:42:00,WELL-002,drilling,2902.4423,75.9402,81.087,11.7063,12.3788,225.8986,2828.2808,2431.9989,91.8573,1.5835,24.1127,Normal,0,,0.0,None,0,No Action Required
2026-05-01 03:43:00,WELL-002,drilling,2902.7658,119.2556,122.2668,14.39,21.1861,242.4089,2832.8876,2624.0483,91.6829,1.575,24.4604,Normal,0,,0.0,None,0,No Action Required
2026-05-01 03:44:00,WELL-002,drilling,2903.1351,121.2172,123.7047,14.6724,19.8438,246.9706,2823.6313,2755.5882,91.6161,1.5809,24.1624,Normal,0,,0.0,None,0,No Action Required
2026-05-01 03:45:00,WELL-002,drilling,2903.4749,120.528,122.525,14.6894,20.8894,248.9405,2831.3769,2733.5702,91.6401,1.5813,25.4816,Normal,0,,0.0,None,0,No Action Required
2026-05-01 03:46:00,WELL-002,drilling,2903.7935,123.1908,123.235,15.0815,20.2813,248.9372,2830.3814,2778.5291,91.617,1.5774,26.8593,Normal,0,,0.0,None,0,No Action Required
2026-05-01 03:47:00,WELL-002,drilling,2904.153,126.4667,122.306,14.6564,20.2558,248.6591,2814.6567,2887.9131,91.5757,1.5813,28.2059,Normal,0,,0.0,None,0,No Action Required
2026-05-01 03:48:00,WELL-002,drilling,2904.5055,125.3223,122.1603,14.8826,20.7788,247.5219,2839.4173,2793.3897,91.6024,1.5798,27.8361,Normal,0,,0.0,None,0,No Action Required
2026-05-01 03:49:00,WELL-002,drilling,2904.8029,123.7717,122.5668,14.5474,19.7313,247.2624,2809.6221,2772.9147,91.5546,1.58,27.9112,Normal,0,,0.0,None,0,No Action Required
2026-05-01 03:50:00,WELL-002,drilling,2905.1567,121.9339,123.1658,14.2336,21.5756,247.6694,2796.2072,2781.0592,91.6003,1.5832,28.5866,Normal,0,,0.0,None,0,No Action Required
2026-05-01 03:51:00,WELL-002,drilling,2905.5234,124.0576,122.6035,14.5047,21.4316,248.3019,2813.6007,2780.5965,91.578,1.5791,26.5433,Normal,0,,0.0,None,0,No Action Required
2026-05-01 03:52:00,WELL-002,drilling,2905.8545,118.9739,122.5728,13.9795,20.9019,248.1568,2836.5413,2794.1821,91.5738,1.5805,27.1531,Normal,0,,0.0,None,0,No Action Required
2026-05-01 03:53:00,WELL-002,drilling,2906.1883,121.0662,122.5674,14.3595,19.7902,249.5019,2819.5369,2769.9003,91.5696,1.5794,28.6213,Normal,0,,0.0,None,0,No Action Required
2026-05-01 03:54:00,WELL-002,drilling,2906.5701,126.4073,122.9243,15.2003,20.8203,248.3494,2810.5015,2792.3198,91.5682,1.5786,28.0851,Normal,0,,0.0,None,0,No Action Required
2026-05-01 03:55:00,WELL-002,drilling,2906.9156,129.8105,122.0768,14.6731,22.1054,248.2515,2836.798,2831.2299,91.6344,1.5817,28.8959,Normal,0,,0.0,None,0,No Action Required
2026-05-01 03:56:00,WELL-002,drilling,2907.3096,130.0685,121.4412,15.3409,21.9285,248.8922,2828.878,2837.7329,91.6285,1.579,27.5193,Normal,0,,0.0,None,0,No Action Required
2026-05-01 03:57:00,WELL-002,drilling,2907.6697,133.7857,123.1249,15.5647,21.8952,249.398,2828.8004,2790.1516,91.5921,1.5787,29.6204,Normal,0,,0.0,None,0,No Action Required
2026-05-01 03:58:00,WELL-002,drilling,2908.0235,132.2307,122.3789,15.7518,21.9442,249.8578,2824.2412,2844.1413,91.6382,1.5789,29.6463,Normal,0,,0.0,None,0,No Action Required
2026-05-01 03:59:00,WELL-002,drilling,2908.3447,125.2893,122.4464,15.3959,20.5665,250.5287,2824.3455,2764.7335,91.6143,1.5808,29.2803,Normal,0,,0.0,None,0,No Action Required
2026-05-01 04:00:00,WELL-002,drilling,2908.7238,129.7002,121.2798,16.1247,21.0773,251.0524,2828.1983,2824.5099,91.5597,1.5796,30.768,Normal,0,,0.0,None,0,No Action Required
2026-05-01 04:01:00,WELL-002,drilling,2909.063,124.2068,122.4043,15.9744,21.3022,251.309,2825.7135,2816.633,91.5885,1.5817,28.9522,Normal,0,,0.0,None,0,No Action Required
2026-05-01 04:02:00,WELL-002,drilling,2909.4402,120.5591,120.4655,15.2693,21.099,251.0369,2838.6279,2854.556,91.5734,1.5812,31.8757,Normal,0,,0.0,None,0,No Action Required
2026-05-01 04:03:00,WELL-002,drilling,2909.7645,120.6056,121.0182,15.6293,21.0567,251.2019,2834.1211,2813.4956,91.5746,1.5814,33.4267,Normal,0,,0.0,None,0,No Action Required
2026-05-01 04:04:00,WELL-002,drilling,2910.1346,121.4804,123.3329,15.2576,20.0051,250.2841,2822.7182,2917.1455,91.5667,1.5814,32.101,Normal,0,,0.0,None,0,No Action Required
2026-05-01 04:05:00,WELL-002,drilling,2910.4402,114.3451,123.0875,14.8782,20.3775,251.5762,2837.212,2776.5008,91.6232,1.5811,33.6212,Normal,0,,0.0,None,0,No Action Required
2026-05-01 04:06:00,WELL-002,drilling,2910.7735,115.1082,121.596,14.5859,20.9956,251.7659,2829.6194,2840.9616,91.6164,1.5807,34.508,Normal,0,,0.0,None,0,No Action Required
2026-05-01 04:07:00,WELL-002,drilling,2911.1142,110.7879,121.4696,14.3471,20.6176,250.8616,2820.6107,2801.9765,91.5442,1.5821,35.3565,Normal,0,,0.0,None,0,No Action Required
2026-05-01 04:08:00,WELL-002,drilling,2911.488,112.5728,122.4837,14.7418,21.1424,251.1457,2836.7685,2865.3264,91.5503,1.5811,33.0948,Normal,0,,0.0,None,0,No Action Required
2026-05-01 04:09:00,WELL-002,drilling,2911.863,113.9076,123.265,14.6468,21.5841,251.3568,2858.3936,2788.6274,91.5992,1.5828,33.1219,Normal,0,,0.0,None,0,No Action Required
2026-05-01 04:10:00,WELL-002,drilling,2912.1892,111.1812,123.1655,15.0767,20.8539,251.0335,2824.0797,2768.1107,91.6163,1.5825,33.9605,Normal,0,,0.0,None,0,No Action Required
2026-05-01 04:11:00,WELL-002,drilling,2912.5524,112.2948,123.1889,14.9625,20.6975,251.3207,2842.1694,2859.2295,91.5427,1.5774,33.4786,Normal,0,,0.0,None,0,No Action Required
2026-05-01 04:12:00,WELL-002,drilling,2912.8964,119.6017,123.2204,14.7699,19.7578,252.4189,2818.5597,2878.7418,91.6183,1.5805,34.956,Normal,0,,0.0,None,0,No Action Required
2026-05-01 04:13:00,WELL-002,drilling,2913.2339,119.7593,121.5039,15.4191,20.8305,251.9492,2850.6143,2808.4982,91.5767,1.5792,32.179,Normal,0,,0.0,None,0,No Action Required
2026-05-01 04:14:00,WELL-002,drilling,2913.5969,124.1141,122.0589,15.7205,21.8968,250.7084,2815.9806,2835.936,91.557,1.5788,33.7299,Normal,0,,0.0,None,0,No Action Required
2026-05-01 04:15:00,WELL-002,drilling,2913.886,124.9284,123.2599,15.5563,21.0075,250.6029,2854.2555,2907.9933,91.5843,1.5821,32.3743,Normal,0,,0.0,None,0,No Action Required
2026-05-01 04:16:00,WELL-002,drilling,2914.3415,126.2756,121.0478,15.5323,22.7751,250.0032,2831.8749,2854.4026,91.633,1.583,33.1124,Normal,0,,0.0,None,0,No Action Required
2026-05-01 04:17:00,WELL-002,drilling,2914.707,128.1902,121.1963,16.0478,22.8783,250.1182,2830.9383,2770.9748,91.5949,1.578,34.9546,Normal,0,,0.0,None,0,No Action Required
2026-05-01 04:18:00,WELL-002,drilling,2915.0282,122.6841,123.0355,15.5566,20.111,249.9779,2831.7724,2819.3156,91.6011,1.5816,34.497,Normal,0,,0.0,None,0,No Action Required
2026-05-01 04:19:00,WELL-002,drilling,2915.3228,119.6264,121.2726,15.2871,20.8068,250.6076,2830.9465,2786.9703,91.5822,1.5798,33.2761,Normal,0,,0.0,None,0,No Action Required
2026-05-01 04:20:00,WELL-002,drilling,2915.6678,124.2889,120.9307,15.6733,20.0846,249.9558,2837.1138,2813.6702,91.6224,1.5777,31.3567,Normal,0,,0.0,None,0,No Action Required
2026-05-01 04:21:00,WELL-002,drilling,2916.0502,122.848,121.7408,15.787,19.646,250.6932,2842.5786,2897.7353,91.5621,1.5786,34.105,Normal,0,,0.0,None,0,No Action Required
2026-05-01 04:22:00,WELL-002,drilling,2916.3789,124.6994,121.7491,15.4171,20.2487,250.312,2827.9566,2828.7252,91.6512,1.5783,29.1801,Normal,0,,0.0,None,0,No Action Required
2026-05-01 04:23:00,WELL-002,drilling,2916.7302,124.668,122.9601,16.2269,21.057,250.8602,2852.7204,2830.6616,91.5773,1.5751,28.2733,Normal,0,,0.0,None,0,No Action Required
2026-05-01 04:24:00,WELL-002,drilling,2917.1036,123.7805,121.7862,15.7391,20.4013,251.103,2827.6616,2825.8655,91.6346,1.5791,43.8905,Normal,0,,0.0,None,0,No Action Required
2026-05-01 04:25:00,WELL-002,drilling,2917.3893,114.565,122.219,15.4603,19.0565,251.5023,2812.9737,2813.6075,91.5469,1.5789,45.0078,Normal,0,,0.0,None,0,No Action Required
2026-05-01 04:26:00,WELL-002,drilling,2917.7345,122.6966,121.3021,15.4626,20.1949,252.0293,2835.3276,2799.2147,91.5921,1.58,44.4253,Normal,0,,0.0,None,0,No Action Required
2026-05-01 04:27:00,WELL-002,drilling,2918.0781,126.4645,120.5383,15.1555,20.9543,252.7451,2861.6102,2788.2462,91.6276,1.577,45.3307,Normal,0,,0.0,None,0,No Action Required
2026-05-01 04:28:00,WELL-002,drilling,2918.4159,116.973,120.8967,14.3342,19.3798,252.9519,2832.5402,2842.2042,91.589,1.5865,26.5571,Normal,0,,0.0,None,0,No Action Required
2026-05-01 04:29:00,WELL-002,drilling,2918.7271,114.4145,122.3281,14.8749,20.3552,252.7384,2827.6399,2875.974,91.5792,1.577,25.1599,Normal,0,,0.0,None,0,No Action Required
2026-05-01 04:30:00,WELL-002,drilling,2919.0545,118.5962,121.9191,14.9273,20.4292,251.9365,2848.7987,2762.3957,91.5945,1.5791,26.0717,Normal,0,,0.0,None,0,No Action Required
2026-05-01 04:31:00,WELL-002,drilling,2919.4165,114.0946,122.2339,14.7235,20.7495,251.5898,2850.1495,2873.7355,91.6108,1.5785,27.8073,Normal,0,,0.0,None,0,No Action Required
2026-05-01 04:32:00,WELL-002,drilling,2919.7744,117.3895,122.1601,14.9984,20.2613,251.6585,2822.1314,2787.9849,91.6875,1.5797,26.3667,Normal,0,,0.0,None,0,No Action Required
2026-05-01 04:33:00,WELL-002,drilling,2920.1391,118.1083,120.633,15.3161,21.0632,251.3264,2829.9212,2836.7978,91.5315,1.5819,26.2155,Normal,0,,0.0,None,0,No Action Required
2026-05-01 04:34:00,WELL-002,drilling,2920.4957,121.8335,123.0907,15.2745,21.3484,251.6143,2827.0571,2831.5655,91.614,1.5801,24.0388,Normal,0,,0.0,None,0,No Action Required
2026-05-01 04:35:00,WELL-002,drilling,2920.8133,118.5215,120.9419,14.6474,21.4342,250.9203,2822.7635,2822.4688,91.628,1.5807,25.1837,Normal,0,,0.0,None,0,No Action Required
2026-05-01 04:36:00,WELL-002,drilling,2921.2045,113.758,120.5189,14.3504,21.7613,251.2123,2813.6464,2730.6249,91.5972,1.579,26.8333,Normal,0,,0.0,None,0,No Action Required
2026-05-01 04:37:00,WELL-002,drilling,2921.5396,116.1172,123.0313,15.1855,21.7533,251.8688,2835.4738,2793.0331,91.6264,1.5812,29.1536,Normal,0,,0.0,None,0,No Action Required
2026-05-01 04:38:00,WELL-002,drilling,2921.9066,117.7571,122.6214,15.0442,21.428,252.711,2853.1478,2810.3999,91.5973,1.5785,30.1985,Normal,0,,0.0,None,0,No Action Required
2026-05-01 04:39:00,WELL-002,drilling,2922.2734,124.2042,121.2869,14.9966,22.2288,253.5815,2838.5095,2885.4074,91.5968,1.5797,30.1942,Normal,0,,0.0,None,0,No Action Required
2026-05-01 04:40:00,WELL-002,drilling,2922.6315,125.6261,121.9611,15.2368,21.3807,252.4836,2844.9236,2754.9105,91.5945,1.58,29.6481,Normal,0,,0.0,None,0,No Action Required
2026-05-01 04:41:00,WELL-002,drilling,2922.9879,127.6731,121.9907,15.6241,23.4185,251.6827,2842.0222,2804.9961,91.6341,1.5809,29.6028,Normal,0,,0.0,None,0,No Action Required
2026-05-01 04:42:00,WELL-002,drilling,2923.407,127.1482,121.9566,15.2641,23.7095,252.3465,2838.3898,2843.7827,91.5585,1.5805,27.0849,Normal,0,,0.0,None,0,No Action Required
2026-05-01 04:43:00,WELL-002,drilling,2923.7651,128.0828,121.9885,15.4889,22.5281,252.0517,2839.0319,2822.899,91.6005,1.5802,27.987,Normal,0,,0.0,None,0,No Action Required
2026-05-01 04:44:00,WELL-002,drilling,2924.1816,134.3097,122.6767,15.9133,24.663,251.3003,2816.0547,2791.3978,91.6138,1.5832,27.9166,Normal,0,,0.0,None,0,No Action Required
2026-05-01 04:45:00,WELL-002,drilling,2924.6103,132.3137,121.1482,15.7029,24.7728,251.3387,2830.3501,2771.7211,91.6111,1.5779,29.7557,Normal,0,,0.0,None,0,No Action Required
2026-05-01 04:46:00,WELL-002,drilling,2925.0283,134.3859,122.6235,16.4123,24.7561,250.7916,2801.8237,2789.7524,91.6329,1.5812,31.2451,Normal,0,,0.0,None,0,No Action Required
2026-05-01 04:47:00,WELL-002,drilling,2925.377,125.0271,123.5173,15.5793,23.715,250.9431,2819.9527,2805.3669,91.5675,1.5808,32.6186,Normal,0,,0.0,None,0,No Action Required
2026-05-01 04:48:00,WELL-002,drilling,2925.87,131.9628,122.5495,15.9608,25.8783,251.2253,2828.7344,2783.0628,91.6259,1.5795,32.7534,Normal,0,,0.0,None,0,No Action Required
2026-05-01 04:49:00,WELL-002,drilling,2926.2599,133.4559,123.0216,16.0905,25.1594,250.3461,2820.3754,2842.2456,91.585,1.5829,32.2195,Normal,0,,0.0,None,0,No Action Required
2026-05-01 04:50:00,WELL-002,drilling,2926.6494,130.3806,122.7908,16.0266,25.4349,249.995,2802.738,2805.0144,91.638,1.579,34.483,Normal,0,,0.0,None,0,No Action Required
2026-05-01 04:51:00,WELL-002,drilling,2927.0653,135.0456,122.6442,16.1407,24.5397,250.103,2796.827,2841.5727,91.6055,1.5779,33.9416,Normal,0,,0.0,None,0,No Action Required
2026-05-01 04:52:00,WELL-002,drilling,2927.47,137.0211,123.7068,16.2515,22.4936,250.7654,2839.1659,2802.6083,91.622,1.5748,34.2767,Normal,0,,0.0,None,0,No Action Required
2026-05-01 04:53:00,WELL-002,drilling,2927.8096,132.2375,121.9901,16.3852,21.0364,251.3227,2818.6313,2819.925,91.6748,1.5808,34.9771,Normal,0,,0.0,None,0,No Action Required
2026-05-01 04:54:00,WELL-002,drilling,2928.1787,133.268,122.648,16.5476,21.7202,250.3084,2805.4137,2825.413,91.6049,1.578,32.246,Normal,0,,0.0,None,0,No Action Required
2026-05-01 04:55:00,WELL-002,drilling,2928.5304,132.9111,121.5507,16.9078,21.2922,251.3423,2832.4389,2834.3601,91.6132,1.5837,31.4336,Normal,0,,0.0,None,0,No Action Required
2026-05-01 04:56:00,WELL-002,drilling,2928.8535,125.5489,121.845,16.4581,20.8207,251.9487,2820.6032,2827.0532,91.5957,1.5772,30.8032,Normal,0,,0.0,None,0,No Action Required
2026-05-01 04:57:00,WELL-002,drilling,2929.2447,131.0036,121.3688,16.4063,21.4982,251.121,2835.3133,2903.2149,91.5805,1.5776,31.2155,Normal,0,,0.0,None,0,No Action Required
2026-05-01 04:58:00,WELL-002,drilling,2929.568,129.3408,121.5927,15.669,21.0316,251.3533,2818.3704,2817.7066,91.5965,1.5811,29.4822,Normal,0,,0.0,None,0,No Action Required
2026-05-01 04:59:00,WELL-002,drilling,2929.923,131.9917,123.4754,16.6907,21.3088,251.844,2814.3603,2768.7232,91.5876,1.579,29.9914,Normal,0,,0.0,None,0,No Action Required
2026-05-01 05:00:00,WELL-002,drilling,2930.2811,131.8961,122.0959,16.2288,21.4707,252.1082,2837.7552,2837.3441,91.5175,1.5795,32.3662,Normal,0,,0.0,None,0,No Action Required
2026-05-01 05:01:00,WELL-002,drilling,2930.6366,130.5184,121.1331,16.2815,20.9901,251.159,2821.3267,2843.4207,91.6164,1.5775,31.7768,Normal,0,,0.0,None,0,No Action Required
2026-05-01 05:02:00,WELL-002,connection,2930.6024,0.664,0.8805,0.0566,0.0,115.7508,1129.2088,1922.5697,92.3238,1.5789,32.973,Normal,0,,0.0,None,0,No Action Required
2026-05-01 05:03:00,WELL-002,connection,2930.6122,0.3593,0.1511,0.0252,0.496,38.7356,0.0,828.8057,93.1597,1.5803,30.6012,Normal,0,,0.0,None,0,No Action Required
2026-05-01 05:04:00,WELL-002,connection,2930.6184,0.0,0.525,0.1423,0.0,13.365,0.0,369.1004,93.6023,1.5783,30.0485,Normal,0,,0.0,None,0,No Action Required
2026-05-01 05:05:00,WELL-002,connection,2930.6379,0.4108,0.0,0.0,0.0,4.5807,0.0,163.3432,93.6739,1.578,30.6321,Normal,0,,0.0,None,0,No Action Required
2026-05-01 05:06:00,WELL-002,connection,2930.6003,0.1537,0.2814,0.0,0.0,48.985,1416.2316,853.418,93.1314,1.578,28.235,Normal,0,,0.0,None,0,No Action Required
2026-05-01 05:07:00,WELL-002,drilling,2930.7457,40.9076,39.4894,10.2977,4.5475,182.5222,2809.511,1965.216,92.29,1.5803,28.0349,Normal,0,,0.0,None,0,No Action Required
2026-05-01 05:08:00,WELL-002,drilling,2930.969,81.8976,80.8471,13.1457,12.8305,227.3583,2810.5471,2392.6316,91.9039,1.5794,24.0617,Normal,0,,0.0,None,0,No Action Required
2026-05-01 05:09:00,WELL-002,drilling,2931.2344,122.5283,120.0541,15.9727,19.7928,242.3148,2802.4767,2620.0812,91.7046,1.5783,25.7878,Normal,0,,0.0,None,0,No Action Required
2026-05-01 05:10:00,WELL-002,drilling,2931.5688,121.2821,118.8633,15.7171,19.3564,246.0792,2808.7212,2767.8902,91.6596,1.5805,25.3476,Normal,0,,0.0,None,0,No Action Required
2026-05-01 05:11:00,WELL-002,drilling,2931.8895,116.1953,120.6683,15.4148,18.3827,248.061,2820.854,2783.7021,91.6238,1.5835,25.6512,Normal,0,,0.0,None,0,No Action Required
2026-05-01 05:12:00,WELL-002,drilling,2932.1973,115.1431,119.6449,15.6312,18.5286,248.6936,2793.5554,2712.1644,91.6286,1.5772,28.8332,Normal,0,,0.0,None,0,No Action Required
2026-05-01 05:13:00,WELL-002,drilling,2932.5128,120.4625,119.42,15.7499,20.6189,249.5126,2804.4099,2796.2083,91.609,1.5779,29.261,Normal,0,,0.0,None,0,No Action Required
2026-05-01 05:14:00,WELL-002,drilling,2932.8816,117.8378,120.009,15.7444,19.4506,248.9988,2831.4469,2786.2788,91.6415,1.578,27.1505,Normal,0,,0.0,None,0,No Action Required
2026-05-01 05:15:00,WELL-002,drilling,2933.1626,120.8607,119.2412,15.6708,19.314,250.5555,2810.8412,2857.1979,91.6043,1.5774,29.2253,Normal,0,,0.0,None,0,No Action Required
2026-05-01 05:16:00,WELL-002,drilling,2933.4826,117.8291,118.2781,15.5375,18.9191,251.4586,2853.8995,2807.4657,91.565,1.5776,27.8329,Normal,0,,0.0,None,0,No Action Required
2026-05-01 05:17:00,WELL-002,drilling,2933.7901,118.5812,119.4183,14.9047,19.5479,251.6743,2805.0083,2819.7666,91.6499,1.5815,26.5566,Normal,0,,0.0,None,0,No Action Required
2026-05-01 05:18:00,WELL-002,drilling,2934.1392,119.8374,118.8986,15.3213,19.308,253.0382,2845.302,2835.6884,91.6391,1.5789,28.5501,Normal,0,,0.0,None,0,No Action Required
2026-05-01 05:19:00,WELL-002,drilling,2934.4682,120.3742,119.4043,14.8135,20.463,253.7322,2830.4386,2817.6787,91.4979,1.5781,28.6821,Normal,0,,0.0,None,0,No Action Required
2026-05-01 05:20:00,WELL-002,drilling,2934.7992,116.1269,120.0207,15.0441,19.7829,254.096,2847.2686,2836.3241,91.6017,1.5794,30.1555,Normal,0,,0.0,None,0,No Action Required
2026-05-01 05:21:00,WELL-002,drilling,2935.1062,121.2295,119.5668,15.5159,20.2408,253.3615,2838.8863,2870.0254,91.5801,1.5823,26.4469,Normal,0,,0.0,None,0,No Action Required
2026-05-01 05:22:00,WELL-002,drilling,2935.4476,125.9633,120.2604,15.6316,20.3008,253.5908,2818.7066,2787.7419,91.5678,1.5805,27.0028,Normal,0,,0.0,None,0,No Action Required
2026-05-01 05:23:00,WELL-002,drilling,2935.8118,131.4996,119.0359,16.6311,23.1606,252.574,2851.0831,2873.1608,91.5608,1.5815,25.1431,Normal,0,,0.0,None,0,No Action Required
2026-05-01 05:24:00,WELL-002,drilling,2936.204,128.1033,119.7928,16.3794,21.5148,251.9486,2827.0445,2838.1278,91.5391,1.5782,29.0384,Normal,0,,0.0,None,0,No Action Required
2026-05-01 05:25:00,WELL-002,drilling,2936.5417,128.578,119.859,16.2694,22.5111,252.2229,2842.3179,2842.1841,91.5442,1.5765,26.851,Normal,0,,0.0,None,0,No Action Required
2026-05-01 05:26:00,WELL-002,drilling,2936.8854,129.977,119.2239,16.7106,22.2413,251.1444,2821.1958,2795.3305,91.5984,1.5821,24.7916,Normal,0,,0.0,None,0,No Action Required
2026-05-01 05:27:00,WELL-002,drilling,2937.2811,133.2353,118.9741,16.1021,22.0377,250.3836,2821.5579,2841.9145,91.5515,1.5781,24.1663,Normal,0,,0.0,None,0,No Action Required
2026-05-01 05:28:00,WELL-002,drilling,2937.6609,130.0641,119.8031,15.9143,21.4948,250.0407,2821.8636,2826.8502,91.6002,1.5846,26.4531,Normal,0,,0.0,None,0,No Action Required
2026-05-01 05:29:00,WELL-002,drilling,2938.0061,123.7413,120.2666,15.3811,20.2992,251.0319,2832.4659,2791.2052,91.5916,1.5814,24.39,Normal,0,,0.0,None,0,No Action Required
2026-05-01 05:30:00,WELL-002,drilling,2938.3448,124.3765,120.4189,15.1277,21.0782,251.7345,2856.0072,2819.2252,91.5719,1.5807,23.986,Normal,0,,0.0,None,0,No Action Required
2026-05-01 05:31:00,WELL-002,drilling,2938.6757,125.7262,118.9547,15.2704,20.8009,252.4646,2844.0536,2829.3021,91.5948,1.5769,26.1859,Normal,0,,0.0,None,0,No Action Required
2026-05-01 05:32:00,WELL-002,drilling,2939.0039,129.5088,120.4886,15.2486,20.965,253.3684,2829.3181,2847.8428,91.5541,1.5804,24.721,Normal,0,,0.0,None,0,No Action Required
2026-05-01 05:33:00,WELL-002,drilling,2939.3524,126.9876,118.9257,15.2433,20.9826,252.8619,2817.3467,2846.5791,91.5291,1.5779,21.7475,Normal,0,,0.0,None,0,No Action Required
2026-05-01 05:34:00,WELL-002,drilling,2939.7102,128.5561,119.3728,15.338,20.829,253.7882,2844.821,2863.51,91.539,1.5822,22.8264,Normal,0,,0.0,None,0,No Action Required
2026-05-01 05:35:00,WELL-002,drilling,2940.0506,129.9357,118.9763,15.2456,19.9729,254.578,2848.113,2899.6887,91.5714,1.5828,23.1046,Normal,0,,0.0,None,0,No Action Required
2026-05-01 05:36:00,WELL-002,drilling,2940.3754,131.9716,119.0178,14.7566,20.526,254.448,2839.5679,2827.6281,91.6032,1.5774,25.9644,Normal,0,,0.0,None,0,No Action Required
2026-05-01 05:37:00,WELL-002,drilling,2940.7277,132.8645,120.7693,14.9517,20.839,254.3827,2854.309,2836.8945,91.6366,1.5839,23.6578,Normal,0,,0.0,None,0,No Action Required
2026-05-01 05:38:00,WELL-002,drilling,2941.0834,129.9138,120.0038,14.9534,20.503,253.0633,2831.4655,2854.8853,91.5849,1.5804,25.0273,Normal,0,,0.0,None,0,No Action Required
2026-05-01 05:39:00,WELL-002,drilling,2941.3902,127.9586,119.2393,15.0006,20.9708,254.345,2829.5156,2826.5649,91.5524,1.5814,26.271,Normal,0,,0.0,None,0,No Action Required
2026-05-01 05:40:00,WELL-002,drilling,2941.7473,129.9224,120.1393,15.023,19.8496,253.4986,2847.1983,2841.83,91.5495,1.5818,26.6495,Normal,0,,0.0,None,0,No Action Required
2026-05-01 05:41:00,WELL-002,drilling,2942.0518,126.6238,118.8052,15.2661,20.5616,252.2274,2829.1576,2817.1785,91.5704,1.5785,27.1231,Normal,0,,0.0,None,0,No Action Required
2026-05-01 05:42:00,WELL-002,drilling,2942.4284,130.7145,118.8665,16.1302,19.2525,252.1835,2840.9192,2811.4908,91.5521,1.5831,27.3474,Normal,0,,0.0,None,0,No Action Required
2026-05-01 05:43:00,WELL-002,drilling,2942.7407,130.6065,120.7787,16.6767,19.5314,252.2286,2814.5271,2832.703,91.6149,1.5782,27.1724,Normal,0,,0.0,None,0,No Action Required
2026-05-01 05:44:00,WELL-002,drilling,2943.0253,127.6134,120.3356,16.5815,19.4971,252.3918,2836.9313,2767.3467,91.6014,1.5775,24.2457,Normal,0,,0.0,None,0,No Action Required
2026-05-01 05:45:00,WELL-002,drilling,2943.4179,125.2779,119.8584,16.4956,20.6068,252.5544,2843.2797,2772.4002,91.6219,1.5789,24.1327,Normal,0,,0.0,None,0,No Action Required
2026-05-01 05:46:00,WELL-002,drilling,2943.7417,123.6777,119.7656,16.7706,21.5497,252.224,2835.3486,2786.1411,91.554,1.5834,26.2114,Normal,0,,0.0,None,0,No Action Required
2026-05-01 05:47:00,WELL-002,drilling,2944.0616,128.0644,120.1382,17.0721,21.2768,252.4638,2828.1068,2920.2068,91.6053,1.5819,25.0281,Normal,0,,0.0,None,0,No Action Required
2026-05-01 05:48:00,WELL-002,drilling,2944.4491,131.5607,118.8553,17.0712,21.6495,252.4505,2824.0026,2811.6201,91.6195,1.5811,24.0903,Normal,0,,0.0,None,0,No Action Required
2026-05-01 05:49:00,WELL-002,drilling,2944.8506,133.2123,120.5429,17.1523,22.2629,252.4656,2823.0623,2831.4717,91.6047,1.5787,22.8715,Normal,0,,0.0,None,0,No Action Required
2026-05-01 05:50:00,WELL-002,drilling,2945.1954,136.0731,119.6991,17.4284,23.7981,252.3604,2839.3998,2870.0201,91.6237,1.5812,48.45,Normal,0,,0.0,None,0,No Action Required
2026-05-01 05:51:00,WELL-002,drilling,2945.5711,137.4655,119.422,17.7573,22.3315,252.3214,2837.9984,2796.6161,91.5845,1.5785,47.7182,Normal,0,,0.0,None,0,No Action Required
2026-05-01 05:52:00,WELL-002,drilling,2945.9884,134.0101,119.8768,17.6535,23.2725,252.019,2828.6134,2828.1155,91.6019,1.5775,45.2878,Normal,0,,0.0,None,0,No Action Required
2026-05-01 05:53:00,WELL-002,drilling,2946.3746,135.495,120.2331,17.1273,22.468,251.3389,2821.2344,2826.3448,91.5954,1.5784,44.3747,Normal,0,,0.0,None,0,No Action Required
2026-05-01 05:54:00,WELL-002,drilling,2946.7104,133.8302,119.844,17.4522,21.759,251.8446,2828.9926,2780.0435,91.6385,1.5813,21.2166,Normal,0,,0.0,None,0,No Action Required
2026-05-01 05:55:00,WELL-002,drilling,2947.0719,129.7533,119.2916,17.4015,21.5455,250.911,2837.3822,2758.5068,91.5548,1.5775,23.1796,Normal,0,,0.0,None,0,No Action Required
2026-05-01 05:56:00,WELL-002,drilling,2947.4716,130.4258,120.114,17.1102,22.0417,251.5261,2831.6875,2863.4945,91.6303,1.5785,21.7568,Normal,0,,0.0,None,0,No Action Required
2026-05-01 05:57:00,WELL-002,drilling,2947.8125,122.4727,119.1679,16.9216,22.5478,251.6048,2848.2635,2800.5466,91.6287,1.5816,22.0455,Normal,0,,0.0,None,0,No Action Required
2026-05-01 05:58:00,WELL-002,drilling,2948.2166,123.0983,118.6528,17.2079,23.3242,252.3128,2813.861,2778.2744,91.5718,1.5779,20.5796,Normal,0,,0.0,None,0,No Action Required
2026-05-01 05:59:00,WELL-002,drilling,2948.6226,125.706,120.2074,17.3319,23.8163,253.5581,2848.2142,2870.9217,91.5739,1.5819,20.8328,Normal,0,,0.0,None,0,No Action Required
2026-05-01 06:00:00,WELL-002,drilling,2948.9476,122.7477,119.0457,16.9445,23.0018,253.9535,2811.3976,2823.8523,91.5678,1.583,20.8461,Normal,0,,0.0,None,0,No Action Required
2026-05-01 06:01:00,WELL-002,drilling,2949.369,124.1383,120.822,17.0605,22.3128,253.6436,2849.174,2798.8487,91.5477,1.5811,20.936,Normal,0,,0.0,None,0,No Action Required
2026-05-01 06:02:00,WELL-002,drilling,2949.7722,129.9363,119.9831,17.4339,22.5832,253.0233,2819.3811,2824.422,91.5939,1.5786,20.9538,Normal,0,,0.0,None,0,No Action Required
2026-05-01 06:03:00,WELL-002,drilling,2950.1177,131.7807,119.3192,17.808,22.5929,252.1387,2818.8502,2786.103,91.6128,1.5819,20.5256,Normal,0,,0.0,None,0,No Action Required
2026-05-01 06:04:00,WELL-002,drilling,2950.5014,136.0691,119.0452,18.1871,23.2008,252.2522,2839.3775,2814.3776,91.5947,1.5772,23.0624,Normal,0,,0.0,None,0,No Action Required
2026-05-01 06:05:00,WELL-002,drilling,2950.9073,136.6814,119.4459,18.3175,23.0936,252.1327,2816.4913,2833.2596,91.597,1.5771,24.1904,Normal,0,,0.0,None,0,No Action Required
2026-05-01 06:06:00,WELL-002,drilling,2951.2576,132.9477,119.8452,17.427,21.8217,252.1664,2835.13,2847.6774,91.5761,1.5792,26.6338,Normal,0,,0.0,None,0,No Action Required
2026-05-01 06:07:00,WELL-002,drilling,2951.6133,133.4294,119.6807,16.7847,22.4227,252.7737,2805.0241,2820.6718,91.592,1.5775,27.5431,Normal,0,,0.0,None,0,No Action Required
2026-05-01 06:08:00,WELL-002,drilling,2951.9787,129.1693,119.5033,16.4805,23.7651,252.7851,2804.3652,2824.3809,91.5828,1.5775,28.7618,Normal,0,,0.0,None,0,No Action Required
2026-05-01 06:09:00,WELL-002,drilling,2952.409,126.9765,118.4131,16.6076,22.3482,252.7391,2833.5204,2782.8281,91.5904,1.5827,29.8699,Normal,0,,0.0,None,0,No Action Required
2026-05-01 06:10:00,WELL-002,drilling,2952.7208,127.163,119.9214,16.2705,22.1975,252.193,2826.1605,2831.758,91.5936,1.5806,29.8896,Normal,0,,0.0,None,0,No Action Required
2026-05-01 06:11:00,WELL-002,drilling,2953.1748,125.442,119.1602,16.0037,22.7636,252.3478,2845.278,2849.5921,91.6184,1.5804,30.7375,Normal,0,,0.0,None,0,No Action Required
2026-05-01 06:12:00,WELL-002,drilling,2953.4777,127.5811,119.6171,15.8783,23.1919,253.1449,2827.563,2837.5107,91.6158,1.5764,31.1499,Normal,0,,0.0,None,0,No Action Required
2026-05-01 06:13:00,WELL-002,drilling,2953.8746,127.8119,119.6217,15.9281,22.8034,253.3138,2842.1842,2793.1081,91.6168,1.5836,29.9417,Normal,0,,0.0,None,0,No Action Required
2026-05-01 06:14:00,WELL-002,drilling,2954.2497,126.9939,119.9841,15.7747,21.9833,253.406,2824.9619,2769.0113,91.5709,1.5752,28.3785,Normal,0,,0.0,None,0,No Action Required
2026-05-01 06:15:00,WELL-002,drilling,2954.6419,132.9774,119.8607,15.9875,22.4866,253.024,2819.5755,2824.9205,91.6148,1.5795,28.9642,Normal,0,,0.0,None,0,No Action Required
2026-05-01 06:16:00,WELL-002,drilling,2954.9809,132.8873,121.9088,15.3793,21.908,253.4981,2818.1195,2789.3423,91.6289,1.5795,30.6583,Normal,0,,0.0,None,0,No Action Required
2026-05-01 06:17:00,WELL-002,drilling,2955.3569,127.7952,117.9632,15.2282,23.1505,252.6602,2842.9914,2858.3015,91.6173,1.5803,29.8408,Normal,0,,0.0,None,0,No Action Required
2026-05-01 06:18:00,WELL-002,drilling,2955.6911,130.3808,120.3401,14.934,22.1241,252.4111,2809.9995,2868.1087,91.5992,1.5765,30.8387,Normal,0,,0.0,None,0,No Action Required
2026-05-01 06:19:00,WELL-002,drilling,2956.123,128.8936,120.0838,14.407,20.8139,252.7215,2822.906,2809.2197,91.6548,1.5782,29.4012,Normal,0,,0.0,None,0,No Action Required
2026-05-01 06:20:00,WELL-002,drilling,2956.4249,124.1718,120.35,14.6669,20.2914,251.6189,2813.3946,2810.3207,91.6079,1.5778,30.76,Normal,0,,0.0,None,0,No Action Required
2026-05-01 06:21:00,WELL-002,drilling,2956.8355,125.694,119.3154,15.7518,21.3241,251.3764,2824.9449,2814.9169,91.6672,1.5801,32.369,Normal,0,,0.0,None,0,No Action Required
2026-05-01 06:22:00,WELL-002,drilling,2957.157,126.8218,120.2198,15.224,20.9999,251.7126,2821.6195,2838.9542,91.5833,1.5811,33.6026,Normal,0,,0.0,None,0,No Action Required
2026-05-01 06:23:00,WELL-002,drilling,2957.4954,133.5018,120.5113,15.7709,21.8934,252.8861,2813.318,2796.7194,91.6316,1.5808,35.514,Normal,0,,0.0,None,0,No Action Required
2026-05-01 06:24:00,WELL-002,drilling,2957.8383,132.6096,119.036,16.4764,21.7713,252.7219,2812.3194,2861.7493,91.5309,1.579,33.8488,Normal,0,,0.0,None,0,No Action Required
2026-05-01 06:25:00,WELL-002,drilling,2958.2008,143.0599,120.7736,16.6539,21.205,252.3055,2812.9264,2809.2454,91.5881,1.5828,34.5482,Normal,0,,0.0,None,0,No Action Required
2026-05-01 06:26:00,WELL-002,drilling,2958.5979,145.6392,119.2911,16.5324,22.5637,252.8335,2813.6646,2795.5195,91.6618,1.5781,33.9773,Normal,0,,0.0,None,0,No Action Required
2026-05-01 06:27:00,WELL-002,drilling,2958.946,140.9183,119.1608,16.459,22.7286,252.5345,2841.0969,2831.0945,91.6295,1.5781,33.5851,Normal,0,,0.0,None,0,No Action Required
2026-05-01 06:28:00,WELL-002,drilling,2959.3385,138.6512,119.1339,16.3529,22.9665,252.8829,2834.3163,2849.9803,91.6254,1.5803,32.9545,Normal,0,,0.0,None,0,No Action Required
2026-05-01 06:29:00,WELL-002,connection,2959.3463,0.0,0.6204,0.0328,0.2045,116.3656,1131.2835,1864.9008,92.3615,1.5884,31.8099,Normal,0,,0.0,None,0,No Action Required
2026-05-01 06:30:00,WELL-002,connection,2959.3467,0.0,0.0,0.0,0.0821,38.9488,0.0,820.509,93.1628,1.5878,31.0885,Normal,0,,0.0,None,0,No Action Required
2026-05-01 06:31:00,WELL-002,connection,2959.38,0.0,0.0877,0.0,0.2009,12.4163,0.0,370.1436,93.573,1.5904,30.084,Normal,0,,0.0,None,0,No Action Required
2026-05-01 06:32:00,WELL-002,connection,2959.3287,0.0,0.581,0.2259,0.084,4.5239,0.0,160.4383,93.7199,1.5882,32.0299,Normal,0,,0.0,None,0,No Action Required
2026-05-01 06:33:00,WELL-002,connection,2959.3289,0.0,0.0,0.0038,0.1141,1.6721,0.0,70.5668,93.8049,1.5899,30.8239,Normal,0,,0.0,None,0,No Action Required
2026-05-01 06:34:00,WELL-002,connection,2959.3458,0.0,0.3131,0.0,0.0,1.0046,0.0,30.9997,93.7622,1.5845,32.0667,Normal,0,,0.0,None,0,No Action Required
2026-05-01 06:35:00,WELL-002,connection,2959.3445,0.5754,0.5585,0.0,0.0,0.4042,0.0,14.0525,93.8058,1.5904,30.9707,Normal,0,,0.0,None,0,No Action Required
2026-05-01 06:36:00,WELL-002,connection,2959.3506,0.7961,0.0,0.0,0.0441,47.9935,1401.4602,778.6068,93.1599,1.5889,30.4239,Normal,0,,0.0,None,0,No Action Required
2026-05-01 06:37:00,WELL-002,drilling,2959.4073,45.6671,35.968,10.5504,5.8274,184.6471,2814.1952,1896.5949,92.2867,1.5904,32.7288,Normal,0,,0.0,None,0,No Action Required
2026-05-01 06:38:00,WELL-002,drilling,2959.6729,91.8712,72.9728,13.5707,12.7992,230.3751,2844.8463,2414.1789,91.9267,1.5862,29.9614,Normal,0,,0.0,None,0,No Action Required
2026-05-01 06:39:00,WELL-002,drilling,2959.9993,134.0586,108.9267,16.2145,21.2453,246.2908,2835.0336,2598.7278,91.6962,1.5897,28.6113,Normal,0,,0.0,None,0,No Action Required
2026-05-01 06:40:00,WELL-002,drilling,2960.3688,130.7697,109.0867,15.9282,22.2234,251.6859,2801.8001,2848.5334,91.5728,1.5893,28.8868,Normal,0,,0.0,None,0,No Action Required
2026-05-01 06:41:00,WELL-002,drilling,2960.709,132.6815,110.9346,16.1987,22.3863,253.4656,2834.5451,2777.7241,91.6121,1.5912,28.409,Normal,0,,0.0,None,0,No Action Required
2026-05-01 06:42:00,WELL-002,drilling,2961.0717,129.1064,108.9215,15.6845,20.6917,253.7352,2834.888,2753.4233,91.5834,1.5901,28.8235,Normal,0,,0.0,None,0,No Action Required
2026-05-01 06:43:00,WELL-002,drilling,2961.4432,136.7545,109.6278,15.9079,21.2981,255.0014,2841.4754,2870.1615,91.5562,1.5886,30.2004,Normal,0,,0.0,None,0,No Action Required
2026-05-01 06:44:00,WELL-002,drilling,2961.7832,133.9388,109.8604,16.2049,20.678,256.7148,2866.9556,2836.1791,91.6105,1.5892,29.9481,Normal,0,,0.0,None,0,No Action Required
2026-05-01 06:45:00,WELL-002,drilling,2962.1438,130.8679,109.4328,15.9755,20.3212,257.7997,2854.883,2879.3079,91.5804,1.5911,28.799,Normal,0,,0.0,None,0,No Action Required
2026-05-01 06:46:00,WELL-002,drilling,2962.482,129.2857,109.0018,15.7923,20.326,258.2904,2856.5441,2843.1166,91.5566,1.5914,29.5537,Normal,0,,0.0,None,0,No Action Required
2026-05-01 06:47:00,WELL-002,drilling,2962.7844,134.1195,109.7231,16.3597,19.6787,258.252,2860.6909,2816.442,91.52,1.5918,28.9318,Normal,0,,0.0,None,0,No Action Required
2026-05-01 06:48:00,WELL-002,drilling,2963.1533,133.555,111.3745,15.8429,20.6817,258.8957,2824.6432,2888.5103,91.5817,1.5903,26.9403,Normal,0,,0.0,None,0,No Action Required
2026-05-01 06:49:00,WELL-002,drilling,2963.4925,131.0183,109.8493,15.633,21.0866,258.5748,2866.3256,2867.8469,91.5592,1.5902,25.4469,Normal,0,,0.0,None,0,No Action Required
2026-05-01 06:50:00,WELL-002,drilling,2963.891,135.866,109.6632,15.7508,22.8021,257.6712,2827.0395,2834.7991,91.5426,1.5903,24.9753,Normal,0,,0.0,None,0,No Action Required
2026-05-01 06:51:00,WELL-002,drilling,2964.2657,133.8782,109.6522,15.541,23.0197,258.0186,2833.8845,2860.3728,91.5455,1.5896,22.8752,Normal,0,,0.0,None,0,No Action Required
2026-05-01 06:52:00,WELL-002,drilling,2964.5936,128.6322,110.4329,15.9446,22.3266,257.0514,2839.9088,2844.3408,91.5826,1.5891,23.7121,Normal,0,,0.0,None,0,No Action Required
2026-05-01 06:53:00,WELL-002,drilling,2965.0272,133.3081,111.0135,15.4541,23.3089,256.9779,2836.8366,2860.0257,91.5475,1.5935,22.9254,Normal,0,,0.0,None,0,No Action Required
2026-05-01 06:54:00,WELL-002,drilling,2965.3737,129.3718,110.911,15.2509,21.9878,256.933,2841.2333,2859.5818,91.5616,1.5918,24.7784,Normal,0,,0.0,None,0,No Action Required
2026-05-01 06:55:00,WELL-002,drilling,2965.7326,126.5615,110.9847,15.0675,21.2679,256.7212,2843.4484,2783.8637,91.5317,1.591,26.2967,Normal,0,,0.0,None,0,No Action Required
2026-05-01 06:56:00,WELL-002,drilling,2966.0623,117.7703,108.4449,14.485,20.0813,256.2504,2822.7931,2773.2583,91.5041,1.5841,25.3771,Normal,0,,0.0,None,0,No Action Required
2026-05-01 06:57:00,WELL-002,drilling,2966.3662,117.7493,109.3392,14.6564,20.3006,256.9954,2834.4458,2806.7995,91.5294,1.5927,25.1806,Normal,0,,0.0,None,0,No Action Required
2026-05-01 06:58:00,WELL-002,drilling,2966.7804,125.115,110.9314,15.3275,22.7018,256.1626,2863.3911,2842.4575,91.5608,1.5912,28.3213,Normal,0,,0.0,None,0,No Action Required
2026-05-01 06:59:00,WELL-002,drilling,2967.1525,128.2302,109.2061,15.4242,22.5471,256.0839,2819.4547,2833.3985,91.5358,1.5908,29.4013,Normal,0,,0.0,None,0,No Action Required
2026-05-01 07:00:00,WELL-002,drilling,2967.5117,128.3193,109.5947,15.2596,22.1397,256.5269,2810.0328,2865.7697,91.5487,1.5905,27.6643,Normal,0,,0.0,None,0,No Action Required
2026-05-01 07:01:00,WELL-002,drilling,2967.8625,133.9901,109.3898,16.0035,21.9226,256.1362,2827.0251,2816.1872,91.5425,1.5954,25.9753,Normal,0,,0.0,None,0,No Action Required
2026-05-01 07:02:00,WELL-002,drilling,2968.2777,132.6957,108.7345,15.6241,22.2655,257.291,2836.7117,2841.9292,91.6021,1.5907,25.5544,Normal,0,,0.0,None,0,No Action Required
2026-05-01 07:03:00,WELL-002,drilling,2968.6552,129.4645,110.5318,15.331,22.7911,255.6194,2849.6168,2842.1924,91.6171,1.5905,25.7007,Normal,0,,0.0,None,0,No Action Required
2026-05-01 07:04:00,WELL-002,drilling,2968.9902,126.5051,110.2413,15.0881,21.3687,255.8843,2828.3147,2869.9131,91.5581,1.5916,27.7101,Normal,0,,0.0,None,0,No Action Required
2026-05-01 07:05:00,WELL-002,drilling,2969.3104,125.0494,109.8711,15.1156,20.1138,255.7631,2817.3314,2882.4733,91.5758,1.5903,27.6405,Normal,0,,0.0,None,0,No Action Required
2026-05-01 07:06:00,WELL-002,drilling,2969.683,126.4166,109.5956,15.0816,20.5936,254.4841,2820.6036,2799.3628,91.5403,1.5876,26.2898,Normal,0,,0.0,None,0,No Action Required
2026-05-01 07:07:00,WELL-002,drilling,2969.9949,126.619,109.4252,15.1494,19.6546,254.7938,2835.3611,2797.3853,91.5615,1.5916,25.6455,Normal,0,,0.0,None,0,No Action Required
2026-05-01 07:08:00,WELL-002,drilling,2970.3522,131.6838,110.886,15.4112,21.4237,254.3839,2820.7522,2861.76,91.5748,1.5874,25.8861,Normal,0,,0.0,None,0,No Action Required
2026-05-01 07:09:00,WELL-002,drilling,2970.7338,124.8302,110.4863,14.7097,21.2591,254.7181,2848.4998,2814.7541,91.6083,1.5893,25.1669,Normal,0,,0.0,None,0,No Action Required
2026-05-01 07:10:00,WELL-002,drilling,2971.0849,126.1623,110.3953,15.2255,21.4145,254.4923,2824.8088,2816.7747,91.5692,1.5878,24.1885,Normal,0,,0.0,None,0,No Action Required
2026-05-01 07:11:00,WELL-002,drilling,2971.4325,131.3821,109.583,15.5078,21.8839,254.2641,2817.9901,2801.5782,91.581,1.5919,23.8358,Normal,0,,0.0,None,0,No Action Required
2026-05-01 07:12:00,WELL-002,drilling,2971.7862,129.0827,108.9863,15.6699,20.9111,254.3653,2828.0648,2853.4739,91.5664,1.5903,23.554,Normal,0,,0.0,None,0,No Action Required
2026-05-01 07:13:00,WELL-002,drilling,2972.1478,126.4765,108.9578,15.3342,22.0642,254.3726,2819.8762,2873.2173,91.5859,1.5909,22.5346,Normal,0,,0.0,None,0,No Action Required
2026-05-01 07:14:00,WELL-002,drilling,2972.4955,128.4389,109.5588,16.2187,22.9093,254.4726,2829.7992,2823.3987,91.6382,1.5897,22.6936,Normal,0,,0.0,None,0,No Action Required
2026-05-01 07:15:00,WELL-002,drilling,2972.8348,120.6109,110.0338,15.4506,20.4963,254.5981,2815.4537,2784.8128,91.6003,1.5901,22.0347,Normal,0,,0.0,None,0,No Action Required
2026-05-01 07:16:00,WELL-002,drilling,2973.2114,126.1783,109.4069,15.4747,21.2235,254.13,2826.4918,2811.0329,91.5935,1.5879,21.5074,Normal,0,,0.0,None,0,No Action Required
2026-05-01 07:17:00,WELL-002,drilling,2973.5698,129.186,109.2996,15.624,22.0574,253.7409,2812.0818,2756.9529,91.5897,1.5881,32.3068,Normal,0,,0.0,None,0,No Action Required
2026-05-01 07:18:00,WELL-002,drilling,2973.9107,124.386,110.1058,15.5038,21.5693,254.3384,2811.3991,2778.9173,91.64,1.59,31.7687,Normal,0,,0.0,None,0,No Action Required
2026-05-01 07:19:00,WELL-002,drilling,2974.3001,123.5548,108.4024,14.8136,21.0687,253.3712,2800.0085,2767.1423,91.6129,1.5917,30.6581,Normal,0,,0.0,None,0,No Action Required
2026-05-01 07:20:00,WELL-002,drilling,2974.6174,126.0771,109.666,14.1558,19.2426,254.1651,2845.744,2814.6399,91.6042,1.5896,29.8898,Normal,0,,0.0,None,0,No Action Required
2026-05-01 07:21:00,WELL-002,drilling,2974.9321,127.8236,110.5398,14.7669,19.6126,254.8109,2832.7443,2818.8133,91.5791,1.5893,28.7399,Normal,0,,0.0,None,0,No Action Required
2026-05-01 07:22:00,WELL-002,drilling,2975.2568,128.8828,110.9893,14.992,19.4452,256.155,2826.3044,2815.4103,91.4946,1.5913,27.4762,Normal,0,,0.0,None,0,No Action Required
2026-05-01 07:23:00,WELL-002,drilling,2975.5667,126.3297,110.2101,14.5707,19.4916,256.7535,2860.4592,2864.6409,91.5703,1.5914,28.4278,Normal,0,,0.0,None,0,No Action Required
2026-05-01 07:24:00,WELL-002,drilling,2975.9077,120.51,109.1292,14.6088,18.9934,256.9736,2843.261,2825.1397,91.6009,1.5911,21.7801,Normal,0,,0.0,None,0,No Action Required
2026-05-01 07:25:00,WELL-002,drilling,2976.2566,123.0836,109.6555,14.9034,20.5548,257.6993,2846.5164,2817.2361,91.5633,1.5883,20.852,Normal,0,,0.0,None,0,No Action Required
2026-05-01 07:26:00,WELL-002,drilling,2976.583,130.0715,109.7352,15.1424,21.7121,256.8402,2820.4792,2881.2271,91.5854,1.5907,19.419,Normal,0,,0.0,None,0,No Action Required
2026-05-01 07:27:00,WELL-002,drilling,2976.9599,129.5441,109.2425,15.0225,21.0727,257.13,2843.2341,2868.0824,91.5561,1.589,20.2253,Normal,0,,0.0,None,0,No Action Required
2026-05-01 07:28:00,WELL-002,drilling,2977.2799,126.6178,110.1108,15.1884,19.9915,257.3615,2866.4838,2851.523,91.5595,1.5904,20.3753,Normal,0,,0.0,None,0,No Action Required
2026-05-01 07:29:00,WELL-002,drilling,2977.6174,125.546,108.9383,14.8611,20.2893,256.7533,2839.4501,2733.3329,91.5611,1.5929,19.4964,Normal,0,,0.0,None,0,No Action Required
2026-05-01 07:30:00,WELL-002,drilling,2977.9535,123.8989,110.405,15.0389,20.0791,256.8837,2840.2989,2817.4005,91.5927,1.5906,22.5027,Normal,0,,0.0,None,0,No Action Required
2026-05-01 07:31:00,WELL-002,drilling,2978.3266,131.1946,110.4401,14.8188,20.8848,257.2139,2828.1954,2857.5763,91.5918,1.5892,23.1631,Normal,0,,0.0,None,0,No Action Required
2026-05-01 07:32:00,WELL-002,drilling,2978.6572,130.9932,109.385,14.9342,21.0758,256.2674,2849.2784,2826.6887,91.5424,1.5874,24.3151,Normal,0,,0.0,None,0,No Action Required
2026-05-01 07:33:00,WELL-002,drilling,2978.9895,131.5701,109.8374,15.1209,20.3227,257.5385,2874.7678,2759.0377,91.5606,1.5894,24.5367,Normal,0,,0.0,None,0,No Action Required
2026-05-01 07:34:00,WELL-002,drilling,2979.3559,128.4097,109.6306,14.8247,21.1619,257.3785,2824.2731,2828.2387,91.57,1.5941,23.8507,Normal,0,,0.0,None,0,No Action Required
2026-05-01 07:35:00,WELL-002,drilling,2979.6743,124.604,109.7178,15.1721,19.8965,257.3415,2831.2837,2799.1221,91.543,1.5943,25.7388,Normal,0,,0.0,None,0,No Action Required
2026-05-01 07:36:00,WELL-002,drilling,2980.0238,123.2579,110.4789,15.4831,19.7059,257.748,2844.1883,2818.1393,91.6254,1.5917,25.4687,Normal,0,,0.0,None,0,No Action Required
2026-05-01 07:37:00,WELL-002,drilling,2980.3214,125.6834,109.4179,15.4602,20.104,256.8691,2833.7367,2879.3654,91.5922,1.5876,23.5019,Normal,0,,0.0,None,0,No Action Required
2026-05-01 07:38:00,WELL-002,drilling,2980.6816,125.1562,109.7995,14.9446,19.8337,257.5793,2827.6891,2849.5222,91.5787,1.5882,23.7089,Normal,0,,0.0,None,0,No Action Required
2026-05-01 07:39:00,WELL-002,drilling,2980.972,116.3606,109.0898,14.4295,19.2145,257.2333,2835.5314,2881.9605,91.5261,1.5875,23.9212,Normal,0,,0.0,None,0,No Action Required
2026-05-01 07:40:00,WELL-002,drilling,2981.2618,120.2318,110.1511,14.2917,19.2984,257.4695,2846.6947,2863.4205,91.5513,1.5923,23.6958,Normal,0,,0.0,None,0,No Action Required
2026-05-01 07:41:00,WELL-002,drilling,2981.6179,122.5921,110.5572,15.0198,18.6182,257.087,2830.717,2836.0466,91.5613,1.588,25.6956,Normal,0,,0.0,None,0,No Action Required
2026-05-01 07:42:00,WELL-002,drilling,2981.9824,127.8356,108.3259,15.8827,20.2552,256.5731,2839.1155,2837.9433,91.5397,1.5885,26.8766,Normal,0,,0.0,None,0,No Action Required
2026-05-01 07:43:00,WELL-002,drilling,2982.3119,125.551,108.7389,15.5888,20.8633,256.2227,2818.1115,2758.5788,91.5982,1.5876,24.6779,Normal,0,,0.0,None,0,No Action Required
2026-05-01 07:44:00,WELL-002,drilling,2982.667,123.5786,108.8427,15.0178,21.4463,255.8118,2816.3855,2883.4194,91.5948,1.5904,22.5284,Normal,0,,0.0,None,0,No Action Required
2026-05-01 07:45:00,WELL-002,drilling,2983.0204,127.1307,109.7758,15.3006,22.1837,255.9025,2816.2214,2811.9312,91.5931,1.5934,23.3705,Normal,0,,0.0,None,0,No Action Required
2026-05-01 07:46:00,WELL-002,drilling,2983.4181,128.918,110.2196,15.7173,21.2783,255.9354,2841.0683,2808.1359,91.5972,1.5887,21.4446,Normal,0,,0.0,None,0,No Action Required
2026-05-01 07:47:00,WELL-002,drilling,2983.6996,127.1995,110.1444,15.375,20.7145,256.2482,2815.4708,2772.4877,91.6137,1.5865,23.0735,Normal,0,,0.0,None,0,No Action Required
2026-05-01 07:48:00,WELL-002,drilling,2984.0899,124.671,109.6609,15.4518,20.5094,256.2844,2837.1487,2842.5038,91.5978,1.5876,23.3163,Normal,0,,0.0,None,0,No Action Required
2026-05-01 07:49:00,WELL-002,drilling,2984.4598,122.6498,110.0723,15.9067,21.1456,255.4127,2824.0091,2822.6161,91.5828,1.5889,22.4223,Normal,0,,0.0,None,0,No Action Required
2026-05-01 07:50:00,WELL-002,drilling,2984.7619,121.674,110.4699,16.1022,21.5555,255.6855,2825.9888,2781.9757,91.6096,1.5898,23.0671,Normal,0,,0.0,None,0,No Action Required
2026-05-01 07:51:00,WELL-002,drilling,2985.0973,124.87,110.7476,16.5135,19.9214,255.265,2824.8508,2798.5153,91.5606,1.5896,23.0823,Normal,0,,0.0,None,0,No Action Required
2026-05-01 07:52:00,WELL-002,drilling,2985.492,129.3613,109.2341,16.6463,21.1985,255.4959,2824.7193,2820.1712,91.5998,1.5905,23.9331,Normal,0,,0.0,None,0,No Action Required
2026-05-01 07:53:00,WELL-002,drilling,2985.8711,129.2542,109.7429,16.7871,22.2112,254.9321,2818.3898,2839.0793,91.5963,1.589,24.0442,Normal,0,,0.0,None,0,No Action Required
2026-05-01 07:54:00,WELL-002,drilling,2986.1925,129.9819,110.653,16.8694,21.9251,255.0887,2818.6475,2808.6747,91.5742,1.589,23.6605,Normal,0,,0.0,None,0,No Action Required
2026-05-01 07:55:00,WELL-002,drilling,2986.6158,132.936,109.3484,17.1357,22.7196,255.6956,2803.923,2800.9435,91.6345,1.5892,24.6599,Normal,0,,0.0,None,0,No Action Required
2026-05-01 07:56:00,WELL-002,drilling,2986.9959,134.0965,110.7266,17.2595,23.6295,254.4841,2841.7295,2813.1984,91.6667,1.5905,25.4643,Normal,0,,0.0,None,0,No Action Required
2026-05-01 07:57:00,WELL-002,drilling,2987.3839,131.5683,109.5831,17.0157,23.138,255.9231,2827.6363,2780.7965,91.6021,1.5865,28.203,Normal,0,,0.0,None,0,No Action Required
2026-05-01 07:58:00,WELL-002,drilling,2987.7003,130.7075,109.7493,16.7312,21.1231,256.5125,2819.328,2780.424,91.5846,1.5955,30.6369,Normal,0,,0.0,None,0,No Action Required
2026-05-01 07:59:00,WELL-002,connection,2987.7174,0.0,0.0,0.1704,0.0,118.311,1134.4,1855.4617,92.2663,1.591,31.1464,Normal,0,,0.0,None,0,No Action Required
2026-05-01 08:00:00,WELL-002,connection,2987.7381,0.37,0.7537,0.0,0.0,39.7321,0.0,834.1937,93.1858,1.5878,30.8261,Normal,0,,0.0,None,0,No Action Required
2026-05-01 08:01:00,WELL-002,connection,2987.7018,0.0,0.5816,0.0,0.7943,13.2148,0.0,361.2201,93.5245,1.5929,31.7313,Normal,0,,0.0,None,0,No Action Required
2026-05-01 08:02:00,WELL-002,connection,2987.7466,0.0,0.0,0.0,0.0,4.5239,0.0,165.5727,93.734,1.5924,32.4837,Normal,0,,0.0,None,0,No Action Required
2026-05-01 08:03:00,WELL-002,connection,2987.725,0.0,0.3328,0.2427,0.0,1.6553,0.0,70.2217,93.7481,1.5895,29.9558,Normal,0,,0.0,None,0,No Action Required
2026-05-01 08:04:00,WELL-002,connection,2987.6545,0.0,0.0,0.2034,0.0,0.1901,0.0,32.0609,93.7501,1.5909,30.7301,Normal,0,,0.0,None,0,No Action Required
2026-05-01 08:05:00,WELL-002,connection,2987.7565,0.0,0.3319,0.0458,0.1951,0.192,0.0,14.2097,93.7715,1.5891,28.7398,Normal,0,,0.0,None,0,No Action Required
2026-05-01 08:06:00,WELL-002,connection,2987.6873,0.8125,0.5805,0.0026,0.0,1.1864,0.0,6.3076,93.807,1.5916,33.0746,Normal,0,,0.0,None,0,No Action Required
2026-05-01 08:07:00,WELL-002,connection,2987.6753,0.0,0.7164,0.0,0.0,48.3177,1413.1763,795.7762,93.1505,1.5919,35.0674,Normal,0,,0.0,None,0,No Action Required
2026-05-01 08:08:00,WELL-002,drilling,2987.8133,47.4965,39.0353,10.7524,5.9417,186.0659,2814.2265,1888.7858,92.2243,1.5854,35.4111,Normal,0,,0.0,None,0,No Action Required
2026-05-01 08:09:00,WELL-002,drilling,2988.0097,90.9495,76.0932,14.1398,14.1401,232.417,2817.2306,2439.2713,91.8982,1.588,36.1279,Normal,0,,0.0,None,0,No Action Required
2026-05-01 08:10:00,WELL-002,drilling,2988.4139,134.1526,116.2348,16.7611,22.6564,246.8632,2814.5112,2636.7026,91.6412,1.5913,34.9871,Normal,0,,0.0,None,0,No Action Required
2026-05-01 08:11:00,WELL-002,drilling,2988.7657,131.1834,115.3452,16.5154,22.8273,251.9825,2830.9791,2711.2648,91.5987,1.5863,36.7963,Normal,0,,0.0,None,0,No Action Required
2026-05-01 08:12:00,WELL-002,drilling,2989.1923,129.2226,115.5601,16.4266,22.2329,253.7962,2814.9411,2791.8318,91.5906,1.5923,36.4606,Normal,0,,0.0,None,0,No Action Required
2026-05-01 08:13:00,WELL-002,drilling,2989.498,126.7208,116.5115,16.0675,21.0171,254.7442,2806.9058,2703.1968,91.5593,1.5867,36.4264,Normal,0,,0.0,None,0,No Action Required
2026-05-01 08:14:00,WELL-002,drilling,2989.8886,128.7512,116.4074,15.8879,20.638,254.8297,2800.1057,2865.0559,91.5158,1.588,35.4643,Normal,0,,0.0,None,0,No Action Required
2026-05-01 08:15:00,WELL-002,drilling,2990.2257,121.8593,115.4321,15.7905,20.3714,254.5537,2813.5659,2729.5232,91.5635,1.5921,36.6364,Normal,0,,0.0,None,0,No Action Required
2026-05-01 08:16:00,WELL-002,drilling,2990.5299,124.4465,115.8291,15.6333,19.9032,254.5049,2792.6597,2824.4762,91.5059,1.586,35.5686,Normal,0,,0.0,None,0,No Action Required
2026-05-01 08:17:00,WELL-002,drilling,2990.8947,126.1304,115.5548,15.2277,20.2621,255.8217,2827.3891,2792.1749,91.5548,1.5889,34.5807,Normal,0,,0.0,None,0,No Action Required
2026-05-01 08:18:00,WELL-002,drilling,2991.2503,129.2819,115.4497,15.1278,20.382,255.3541,2819.5535,2792.4237,91.4804,1.5891,33.6097,Normal,0,,0.0,None,0,No Action Required
2026-05-01 08:19:00,WELL-002,drilling,2991.5975,128.8955,114.9622,15.2452,20.9726,255.8343,2833.2412,2771.872,91.5129,1.5854,33.0318,Normal,0,,0.0,None,0,No Action Required
2026-05-01 08:20:00,WELL-002,drilling,2991.9123,132.1607,117.3531,15.4191,21.396,255.4258,2809.4699,2821.8841,91.5473,1.588,31.7932,Normal,0,,0.0,None,0,No Action Required
2026-05-01 08:21:00,WELL-002,drilling,2992.2581,132.6274,114.8427,15.9871,20.3958,256.8969,2805.8822,2876.3475,91.5942,1.59,30.7913,Normal,0,,0.0,None,0,No Action Required
2026-05-01 08:22:00,WELL-002,drilling,2992.6487,130.0322,115.8079,15.3115,22.3645,256.8292,2813.7422,2793.4616,91.5381,1.5874,30.0592,Normal,0,,0.0,None,0,No Action Required
2026-05-01 08:23:00,WELL-002,drilling,2993.0359,128.5479,116.4828,15.4416,22.1444,257.3825,2814.2588,2768.7585,91.5407,1.5872,29.0237,Normal,0,,0.0,None,0,No Action Required
2026-05-01 08:24:00,WELL-002,drilling,2993.4068,124.0716,115.0198,15.0947,22.9326,256.5486,2820.7263,2867.1542,91.5317,1.5937,28.4069,Normal,0,,0.0,None,0,No Action Required
2026-05-01 08:25:00,WELL-002,drilling,2993.7721,122.0227,116.0244,14.9944,22.7575,255.9747,2824.1461,2761.5697,91.5544,1.5859,28.7699,Normal,0,,0.0,None,0,No Action Required
2026-05-01 08:26:00,WELL-002,drilling,2994.1532,127.3281,115.4991,15.5192,23.565,256.5583,2841.3372,2884.937,91.573,1.5892,25.9053,Normal,0,,0.0,None,0,No Action Required
2026-05-01 08:27:00,WELL-002,drilling,2994.5411,127.0762,116.2744,15.6354,22.6671,255.8076,2839.6219,2868.9926,91.569,1.5924,27.5476,Normal,0,,0.0,None,0,No Action Required
2026-05-01 08:28:00,WELL-002,drilling,2994.8689,124.3119,115.1475,15.2738,21.5854,257.3976,2830.8708,2810.4638,91.5623,1.5872,25.0394,Normal,0,,0.0,None,0,No Action Required
2026-05-01 08:29:00,WELL-002,drilling,2995.2199,120.8563,115.9257,15.7685,21.9276,256.7039,2818.6543,2828.0019,91.5419,1.5893,24.812,Normal,0,,0.0,None,0,No Action Required
2026-05-01 08:30:00,WELL-002,drilling,2995.6069,126.6307,115.8312,15.4563,21.0358,256.6443,2854.4191,2799.8953,91.5362,1.5893,25.4421,Normal,0,,0.0,None,0,No Action Required
2026-05-01 08:31:00,WELL-002,drilling,2995.9727,130.2625,116.3147,15.8196,21.5416,257.7132,2813.5956,2817.7368,91.581,1.59,25.7284,Normal,0,,0.0,None,0,No Action Required
2026-05-01 08:32:00,WELL-002,drilling,2996.2949,119.7889,116.122,15.203,20.2551,258.0649,2821.9834,2780.8792,91.5615,1.5875,25.7195,Normal,0,,0.0,None,0,No Action Required
2026-05-01 08:33:00,WELL-002,drilling,2996.6078,116.3151,115.7039,14.7289,18.8314,257.8882,2845.345,2837.8862,91.5179,1.589,24.216,Normal,0,,0.0,None,0,No Action Required
2026-05-01 08:34:00,WELL-002,drilling,2996.954,113.4447,116.7512,14.5721,18.2105,258.2443,2839.3863,2803.3319,91.4817,1.5902,23.7476,Normal,0,,0.0,None,0,No Action Required
2026-05-01 08:35:00,WELL-002,drilling,2997.2474,114.2579,116.3465,14.7453,18.9832,258.6517,2819.9222,2833.6439,91.5675,1.5945,23.2678,Normal,0,,0.0,None,0,No Action Required
2026-05-01 08:36:00,WELL-002,drilling,2997.551,116.2209,115.7484,14.7662,19.5802,258.1754,2853.7753,2803.7243,91.5534,1.5916,23.6676,Normal,0,,0.0,None,0,No Action Required
2026-05-01 08:37:00,WELL-002,drilling,2997.8857,113.075,115.7889,14.9292,19.7333,257.9454,2831.6218,2820.3655,91.5344,1.5884,26.5883,Normal,0,,0.0,None,0,No Action Required
2026-05-01 08:38:00,WELL-002,drilling,2998.2178,111.3022,115.2662,14.188,18.7518,257.0644,2839.499,2807.379,91.5834,1.5906,28.0157,Normal,0,,0.0,None,0,No Action Required
2026-05-01 08:39:00,WELL-002,drilling,2998.5364,110.0137,115.5506,14.7417,18.6321,257.632,2845.4844,2812.0987,91.5284,1.5863,27.6266,Normal,0,,0.0,None,0,No Action Required
2026-05-01 08:40:00,WELL-002,drilling,2998.8862,117.02,114.8411,14.5706,20.5089,257.9896,2842.2051,2856.1399,91.531,1.5877,26.3801,Normal,0,,0.0,None,0,No Action Required
2026-05-01 08:41:00,WELL-002,drilling,2999.1887,119.5085,115.3047,14.4308,20.9361,258.7471,2829.8871,2841.8498,91.5688,1.5872,23.9441,Normal,0,,0.0,None,0,No Action Required
2026-05-01 08:42:00,WELL-002,drilling,2999.5663,118.4865,115.0518,14.7754,21.2976,258.9435,2855.8173,2862.1831,91.5333,1.5898,23.9182,Normal,0,,0.0,None,0,No Action Required
2026-05-01 08:43:00,WELL-002,drilling,2999.9325,114.479,116.06,14.7179,21.1548,258.508,2836.8186,2812.4512,91.5161,1.59,23.1271,Normal,0,,0.0,None,0,No Action Required
2026-05-01 08:44:00,WELL-002,drilling,3000.2192,114.0291,116.64,14.5652,20.0331,259.0131,2839.6242,2776.7894,91.5067,1.5915,24.5158,Normal,0,,0.0,None,0,No Action Required
2026-05-01 08:45:00,WELL-002,drilling,3000.5539,117.5422,117.0169,14.7369,19.7855,258.4831,2821.8373,2853.1254,91.591,1.5904,23.2476,Normal,0,,0.0,None,0,No Action Required
2026-05-01 08:46:00,WELL-002,drilling,3000.8987,115.3725,115.7719,14.4708,20.5195,258.4125,2841.4516,2842.9981,91.5213,1.591,23.7077,Normal,0,,0.0,None,0,No Action Required
2026-05-01 08:47:00,WELL-002,drilling,3001.1968,115.1076,116.0179,14.8674,18.6074,258.0965,2834.0481,2809.7734,91.5939,1.5923,49.0108,Normal,0,,0.0,None,0,No Action Required
2026-05-01 08:48:00,WELL-002,drilling,3001.5194,111.0968,115.6757,14.9691,18.3932,259.8502,2859.0613,2812.1621,91.5799,1.5919,48.9406,Normal,0,,0.0,None,0,No Action Required
2026-05-01 08:49:00,WELL-002,drilling,3001.8297,117.9411,115.0311,15.202,18.9468,261.1965,2825.2912,2849.682,91.5962,1.5899,52.3045,Normal,0,,0.0,None,0,No Action Required
2026-05-01 08:50:00,WELL-002,drilling,3002.134,112.7652,116.4631,14.5545,18.0403,261.3793,2869.2201,2822.7142,91.5527,1.5905,53.8205,Normal,0,,0.0,None,0,No Action Required
2026-05-01 08:51:00,WELL-002,drilling,3002.4364,114.4089,115.4557,14.9875,18.3499,260.9023,2853.3975,2812.7465,91.5697,1.5888,56.3863,Normal,0,,0.0,None,0,No Action Required
2026-05-01 08:52:00,WELL-002,drilling,3002.7488,119.614,115.6059,15.3837,20.2141,259.8642,2861.294,2853.9171,91.5426,1.5914,57.4292,Normal,0,,0.0,None,0,No Action Required
2026-05-01 08:53:00,WELL-002,drilling,3003.1052,116.8679,114.6085,14.9488,19.3314,259.6163,2841.2775,2858.7955,91.558,1.5924,55.6204,Normal,0,,0.0,None,0,No Action Required
2026-05-01 08:54:00,WELL-002,drilling,3003.4018,112.8821,116.0564,14.9688,18.9532,258.7508,2829.8934,2807.0525,91.5477,1.5926,54.9819,Normal,0,,0.0,None,0,No Action Required
2026-05-01 08:55:00,WELL-002,drilling,3003.7129,115.5812,115.6918,15.1792,18.0488,258.507,2844.996,2803.3197,91.5448,1.5917,33.1327,Normal,0,,0.0,None,0,No Action Required
2026-05-01 08:56:00,WELL-002,drilling,3004.0178,115.2164,115.6845,15.0932,17.8545,257.331,2828.9015,2816.0164,91.5312,1.5882,31.22,Normal,0,,0.0,None,0,No Action Required
2026-05-01 08:57:00,WELL-002,drilling,3004.3017,114.8126,116.063,15.2628,18.8411,257.9973,2832.2778,2817.2545,91.5022,1.5878,31.1933,Normal,0,,0.0,None,0,No Action Required
2026-05-01 08:58:00,WELL-002,drilling,3004.6132,112.8703,116.0829,14.9843,18.9217,257.3747,2823.674,2731.8326,91.6151,1.5921,30.4223,Normal,0,,0.0,None,0,No Action Required
2026-05-01 08:59:00,WELL-002,drilling,3004.9403,110.6172,114.7627,14.4377,19.3778,257.0383,2826.3396,2821.3527,91.5622,1.5921,30.8442,Normal,0,,0.0,None,0,No Action Required
2026-05-01 09:00:00,WELL-002,drilling,3005.2849,108.2572,116.0875,14.7292,17.9049,256.6202,2828.6756,2704.9237,91.5719,1.5902,32.6093,Normal,0,,0.0,None,0,No Action Required
2026-05-01 09:01:00,WELL-002,drilling,3005.5654,111.4611,116.035,14.797,19.0801,257.5718,2847.3616,2802.755,91.5799,1.5848,31.2826,Normal,0,,0.0,None,0,No Action Required
2026-05-01 09:02:00,WELL-002,drilling,3005.9424,115.8951,115.752,14.9573,19.836,256.7107,2808.3581,2829.3384,91.5858,1.5927,30.7668,Normal,0,,0.0,None,0,No Action Required
2026-05-01 09:03:00,WELL-002,drilling,3006.2174,115.4852,116.503,15.0899,18.9874,258.561,2837.9601,2789.3726,91.6424,1.5928,27.6091,Normal,0,,0.0,None,0,No Action Required
2026-05-01 09:04:00,WELL-002,drilling,3006.5503,117.6476,115.5726,14.8792,19.6184,258.3588,2836.543,2827.3985,91.56,1.5884,27.2381,Normal,0,,0.0,None,0,No Action Required
2026-05-01 09:05:00,WELL-002,drilling,3006.8794,121.4137,115.8696,14.9031,19.5333,257.7199,2836.8266,2823.3045,91.5944,1.5925,26.8118,Normal,0,,0.0,None,0,No Action Required
2026-05-01 09:06:00,WELL-002,drilling,3007.204,120.2137,116.336,15.5096,19.6797,257.7116,2845.395,2822.2249,91.637,1.5885,27.4859,Normal,0,,0.0,None,0,No Action Required
2026-05-01 09:07:00,WELL-002,drilling,3007.5895,126.8512,115.9066,15.3564,20.678,258.8453,2828.4237,2896.2385,91.5563,1.5869,25.9887,Normal,0,,0.0,None,0,No Action Required
2026-05-01 09:08:00,WELL-002,drilling,3007.8626,118.191,116.0964,14.8711,19.6129,258.0182,2835.0417,2843.4085,91.5612,1.5854,29.5292,Normal,0,,0.0,None,0,No Action Required
2026-05-01 09:09:00,WELL-002,drilling,3008.2029,119.5585,115.4828,15.006,18.9123,258.3055,2819.0427,2857.1361,91.5528,1.5886,29.8096,Normal,0,,0.0,None,0,No Action Required
2026-05-01 09:10:00,WELL-002,drilling,3008.516,120.4959,115.1949,15.0443,19.379,258.4584,2848.7536,2762.2318,91.55,1.5896,29.0261,Normal,0,,0.0,None,0,No Action Required
2026-05-01 09:11:00,WELL-002,drilling,3008.8925,121.1377,117.0622,15.3385,19.9465,260.8098,2834.718,2861.8423,91.5679,1.5893,27.2831,Normal,0,,0.0,None,0,No Action Required
2026-05-01 09:12:00,WELL-002,drilling,3009.2267,120.2806,117.5733,15.4702,20.5793,259.7201,2830.173,2793.0467,91.5482,1.5914,26.5433,Normal,0,,0.0,None,0,No Action Required
2026-05-01 09:13:00,WELL-002,drilling,3009.5405,124.4493,116.4478,15.2096,20.7005,260.9913,2844.5707,2863.7625,91.4995,1.5902,25.3372,Normal,0,,0.0,None,0,No Action Required
2026-05-01 09:14:00,WELL-002,drilling,3009.9408,122.5115,115.4763,15.286,20.5757,260.1951,2826.24,2853.2491,91.5681,1.5871,24.608,Normal,0,,0.0,None,0,No Action Required
2026-05-01 09:15:00,WELL-002,drilling,3010.27,127.65,114.9927,15.9114,20.4421,259.1608,2831.6491,2839.9351,91.5742,1.5899,23.3976,Normal,0,,0.0,None,0,No Action Required
2026-05-01 09:16:00,WELL-002,drilling,3010.5791,133.131,115.4498,16.1798,22.7005,257.3547,2829.8611,2804.1518,91.5793,1.591,21.9683,Normal,0,,0.0,None,0,No Action Required
2026-05-01 09:17:00,WELL-002,drilling,3010.968,133.804,116.3811,16.0183,22.2393,257.3464,2820.225,2809.5893,91.5976,1.5931,24.2572,Normal,0,,0.0,None,0,No Action Required
2026-05-01 09:18:00,WELL-002,drilling,3011.3705,131.7231,117.0474,15.976,22.4344,258.1913,2840.023,2862.5121,91.5806,1.5912,21.853,Normal,0,,0.0,None,0,No Action Required
2026-05-01 09:19:00,WELL-002,drilling,3011.6711,129.7204,115.0438,15.6671,21.9603,257.6602,2843.9598,2821.335,91.579,1.5893,23.5032,Normal,0,,0.0,None,0,No Action Required
2026-05-01 09:20:00,WELL-002,drilling,3012.083,129.0548,115.6076,15.1807,20.9248,258.737,2823.5809,2775.3201,91.5198,1.589,25.2073,Normal,0,,0.0,None,0,No Action Required
2026-05-01 09:21:00,WELL-002,drilling,3012.4232,124.6825,115.6488,14.9538,22.0502,258.7539,2815.8599,2855.3614,91.5385,1.5885,25.5017,Normal,0,,0.0,None,0,No Action Required
2026-05-01 09:22:00,WELL-002,drilling,3012.8208,123.8196,114.9823,14.8761,21.787,258.1148,2844.124,2773.7097,91.5732,1.5874,25.9026,Normal,0,,0.0,None,0,No Action Required
2026-05-01 09:23:00,WELL-002,drilling,3013.1631,120.5649,116.517,15.324,22.8096,258.223,2837.819,2837.0931,91.5608,1.5889,24.44,Normal,0,,0.0,None,0,No Action Required
2026-05-01 09:24:00,WELL-002,drilling,3013.56,116.4989,115.2342,14.6106,22.0707,258.3747,2832.5254,2838.8806,91.6057,1.5899,24.6752,Normal,0,,0.0,None,0,No Action Required
2026-05-01 09:25:00,WELL-002,drilling,3013.9492,116.1171,115.701,14.8903,22.7549,258.8471,2817.3654,2751.8786,91.5067,1.5923,23.6806,Normal,0,,0.0,None,0,No Action Required
2026-05-01 09:26:00,WELL-002,drilling,3014.2853,118.4911,115.865,14.9137,22.2335,258.4989,2836.4897,2860.9451,91.5828,1.5897,21.214,Normal,0,,0.0,None,0,No Action Required
2026-05-01 09:27:00,WELL-002,drilling,3014.6636,125.6406,116.2761,15.813,23.206,257.5205,2837.2823,2804.1424,91.5946,1.5912,19.3824,Normal,0,,0.0,None,0,No Action Required
2026-05-01 09:28:00,WELL-002,drilling,3015.0404,122.8785,116.8735,15.9993,22.0419,258.2222,2824.3132,2817.1905,91.5818,1.5859,19.7913,Normal,0,,0.0,None,0,No Action Required
2026-05-01 09:29:00,WELL-002,drilling,3015.4062,127.6833,115.1045,17.1085,21.6855,258.8098,2840.3671,2838.2873,91.6353,1.5893,21.9212,Normal,0,,0.0,None,0,No Action Required
2026-05-01 09:30:00,WELL-002,drilling,3015.7731,126.1161,114.1884,17.1542,20.4389,258.8257,2819.1317,2865.6921,91.555,1.5889,22.9772,Normal,0,,0.0,None,0,No Action Required
2026-05-01 09:31:00,WELL-002,drilling,3016.0839,121.1082,115.8361,16.6762,20.3526,259.1268,2831.0269,2759.871,91.6281,1.5902,22.1124,Normal,0,,0.0,None,0,No Action Required
2026-05-01 09:32:00,WELL-002,connection,3016.0924,0.388,0.2623,0.0563,0.5402,119.877,1134.3398,1865.9541,92.3387,1.601,21.7683,Normal,0,,0.0,None,0,No Action Required
2026-05-01 09:33:00,WELL-002,connection,3016.1154,0.0,0.5758,0.0836,0.0,40.5408,0.0,834.6272,93.165,1.6013,21.773,Normal,0,,0.0,None,0,No Action Required
2026-05-01 09:34:00,WELL-002,connection,3016.1017,0.0,0.0,0.0,0.0,13.4974,0.0,374.6718,93.5196,1.5997,22.7933,Normal,0,,0.0,None,0,No Action Required
2026-05-01 09:35:00,WELL-002,connection,3016.1012,0.0,0.0,0.0763,0.0,4.5653,0.0,164.6352,93.6891,1.6038,23.6737,Normal,0,,0.0,None,0,No Action Required
2026-05-01 09:36:00,WELL-002,connection,3016.0917,0.2914,0.3206,0.2465,0.0101,0.9637,0.0,71.6661,93.7626,1.5987,24.6491,Normal,0,,0.0,None,0,No Action Required
2026-05-01 09:37:00,WELL-002,connection,3016.0761,0.387,0.0,0.1327,0.0,0.0,0.0,32.0336,93.7392,1.6016,26.2679,Normal,0,,0.0,None,0,No Action Required
2026-05-01 09:38:00,WELL-002,connection,3016.1159,0.0,0.5802,0.1185,0.5664,50.1598,1418.2212,791.3659,93.2051,1.6006,26.2346,Normal,0,,0.0,None,0,No Action Required
2026-05-01 09:39:00,WELL-002,drilling,3016.1653,43.4171,40.1409,10.5918,4.7909,189.6398,2847.2805,1947.1958,92.3013,1.5985,26.8459,Normal,0,,0.0,None,0,No Action Required
2026-05-01 09:40:00,WELL-002,drilling,3016.3519,83.4421,80.2113,13.1111,10.6672,236.8288,2828.0945,2434.1663,91.8806,1.5979,27.6036,Normal,0,,0.0,None,0,No Action Required
2026-05-01 09:41:00,WELL-002,drilling,3016.6499,120.636,121.2082,15.7266,17.3611,252.9049,2848.7431,2673.3062,91.6989,1.6032,26.251,Normal,0,,0.0,None,0,No Action Required
2026-05-01 09:42:00,WELL-002,drilling,3016.9798,122.5777,120.8991,15.9032,18.5804,257.6793,2832.4599,2788.3405,91.6158,1.6012,28.12,Normal,0,,0.0,None,0,No Action Required
2026-05-01 09:43:00,WELL-002,drilling,3017.2964,120.5954,120.6579,15.2464,18.7207,259.615,2833.116,2780.9017,91.5843,1.5975,27.8826,Normal,0,,0.0,None,0,No Action Required
2026-05-01 09:44:00,WELL-002,drilling,3017.5714,121.7305,120.376,15.5959,18.3248,259.7559,2829.8679,2807.9674,91.5203,1.5996,27.8859,Normal,0,,0.0,None,0,No Action Required
2026-05-01 09:45:00,WELL-002,drilling,3017.8854,123.4692,119.4536,15.4902,19.557,260.2046,2837.876,2844.0634,91.5552,1.5965,28.5553,Normal,0,,0.0,None,0,No Action Required
2026-05-01 09:46:00,WELL-002,drilling,3018.2193,123.0133,120.2389,15.3586,19.8806,260.5777,2824.3218,2854.2494,91.5848,1.5982,26.7964,Normal,0,,0.0,None,0,No Action Required
2026-05-01 09:47:00,WELL-002,drilling,3018.5269,118.6334,122.0129,14.8325,19.014,261.5561,2843.8119,2836.4527,91.5765,1.6,26.2797,Normal,0,,0.0,None,0,No Action Required
2026-05-01 09:48:00,WELL-002,drilling,3018.9028,112.3164,121.5049,14.3468,17.847,262.3824,2883.3426,2828.9563,91.5132,1.598,24.9791,Normal,0,,0.0,None,0,No Action Required
2026-05-01 09:49:00,WELL-002,drilling,3019.1359,111.8036,120.0878,14.2791,19.0737,260.9181,2843.5861,2833.2589,91.5056,1.6026,24.3807,Normal,0,,0.0,None,0,No Action Required
2026-05-01 09:50:00,WELL-002,drilling,3019.4661,111.2251,120.448,14.6494,18.6817,260.3358,2840.9189,2765.6692,91.4827,1.5982,21.8198,Normal,0,,0.0,None,0,No Action Required
2026-05-01 09:51:00,WELL-002,drilling,3019.8215,115.1263,121.1967,14.1667,19.8552,260.9461,2822.0872,2835.6008,91.4868,1.5977,23.0332,Normal,0,,0.0,None,0,No Action Required
2026-05-01 09:52:00,WELL-002,drilling,3020.1466,115.4009,122.1649,14.5409,19.4161,261.1366,2812.2266,2799.2739,91.539,1.6009,23.0963,Normal,0,,0.0,None,0,No Action Required
2026-05-01 09:53:00,WELL-002,drilling,3020.4682,113.9481,119.4448,14.2377,19.5873,261.0338,2843.1845,2864.4482,91.5593,1.6024,23.0888,Normal,0,,0.0,None,0,No Action Required
2026-05-01 09:54:00,WELL-002,drilling,3020.74,111.2407,121.4564,14.3234,18.2488,260.2672,2836.7671,2810.4359,91.5309,1.5967,24.2938,Normal,0,,0.0,None,0,No Action Required
2026-05-01 09:55:00,WELL-002,drilling,3021.063,110.7757,121.2511,14.3651,18.3076,260.4987,2833.3557,2804.3973,91.515,1.6023,24.556,Normal,0,,0.0,None,0,No Action Required
2026-05-01 09:56:00,WELL-002,drilling,3021.3986,115.1436,120.4109,14.6685,18.9733,260.5721,2841.8173,2791.3193,91.5171,1.5965,24.607,Normal,0,,0.0,None,0,No Action Required
2026-05-01 09:57:00,WELL-002,drilling,3021.7279,119.4327,120.6418,14.588,18.5594,260.6652,2833.5768,2853.5079,91.5403,1.598,25.3592,Normal,0,,0.0,None,0,No Action Required
2026-05-01 09:58:00,WELL-002,drilling,3022.0213,118.3197,119.5387,14.6564,19.5646,260.4276,2829.2969,2831.0762,91.5082,1.5967,23.3374,Normal,0,,0.0,None,0,No Action Required
2026-05-01 09:59:00,WELL-002,drilling,3022.4067,117.163,120.6818,14.6973,20.4012,260.7742,2816.0837,2850.4613,91.5321,1.5968,25.0325,Normal,0,,0.0,None,0,No Action Required
2026-05-01 10:00:00,WELL-002,drilling,3022.6521,111.6484,120.5802,14.251,18.2825,260.1268,2813.9163,2766.1508,91.5728,1.6007,26.7884,Normal,0,,0.0,None,0,No Action Required
2026-05-01 10:01:00,WELL-002,drilling,3023.0148,113.121,120.4181,14.8394,20.9778,259.9837,2839.4559,2809.9287,91.4936,1.604,27.1954,Normal,0,,0.0,None,0,No Action Required
2026-05-01 10:02:00,WELL-002,drilling,3023.3763,119.1445,120.5279,15.1153,21.1458,260.0212,2825.4111,2816.3191,91.5525,1.5959,26.241,Normal,0,,0.0,None,0,No Action Required
2026-05-01 10:03:00,WELL-002,drilling,3023.7166,120.748,120.6252,15.6778,20.4698,260.6096,2844.0031,2872.4925,91.5439,1.6011,26.0132,Normal,0,,0.0,None,0,No Action Required
2026-05-01 10:04:00,WELL-002,drilling,3024.0173,119.3376,122.0634,15.3796,19.2675,258.3676,2807.7216,2832.5865,91.6069,1.6015,26.9548,Normal,0,,0.0,None,0,No Action Required
2026-05-01 10:05:00,WELL-002,drilling,3024.4016,122.8631,120.5316,15.1548,20.4122,259.124,2828.217,2826.7588,91.5037,1.5992,28.4129,Normal,0,,0.0,None,0,No Action Required
2026-05-01 10:06:00,WELL-002,drilling,3024.74,126.2274,121.3143,15.4496,21.6924,258.7174,2802.623,2826.9008,91.5569,1.601,27.2345,Normal,0,,0.0,None,0,No Action Required
2026-05-01 10:07:00,WELL-002,drilling,3025.0727,118.6563,120.1214,14.9708,20.9185,259.6247,2816.9811,2805.2209,92.1625,1.5991,23.889,Normal,0,,0.0,None,0,No Action Required
2026-05-01 10:08:00,WELL-002,drilling,3025.4435,123.6452,120.7223,15.212,22.5972,259.924,2830.246,2808.1092,92.74,1.5973,25.8984,Normal,0,,0.0,None,0,No Action Required
2026-05-01 10:09:00,WELL-002,drilling,3025.8042,122.8685,119.1557,14.9777,21.8209,260.0337,2829.2303,2843.7756,93.3733,1.5994,27.1475,Normal,0,,0.0,None,0,No Action Required
2026-05-01 10:10:00,WELL-002,drilling,3026.1457,129.3799,120.6214,15.0074,23.0504,260.0885,2856.0282,2835.4105,93.3731,1.598,24.7766,Normal,0,,0.0,None,0,No Action Required
2026-05-01 10:11:00,WELL-002,drilling,3026.5734,127.0975,120.3117,15.3705,22.4601,259.355,2827.7253,2841.7198,93.3667,1.602,30.5476,Normal,0,,0.0,None,0,No Action Required
2026-05-01 10:12:00,WELL-002,drilling,3026.9314,132.4688,120.9843,15.5701,22.7029,261.0432,2829.9993,2808.2127,93.3692,1.5995,32.5055,Normal,0,,0.0,None,0,No Action Required
2026-05-01 10:13:00,WELL-002,drilling,3027.3112,132.2979,120.6448,15.8553,22.9582,261.5302,2836.8893,2816.0808,93.3301,1.6035,32.4316,Normal,0,,0.0,None,0,No Action Required
2026-05-01 10:14:00,WELL-002,drilling,3027.655,129.0558,120.7602,15.9516,22.1439,262.2926,2853.397,2830.9837,93.3548,1.5981,33.6597,Normal,0,,0.0,None,0,No Action Required
2026-05-01 10:15:00,WELL-002,drilling,3028.0026,131.429,121.0776,16.2854,21.7804,262.1829,2846.9293,2773.4044,93.3883,1.5997,34.7466,Normal,0,,0.0,None,0,No Action Required
2026-05-01 10:16:00,WELL-002,drilling,3028.4125,129.3246,121.0327,16.4307,20.7543,262.1292,2828.2021,2784.6225,93.3292,1.6012,34.3777,Normal,0,,0.0,None,0,No Action Required
2026-05-01 10:17:00,WELL-002,drilling,3028.7134,131.0266,120.508,16.4465,21.2204,262.9259,2831.3903,2858.5227,93.3129,1.6018,35.6728,Normal,0,,0.0,None,0,No Action Required
2026-05-01 10:18:00,WELL-002,drilling,3029.0372,130.7936,121.3289,16.714,20.0483,262.5394,2845.9668,2832.5306,93.3211,1.6012,35.2948,Normal,0,,0.0,None,0,No Action Required
2026-05-01 10:19:00,WELL-002,drilling,3029.3935,127.9098,120.1453,16.5376,20.059,261.3423,2830.087,2873.6259,93.3271,1.5992,33.4156,Normal,0,,0.0,None,0,No Action Required
2026-05-01 10:20:00,WELL-002,drilling,3029.7393,130.425,119.7076,16.1147,19.7666,261.5969,2837.4118,2849.8456,93.3319,1.6019,54.429,Normal,0,,0.0,None,0,No Action Required
2026-05-01 10:21:00,WELL-002,drilling,3030.0563,128.7871,121.1781,15.5644,19.6157,261.1621,2829.828,2759.0629,93.3241,1.6013,54.2696,Normal,0,,0.0,None,0,No Action Required
2026-05-01 10:22:00,WELL-002,drilling,3030.3979,121.992,120.0594,15.1312,20.1556,261.7336,2812.7853,2799.3633,93.3121,1.5992,53.2539,Normal,0,,0.0,None,0,No Action Required
2026-05-01 10:23:00,WELL-002,drilling,3030.7021,124.9068,121.6837,15.2323,19.8481,261.8122,2830.2551,2891.0469,93.3578,1.6065,50.2323,Normal,0,,0.0,None,0,No Action Required
2026-05-01 10:24:00,WELL-002,drilling,3031.0987,124.9428,120.548,15.4029,21.2025,261.9538,2817.2721,2849.9745,93.2795,1.601,52.7096,Normal,0,,0.0,None,0,No Action Required
2026-05-01 10:25:00,WELL-002,drilling,3031.4597,125.2676,119.9394,15.5442,20.5348,262.0672,2844.1852,2825.7498,93.2367,1.5994,51.8455,Normal,0,,0.0,None,0,No Action Required
2026-05-01 10:26:00,WELL-002,drilling,3031.8066,130.3591,120.4574,16.1522,22.3925,261.8075,2827.7407,2816.5131,93.2718,1.5978,34.1835,Normal,0,,0.0,None,0,No Action Required
2026-05-01 10:27:00,WELL-002,drilling,3032.1466,130.2501,119.9186,16.0638,22.3835,261.4483,2823.2409,2830.0315,93.3581,1.5978,33.1586,Normal,0,,0.0,None,0,No Action Required
2026-05-01 10:28:00,WELL-002,drilling,3032.5743,132.9342,122.0619,16.079,22.9994,261.0855,2840.0937,2848.5388,93.2614,1.5963,29.587,Normal,0,,0.0,None,0,No Action Required
2026-05-01 10:29:00,WELL-002,drilling,3032.9796,133.6894,120.6768,16.3475,23.6808,261.5197,2828.301,2848.7647,93.2652,1.6026,29.5687,Normal,0,,0.0,None,0,No Action Required
2026-05-01 10:30:00,WELL-002,drilling,3033.3609,132.7762,119.5978,16.3874,23.6677,262.1262,2830.0085,2853.2195,93.2437,1.5998,31.9794,Normal,0,,0.0,None,0,No Action Required
2026-05-01 10:31:00,WELL-002,drilling,3033.708,128.9921,120.737,15.8767,21.7228,262.1232,2843.1873,2809.1372,93.2526,1.6013,33.5979,Normal,0,,0.0,None,0,No Action Required
2026-05-01 10:32:00,WELL-002,drilling,3034.0221,124.6284,120.5314,16.161,20.3201,260.3775,2828.0223,2844.7104,93.2477,1.602,35.6988,Normal,0,,0.0,None,0,No Action Required
2026-05-01 10:33:00,WELL-002,drilling,3034.4026,128.1048,120.2576,16.2069,21.8521,260.7661,2827.1769,2777.9011,93.3199,1.6018,35.488,Normal,0,,0.0,None,0,No Action Required
2026-05-01 10:34:00,WELL-002,drilling,3034.753,126.2593,120.1452,15.7162,20.7819,261.1458,2833.6023,2828.4537,93.2287,1.5992,32.635,Normal,0,,0.0,None,0,No Action Required
2026-05-01 10:35:00,WELL-002,drilling,3035.124,123.7312,121.3336,15.4936,21.7613,261.0865,2840.515,2814.1541,93.2646,1.6019,31.3965,Normal,0,,0.0,None,0,No Action Required
2026-05-01 10:36:00,WELL-002,drilling,3035.524,122.5586,120.3205,16.0145,20.902,259.4879,2803.8882,2804.3173,93.2172,1.6014,30.2913,Normal,0,,0.0,None,0,No Action Required
2026-05-01 10:37:00,WELL-002,drilling,3035.8459,127.534,120.9824,16.2221,21.3496,259.3487,2817.2381,2780.5781,93.2235,1.5984,31.1545,Normal,0,,0.0,None,0,No Action Required
2026-05-01 10:38:00,WELL-002,drilling,3036.1878,126.632,120.7938,15.6586,21.344,259.7933,2821.1496,2835.1347,93.28,1.6026,30.1819,Normal,0,,0.0,None,0,No Action Required
2026-05-01 10:39:00,WELL-002,drilling,3036.5303,124.4665,120.8745,15.3096,21.5596,260.3137,2845.6672,2811.9468,93.2182,1.597,30.3364,Normal,0,,0.0,None,0,No Action Required
2026-05-01 10:40:00,WELL-002,drilling,3036.8909,120.1669,120.5142,14.7096,21.0086,260.1989,2828.3044,2834.7179,93.2471,1.6031,28.8628,Normal,0,,0.0,None,0,No Action Required
2026-05-01 10:41:00,WELL-002,drilling,3037.2276,125.0661,120.607,15.5625,21.0889,260.8817,2822.2409,2832.253,93.2164,1.6023,26.3732,Normal,0,,0.0,None,0,No Action Required
2026-05-01 10:42:00,WELL-002,drilling,3037.5705,125.2818,120.05,15.6548,22.4072,259.9798,2812.6629,2783.2464,93.2352,1.598,25.6631,Normal,0,,0.0,None,0,No Action Required
2026-05-01 10:43:00,WELL-002,drilling,3038.0054,122.9781,120.6456,16.0534,22.3123,259.7251,2825.5978,2734.9615,93.2343,1.6025,23.9499,Normal,0,,0.0,None,0,No Action Required
2026-05-01 10:44:00,WELL-002,drilling,3038.2953,124.639,120.9341,16.0644,21.4413,260.8654,2844.3079,2882.1465,93.1932,1.6009,24.4222,Normal,0,,0.0,None,0,No Action Required
2026-05-01 10:45:00,WELL-002,drilling,3038.7201,126.8035,121.3669,15.5977,21.3103,261.3399,2846.5129,2753.0161,93.2471,1.5984,24.7665,Normal,0,,0.0,None,0,No Action Required
2026-05-01 10:46:00,WELL-002,drilling,3039.0521,127.7555,119.9758,15.8179,21.7998,262.7147,2835.7203,2854.8707,93.1872,1.5989,25.9073,Normal,0,,0.0,None,0,No Action Required
2026-05-01 10:47:00,WELL-002,drilling,3039.4497,132.8671,120.4743,15.9151,23.5741,261.5865,2839.1093,2841.3024,93.2214,1.5993,27.7405,Normal,0,,0.0,None,0,No Action Required
2026-05-01 10:48:00,WELL-002,drilling,3039.8096,134.9681,119.6701,16.7667,22.4114,261.5543,2825.9577,2812.9098,93.1272,1.5995,28.571,Normal,0,,0.0,None,0,No Action Required
2026-05-01 10:49:00,WELL-002,drilling,3040.1905,132.2924,120.3999,16.9208,22.1578,262.1217,2842.4457,2816.7107,93.227,1.5994,30.7811,Normal,0,,0.0,None,0,No Action Required
2026-05-01 10:50:00,WELL-002,drilling,3040.5246,132.0112,120.8856,16.5714,21.5798,262.4906,2840.9639,2866.5149,93.2213,1.5974,31.5684,Normal,0,,0.0,None,0,No Action Required
2026-05-01 10:51:00,WELL-002,drilling,3040.917,133.1684,121.945,16.8426,22.1726,262.8896,2835.719,2843.6715,93.1867,1.5986,32.1922,Normal,0,,0.0,None,0,No Action Required
2026-05-01 10:52:00,WELL-002,drilling,3041.2544,126.3884,121.6286,16.8956,21.5177,262.6165,2830.7183,2841.9651,93.1465,1.5964,34.446,Normal,0,,0.0,None,0,No Action Required
2026-05-01 10:53:00,WELL-002,drilling,3041.6285,123.9632,121.3267,16.3625,21.7509,261.675,2830.1931,2830.5726,93.199,1.5984,34.2278,Normal,0,,0.0,None,0,No Action Required
2026-05-01 10:54:00,WELL-002,drilling,3042.0112,126.7731,121.2947,16.7868,22.0329,262.5675,2836.2207,2818.9068,93.2216,1.6,31.9772,Normal,0,,0.0,None,0,No Action Required
2026-05-01 10:55:00,WELL-002,drilling,3042.3342,127.7146,120.4405,16.5608,22.0182,261.6373,2839.9998,2805.6089,93.1463,1.5982,31.8126,Normal,0,,0.0,None,0,No Action Required
2026-05-01 10:56:00,WELL-002,drilling,3042.6916,130.6381,119.4497,16.9711,22.0132,261.4134,2853.1758,2848.4063,93.1381,1.5972,31.9406,Normal,0,,0.0,None,0,No Action Required
2026-05-01 10:57:00,WELL-002,drilling,3043.1013,137.1711,120.2313,17.6137,21.5763,261.668,2831.3653,2871.0304,93.1736,1.598,32.73,Normal,0,,0.0,None,0,No Action Required
2026-05-01 10:58:00,WELL-002,drilling,3043.4725,136.549,121.3667,17.9466,22.8416,262.5145,2838.3049,2808.8422,93.1428,1.6013,31.9692,Normal,0,,0.0,None,0,No Action Required
2026-05-01 10:59:00,WELL-002,drilling,3043.8306,137.1741,121.3319,17.7182,22.3687,262.4146,2852.9583,2854.6532,93.1666,1.5982,33.5968,Normal,0,,0.0,None,0,No Action Required
2026-05-01 11:00:00,WELL-002,drilling,3044.2141,141.0112,121.4337,17.7545,22.968,262.461,2837.0434,2818.3003,93.1813,1.6005,33.2164,Normal,0,,0.0,None,0,No Action Required
2026-05-01 11:01:00,WELL-002,drilling,3044.5826,131.1373,121.8576,17.3228,22.1495,260.3612,2839.5485,2832.0976,93.1363,1.5967,32.6296,Normal,0,,0.0,None,0,No Action Required
2026-05-01 11:02:00,WELL-002,connection,3044.605,0.0,0.0,0.0,0.0,120.3342,1131.3188,1880.3579,93.8737,1.6008,30.3525,Normal,0,,0.0,None,0,No Action Required
2026-05-01 11:03:00,WELL-002,connection,3044.6036,0.1662,0.0,0.1743,0.2835,38.8764,0.0,817.9234,94.7198,1.6009,30.9438,Normal,0,,0.0,None,0,No Action Required
2026-05-01 11:04:00,WELL-002,connection,3044.5969,0.7013,0.0,0.0,0.0,13.4934,0.0,367.0345,95.0775,1.5975,32.4687,Normal,0,,0.0,None,0,No Action Required
2026-05-01 11:05:00,WELL-002,connection,3044.6007,0.0,0.0,0.0,0.2865,5.1594,0.0,160.5104,95.2238,1.5988,31.2755,Normal,0,,0.0,None,0,No Action Required
2026-05-01 11:06:00,WELL-002,connection,3044.5939,0.0,0.0,0.194,0.4527,1.9085,0.0,70.3263,95.2265,1.6018,32.0517,Normal,0,,0.0,None,0,No Action Required
2026-05-01 11:07:00,WELL-002,connection,3044.6001,0.172,1.3456,0.0,0.1627,0.1209,0.0,31.4411,95.311,1.6005,31.9017,Normal,0,,0.0,None,0,No Action Required
2026-05-01 11:08:00,WELL-002,connection,3044.6048,0.8561,0.0,0.0,0.2188,0.0,0.0,14.113,95.2394,1.6029,31.9144,Normal,0,,0.0,None,0,No Action Required
2026-05-01 11:09:00,WELL-002,connection,3044.5945,0.0,0.5564,0.0014,0.0,0.2449,0.0,6.1506,95.3482,1.5995,33.0434,Normal,0,,0.0,None,0,No Action Required
2026-05-01 11:10:00,WELL-002,connection,3044.5741,0.0,0.0,0.0,0.0,49.9677,1404.1468,782.1044,94.6913,1.5999,34.8937,Normal,0,,0.0,None,0,No Action Required
2026-05-01 11:11:00,WELL-002,drilling,3044.6943,42.8493,38.6155,9.7992,4.9553,189.9772,2811.6195,1885.7516,93.7731,1.5997,33.4956,Normal,0,,0.0,None,0,No Action Required
2026-05-01 11:12:00,WELL-002,drilling,3044.9012,80.6321,78.4526,12.4385,11.92,237.2036,2805.3985,2431.4621,93.3747,1.6031,31.7213,Normal,0,,0.0,None,0,No Action Required
2026-05-01 11:13:00,WELL-002,drilling,3045.2472,117.9721,116.8769,15.0678,19.87,253.7938,2829.5639,2697.9827,93.1859,1.6014,34.0035,Normal,0,,0.0,None,0,No Action Required
2026-05-01 11:14:00,WELL-002,drilling,3045.5652,116.6498,115.5831,14.5085,19.8981,258.9822,2814.4225,2794.7715,93.0874,1.5981,33.4827,Normal,0,,0.0,None,0,No Action Required
2026-05-01 11:15:00,WELL-002,drilling,3045.8754,117.9962,116.3255,14.4531,19.757,260.5803,2829.4572,2738.6034,93.0044,1.5973,34.0286,Normal,0,,0.0,None,0,No Action Required
2026-05-01 11:16:00,WELL-002,drilling,3046.2443,118.7557,115.4773,15.1053,20.9235,260.922,2843.53,2774.1676,93.0916,1.5971,34.7786,Normal,0,,0.0,None,0,No Action Required
2026-05-01 11:17:00,WELL-002,drilling,3046.6197,122.5325,116.3097,14.9888,22.3237,261.3296,2814.9272,2794.3645,93.0587,1.5992,30.4864,Normal,0,,0.0,None,0,No Action Required
2026-05-01 11:18:00,WELL-002,drilling,3046.9882,124.1157,115.0059,15.7862,20.9511,261.2892,2836.5782,2817.4702,93.0052,1.6011,30.6683,Normal,0,,0.0,None,0,No Action Required
2026-05-01 11:19:00,WELL-002,drilling,3047.2834,121.5319,115.7516,15.2582,19.6731,261.9885,2820.176,2793.3978,93.037,1.6039,32.094,Normal,0,,0.0,None,0,No Action Required
2026-05-01 11:20:00,WELL-002,drilling,3047.6653,121.5926,115.6607,15.7017,19.8947,261.4756,2829.4603,2853.6294,93.0746,1.6016,30.2631,Normal,0,,0.0,None,0,No Action Required
2026-05-01 11:21:00,WELL-002,drilling,3047.9609,121.5658,116.5488,15.835,20.4938,261.4846,2829.4301,2822.8641,93.0202,1.6017,29.8142,Normal,0,,0.0,None,0,No Action Required
2026-05-01 11:22:00,WELL-002,drilling,3048.3084,122.588,116.5194,16.3766,21.7031,260.6572,2801.5729,2769.1201,93.0476,1.5971,28.5501,Normal,0,,0.0,None,0,No Action Required
2026-05-01 11:23:00,WELL-002,drilling,3048.6737,125.6626,118.4364,16.4948,19.9395,260.3247,2823.1377,2781.0459,93.0169,1.6,30.1784,Normal,0,,0.0,None,0,No Action Required
2026-05-01 11:24:00,WELL-002,drilling,3048.978,123.8768,115.156,16.2881,19.5476,260.5046,2807.9486,2771.8427,92.9596,1.5972,32.5669,Normal,0,,0.0,None,0,No Action Required
2026-05-01 11:25:00,WELL-002,drilling,3049.3186,123.4948,116.211,16.5037,19.4213,262.2487,2844.2836,2863.3639,92.9836,1.598,33.4029,Normal,0,,0.0,None,0,No Action Required
2026-05-01 11:26:00,WELL-002,drilling,3049.6529,125.5036,116.5995,16.2545,18.7711,262.7014,2814.5054,2816.0643,93.0019,1.6013,34.2654,Normal,0,,0.0,None,0,No Action Required
2026-05-01 11:27:00,WELL-002,drilling,3049.9531,125.9647,115.7597,15.9245,19.6554,261.799,2816.1429,2851.5367,93.0675,1.6027,29.286,Normal,0,,0.0,None,0,No Action Required
2026-05-01 11:28:00,WELL-002,drilling,3050.2501,118.7201,116.5952,15.885,18.0778,261.6506,2832.6784,2826.9812,93.0191,1.6017,26.1691,Normal,0,,0.0,None,0,No Action Required
2026-05-01 11:29:00,WELL-002,drilling,3050.55,123.0831,116.6873,16.301,18.0208,262.4261,2843.8877,2752.0045,92.9833,1.5981,25.9671,Normal,0,,0.0,None,0,No Action Required
2026-05-01 11:30:00,WELL-002,drilling,3050.8821,121.0517,115.815,16.5421,19.2227,261.7033,2842.3119,2855.6492,92.9398,1.5968,25.0796,Normal,0,,0.0,None,0,No Action Required
2026-05-01 11:31:00,WELL-002,drilling,3051.2487,127.541,116.1628,16.7104,20.2467,261.6347,2847.0744,2822.1559,92.9822,1.6019,25.8421,Normal,0,,0.0,None,0,No Action Required
2026-05-01 11:32:00,WELL-002,drilling,3051.6022,126.6925,116.2444,16.6319,20.3989,262.7838,2839.5335,2754.8444,92.9626,1.6004,24.013,Normal,0,,0.0,None,0,No Action Required
2026-05-01 11:33:00,WELL-002,drilling,3051.8999,126.6935,115.1455,16.5506,20.8485,262.1672,2840.5176,2781.8766,92.9572,1.6024,21.2215,Normal,0,,0.0,None,0,No Action Required
2026-05-01 11:34:00,WELL-002,drilling,3052.2441,128.7915,115.8755,16.7101,22.3846,261.2498,2811.0513,2801.8727,92.9958,1.596,20.5607,Normal,0,,0.0,None,0,No Action Required
2026-05-01 11:35:00,WELL-002,drilling,3052.6824,122.2369,117.7744,16.2239,21.919,260.505,2795.0164,2819.7464,93.007,1.5983,21.3193,Normal,0,,0.0,None,0,No Action Required
2026-05-01 11:36:00,WELL-002,drilling,3053.0047,126.6308,115.6767,16.4215,21.7751,260.0766,2821.1892,2792.676,92.9657,1.5995,20.2604,Normal,0,,0.0,None,0,No Action Required
2026-05-01 11:37:00,WELL-002,drilling,3053.3424,124.9188,115.0004,15.6208,21.5986,260.468,2813.6657,2841.81,92.9519,1.6002,21.8092,Normal,0,,0.0,None,0,No Action Required
2026-05-01 11:38:00,WELL-002,drilling,3053.7485,122.7509,116.9239,14.9931,20.7803,260.5853,2839.9803,2757.6171,92.9154,1.596,22.1949,Normal,0,,0.0,None,0,No Action Required
2026-05-01 11:39:00,WELL-002,drilling,3054.0411,118.2126,116.884,14.8303,20.48,260.386,2806.2928,2808.8085,92.9523,1.5979,25.1886,Normal,0,,0.0,None,0,No Action Required
2026-05-01 11:40:00,WELL-002,drilling,3054.4246,116.9013,116.8182,15.4812,21.6847,260.4935,2824.9649,2829.1558,92.9446,1.6027,26.2227,Normal,0,,0.0,None,0,No Action Required
2026-05-01 11:41:00,WELL-002,drilling,3054.7798,120.8422,116.0367,15.5978,22.3361,261.317,2831.4435,2845.6995,92.9721,1.6005,26.6471,Normal,0,,0.0,None,0,No Action Required
2026-05-01 11:42:00,WELL-002,drilling,3055.1352,122.9202,116.3197,14.9223,21.7648,261.9398,2834.0493,2805.9968,92.9606,1.6017,26.165,Normal,0,,0.0,None,0,No Action Required
2026-05-01 11:43:00,WELL-002,drilling,3055.5148,126.43,116.7755,15.8739,20.9648,261.2675,2826.4321,2825.0694,92.9628,1.6014,29.1009,Normal,0,,0.0,None,0,No Action Required
2026-05-01 11:44:00,WELL-002,drilling,3055.8689,132.668,117.3163,16.3007,21.3228,260.9301,2817.9978,2797.4721,92.9378,1.5996,28.1809,Normal,0,,0.0,None,0,No Action Required
2026-05-01 11:45:00,WELL-002,drilling,3056.2009,133.5587,115.9217,16.1294,22.0653,260.8163,2825.9149,2765.9308,92.9332,1.598,28.2076,Normal,0,,0.0,None,0,No Action Required
2026-05-01 11:46:00,WELL-002,drilling,3056.6213,133.4948,116.5175,16.1373,21.9211,260.7478,2821.7813,2830.3672,92.9743,1.5986,27.6294,Normal,0,,0.0,None,0,No Action Required
2026-05-01 11:47:00,WELL-002,drilling,3057.0119,138.3569,116.405,16.4643,23.4316,259.348,2806.84,2781.546,92.9512,1.601,26.3767,Normal,0,,0.0,None,0,No Action Required
2026-05-01 11:48:00,WELL-002,drilling,3057.3933,136.2869,115.817,16.5159,24.2845,260.1063,2819.6602,2880.174,92.9357,1.5993,26.842,Normal,0,,0.0,None,0,No Action Required
2026-05-01 11:49:00,WELL-002,drilling,3057.7766,136.8865,115.1771,16.2438,23.0976,260.5959,2815.598,2798.895,92.8857,1.6,25.3593,Normal,0,,0.0,None,0,No Action Required
2026-05-01 11:50:00,WELL-002,drilling,3058.1775,135.529,115.5734,16.5217,23.4424,260.5678,2821.1472,2805.0446,92.9636,1.5992,39.7597,Normal,0,,0.0,None,0,No Action Required
2026-05-01 11:51:00,WELL-002,drilling,3058.5697,136.016,117.3674,16.5568,22.3607,261.6592,2827.4667,2732.0325,92.885,1.5987,37.8446,Normal,0,,0.0,None,0,No Action Required
2026-05-01 11:52:00,WELL-002,drilling,3058.9008,132.248,116.6503,16.4202,21.6975,260.9741,2802.115,2799.1735,92.9433,1.6007,39.5831,Normal,0,,0.0,None,0,No Action Required
2026-05-01 11:53:00,WELL-002,drilling,3059.238,129.8269,115.714,15.9334,21.5479,260.414,2825.3207,2840.0659,92.9564,1.5978,40.1746,Normal,0,,0.0,None,0,No Action Required
2026-05-01 11:54:00,WELL-002,drilling,3059.5984,131.4303,115.8668,16.1157,21.4414,260.9463,2843.8329,2874.3074,92.9423,1.601,41.6394,Normal,0,,0.0,None,0,No Action Required
2026-05-01 11:55:00,WELL-002,drilling,3059.9827,132.8356,116.2146,16.4084,21.3078,260.8749,2826.7084,2887.6173,92.9019,1.5995,42.4332,Normal,0,,0.0,None,0,No Action Required
2026-05-01 11:56:00,WELL-002,drilling,3060.3159,136.0133,116.2029,16.3797,22.219,261.6373,2831.6953,2825.8135,92.8858,1.5971,45.1874,Normal,0,,0.0,None,0,No Action Required
2026-05-01 11:57:00,WELL-002,drilling,3060.6742,136.8597,117.0655,16.4017,21.9615,262.0522,2822.0905,2775.1283,92.932,1.5979,47.1706,Normal,0,,0.0,None,0,No Action Required
2026-05-01 11:58:00,WELL-002,drilling,3061.0462,136.3655,114.8247,16.8095,22.5489,261.9795,2828.8894,2828.145,92.9475,1.6003,33.8607,Normal,0,,0.0,None,0,No Action Required
2026-05-01 11:59:00,WELL-002,drilling,3061.4548,137.1527,116.356,16.9292,23.6007,262.0779,2821.5679,2772.5388,92.8939,1.5991,32.7894,Normal,0,,0.0,None,0,No Action Required
2026-05-01 12:00:00,WELL-002,drilling,3061.7891,136.3684,115.4572,17.0321,22.3814,262.1707,2819.7944,2851.7776,92.857,1.5969,33.1128,Normal,0,,0.0,None,0,No Action Required
2026-05-01 12:01:00,WELL-002,drilling,3062.2012,138.8167,115.9842,16.8979,22.0074,260.8326,2826.0754,2748.9057,92.9289,1.6001,34.083,Normal,0,,0.0,None,0,No Action Required
2026-05-01 12:02:00,WELL-002,drilling,3062.5483,138.5569,115.902,17.1184,21.5791,260.6187,2807.6707,2820.2762,92.888,1.5995,31.6811,Normal,0,,0.0,None,0,No Action Required
2026-05-01 12:03:00,WELL-002,drilling,3062.8473,134.7653,116.2824,15.9096,21.5881,261.009,2805.3775,2751.5999,92.9165,1.5963,31.1388,Normal,0,,0.0,None,0,No Action Required
2026-05-01 12:04:00,WELL-002,drilling,3063.2098,131.3005,115.1674,16.0228,20.8823,259.83,2814.4748,2805.3347,92.8994,1.6,33.4536,Normal,0,,0.0,None,0,No Action Required
2026-05-01 12:05:00,WELL-002,drilling,3063.6069,127.9021,115.0105,15.0007,20.5799,260.037,2797.4473,2825.5027,92.8815,1.5997,32.394,Normal,0,,0.0,None,0,No Action Required
2026-05-01 12:06:00,WELL-002,drilling,3063.942,129.056,115.4796,15.0708,21.6463,259.8534,2821.9145,2772.7368,92.8758,1.6045,32.8935,Normal,0,,0.0,None,0,No Action Required
2026-05-01 12:07:00,WELL-002,drilling,3064.2596,129.0148,115.306,15.5025,20.4684,260.639,2858.2536,2789.5406,92.824,1.6021,34.2474,Normal,0,,0.0,None,0,No Action Required
2026-05-01 12:08:00,WELL-002,drilling,3064.6396,132.3415,116.6204,15.5719,21.3497,260.3853,2813.5625,2814.4813,92.9276,1.5979,33.1543,Normal,0,,0.0,None,0,No Action Required
2026-05-01 12:09:00,WELL-002,drilling,3064.9931,132.3835,115.4313,16.3624,20.9056,260.1977,2820.1609,2799.1378,92.8615,1.6014,30.8289,Normal,0,,0.0,None,0,No Action Required
2026-05-01 12:10:00,WELL-002,drilling,3065.3412,134.7681,116.3109,17.0042,20.3237,260.8158,2813.811,2779.2544,92.8739,1.5998,29.0869,Normal,0,,0.0,None,0,No Action Required
2026-05-01 12:11:00,WELL-002,drilling,3065.696,129.4463,117.2464,16.7853,19.9871,259.87,2805.3503,2832.3429,92.8615,1.6007,28.5485,Normal,0,,0.0,None,0,No Action Required
2026-05-01 12:12:00,WELL-002,drilling,3065.9936,131.2118,116.6445,16.7822,19.3393,260.8104,2814.9384,2818.0184,92.83,1.6017,31.3042,Normal,0,,0.0,None,0,No Action Required
2026-05-01 12:13:00,WELL-002,drilling,3066.3282,132.0491,116.6706,16.2885,18.7217,261.3964,2830.8649,2828.9215,92.8669,1.5982,30.5039,Normal,0,,0.0,None,0,No Action Required
2026-05-01 12:14:00,WELL-002,drilling,3066.6405,135.7158,116.0055,16.6914,19.9852,260.8467,2824.319,2844.2246,92.8419,1.6031,31.8383,Normal,0,,0.0,None,0,No Action Required
2026-05-01 12:15:00,WELL-002,drilling,3066.9518,128.5186,116.1698,16.3329,20.8814,261.3038,2832.6072,2777.4853,92.8235,1.5999,31.7103,Normal,0,,0.0,None,0,No Action Required
2026-05-01 12:16:00,WELL-002,drilling,3067.3604,131.8649,116.023,16.8652,21.5759,261.1623,2805.5108,2775.1716,92.7917,1.6005,28.9658,Normal,0,,0.0,None,0,No Action Required
2026-05-01 12:17:00,WELL-002,drilling,3067.7236,136.2651,114.4533,16.3336,20.3239,260.3061,2804.7875,2786.1553,92.8713,1.6014,26.7127,Normal,0,,0.0,None,0,No Action Required
2026-05-01 12:18:00,WELL-002,drilling,3068.0379,133.8438,115.1918,15.3207,20.3418,259.6379,2800.736,2776.8409,92.8738,1.6031,27.7202,Normal,0,,0.0,None,0,No Action Required
2026-05-01 12:19:00,WELL-002,drilling,3068.3797,137.1373,114.5275,15.8447,20.8357,260.8725,2820.8475,2791.9963,92.8288,1.6005,25.9025,Normal,0,,0.0,None,0,No Action Required
2026-05-01 12:20:00,WELL-002,drilling,3068.755,139.4508,114.5914,15.5718,21.8726,260.6243,2818.1863,2819.1933,92.8298,1.5992,26.6408,Normal,0,,0.0,None,0,No Action Required
2026-05-01 12:21:00,WELL-002,drilling,3069.1024,139.4952,114.978,15.8267,22.8457,260.6996,2802.4912,2768.1749,92.7672,1.5996,28.4368,Normal,0,,0.0,None,0,No Action Required
2026-05-01 12:22:00,WELL-002,drilling,3069.4955,143.4122,116.3361,16.3195,22.3302,259.9004,2811.3367,2791.642,92.8232,1.599,28.2808,Normal,0,,0.0,None,0,No Action Required
2026-05-01 12:23:00,WELL-002,drilling,3069.8946,150.2092,116.5595,17.1138,23.9093,260.8763,2804.4022,2776.7994,92.8665,1.5983,25.951,Normal,0,,0.0,None,0,No Action Required
2026-05-01 12:24:00,WELL-002,drilling,3070.3024,152.5553,117.4171,17.2128,24.7403,261.8312,2832.8623,2796.5138,92.7931,1.5979,26.2582,Normal,0,,0.0,None,0,No Action Required
2026-05-01 12:25:00,WELL-002,drilling,3070.6931,145.2898,115.3789,16.6295,23.6371,261.3459,2803.0454,2797.9715,92.8203,1.6,23.5677,Normal,0,,0.0,None,0,No Action Required
2026-05-01 12:26:00,WELL-002,drilling,3071.1104,140.58,115.8213,16.8105,23.5216,260.885,2816.0088,2745.9073,92.8509,1.598,20.8445,Normal,0,,0.0,None,0,No Action Required
2026-05-01 12:27:00,WELL-002,drilling,3071.4838,138.3061,115.8464,15.9977,22.5127,260.8163,2825.5414,2793.1883,92.8479,1.5988,21.6121,Normal,0,,0.0,None,0,No Action Required
2026-05-01 12:28:00,WELL-002,drilling,3071.863,130.8371,115.2469,15.994,21.8114,260.9551,2806.2673,2752.6015,92.7523,1.6004,21.5622,Normal,0,,0.0,None,0,No Action Required
2026-05-01 12:29:00,WELL-002,drilling,3072.2348,132.3201,115.8053,15.953,23.1015,259.9349,2789.4814,2783.7957,92.7836,1.5995,19.4332,Normal,0,,0.0,None,0,No Action Required
2026-05-01 12:30:00,WELL-002,drilling,3072.6324,133.5552,116.0741,16.1045,23.3425,260.4332,2794.8183,2795.1813,92.7678,1.5998,20.0047,Normal,0,,0.0,None,0,No Action Required
2026-05-01 12:31:00,WELL-002,drilling,3073.0364,135.1809,116.5709,16.2943,22.9546,260.5113,2797.0915,2785.8378,92.8422,1.6007,20.3662,Normal,0,,0.0,None,0,No Action Required
2026-05-01 12:32:00,WELL-002,drilling,3073.4346,138.2883,116.5003,16.2989,23.9957,258.6953,2820.6789,2797.8814,92.7687,1.5997,20.4915,Normal,0,,0.0,None,0,No Action Required
2026-05-01 12:33:00,WELL-002,connection,3073.4175,0.7089,0.0695,0.1531,0.0,119.6972,1126.7418,1870.4936,93.5684,1.6119,20.7711,Normal,0,,0.0,None,0,No Action Required
2026-05-01 12:34:00,WELL-002,connection,3073.4462,0.4599,0.0,0.0,0.0,40.0667,0.0,828.9764,94.3578,1.6087,21.6457,Normal,0,,0.0,None,0,No Action Required
2026-05-01 12:35:00,WELL-002,connection,3073.3757,0.5593,0.0,0.0,0.0,13.2408,0.0,352.7303,94.7456,1.6122,21.6514,Normal,0,,0.0,None,0,No Action Required
2026-05-01 12:36:00,WELL-002,connection,3073.4207,0.0,0.1839,0.0,0.3755,4.9232,0.0,158.7263,94.8398,1.6138,20.8239,Normal,0,,0.0,None,0,No Action Required
2026-05-01 12:37:00,WELL-002,connection,3073.4183,0.0,1.0601,0.0,0.5629,1.3389,0.0,71.7813,94.8887,1.6118,20.0313,Normal,0,,0.0,None,0,No Action Required
2026-05-01 12:38:00,WELL-002,connection,3073.4054,0.0,0.0,0.2158,0.2015,0.3425,0.0,31.2695,94.8912,1.6112,22.3473,Normal,0,,0.0,None,0,No Action Required
2026-05-01 12:39:00,WELL-002,connection,3073.4308,0.0,0.0,0.0329,0.2035,0.4519,0.0,13.8209,94.972,1.6094,21.1938,Normal,0,,0.0,None,0,No Action Required
2026-05-01 12:40:00,WELL-002,connection,3073.4209,1.1754,1.1503,0.0,0.0,50.3624,1421.7319,784.6251,94.382,1.6101,20.1006,Normal,0,,0.0,None,0,No Action Required
2026-05-01 12:41:00,WELL-002,drilling,3073.4998,45.9227,40.4714,10.6843,5.2158,192.373,2837.7588,1924.0639,93.434,1.6109,22.6164,Normal,0,,0.0,None,0,No Action Required
2026-05-01 12:42:00,WELL-002,drilling,3073.7279,82.8994,82.5334,13.4671,13.4234,239.7817,2827.7627,2493.8363,93.0564,1.6101,21.447,Normal,0,,0.0,None,0,No Action Required
2026-05-01 12:43:00,WELL-002,drilling,3074.1024,122.898,122.7973,15.2282,23.4794,255.8291,2809.6368,2695.0607,92.8717,1.6118,21.5977,Normal,0,,0.0,None,0,No Action Required
2026-05-01 12:44:00,WELL-002,drilling,3074.4705,126.1343,123.3057,15.9234,21.4294,261.8144,2812.9628,2705.6888,92.7674,1.6112,21.4503,Normal,0,,0.0,None,0,No Action Required
2026-05-01 12:45:00,WELL-002,drilling,3074.7951,122.9601,122.7973,15.8642,19.7149,262.7063,2841.387,2783.5482,92.7582,1.607,19.9228,Normal,0,,0.0,None,0,No Action Required
2026-05-01 12:46:00,WELL-002,drilling,3075.1261,126.9627,122.8775,15.9643,21.3983,264.0842,2815.3973,2801.1317,92.7094,1.6077,18.8655,Normal,0,,0.0,None,0,No Action Required
2026-05-01 12:47:00,WELL-002,drilling,3075.4669,128.8906,122.8987,15.884,20.36,264.083,2830.0742,2838.8975,92.6929,1.6109,18.7079,Normal,0,,0.0,None,0,No Action Required
2026-05-01 12:48:00,WELL-002,drilling,3075.8131,126.7812,124.1811,16.2906,20.5832,265.1155,2834.8838,2815.6404,92.7001,1.6128,20.0267,Normal,0,,0.0,None,0,No Action Required
2026-05-01 12:49:00,WELL-002,drilling,3076.1601,125.8252,122.9371,15.9466,20.995,264.4707,2823.8145,2771.4762,92.657,1.6112,22.6107,Normal,0,,0.0,None,0,No Action Required
2026-05-01 12:50:00,WELL-002,drilling,3076.5034,130.5154,123.2062,16.2573,21.8805,265.3003,2830.3747,2817.5286,92.6926,1.6065,22.499,Normal,0,,0.0,None,0,No Action Required
2026-05-01 12:51:00,WELL-002,drilling,3076.8835,126.4402,122.6429,15.7517,21.7376,264.9684,2827.526,2865.6779,92.6232,1.6125,22.2032,Normal,0,,0.0,None,0,No Action Required
2026-05-01 12:52:00,WELL-002,drilling,3077.2503,123.3558,123.7916,15.8921,21.5089,265.2948,2820.222,2831.2394,92.706,1.6103,23.2176,Normal,0,,0.0,None,0,No Action Required
2026-05-01 12:53:00,WELL-002,drilling,3077.6152,123.9487,123.7182,16.2181,21.4203,265.5601,2819.0625,2837.5056,92.6424,1.6109,25.0157,Normal,0,,0.0,None,0,No Action Required
2026-05-01 12:54:00,WELL-002,drilling,3078.0548,121.7244,123.0172,15.9901,22.4485,266.1648,2834.4643,2890.1974,92.7088,1.6128,23.4099,Normal,0,,0.0,None,0,No Action Required
2026-05-01 12:55:00,WELL-002,drilling,3078.3729,126.0723,122.799,16.4181,21.661,266.2992,2819.6675,2802.3683,92.7182,1.6097,24.1202,Normal,0,,0.0,None,0,No Action Required
2026-05-01 12:56:00,WELL-002,drilling,3078.798,131.004,122.5778,16.1409,23.4203,266.9297,2831.1942,2791.6691,92.6836,1.6113,24.4103,Normal,0,,0.0,None,0,No Action Required
2026-05-01 12:57:00,WELL-002,drilling,3079.1728,127.9667,123.3654,16.0658,23.9611,267.3558,2850.2481,2808.0901,92.6985,1.6087,26.6907,Normal,0,,0.0,None,0,No Action Required
2026-05-01 12:58:00,WELL-002,drilling,3079.5698,127.9241,122.2691,16.2052,22.8348,268.2295,2837.0539,2805.4742,92.6788,1.6126,28.0586,Normal,0,,0.0,None,0,No Action Required
2026-05-01 12:59:00,WELL-002,drilling,3079.9659,126.6806,123.4921,16.5449,24.3105,267.1329,2867.7099,2792.0951,92.6741,1.611,25.8362,Normal,0,,0.0,None,0,No Action Required
2026-05-01 13:00:00,WELL-002,drilling,3080.3346,130.5078,123.7059,16.7752,24.3742,268.3279,2823.7925,2828.6658,92.6487,1.61,26.8928,Normal,0,,0.0,None,0,No Action Required
2026-05-01 13:01:00,WELL-002,drilling,3080.7252,135.1234,124.7062,16.2926,23.2816,267.0811,2833.1967,2744.915,92.6336,1.6129,24.4207,Normal,0,,0.0,None,0,No Action Required
2026-05-01 13:02:00,WELL-002,drilling,3081.1546,129.6731,123.404,16.1079,23.5761,266.1888,2842.5284,2776.6027,92.6634,1.612,24.5183,Normal,0,,0.0,None,0,No Action Required
2026-05-01 13:03:00,WELL-002,drilling,3081.5038,123.8997,124.7395,15.8621,22.2029,267.0304,2813.8245,2836.6192,92.6386,1.6146,24.7717,Normal,0,,0.0,None,0,No Action Required
2026-05-01 13:04:00,WELL-002,drilling,3081.891,121.9922,122.7282,15.1933,22.0664,266.7322,2837.8473,2818.6864,92.6211,1.6073,24.533,Normal,0,,0.0,None,0,No Action Required
2026-05-01 13:05:00,WELL-002,drilling,3082.3124,123.9523,123.735,15.8441,24.1992,267.1981,2844.8112,2840.7303,92.6661,1.6105,24.3178,Normal,0,,0.0,None,0,No Action Required
2026-05-01 13:06:00,WELL-002,drilling,3082.635,123.9363,123.3725,15.6424,23.1985,266.3916,2837.4512,2815.39,92.6618,1.6114,25.2261,Normal,0,,0.0,None,0,No Action Required
2026-05-01 13:07:00,WELL-002,drilling,3083.0417,121.234,123.5937,15.2191,22.0071,266.5393,2824.6932,2836.0066,92.6399,1.6096,25.5667,Normal,0,,0.0,None,0,No Action Required
2026-05-01 13:08:00,WELL-002,drilling,3083.3876,123.5487,122.6547,15.4637,22.0128,265.6883,2838.1107,2821.1931,92.6516,1.6059,26.504,Normal,0,,0.0,None,0,No Action Required
2026-05-01 13:09:00,WELL-002,drilling,3083.7933,123.1411,124.0429,15.0507,21.2348,265.5751,2832.9829,2868.8437,92.6007,1.6101,24.0395,Normal,0,,0.0,None,0,No Action Required
2026-05-01 13:10:00,WELL-002,drilling,3084.1583,126.8077,122.053,15.5281,22.773,266.6198,2843.909,2803.9102,92.661,1.6089,25.287,Normal,0,,0.0,None,0,No Action Required
2026-05-01 13:11:00,WELL-002,drilling,3084.5645,130.8024,123.5415,15.9213,23.3325,267.287,2837.6079,2818.0069,92.6291,1.6096,26.3086,Normal,0,,0.0,None,0,No Action Required
2026-05-01 13:12:00,WELL-002,drilling,3084.9214,127.0298,123.3735,16.0227,23.7194,268.4841,2860.9763,2855.9874,92.5862,1.6103,27.7879,Normal,0,,0.0,None,0,No Action Required
2026-05-01 13:13:00,WELL-002,drilling,3085.2962,126.3704,124.032,16.4138,23.6388,267.7256,2841.49,2839.1196,92.5889,1.6104,28.7177,Normal,0,,0.0,None,0,No Action Required
2026-05-01 13:14:00,WELL-002,drilling,3085.6886,126.5358,122.8743,16.4601,21.3188,268.5458,2851.5132,2838.6812,92.6074,1.6132,27.8988,Normal,0,,0.0,None,0,No Action Required
2026-05-01 13:15:00,WELL-002,drilling,3086.0263,133.0003,124.2034,16.4337,22.8165,267.0885,2855.4314,2791.9021,92.6526,1.61,28.471,Normal,0,,0.0,None,0,No Action Required
2026-05-01 13:16:00,WELL-002,drilling,3086.4136,131.828,123.0096,17.2793,22.6286,266.9504,2839.1507,2782.8937,92.614,1.6122,28.6736,Normal,0,,0.0,None,0,No Action Required
2026-05-01 13:17:00,WELL-002,drilling,3086.8283,132.4973,122.3989,17.9015,22.9582,265.8967,2823.052,2847.4094,92.6141,1.6098,28.53,Normal,0,,0.0,None,0,No Action Required
2026-05-01 13:18:00,WELL-002,drilling,3087.1933,131.4508,124.819,17.3544,23.6244,265.2447,2816.9612,2839.2293,92.6215,1.6087,28.53,Normal,0,,0.0,None,0,No Action Required
2026-05-01 13:19:00,WELL-002,drilling,3087.5832,136.0631,122.7424,17.8098,24.3086,265.7045,2831.2997,2797.0142,92.6429,1.6055,27.426,Normal,0,,0.0,None,0,No Action Required
2026-05-01 13:20:00,WELL-002,drilling,3088.0237,133.864,123.7471,17.3353,24.8573,265.1098,2846.3843,2831.0204,92.564,1.6112,29.1217,Normal,0,,0.0,None,0,No Action Required
2026-05-01 13:21:00,WELL-002,drilling,3088.4684,135.6919,122.5209,17.2805,25.3785,265.6833,2823.4917,2795.321,92.5929,1.6083,40.3449,Normal,0,,0.0,None,0,No Action Required
2026-05-01 13:22:00,WELL-002,drilling,3088.8843,134.1931,124.5202,17.5196,26.3577,265.2796,2840.1214,2798.2104,92.6025,1.6117,44.5426,Normal,0,,0.0,None,0,No Action Required
2026-05-01 13:23:00,WELL-002,drilling,3089.2704,134.1423,123.9663,17.412,22.9502,264.9475,2813.4529,2835.5729,92.582,1.6086,47.5792,Normal,0,,0.0,None,0,No Action Required
2026-05-01 13:24:00,WELL-002,drilling,3089.6401,129.9152,123.8289,17.4766,22.3469,264.9568,2834.6816,2812.5203,92.643,1.6099,43.6025,Normal,0,,0.0,None,0,No Action Required
2026-05-01 13:25:00,WELL-002,drilling,3090.0344,137.0375,122.8306,17.0096,23.3371,265.1685,2817.2885,2803.2486,92.5702,1.6086,43.0536,Normal,0,,0.0,None,0,No Action Required
2026-05-01 13:26:00,WELL-002,drilling,3090.4186,134.905,122.8051,16.5463,22.5059,263.5321,2805.9131,2844.8803,92.629,1.6083,39.9942,Normal,0,,0.0,None,0,No Action Required
2026-05-01 13:27:00,WELL-002,drilling,3090.7836,133.3761,122.3197,16.0262,22.4296,263.4082,2814.2841,2744.5088,92.6427,1.6084,41.4009,Normal,0,,0.0,None,0,No Action Required
2026-05-01 13:28:00,WELL-002,drilling,3091.2026,135.0331,123.5009,16.1755,22.4696,263.9408,2827.5785,2793.405,92.6059,1.6107,26.448,Normal,0,,0.0,None,0,No Action Required
2026-05-01 13:29:00,WELL-002,drilling,3091.5634,134.1936,122.8049,16.6015,24.0394,264.4981,2811.8968,2822.3116,92.6011,1.6106,27.8498,Normal,0,,0.0,None,0,No Action Required
2026-05-01 13:30:00,WELL-002,drilling,3092.0032,128.705,123.1855,16.1793,24.3318,263.9364,2807.9351,2795.2182,92.565,1.6125,26.7711,Normal,0,,0.0,None,0,No Action Required
2026-05-01 13:31:00,WELL-002,drilling,3092.3761,125.7506,123.8717,15.6343,24.1468,265.4878,2847.445,2803.2405,92.5867,1.6073,26.5381,Normal,0,,0.0,None,0,No Action Required
2026-05-01 13:32:00,WELL-002,drilling,3092.7299,124.2727,123.5291,15.6917,21.261,265.7993,2824.4161,2818.8746,92.5362,1.6102,26.5269,Normal,0,,0.0,None,0,No Action Required
2026-05-01 13:33:00,WELL-002,drilling,3093.0803,126.3967,121.848,15.7154,22.9315,264.9541,2816.7135,2792.9389,92.5544,1.6098,26.6337,Normal,0,,0.0,None,0,No Action Required
2026-05-01 13:34:00,WELL-002,drilling,3093.4934,128.895,122.1565,15.8025,21.9727,264.6781,2801.9746,2777.1593,92.5592,1.6095,25.0612,Normal,0,,0.0,None,0,No Action Required
2026-05-01 13:35:00,WELL-002,drilling,3093.8278,130.3804,123.3654,16.2517,21.5898,264.2657,2818.2544,2852.0975,92.6009,1.6082,23.1258,Normal,0,,0.0,None,0,No Action Required
2026-05-01 13:36:00,WELL-002,drilling,3094.1671,134.9074,123.2787,16.3153,22.0978,263.824,2814.9856,2793.9388,92.5243,1.6089,25.2657,Normal,0,,0.0,None,0,No Action Required
2026-05-01 13:37:00,WELL-002,drilling,3094.5528,139.1588,123.3462,16.2038,21.3945,264.9779,2839.9958,2807.7458,92.553,1.6099,25.1159,Normal,0,,0.0,None,0,No Action Required
2026-05-01 13:38:00,WELL-002,drilling,3094.8917,137.7787,123.346,16.6812,20.6494,264.4381,2814.7721,2844.1501,92.6042,1.6083,26.4198,Normal,0,,0.0,None,0,No Action Required
2026-05-01 13:39:00,WELL-002,drilling,3095.2366,130.4745,122.1626,15.9469,20.209,263.61,2813.976,2767.5866,92.5519,1.6079,26.2193,Normal,0,,0.0,None,0,No Action Required
2026-05-01 13:40:00,WELL-002,drilling,3095.5905,131.1649,123.9889,15.8192,21.3951,263.5213,2815.7158,2821.5559,92.5937,1.6083,24.7495,Normal,0,,0.0,None,0,No Action Required
2026-05-01 13:41:00,WELL-002,drilling,3095.9863,127.0592,123.9564,15.6152,21.2995,264.1307,2815.9629,2809.5644,92.5711,1.6104,26.5821,Normal,0,,0.0,None,0,No Action Required
2026-05-01 13:42:00,WELL-002,drilling,3096.3049,128.7601,123.6352,16.1415,21.2749,264.9468,2835.4115,2798.6162,92.5539,1.6074,26.8339,Normal,0,,0.0,None,0,No Action Required
2026-05-01 13:43:00,WELL-002,drilling,3096.6872,122.5125,123.06,15.6259,21.3022,265.2672,2826.8966,2813.0822,92.5759,1.6089,28.0053,Normal,0,,0.0,None,0,No Action Required
2026-05-01 13:44:00,WELL-002,drilling,3097.031,121.1548,123.3965,15.8718,21.7891,265.3224,2841.8435,2787.9436,92.5467,1.6102,27.8976,Normal,0,,0.0,None,0,No Action Required
2026-05-01 13:45:00,WELL-002,drilling,3097.4054,122.9406,123.7291,15.4371,21.6896,264.6203,2809.0198,2848.153,92.5405,1.6096,29.3198,Normal,0,,0.0,None,0,No Action Required
2026-05-01 13:46:00,WELL-002,drilling,3097.7464,119.0666,123.7187,15.9116,21.4634,265.3995,2827.3532,2841.7697,92.5487,1.6095,28.954,Normal,0,,0.0,None,0,No Action Required
2026-05-01 13:47:00,WELL-002,drilling,3098.1073,117.8836,122.9167,15.7701,21.7101,264.0354,2804.0166,2805.3485,92.5946,1.6104,28.6654,Normal,0,,0.0,None,0,No Action Required
2026-05-01 13:48:00,WELL-002,drilling,3098.4711,116.9279,124.0055,15.8292,20.7978,264.4531,2820.2848,2728.5608,92.5347,1.6112,29.159,Normal,0,,0.0,None,0,No Action Required
2026-05-01 13:49:00,WELL-002,drilling,3098.7846,114.8505,121.345,15.726,20.149,264.5247,2803.5104,2806.5158,92.5529,1.6118,29.5957,Normal,0,,0.0,None,0,No Action Required
2026-05-01 13:50:00,WELL-002,drilling,3099.1585,116.7973,123.3929,15.7914,19.8226,265.6446,2830.9664,2790.6065,92.5303,1.6065,27.8405,Normal,0,,0.0,None,0,No Action Required
2026-05-01 13:51:00,WELL-002,drilling,3099.4781,119.6219,123.1078,15.8976,21.2319,265.6799,2818.1218,2824.1462,92.5265,1.6086,25.9895,Normal,0,,0.0,None,0,No Action Required
2026-05-01 13:52:00,WELL-002,drilling,3099.8228,118.4717,123.0193,16.0362,20.0258,266.1077,2818.7586,2807.6409,92.501,1.6097,25.5622,Normal,0,,0.0,None,0,No Action Required
2026-05-01 13:53:00,WELL-002,drilling,3100.1509,117.5144,123.1157,15.3718,20.0171,265.8928,2823.3427,2806.9474,92.5137,1.607,24.8145,Normal,0,,0.0,None,0,No Action Required
2026-05-01 13:54:00,WELL-002,drilling,3100.4468,111.353,123.3866,14.4667,20.0677,265.5413,2840.7684,2824.9964,92.5444,1.6081,24.8568,Normal,0,,0.0,None,0,No Action Required
2026-05-01 13:55:00,WELL-002,drilling,3100.7786,110.2468,124.5014,14.3333,19.8399,265.7801,2816.2136,2855.5399,92.5295,1.6082,25.3119,Normal,0,,0.0,None,0,No Action Required
2026-05-01 13:56:00,WELL-002,drilling,3101.1221,115.297,123.2137,14.0895,19.6277,265.4057,2819.1196,2810.7845,92.5141,1.606,24.7899,Normal,0,,0.0,None,0,No Action Required
2026-05-01 13:57:00,WELL-002,drilling,3101.439,113.3152,124.0967,13.9782,19.9439,264.7212,2832.7126,2792.47,92.5142,1.6112,25.9033,Normal,0,,0.0,None,0,No Action Required
2026-05-01 13:58:00,WELL-002,drilling,3101.7876,107.4546,123.8629,13.5064,19.7362,266.6523,2836.8859,2744.2768,92.5359,1.6083,24.3219,Normal,0,,0.0,None,0,No Action Required
2026-05-01 13:59:00,WELL-002,connection,3101.8462,0.1819,1.1576,0.1796,0.4228,122.8005,1130.857,1923.3947,93.2278,1.6088,24.1699,Normal,0,,0.0,None,0,No Action Required
2026-05-01 14:00:00,WELL-002,connection,3101.8208,0.0,0.0,0.0376,0.0,41.1308,0.0,845.0367,94.0662,1.6089,26.6882,Normal,0,,0.0,None,0,No Action Required
2026-05-01 14:01:00,WELL-002,connection,3101.8035,0.0,0.3772,0.0,0.5799,14.5669,0.0,359.1216,94.4553,1.6101,24.9475,Normal,0,,0.0,None,0,No Action Required
2026-05-01 14:02:00,WELL-002,connection,3101.7877,0.7811,0.1652,0.0552,0.0,3.6591,0.0,164.0319,94.6529,1.6137,24.0656,Normal,0,,0.0,None,0,No Action Required
2026-05-01 14:03:00,WELL-002,connection,3101.8074,1.1257,0.6,0.1361,0.0691,52.7822,1417.834,845.1485,94.0639,1.6065,23.6341,Normal,0,,0.0,None,0,No Action Required
2026-05-01 14:04:00,WELL-002,drilling,3101.8982,37.15,41.6826,10.0703,5.1837,195.5124,2851.2198,1941.8845,93.1845,1.6074,24.9522,Normal,0,,0.0,None,0,No Action Required
2026-05-01 14:05:00,WELL-002,drilling,3102.1168,76.9137,80.7032,12.9933,13.085,243.4057,2820.5672,2445.0938,92.7097,1.6114,22.1792,Normal,0,,0.0,None,0,No Action Required
2026-05-01 14:06:00,WELL-002,drilling,3102.4825,120.4585,121.159,16.5218,22.0971,258.906,2816.1507,2622.0403,92.5649,1.6065,24.5173,Normal,0,,0.0,None,0,No Action Required
2026-05-01 14:07:00,WELL-002,drilling,3102.8277,116.7246,122.6476,15.8784,21.6923,264.4564,2832.8907,2722.2222,92.572,1.6129,26.0841,Normal,0,,0.0,None,0,No Action Required
2026-05-01 14:08:00,WELL-002,drilling,3103.2326,122.6688,121.6422,15.6528,22.0202,266.0286,2835.1717,2810.0806,92.5237,1.6092,24.5615,Normal,0,,0.0,None,0,No Action Required
2026-05-01 14:09:00,WELL-002,drilling,3103.5784,126.5986,122.3325,15.3853,22.768,266.6286,2846.4401,2848.4752,92.4252,1.6126,23.6747,Normal,0,,0.0,None,0,No Action Required
2026-05-01 14:10:00,WELL-002,drilling,3103.9665,122.833,121.4414,15.3504,23.2394,265.8269,2817.1708,2749.3487,92.5243,1.6082,24.9786,Normal,0,,0.0,None,0,No Action Required
2026-05-01 14:11:00,WELL-002,drilling,3104.3888,124.0691,121.7698,15.7637,23.22,265.7014,2829.3113,2832.0995,92.5293,1.6092,28.2111,Normal,0,,0.0,None,0,No Action Required
2026-05-01 14:12:00,WELL-002,drilling,3104.71,132.1988,122.5882,15.7002,21.5649,265.3838,2826.2885,2858.0884,92.4728,1.6087,27.7339,Normal,0,,0.0,None,0,No Action Required
2026-05-01 14:13:00,WELL-002,drilling,3105.1231,135.2484,121.169,16.6147,21.5648,266.2123,2816.6782,2841.3707,92.4945,1.6081,26.526,Normal,0,,0.0,None,0,No Action Required
2026-05-01 14:14:00,WELL-002,drilling,3105.4445,130.8044,121.2599,16.3052,21.7139,265.8837,2822.1296,2856.4972,92.5536,1.6076,27.3454,Normal,0,,0.0,None,0,No Action Required
2026-05-01 14:15:00,WELL-002,drilling,3105.828,134.4342,120.2278,16.4316,22.1229,265.2471,2815.0235,2844.3034,92.484,1.6059,27.6754,Normal,0,,0.0,None,0,No Action Required
2026-05-01 14:16:00,WELL-002,drilling,3106.1601,132.2535,120.929,16.7085,21.1567,265.3192,2803.6045,2799.7444,91.5849,1.6094,29.4904,Normal,0,,0.0,None,0,No Action Required
2026-05-01 14:17:00,WELL-002,drilling,3106.5151,133.7398,121.3896,16.9852,20.5531,265.5913,2814.5083,2820.301,90.7875,1.6129,31.9715,Normal,0,,0.0,None,0,No Action Required
2026-05-01 14:18:00,WELL-002,drilling,3106.8683,129.3846,121.9461,16.4737,21.0559,265.5888,2829.3836,2851.1907,90.5912,1.6102,29.5992,Normal,0,,0.0,None,0,No Action Required
2026-05-01 14:19:00,WELL-002,drilling,3107.1961,131.861,121.7189,16.2082,20.1316,265.8101,2807.0151,2856.4205,91.2494,1.6115,30.5652,Normal,0,,0.0,None,0,No Action Required
2026-05-01 14:20:00,WELL-002,drilling,3107.5429,131.0789,121.9724,16.7574,21.0388,266.0357,2827.7833,2793.9989,91.9665,1.6094,29.0275,Normal,0,,0.0,None,0,No Action Required
2026-05-01 14:21:00,WELL-002,drilling,3107.92,127.3595,122.4703,15.952,20.3438,266.6823,2814.3266,2840.6201,92.0631,1.6109,31.2047,Normal,0,,0.0,None,0,No Action Required
2026-05-01 14:22:00,WELL-002,drilling,3108.2558,128.8069,121.9352,15.7392,19.8967,267.7763,2837.7221,2871.4409,91.9888,1.611,30.5128,Normal,0,,0.0,None,0,No Action Required
2026-05-01 14:23:00,WELL-002,drilling,3108.5593,129.1511,120.7739,15.6512,20.3314,267.5987,2826.1535,2799.5711,92.0126,1.6065,29.0388,Normal,0,,0.0,None,0,No Action Required
2026-05-01 14:24:00,WELL-002,drilling,3108.8887,123.929,122.4534,15.5407,20.2763,268.698,2842.2757,2787.9929,91.9905,1.6096,28.9106,Normal,0,,0.0,None,0,No Action Required
2026-05-01 14:25:00,WELL-002,drilling,3109.1957,118.8513,122.8265,15.3185,18.1046,267.721,2837.7671,2807.4385,92.0156,1.6085,28.6846,Normal,0,,0.0,None,0,No Action Required
2026-05-01 14:26:00,WELL-002,drilling,3109.5678,118.508,121.2733,15.6389,19.2269,267.5266,2833.8636,2786.96,91.9837,1.6086,30.8872,Normal,0,,0.0,None,0,No Action Required
2026-05-01 14:27:00,WELL-002,drilling,3109.9011,118.9727,122.3753,15.6618,20.4922,267.7075,2823.8369,2825.0112,92.0183,1.6092,31.7264,Normal,0,,0.0,None,0,No Action Required
2026-05-01 14:28:00,WELL-002,drilling,3110.2219,113.3439,121.5317,15.7891,19.4626,268.0968,2840.2102,2886.7148,92.0604,1.6134,30.4451,Normal,0,,0.0,None,0,No Action Required
2026-05-01 14:29:00,WELL-002,drilling,3110.5666,120.9485,121.5068,15.833,20.8142,269.2565,2868.7659,2809.211,92.0659,1.6097,30.4766,Normal,0,,0.0,None,0,No Action Required
2026-05-01 14:30:00,WELL-002,drilling,3110.9131,119.9046,122.0179,15.6431,21.4156,268.334,2835.5283,2795.9425,91.9741,1.6105,30.9702,Normal,0,,0.0,None,0,No Action Required
2026-05-01 14:31:00,WELL-002,drilling,3111.251,125.3076,122.7248,15.5557,20.1856,267.3479,2831.8792,2756.897,91.9087,1.6085,32.988,Normal,0,,0.0,None,0,No Action Required
2026-05-01 14:32:00,WELL-002,drilling,3111.5847,123.9422,121.7335,15.8673,19.439,268.0345,2839.9758,2885.6884,92.0051,1.6122,33.7205,Normal,0,,0.0,None,0,No Action Required
2026-05-01 14:33:00,WELL-002,drilling,3111.9292,123.4215,122.28,15.2913,18.8465,269.0729,2834.7987,2794.3639,91.9877,1.6064,31.6763,Normal,0,,0.0,None,0,No Action Required
2026-05-01 14:34:00,WELL-002,drilling,3112.2158,122.6874,120.9675,15.7001,19.6713,269.588,2847.1763,2796.7089,91.9826,1.6133,31.6406,Normal,0,,0.0,None,0,No Action Required
2026-05-01 14:35:00,WELL-002,drilling,3112.5488,121.3132,122.0704,15.761,18.999,269.4552,2833.6135,2756.8275,91.92,1.611,32.0786,Normal,0,,0.0,None,0,No Action Required
2026-05-01 14:36:00,WELL-002,drilling,3112.8681,120.5405,120.8359,15.4423,18.8007,269.2217,2851.464,2778.6943,91.9953,1.6064,30.4226,Normal,0,,0.0,None,0,No Action Required
2026-05-01 14:37:00,WELL-002,drilling,3113.1734,121.1908,121.4912,15.9933,19.2659,268.998,2853.0989,2779.9526,91.9368,1.6072,31.9813,Normal,0,,0.0,None,0,No Action Required
2026-05-01 14:38:00,WELL-002,drilling,3113.4803,115.4215,122.2171,15.1974,17.6077,269.0614,2832.8853,2822.5657,91.9878,1.6094,33.5231,Normal,0,,0.0,None,0,No Action Required
2026-05-01 14:39:00,WELL-002,drilling,3113.7762,117.6627,121.0291,15.1951,18.9637,269.5413,2856.2734,2835.2359,91.9327,1.6093,33.2994,Normal,0,,0.0,None,0,No Action Required
2026-05-01 14:40:00,WELL-002,drilling,3114.1517,121.824,121.8864,15.5679,19.4612,268.9432,2837.6067,2829.0528,91.9642,1.6107,34.1778,Normal,0,,0.0,None,0,No Action Required
2026-05-01 14:41:00,WELL-002,drilling,3114.4602,122.2683,122.0169,16.0754,20.1075,270.4541,2853.4605,2837.6818,92.0111,1.6097,36.0649,Normal,0,,0.0,None,0,No Action Required
2026-05-01 14:42:00,WELL-002,drilling,3114.7835,122.8628,122.7402,15.5286,19.8955,270.0146,2844.4026,2838.1983,92.042,1.6109,35.4808,Normal,0,,0.0,None,0,No Action Required
2026-05-01 14:43:00,WELL-002,drilling,3115.1433,128.2691,122.8535,16.0878,21.7959,269.5241,2829.8894,2823.0549,91.9855,1.6101,32.528,Normal,0,,0.0,None,0,No Action Required
2026-05-01 14:44:00,WELL-002,drilling,3115.5307,132.4822,121.7392,15.8442,22.9166,270.0739,2844.6403,2779.223,91.9942,1.6088,33.6004,Normal,0,,0.0,None,0,No Action Required
2026-05-01 14:45:00,WELL-002,drilling,3115.9048,137.0146,122.3802,16.9516,23.0904,269.217,2831.2824,2881.14,91.9668,1.6081,33.8737,Normal,0,,0.0,None,0,No Action Required
2026-05-01 14:46:00,WELL-002,drilling,3116.3215,131.7728,122.4863,16.1647,22.3748,269.1358,2859.8014,2874.7155,91.997,1.6131,33.9481,Normal,0,,0.0,None,0,No Action Required
2026-05-01 14:47:00,WELL-002,drilling,3116.6531,132.5304,121.97,16.2101,22.7258,267.7238,2845.739,2847.711,91.9588,1.6095,44.7847,Normal,0,,0.0,None,0,No Action Required
2026-05-01 14:48:00,WELL-002,drilling,3117.01,133.3828,121.9225,16.176,23.3184,268.5054,2846.4884,2843.8307,91.9743,1.6103,44.288,Normal,0,,0.0,None,0,No Action Required
2026-05-01 14:49:00,WELL-002,drilling,3117.4807,135.4605,121.2029,15.8166,22.868,268.9038,2815.1307,2824.5101,91.9899,1.612,44.4709,Normal,0,,0.0,None,0,No Action Required
2026-05-01 14:50:00,WELL-002,drilling,3117.8115,132.061,122.0526,15.4842,21.4136,268.5212,2839.239,2767.6353,91.9819,1.61,44.8043,Normal,0,,0.0,None,0,No Action Required
2026-05-01 14:51:00,WELL-002,drilling,3118.1854,132.6247,120.972,16.2085,22.5178,268.0361,2823.687,2765.1007,91.9802,1.6111,30.5788,Normal,0,,0.0,None,0,No Action Required
2026-05-01 14:52:00,WELL-002,drilling,3118.5986,133.7664,121.5548,16.2609,23.3898,268.7083,2815.8505,2837.6539,91.9592,1.6082,27.9093,Normal,0,,0.0,None,0,No Action Required
2026-05-01 14:53:00,WELL-002,drilling,3118.9761,136.1956,120.7823,16.6233,24.8821,268.0504,2826.6205,2842.5186,91.9361,1.6092,27.0132,Normal,0,,0.0,None,0,No Action Required
2026-05-01 14:54:00,WELL-002,drilling,3119.4516,136.0917,120.4996,16.3026,26.2303,268.2408,2845.7673,2813.7063,91.9614,1.6121,26.3891,Normal,0,,0.0,None,0,No Action Required
2026-05-01 14:55:00,WELL-002,drilling,3119.8841,135.6414,122.0849,16.2509,24.9685,267.1339,2831.6752,2816.1286,91.9867,1.6135,28.121,Normal,0,,0.0,None,0,No Action Required
2026-05-01 14:56:00,WELL-002,drilling,3120.291,136.1472,122.4996,16.7567,25.9493,268.0559,2822.6392,2854.1587,91.9593,1.6115,28.4373,Normal,0,,0.0,None,0,No Action Required
2026-05-01 14:57:00,WELL-002,drilling,3120.6933,136.4662,120.9263,16.8136,24.9933,268.2947,2841.7057,2837.9434,92.0236,1.6125,29.6733,Normal,0,,0.0,None,0,No Action Required
2026-05-01 14:58:00,WELL-002,drilling,3121.0832,142.8435,122.159,16.944,24.0437,268.5571,2853.3132,2855.6532,92.0181,1.609,29.1814,Normal,0,,0.0,None,0,No Action Required
2026-05-01 14:59:00,WELL-002,drilling,3121.4601,144.9272,120.7203,17.7114,24.502,268.6116,2833.2181,2776.354,92.0085,1.61,28.277,Normal,0,,0.0,None,0,No Action Required
2026-05-01 15:00:00,WELL-002,drilling,3121.8332,140.4404,121.9854,17.0169,23.3404,267.5872,2819.3418,2796.3789,91.9868,1.6094,27.8933,Normal,0,,0.0,None,0,No Action Required
2026-05-01 15:01:00,WELL-002,drilling,3122.2624,141.0934,121.9747,17.2319,22.9614,268.1392,2841.4739,2801.8933,91.9443,1.6096,27.7553,Normal,0,,0.0,None,0,No Action Required
2026-05-01 15:02:00,WELL-002,drilling,3122.6518,143.7007,120.6917,17.2916,22.6619,269.1505,2836.4029,2801.5901,91.9409,1.6113,26.7479,Normal,0,,0.0,None,0,No Action Required
2026-05-01 15:03:00,WELL-002,drilling,3123.0311,143.3985,121.7437,17.159,22.3212,268.9137,2839.7134,2819.142,91.9365,1.6096,24.7166,Normal,0,,0.0,None,0,No Action Required
2026-05-01 15:04:00,WELL-002,drilling,3123.3894,137.759,122.2751,16.2731,22.1328,269.3017,2830.5377,2819.3119,91.9586,1.6096,25.5605,Normal,0,,0.0,None,0,No Action Required
2026-05-01 15:05:00,WELL-002,drilling,3123.7404,132.259,122.1896,16.0151,20.6389,268.5081,2828.1371,2843.816,91.9958,1.611,26.217,Normal,0,,0.0,None,0,No Action Required
2026-05-01 15:06:00,WELL-002,drilling,3124.0815,125.0674,122.0375,15.3796,19.5719,269.7029,2850.5416,2807.5291,91.9956,1.6104,24.8648,Normal,0,,0.0,None,0,No Action Required
2026-05-01 15:07:00,WELL-002,drilling,3124.3884,130.5327,121.7118,15.8508,21.0186,269.2356,2845.8272,2812.0224,91.9589,1.6113,25.2512,Normal,0,,0.0,None,0,No Action Required
2026-05-01 15:08:00,WELL-002,drilling,3124.7259,125.2856,121.7321,15.2892,20.2267,268.5029,2807.884,2763.3802,91.9116,1.6083,21.7419,Normal,0,,0.0,None,0,No Action Required
2026-05-01 15:09:00,WELL-002,drilling,3125.0543,122.2379,120.8312,14.9357,19.2212,268.0313,2823.3882,2824.1345,91.9799,1.6072,21.8248,Normal,0,,0.0,None,0,No Action Required
2026-05-01 15:10:00,WELL-002,drilling,3125.4063,122.386,120.0171,15.2784,20.3059,269.0524,2837.2745,2868.5675,91.9673,1.6101,19.5582,Normal,0,,0.0,None,0,No Action Required
2026-05-01 15:11:00,WELL-002,drilling,3125.7631,122.0177,122.7999,15.3185,20.4425,268.8217,2833.3329,2860.8018,91.987,1.607,22.3628,Normal,0,,0.0,None,0,No Action Required
2026-05-01 15:12:00,WELL-002,drilling,3126.1387,121.4621,121.6821,15.3544,21.5667,269.373,2855.1754,2751.4536,92.0156,1.6061,20.2143,Normal,0,,0.0,None,0,No Action Required
2026-05-01 15:13:00,WELL-002,drilling,3126.4352,126.1831,121.4571,16.0366,21.3428,269.6639,2838.5102,2813.6811,92.0293,1.6093,21.929,Normal,0,,0.0,None,0,No Action Required
2026-05-01 15:14:00,WELL-002,drilling,3126.8015,122.1117,121.8284,15.7306,21.1921,269.7515,2841.1661,2920.7228,92.0026,1.6087,22.6935,Normal,0,,0.0,None,0,No Action Required
2026-05-01 15:15:00,WELL-002,drilling,3127.1778,125.4832,120.2198,16.0219,22.2726,269.4424,2824.7494,2852.6799,91.9926,1.6113,22.0394,Normal,0,,0.0,None,0,No Action Required
2026-05-01 15:16:00,WELL-002,drilling,3127.5157,123.8852,120.7131,15.8817,20.8366,270.2482,2841.7894,2825.6419,92.0084,1.6096,23.0438,Normal,0,,0.0,None,0,No Action Required
2026-05-01 15:17:00,WELL-002,drilling,3127.8651,122.982,120.9595,16.1618,21.7736,270.0736,2842.2811,2824.4539,91.9594,1.6081,24.4784,Normal,0,,0.0,None,0,No Action Required
2026-05-01 15:18:00,WELL-002,drilling,3128.2003,123.9811,121.7674,16.2413,21.5291,268.9092,2820.1896,2821.9172,91.9815,1.6093,26.0667,Normal,0,,0.0,None,0,No Action Required
2026-05-01 15:19:00,WELL-002,drilling,3128.5485,121.7966,121.1731,16.2027,20.3711,267.9076,2826.348,2808.2978,91.9581,1.6095,25.8546,Normal,0,,0.0,None,0,No Action Required
2026-05-01 15:20:00,WELL-002,drilling,3128.9192,118.8691,120.7926,15.5868,20.7773,267.3857,2819.8925,2833.2421,91.9518,1.6081,25.4902,Normal,0,,0.0,None,0,No Action Required
2026-05-01 15:21:00,WELL-002,drilling,3129.2276,118.8625,121.7914,15.9668,18.2984,266.6887,2822.0486,2795.4586,91.9606,1.6094,26.5467,Normal,0,,0.0,None,0,No Action Required
2026-05-01 15:22:00,WELL-002,drilling,3129.5647,117.6011,121.8688,16.0346,20.118,267.2536,2840.9364,2870.5899,91.9812,1.6132,26.9276,Normal,0,,0.0,None,0,No Action Required
2026-05-01 15:23:00,WELL-002,drilling,3129.8659,118.4822,121.6294,15.5275,19.3319,268.2294,2846.5995,2849.6027,91.9421,1.6095,27.8802,Normal,0,,0.0,None,0,No Action Required
2026-05-01 15:24:00,WELL-002,drilling,3130.1917,120.5984,121.2774,15.7811,20.607,268.6183,2831.305,2843.5383,91.9716,1.6113,29.1228,Normal,0,,0.0,None,0,No Action Required
2026-05-01 15:25:00,WELL-002,connection,3130.1922,0.0801,0.0629,0.0,0.4527,123.5873,1131.5662,1867.3526,92.7131,1.62,28.2425,Normal,0,,0.0,None,0,No Action Required
2026-05-01 15:26:00,WELL-002,connection,3130.2192,0.0,0.0608,0.0779,0.0,41.0611,0.0,829.347,93.5602,1.619,27.0628,Normal,0,,0.0,None,0,No Action Required
2026-05-01 15:27:00,WELL-002,connection,3130.2082,0.0,0.0,0.0979,0.0,13.5677,0.0,373.1425,93.8991,1.6198,25.7035,Normal,0,,0.0,None,0,No Action Required
2026-05-01 15:28:00,WELL-002,connection,3130.1705,0.6653,0.3894,0.0,0.4107,4.0865,0.0,162.8789,94.0422,1.6196,25.0902,Normal,0,,0.0,None,0,No Action Required
2026-05-01 15:29:00,WELL-002,connection,3130.2101,0.0,0.0,0.0072,0.0,0.7163,0.0,70.9101,94.1226,1.6205,26.8763,Normal,0,,0.0,None,0,No Action Required
2026-05-01 15:30:00,WELL-002,connection,3130.2074,0.0,1.1092,0.0,0.0163,0.3723,0.0,32.0157,94.1184,1.6186,25.7468,Normal,0,,0.0,None,0,No Action Required
2026-05-01 15:31:00,WELL-002,connection,3130.1981,1.2598,0.0,0.1948,0.0,51.8065,1407.2553,805.5452,93.5121,1.6208,24.7105,Normal,0,,0.0,None,0,No Action Required
2026-05-01 15:32:00,WELL-002,drilling,3130.2838,41.3148,41.9292,10.6941,5.3224,198.0604,2841.3377,1930.1831,92.652,1.6181,25.1132,Normal,0,,0.0,None,0,No Action Required
2026-05-01 15:33:00,WELL-002,drilling,3130.5337,77.7085,85.901,12.9548,12.6284,245.8021,2821.0945,2450.7413,92.2954,1.6204,23.7108,Normal,0,,0.0,None,0,No Action Required
2026-05-01 15:34:00,WELL-002,drilling,3130.8823,108.5589,128.5188,15.0304,22.538,260.7201,2806.2217,2613.5953,92.1054,1.6197,22.2319,Normal,0,,0.0,None,0,No Action Required
2026-05-01 15:35:00,WELL-002,drilling,3131.2686,112.6388,127.1811,15.5363,22.6856,266.8737,2828.8062,2678.348,91.9867,1.6201,23.3117,Normal,0,,0.0,None,0,No Action Required
2026-05-01 15:36:00,WELL-002,drilling,3131.6209,113.0969,128.8777,15.5235,22.0757,268.687,2828.3041,2766.846,91.9583,1.6202,23.7043,Normal,0,,0.0,None,0,No Action Required
2026-05-01 15:37:00,WELL-002,drilling,3132.0012,115.3445,127.0825,15.7135,21.3624,269.3531,2814.0169,2771.4251,91.934,1.6172,24.5818,Normal,0,,0.0,None,0,No Action Required
2026-05-01 15:38:00,WELL-002,drilling,3132.3199,115.4304,127.2807,15.6162,21.2453,270.6767,2813.441,2817.7308,91.9344,1.6193,26.5758,Normal,0,,0.0,None,0,No Action Required
2026-05-01 15:39:00,WELL-002,drilling,3132.6622,111.5325,129.2014,15.8344,19.5417,271.1592,2842.8116,2776.8133,91.9061,1.6213,24.7235,Normal,0,,0.0,None,0,No Action Required
2026-05-01 15:40:00,WELL-002,drilling,3132.9852,110.6627,128.615,15.4039,18.9797,271.3544,2840.8843,2839.6286,91.9557,1.6193,25.685,Normal,0,,0.0,None,0,No Action Required
2026-05-01 15:41:00,WELL-002,drilling,3133.3003,107.7241,129.0898,15.2183,19.4879,271.6839,2836.6588,2836.3724,91.9012,1.6202,25.4383,Normal,0,,0.0,None,0,No Action Required
2026-05-01 15:42:00,WELL-002,drilling,3133.6059,116.9553,128.6323,15.4798,20.2281,271.5987,2816.3626,2815.3046,91.9103,1.6181,23.2955,Normal,0,,0.0,None,0,No Action Required
2026-05-01 15:43:00,WELL-002,drilling,3133.9689,111.6528,127.3194,15.4536,20.2602,271.454,2842.4347,2781.3379,91.9016,1.6226,24.4168,Normal,0,,0.0,None,0,No Action Required
2026-05-01 15:44:00,WELL-002,drilling,3134.3335,117.9839,128.956,16.2238,21.0232,271.016,2849.5068,2748.7053,91.9184,1.6189,23.8528,Normal,0,,0.0,None,0,No Action Required
2026-05-01 15:45:00,WELL-002,drilling,3134.6317,111.2147,127.8514,15.8288,19.7199,269.7399,2822.4376,2789.9565,91.8958,1.6222,25.7264,Normal,0,,0.0,None,0,No Action Required
2026-05-01 15:46:00,WELL-002,drilling,3135.0069,117.2121,128.2985,16.3989,21.6142,270.8386,2826.7899,2855.8876,91.9331,1.6191,26.7685,Normal,0,,0.0,None,0,No Action Required
2026-05-01 15:47:00,WELL-002,drilling,3135.3805,111.4702,128.5885,15.9149,20.9834,270.1752,2836.0274,2826.2073,91.8934,1.6209,26.3278,Normal,0,,0.0,None,0,No Action Required
2026-05-01 15:48:00,WELL-002,drilling,3135.718,115.5129,127.2853,16.2708,21.3906,270.8497,2818.6714,2813.8557,91.9143,1.6236,26.2343,Normal,0,,0.0,None,0,No Action Required
2026-05-01 15:49:00,WELL-002,drilling,3136.0742,107.4287,129.0471,15.67,20.2082,270.3788,2837.3281,2793.5777,91.9402,1.6202,25.5471,Normal,0,,0.0,None,0,No Action Required
2026-05-01 15:50:00,WELL-002,drilling,3136.4202,110.6618,128.0129,16.0381,20.1744,270.5156,2831.805,2836.132,91.862,1.6189,27.5718,Normal,0,,0.0,None,0,No Action Required
2026-05-01 15:51:00,WELL-002,drilling,3136.7367,112.6212,128.6906,15.8252,19.1064,269.8708,2843.7465,2841.9038,91.9564,1.6174,28.0031,Normal,0,,0.0,None,0,No Action Required
2026-05-01 15:52:00,WELL-002,drilling,3137.0547,114.5665,128.5893,15.4968,20.2179,269.1616,2827.9691,2780.5598,91.9534,1.625,31.72,Normal,0,,0.0,None,0,No Action Required
2026-05-01 15:53:00,WELL-002,drilling,3137.3823,119.4359,127.8651,15.382,20.6288,269.2871,2815.0105,2835.1044,91.9413,1.62,28.3303,Normal,0,,0.0,None,0,No Action Required
2026-05-01 15:54:00,WELL-002,drilling,3137.7817,122.3327,127.6568,16.2169,19.4243,269.0943,2798.8884,2771.8439,91.9397,1.6175,30.5671,Normal,0,,0.0,None,0,No Action Required
2026-05-01 15:55:00,WELL-002,drilling,3138.067,123.5131,129.1415,16.452,18.4201,270.2256,2835.5917,2831.5934,91.9756,1.6192,27.4785,Normal,0,,0.0,None,0,No Action Required
2026-05-01 15:56:00,WELL-002,drilling,3138.3893,122.6258,129.6263,16.5321,19.7874,270.0777,2830.3209,2784.8072,91.8938,1.6195,25.3697,Normal,0,,0.0,None,0,No Action Required
2026-05-01 15:57:00,WELL-002,drilling,3138.7248,123.055,127.5451,16.3907,20.4958,268.3774,2808.0857,2753.3784,91.9284,1.618,25.7351,Normal,0,,0.0,None,0,No Action Required
2026-05-01 15:58:00,WELL-002,drilling,3139.1193,118.175,127.3016,16.2513,20.7475,269.6449,2792.4521,2779.2264,91.8943,1.6196,24.397,Normal,0,,0.0,None,0,No Action Required
2026-05-01 15:59:00,WELL-002,drilling,3139.3997,124.353,127.2367,16.8619,20.6485,270.5344,2838.0855,2774.6815,91.8945,1.6204,27.3426,Normal,0,,0.0,None,0,No Action Required
2026-05-01 16:00:00,WELL-002,drilling,3139.7888,133.156,128.9943,17.5817,21.5721,269.9582,2836.2249,2838.4007,91.9124,1.6195,26.6609,Normal,0,,0.0,None,0,No Action Required
2026-05-01 16:01:00,WELL-002,drilling,3140.1357,128.4019,129.1684,17.1293,21.9029,269.9352,2813.4467,2799.5424,91.9259,1.6212,27.0371,Normal,0,,0.0,None,0,No Action Required
2026-05-01 16:02:00,WELL-002,drilling,3140.522,122.1741,127.5173,16.1971,21.4648,270.423,2840.0314,2825.5,91.9162,1.6214,26.8418,Normal,0,,0.0,None,0,No Action Required
2026-05-01 16:03:00,WELL-002,drilling,3140.8701,125.6731,128.3327,16.2074,21.8471,270.1001,2828.4768,2817.3535,91.874,1.6247,27.1688,Normal,0,,0.0,None,0,No Action Required
2026-05-01 16:04:00,WELL-002,drilling,3141.2392,120.9601,129.1005,16.4882,20.6609,270.8074,2837.293,2820.5978,91.9232,1.6182,26.4318,Normal,0,,0.0,None,0,No Action Required
2026-05-01 16:05:00,WELL-002,drilling,3141.5848,120.7141,129.1583,16.2371,20.8224,270.151,2828.1598,2838.368,91.858,1.6212,25.78,Normal,0,,0.0,None,0,No Action Required
2026-05-01 16:06:00,WELL-002,drilling,3141.8875,123.0174,128.3097,16.2453,21.1289,270.9195,2829.5265,2816.0739,91.9323,1.6182,26.1137,Normal,0,,0.0,None,0,No Action Required
2026-05-01 16:07:00,WELL-002,drilling,3142.2738,124.654,127.5553,16.7908,21.867,271.0476,2826.8574,2764.8304,91.925,1.6179,27.5738,Normal,0,,0.0,None,0,No Action Required
2026-05-01 16:08:00,WELL-002,drilling,3142.6395,124.5479,129.7725,17.3845,23.5311,270.3684,2832.9908,2841.6198,91.9048,1.6188,25.6035,Normal,0,,0.0,None,0,No Action Required
2026-05-01 16:09:00,WELL-002,drilling,3143.0432,123.8902,127.8684,17.1502,23.9162,270.9895,2838.4303,2829.8846,91.8825,1.6173,26.7719,Normal,0,,0.0,None,0,No Action Required
2026-05-01 16:10:00,WELL-002,drilling,3143.4266,135.1627,127.8932,17.5496,24.2407,270.764,2845.0087,2792.6143,91.8713,1.6201,25.9379,Normal,0,,0.0,None,0,No Action Required
2026-05-01 16:11:00,WELL-002,drilling,3143.8452,133.1758,128.1731,17.727,24.4011,271.2019,2848.0664,2840.9545,91.8679,1.6176,26.2767,Normal,0,,0.0,None,0,No Action Required
2026-05-01 16:12:00,WELL-002,drilling,3144.231,129.3162,128.8563,16.6297,23.9994,269.9687,2843.5619,2864.3643,91.8727,1.6185,27.3382,Normal,0,,0.0,None,0,No Action Required
2026-05-01 16:13:00,WELL-002,drilling,3144.5983,126.7851,127.5311,16.4799,22.0017,270.298,2849.0485,2754.5877,91.8903,1.6191,30.195,Normal,0,,0.0,None,0,No Action Required
2026-05-01 16:14:00,WELL-002,drilling,3144.9965,128.3559,128.3086,17.0272,21.5891,270.4007,2807.2133,2769.1352,91.9085,1.6204,32.3811,Normal,0,,0.0,None,0,No Action Required
2026-05-01 16:15:00,WELL-002,drilling,3145.371,126.7063,127.1207,16.6838,21.8181,269.8317,2842.8268,2845.7266,91.902,1.6222,34.5269,Normal,0,,0.0,None,0,No Action Required
2026-05-01 16:16:00,WELL-002,drilling,3145.7288,126.9421,127.8272,16.6217,23.1825,271.2701,2857.6648,2798.2895,91.8555,1.6201,33.9338,Normal,0,,0.0,None,0,No Action Required
2026-05-01 16:17:00,WELL-002,drilling,3146.1124,130.3531,129.3324,16.4071,21.8541,271.3508,2839.9966,2817.1622,91.8666,1.6194,34.1975,Normal,0,,0.0,None,0,No Action Required
2026-05-01 16:18:00,WELL-002,drilling,3146.4463,125.104,128.0331,15.9416,21.1217,272.036,2841.283,2843.4628,91.8459,1.6241,32.3065,Normal,0,,0.0,None,0,No Action Required
2026-05-01 16:19:00,WELL-002,drilling,3146.8181,124.1121,128.3426,15.7579,20.8891,272.665,2853.9553,2856.2826,91.8877,1.618,24.0759,Normal,0,,0.0,None,0,No Action Required
2026-05-01 16:20:00,WELL-002,drilling,3147.1412,129.2013,128.9406,15.451,22.3681,272.503,2840.9337,2851.421,91.9079,1.6244,27.5734,Normal,0,,0.0,None,0,No Action Required
2026-05-01 16:21:00,WELL-002,drilling,3147.4901,126.7158,128.1448,15.1725,21.2109,272.5091,2838.3737,2829.6457,91.8539,1.6185,25.7363,Normal,0,,0.0,None,0,No Action Required
2026-05-01 16:22:00,WELL-002,drilling,3147.8825,127.3763,128.1375,15.7469,22.3174,273.3427,2834.8765,2857.2195,91.8941,1.622,26.1707,Normal,0,,0.0,None,0,No Action Required
2026-05-01 16:23:00,WELL-002,drilling,3148.2814,123.8333,126.6387,15.8261,21.6852,273.0962,2851.6018,2806.6061,91.8593,1.6236,27.0239,Normal,0,,0.0,None,0,No Action Required
2026-05-01 16:24:00,WELL-002,drilling,3148.5634,131.2005,127.9621,15.9093,22.254,273.5191,2826.4009,2882.5957,91.8956,1.6237,27.52,Normal,0,,0.0,None,0,No Action Required
2026-05-01 16:25:00,WELL-002,drilling,3148.9381,130.1057,127.4722,16.0934,21.3995,273.3845,2837.676,2864.687,91.8797,1.6173,25.5793,Normal,0,,0.0,None,0,No Action Required
2026-05-01 16:26:00,WELL-002,drilling,3149.3436,129.9874,127.712,15.7379,23.6558,273.5485,2832.6196,2809.1957,91.8666,1.62,25.2028,Normal,0,,0.0,None,0,No Action Required
2026-05-01 16:27:00,WELL-002,drilling,3149.7658,135.2209,128.4711,15.7781,23.1022,273.7509,2834.2229,2854.9056,91.8963,1.6206,25.1252,Normal,0,,0.0,None,0,No Action Required
2026-05-01 16:28:00,WELL-002,drilling,3150.1484,130.7785,129.2824,15.8459,22.6182,274.2529,2857.6796,2858.8927,91.8812,1.6176,24.2175,Normal,0,,0.0,None,0,No Action Required
2026-05-01 16:29:00,WELL-002,drilling,3150.5128,135.1727,128.8025,16.0859,24.0753,273.7738,2852.0411,2792.8878,91.8258,1.6209,25.0913,Normal,0,,0.0,None,0,No Action Required
2026-05-01 16:30:00,WELL-002,drilling,3150.9825,139.0578,128.6766,16.3002,26.6036,272.737,2827.1845,2795.6641,91.8991,1.6223,22.3537,Normal,0,,0.0,None,0,No Action Required
2026-05-01 16:31:00,WELL-002,drilling,3151.4039,133.3932,128.394,16.9092,25.2225,272.1027,2844.5964,2791.9557,91.8787,1.6216,22.4016,Normal,0,,0.0,None,0,No Action Required
2026-05-01 16:32:00,WELL-002,drilling,3151.8158,131.4306,126.2679,16.2291,25.1742,271.9521,2831.5111,2849.9584,91.8451,1.6225,20.238,Normal,0,,0.0,None,0,No Action Required
2026-05-01 16:33:00,WELL-002,drilling,3152.2197,139.2161,127.8761,16.4228,24.8498,270.6151,2808.8237,2786.5988,91.8823,1.6184,20.7523,Normal,0,,0.0,None,0,No Action Required
2026-05-01 16:34:00,WELL-002,drilling,3152.6908,142.7805,128.279,16.6869,26.5333,270.618,2833.9698,2820.2575,91.8534,1.6225,22.1624,Normal,0,,0.0,None,0,No Action Required
2026-05-01 16:35:00,WELL-002,drilling,3153.099,146.886,127.6682,16.5347,27.9121,270.2649,2834.0587,2817.3097,91.9143,1.6253,22.8378,Normal,0,,0.0,None,0,No Action Required
2026-05-01 16:36:00,WELL-002,drilling,3153.6161,148.888,128.5851,16.3664,26.7795,270.8747,2837.7897,2799.6872,91.8998,1.6188,24.3199,Normal,0,,0.0,None,0,No Action Required
2026-05-01 16:37:00,WELL-002,drilling,3154.0662,147.583,128.355,16.5375,29.1895,270.3819,2834.0979,2877.0752,91.9143,1.6255,26.4863,Normal,0,,0.0,None,0,No Action Required
2026-05-01 16:38:00,WELL-002,drilling,3154.5237,151.0366,129.1805,16.6467,29.3702,270.3993,2811.4482,2828.9481,91.8509,1.6197,25.9525,Normal,0,,0.0,None,0,No Action Required
2026-05-01 16:39:00,WELL-002,drilling,3154.9672,142.8509,127.7008,16.8558,26.0813,270.8736,2818.0197,2879.4213,91.896,1.6186,28.0997,Normal,0,,0.0,None,0,No Action Required
2026-05-01 16:40:00,WELL-002,drilling,3155.4119,142.6624,128.6481,17.1958,26.8142,271.4178,2830.3125,2806.6111,91.8449,1.6152,28.3162,Normal,0,,0.0,None,0,No Action Required
2026-05-01 16:41:00,WELL-002,drilling,3155.8551,133.9192,129.1072,16.6963,24.2992,272.3091,2834.9078,2847.7822,91.9058,1.6183,30.4205,Normal,0,,0.0,None,0,No Action Required
2026-05-01 16:42:00,WELL-002,drilling,3156.2875,132.7181,128.0888,17.2717,25.1521,272.9143,2844.5646,2905.0308,91.8625,1.6228,31.484,Normal,0,,0.0,None,0,No Action Required
2026-05-01 16:43:00,WELL-002,drilling,3156.6562,134.6587,128.015,17.293,24.8537,273.6234,2831.755,2807.5318,91.875,1.6196,33.3907,Normal,0,,0.0,None,0,No Action Required
2026-05-01 16:44:00,WELL-002,drilling,3157.0718,131.1827,127.7521,16.6725,22.549,273.2722,2830.2153,2818.8108,91.8916,1.6171,33.9897,Normal,0,,0.0,None,0,No Action Required
2026-05-01 16:45:00,WELL-002,drilling,3157.4198,126.8008,127.3788,16.5049,22.4189,272.0996,2840.7702,2709.5691,91.851,1.6201,34.1562,Normal,0,,0.0,None,0,No Action Required
2026-05-01 16:46:00,WELL-002,drilling,3157.8447,129.0437,127.0711,16.0229,22.6951,272.4193,2814.4673,2847.1412,91.8997,1.6215,34.72,Normal,0,,0.0,None,0,No Action Required
2026-05-01 16:47:00,WELL-002,drilling,3158.1723,128.2091,127.9043,16.2458,22.7023,272.9457,2849.4423,2794.2885,91.9063,1.6227,32.202,Normal,0,,0.0,None,0,No Action Required
2026-05-01 16:48:00,WELL-002,drilling,3158.5327,125.1985,128.0642,15.791,21.9244,272.5133,2823.4614,2842.0547,91.8713,1.6184,30.6905,Normal,0,,0.0,None,0,No Action Required
2026-05-01 16:49:00,WELL-002,connection,3158.5531,0.0,0.0,0.0,0.4116,126.3762,1131.0318,1861.4733,92.6717,1.623,29.8477,Normal,0,,0.0,None,0,No Action Required
2026-05-01 16:50:00,WELL-002,connection,3158.57,0.0,0.0,0.0,0.5254,41.2776,0.0,826.5731,93.4059,1.6187,28.4939,Normal,0,,0.0,None,0,No Action Required
2026-05-01 16:51:00,WELL-002,connection,3158.5512,0.0,0.2087,0.2724,0.0,13.9763,0.0,363.8899,93.8114,1.6206,30.0192,Normal,0,,0.0,None,0,No Action Required
2026-05-01 16:52:00,WELL-002,connection,3158.5581,0.0,0.506,0.0,0.202,4.8904,0.0,163.1598,93.9656,1.6203,29.4029,Normal,0,,0.0,None,0,No Action Required
2026-05-01 16:53:00,WELL-002,connection,3158.5507,0.7981,0.0566,0.103,0.2973,1.7431,0.0,69.4953,94.0424,1.6188,26.6653,Normal,0,,0.0,None,0,No Action Required
2026-05-01 16:54:00,WELL-002,connection,3158.5586,0.6959,0.7293,0.0,0.0,0.7116,0.0,32.0305,94.0812,1.6179,27.3559,Normal,0,,0.0,None,0,No Action Required
2026-05-01 16:55:00,WELL-002,connection,3158.5562,0.8229,0.0712,0.0379,0.0,0.9785,0.0,13.9799,94.0323,1.6214,29.3574,Normal,0,,0.0,None,0,No Action Required
2026-05-01 16:56:00,WELL-002,connection,3158.5824,0.0,0.0,0.0,0.5856,0.542,0.0,6.2118,94.0835,1.6149,31.6351,Normal,0,,0.0,None,0,No Action Required
2026-05-01 16:57:00,WELL-002,connection,3158.5393,0.0026,0.0,0.0,0.0,52.6752,1405.9989,787.9349,93.4409,1.6187,29.2022,Normal,0,,0.0,None,0,No Action Required
2026-05-01 16:58:00,WELL-002,drilling,3158.6543,39.7901,41.189,11.2262,5.5934,198.5567,2813.5649,1904.1588,92.5374,1.6213,32.0048,Normal,0,,0.0,None,0,No Action Required
2026-05-01 16:59:00,WELL-002,drilling,3158.8692,82.8768,83.9143,14.1423,12.1085,247.1889,2844.0729,2443.1556,92.1318,1.6222,31.7036,Normal,0,,0.0,None,0,No Action Required
2026-05-01 17:00:00,WELL-002,drilling,3159.1896,117.0951,125.8554,16.8141,21.632,262.9247,2834.537,2711.6786,91.9233,1.6203,32.2646,Normal,0,,0.0,None,0,No Action Required
2026-05-01 17:01:00,WELL-002,drilling,3159.55,118.654,124.4154,17.0033,21.5343,267.4584,2824.6907,2689.2689,91.882,1.623,32.8313,Normal,0,,0.0,None,0,No Action Required
2026-05-01 17:02:00,WELL-002,drilling,3159.9068,113.6247,124.0077,16.2368,20.798,269.4081,2840.8317,2766.0554,91.8569,1.6184,35.3244,Normal,0,,0.0,None,0,No Action Required
2026-05-01 17:03:00,WELL-002,drilling,3160.2142,113.1495,123.8022,16.1952,19.2997,268.9053,2842.0469,2840.3502,91.8398,1.6166,35.4676,Normal,0,,0.0,None,0,No Action Required
2026-05-01 17:04:00,WELL-002,drilling,3160.5203,111.9976,126.5694,15.7331,18.5934,268.9309,2827.8936,2816.006,91.8533,1.6162,35.0539,Normal,0,,0.0,None,0,No Action Required
2026-05-01 17:05:00,WELL-002,drilling,3160.8372,121.1717,125.0708,16.3495,19.6804,269.1853,2826.3974,2815.8933,91.8404,1.6182,34.9681,Normal,0,,0.0,None,0,No Action Required
2026-05-01 17:06:00,WELL-002,drilling,3161.1942,123.1878,126.6501,16.089,19.7169,269.8086,2809.7699,2755.7677,91.7343,1.6145,36.3422,Normal,0,,0.0,None,0,No Action Required
2026-05-01 17:07:00,WELL-002,drilling,3161.5593,124.2524,125.2213,15.9628,18.9683,269.1203,2804.105,2872.2903,91.8145,1.6213,33.7373,Normal,0,,0.0,None,0,No Action Required
2026-05-01 17:08:00,WELL-002,drilling,3161.8339,123.1556,124.5612,15.7685,19.489,270.3462,2840.915,2832.8103,91.7914,1.616,32.2319,Normal,0,,0.0,None,0,No Action Required
2026-05-01 17:09:00,WELL-002,drilling,3162.1954,121.2314,124.0398,15.9217,18.6564,270.4401,2830.6686,2801.0373,91.8365,1.6241,34.2638,Normal,0,,0.0,None,0,No Action Required
2026-05-01 17:10:00,WELL-002,drilling,3162.5362,122.7648,125.101,15.9068,21.0578,270.8809,2827.6442,2878.9794,91.8034,1.6229,34.6076,Normal,0,,0.0,None,0,No Action Required
2026-05-01 17:11:00,WELL-002,drilling,3162.8698,118.6504,125.5533,15.4727,19.662,271.0833,2821.654,2845.5759,91.838,1.6216,34.3282,Normal,0,,0.0,None,0,No Action Required
2026-05-01 17:12:00,WELL-002,drilling,3163.2105,127.2004,125.5794,16.1671,20.9915,270.8387,2834.3137,2860.9118,91.8147,1.6203,33.055,Normal,0,,0.0,None,0,No Action Required
2026-05-01 17:13:00,WELL-002,drilling,3163.5666,127.7812,124.4451,16.0561,21.2304,271.1601,2827.1414,2820.1792,91.8309,1.6231,30.879,Normal,0,,0.0,None,0,No Action Required
2026-05-01 17:14:00,WELL-002,drilling,3163.9677,127.7229,125.2557,16.3635,22.2577,271.2601,2809.2916,2806.2395,91.8342,1.6195,29.8457,Normal,0,,0.0,None,0,No Action Required
2026-05-01 17:15:00,WELL-002,drilling,3164.3051,121.3065,124.5432,15.819,20.9191,271.2329,2824.5461,2857.7679,91.8006,1.6166,27.2007,Normal,0,,0.0,None,0,No Action Required
2026-05-01 17:16:00,WELL-002,drilling,3164.64,118.9243,124.4888,15.8404,20.4689,271.5628,2810.1012,2803.7746,91.8143,1.6176,28.7501,Normal,0,,0.0,None,0,No Action Required
2026-05-01 17:17:00,WELL-002,drilling,3164.9758,113.9158,124.8136,15.5734,21.1026,271.2033,2812.3373,2876.1472,91.8177,1.6221,27.6887,Normal,0,,0.0,None,0,No Action Required
2026-05-01 17:18:00,WELL-002,drilling,3165.3396,118.0005,125.0777,16.1785,21.063,271.8838,2811.1798,2852.7314,91.7861,1.6209,27.7468,Normal,0,,0.0,None,0,No Action Required
2026-05-01 17:19:00,WELL-002,drilling,3165.6969,119.9457,124.8662,16.3848,20.4727,271.4897,2849.6943,2834.5238,91.8221,1.621,27.9219,Normal,0,,0.0,None,0,No Action Required
2026-05-01 17:20:00,WELL-002,drilling,3166.0551,120.1772,126.487,16.6645,21.1143,272.616,2843.6796,2811.3829,91.8207,1.6207,27.0454,Normal,0,,0.0,None,0,No Action Required
2026-05-01 17:21:00,WELL-002,drilling,3166.4225,121.783,123.7246,16.698,23.1123,272.7729,2851.3818,2826.0134,91.7898,1.6213,29.2708,Normal,0,,0.0,None,0,No Action Required
2026-05-01 17:22:00,WELL-002,drilling,3166.7571,124.1146,125.8503,16.4323,23.0852,273.8899,2852.4777,2787.749,91.7965,1.6227,27.9382,Normal,0,,0.0,None,0,No Action Required
2026-05-01 17:23:00,WELL-002,drilling,3167.1586,121.4285,126.0119,16.1878,21.9441,273.2622,2834.3235,2777.5333,91.8104,1.6195,30.5097,Normal,0,,0.0,None,0,No Action Required
2026-05-01 17:24:00,WELL-002,drilling,3167.5218,123.7447,126.1212,15.8384,22.2463,273.9682,2827.5154,2878.4739,91.7926,1.6214,29.5724,Normal,0,,0.0,None,0,No Action Required
2026-05-01 17:25:00,WELL-002,drilling,3167.9194,121.503,125.3222,15.4684,21.9362,273.6852,2837.3295,2865.1463,91.8404,1.6194,30.8901,Normal,0,,0.0,None,0,No Action Required
2026-05-01 17:26:00,WELL-002,drilling,3168.275,119.0341,124.6508,15.3439,21.969,274.1449,2831.9006,2817.0054,91.9031,1.6203,28.1431,Normal,0,,0.0,None,0,No Action Required
2026-05-01 17:27:00,WELL-002,drilling,3168.6353,123.5376,124.5334,15.9489,22.1779,272.6404,2845.8753,2801.9437,91.7714,1.6205,28.3028,Normal,0,,0.0,None,0,No Action Required
2026-05-01 17:28:00,WELL-002,drilling,3169.0493,124.2259,125.6748,16.1596,22.9346,272.8418,2824.6983,2821.6334,91.8081,1.6203,27.1993,Normal,0,,0.0,None,0,No Action Required
2026-05-01 17:29:00,WELL-002,drilling,3169.3797,127.3631,125.2575,16.1086,22.4112,271.663,2815.1665,2878.7506,91.8378,1.6181,29.0964,Normal,0,,0.0,None,0,No Action Required
2026-05-01 17:30:00,WELL-002,drilling,3169.7863,126.4385,125.3906,15.2776,22.4624,271.2394,2828.6882,2853.0139,91.8419,1.6213,30.3094,Normal,0,,0.0,None,0,No Action Required
2026-05-01 17:31:00,WELL-002,drilling,3170.1668,121.5569,124.7659,15.0086,22.1418,271.4981,2830.6291,2808.2154,91.8057,1.6176,31.0853,Normal,0,,0.0,None,0,No Action Required
2026-05-01 17:32:00,WELL-002,drilling,3170.5219,127.5183,124.017,15.471,23.0777,271.2418,2859.6334,2787.5862,91.8021,1.6204,31.7425,Normal,0,,0.0,None,0,No Action Required
2026-05-01 17:33:00,WELL-002,drilling,3170.9213,123.0952,125.3822,15.1557,22.8269,271.7485,2821.5068,2812.3192,91.7751,1.6216,30.2301,Normal,0,,0.0,None,0,No Action Required
2026-05-01 17:34:00,WELL-002,drilling,3171.2371,121.3561,125.5564,16.067,21.9014,272.4291,2849.1634,2838.1516,91.7765,1.6229,33.3222,Normal,0,,0.0,None,0,No Action Required
2026-05-01 17:35:00,WELL-002,drilling,3171.6185,118.3997,125.7169,15.9519,21.4393,273.0189,2833.4737,2840.0038,91.87,1.6182,33.3623,Normal,0,,0.0,None,0,No Action Required
2026-05-01 17:36:00,WELL-002,drilling,3171.9803,121.3314,124.734,15.9623,21.3995,274.4403,2848.152,2848.2598,91.8228,1.6181,31.4804,Normal,0,,0.0,None,0,No Action Required
2026-05-01 17:37:00,WELL-002,drilling,3172.3633,122.6275,125.7716,16.469,22.2142,274.4674,2828.5633,2812.5051,91.7714,1.6185,41.3875,Normal,0,,0.0,None,0,No Action Required
2026-05-01 17:38:00,WELL-002,drilling,3172.6857,119.7868,124.5584,15.8735,20.901,273.6686,2827.1494,2769.2942,91.8067,1.6202,38.7857,Normal,0,,0.0,None,0,No Action Required
2026-05-01 17:39:00,WELL-002,drilling,3173.0459,124.8524,125.1552,16.0843,23.0875,272.7675,2823.8474,2857.4484,91.8162,1.6212,39.3676,Normal,0,,0.0,None,0,No Action Required
2026-05-01 17:40:00,WELL-002,drilling,3173.4723,129.1975,124.348,16.694,23.9094,274.043,2820.8253,2813.8647,91.7959,1.6211,43.2854,Normal,0,,0.0,None,0,No Action Required
2026-05-01 17:41:00,WELL-002,drilling,3173.8401,128.712,125.397,17.1516,22.8143,273.578,2855.1118,2881.64,91.8592,1.6212,42.2277,Normal,0,,0.0,None,0,No Action Required
2026-05-01 17:42:00,WELL-002,drilling,3174.2291,132.0015,125.004,17.3027,23.9165,273.5372,2865.3657,2830.4332,91.7994,1.6192,41.1854,Normal,0,,0.0,None,0,No Action Required
2026-05-01 17:43:00,WELL-002,drilling,3174.6308,130.7667,125.061,17.263,23.0316,273.1987,2829.7598,2829.3524,91.8233,1.6203,39.7816,Normal,0,,0.0,None,0,No Action Required
2026-05-01 17:44:00,WELL-002,drilling,3175.0494,128.7812,125.5464,17.5315,24.4742,272.3175,2829.4121,2844.2711,91.8112,1.6192,40.3329,Normal,0,,0.0,None,0,No Action Required
2026-05-01 17:45:00,WELL-002,drilling,3175.4106,129.2436,125.789,17.0213,23.0842,272.6051,2828.7579,2818.5496,91.7745,1.6195,33.6067,Normal,0,,0.0,None,0,No Action Required
2026-05-01 17:46:00,WELL-002,drilling,3175.8322,130.8475,124.1304,17.7572,23.3549,271.3267,2810.7821,2785.4643,91.8226,1.6162,33.9672,Normal,0,,0.0,None,0,No Action Required
2026-05-01 17:47:00,WELL-002,drilling,3176.1963,128.0249,125.6682,17.2891,23.6342,271.7208,2810.4747,2825.2716,91.8422,1.6185,30.2094,Normal,0,,0.0,None,0,No Action Required
2026-05-01 17:48:00,WELL-002,drilling,3176.6277,129.3285,125.6924,17.3505,24.4119,272.3779,2834.9797,2832.5167,91.8377,1.6222,29.5318,Normal,0,,0.0,None,0,No Action Required
2026-05-01 17:49:00,WELL-002,drilling,3177.0348,132.1016,124.6296,17.8711,24.2371,272.7295,2835.6167,2796.8793,91.7576,1.6189,28.1241,Normal,0,,0.0,None,0,No Action Required
2026-05-01 17:50:00,WELL-002,drilling,3177.3957,131.4766,125.0504,18.1815,23.6702,273.4316,2852.4838,2755.798,91.7572,1.6224,26.5575,Normal,0,,0.0,None,0,No Action Required
2026-05-01 17:51:00,WELL-002,drilling,3177.8195,129.8946,123.9464,17.6337,23.5896,272.9073,2821.2007,2841.257,91.8538,1.6222,25.3521,Normal,0,,0.0,None,0,No Action Required
2026-05-01 17:52:00,WELL-002,drilling,3178.1612,127.7028,123.6332,17.5311,23.307,274.2801,2821.5952,2812.2314,91.806,1.6183,26.5311,Normal,0,,0.0,None,0,No Action Required
2026-05-01 17:53:00,WELL-002,drilling,3178.5468,122.1251,123.9386,16.9586,21.3389,272.6269,2811.0286,2788.5169,91.7944,1.6225,29.123,Normal,0,,0.0,None,0,No Action Required
2026-05-01 17:54:00,WELL-002,drilling,3178.8915,122.1732,125.1586,16.7357,20.4226,273.1406,2821.9274,2848.7157,91.7577,1.621,34.075,Normal,0,,0.0,None,0,No Action Required
2026-05-01 17:55:00,WELL-002,drilling,3179.2567,122.4871,125.6053,16.9849,20.807,272.7235,2839.2114,2843.8136,91.7995,1.6211,33.3737,Normal,0,,0.0,None,0,No Action Required
2026-05-01 17:56:00,WELL-002,drilling,3179.6058,121.2495,124.2809,16.7226,20.8207,272.4862,2829.3332,2814.6442,91.8123,1.6197,33.8205,Normal,0,,0.0,None,0,No Action Required
2026-05-01 17:57:00,WELL-002,drilling,3179.9291,121.8283,125.1565,16.2194,20.3762,272.2126,2827.7391,2813.1836,91.8148,1.6163,33.9794,Normal,0,,0.0,None,0,No Action Required
2026-05-01 17:58:00,WELL-002,drilling,3180.2921,120.8889,125.0581,16.3575,21.1312,273.2776,2816.8395,2895.3082,91.7901,1.6195,33.7333,Normal,0,,0.0,None,0,No Action Required
2026-05-01 17:59:00,WELL-002,drilling,3180.7026,127.6465,125.0352,16.2913,23.5299,271.7807,2822.8174,2844.1632,91.7354,1.621,31.1046,Normal,0,,0.0,None,0,No Action Required
2026-05-01 18:00:00,WELL-002,drilling,3181.3228,123.6803,124.9749,15.3437,39.1476,272.0427,2813.9771,2846.4413,91.8071,1.6199,31.123,Normal,0,,0.0,None,0,No Action Required
2026-05-01 18:01:00,WELL-002,drilling,3181.9564,125.0628,125.352,15.2027,37.2961,270.7749,2802.8756,2856.803,91.7832,1.6235,31.0045,Normal,0,,0.0,None,0,No Action Required
2026-05-01 18:02:00,WELL-002,drilling,3182.6243,128.1803,124.8799,15.5829,39.1748,271.146,2831.2005,2838.2632,91.8378,1.6181,31.3811,Normal,0,,0.0,None,0,No Action Required
2026-05-01 18:03:00,WELL-002,drilling,3183.2136,130.2564,126.4071,15.9116,38.9484,270.524,2817.3744,2742.1456,91.8408,1.6191,30.6824,Normal,0,,0.0,None,0,No Action Required
2026-05-01 18:04:00,WELL-002,drilling,3183.8321,127.787,125.039,15.8035,36.3801,271.7733,2814.5997,2783.2857,91.7551,1.6203,30.4453,Normal,0,,0.0,None,0,No Action Required
2026-05-01 18:05:00,WELL-002,drilling,3184.4643,129.4781,126.1091,15.7132,39.0188,271.7641,2808.6872,2780.889,91.8216,1.6206,30.4152,Kick,1,Kick,0.023,Critical,100,"Flow check; if flow continues with pumps off, shut in and follow well-control procedure"
2026-05-01 18:06:00,WELL-002,drilling,3185.0982,129.9006,123.9442,15.9868,38.2076,270.7863,2831.6484,2850.4053,91.8089,1.6252,28.4169,Kick,1,Kick,0.046,Critical,100,"Flow check; if flow continues with pumps off, shut in and follow well-control procedure"
2026-05-01 18:07:00,WELL-002,drilling,3185.7053,124.8909,124.8086,15.9433,36.0207,270.5233,2811.322,2814.252,91.8548,1.6187,30.4856,Kick,1,Kick,0.069,Critical,100,"Flow check; if flow continues with pumps off, shut in and follow well-control procedure"
2026-05-01 18:08:00,WELL-002,drilling,3186.3386,123.5213,125.3158,15.4069,36.5966,270.2334,2819.2119,2759.3164,91.8487,1.6214,29.9296,Kick,1,Kick,0.091,Critical,100,"Flow check; if flow continues with pumps off, shut in and follow well-control procedure"
2026-05-01 18:09:00,WELL-002,drilling,3186.9354,126.3128,124.5542,16.0741,35.8678,270.2353,2832.2328,2886.9401,91.9131,1.6156,29.179,Kick,1,Kick,0.114,Critical,100,"Flow check; if flow continues with pumps off, shut in and follow well-control procedure"
2026-05-01 18:10:00,WELL-002,drilling,3187.4714,120.1033,125.7266,15.1621,36.6116,270.5073,2826.8071,2837.9839,91.9922,1.6173,26.7428,Kick,1,Kick,0.137,Critical,100,"Flow check; if flow continues with pumps off, shut in and follow well-control procedure"
2026-05-01 18:11:00,WELL-002,connection,3187.5008,0.0,0.1772,0.0744,0.0519,124.2463,1130.1509,1938.8645,92.7117,1.6297,29.2257,Kick,1,Kick,0.16,Critical,100,"Flow check; if flow continues with pumps off, shut in and follow well-control procedure"
2026-05-01 18:12:00,WELL-002,connection,3187.504,0.5554,0.0,0.0,0.103,41.6138,0.0,881.7505,93.5778,1.6301,28.9131,Kick,1,Kick,0.183,Critical,100,"Flow check; if flow continues with pumps off, shut in and follow well-control procedure"
2026-05-01 18:13:00,WELL-002,connection,3187.508,0.7018,0.6054,0.0,0.0,12.856,0.0,420.276,93.0416,1.63,29.0268,Kick,1,Kick,0.206,Critical,100,"Flow check; if flow continues with pumps off, shut in and follow well-control procedure"
2026-05-01 18:14:00,WELL-002,connection,3187.5193,0.5271,0.0,0.1654,0.0,4.8054,0.0,215.8941,92.3923,1.6303,29.9375,Kick,1,Kick,0.229,Critical,100,"Flow check; if flow continues with pumps off, shut in and follow well-control procedure"
2026-05-01 18:15:00,WELL-002,connection,3187.5089,0.0,0.3513,0.0,0.0,1.4751,0.0,131.927,91.5678,1.6333,27.5322,Kick,1,Kick,0.251,Critical,100,"Flow check; if flow continues with pumps off, shut in and follow well-control procedure"
2026-05-01 18:16:00,WELL-002,connection,3187.5311,0.5032,1.3453,0.0,0.1365,0.7092,0.0,101.1356,91.6338,1.6292,25.51,Kick,1,Kick,0.274,Critical,100,"Flow check; if flow continues with pumps off, shut in and follow well-control procedure"
2026-05-01 18:17:00,WELL-002,connection,3187.5207,1.2068,0.042,0.0811,0.6845,0.3664,0.0,89.7894,91.7492,1.6287,24.334,Kick,1,Kick,0.297,Critical,100,"Flow check; if flow continues with pumps off, shut in and follow well-control procedure"
2026-05-01 18:18:00,WELL-002,connection,3187.5122,0.0,0.5133,0.2043,0.0,0.0,0.0,86.5093,91.7866,1.6304,24.4829,Kick,1,Kick,0.32,Critical,100,"Flow check; if flow continues with pumps off, shut in and follow well-control procedure"
2026-05-01 18:19:00,WELL-002,connection,3187.5086,0.7243,0.0,0.0084,0.7262,51.2138,1411.0985,873.9669,91.2193,1.6309,21.7066,Kick,1,Kick,0.343,Critical,100,"Flow check; if flow continues with pumps off, shut in and follow well-control procedure"
2026-05-01 18:20:00,WELL-002,drilling,3187.7086,36.6388,39.3487,10.1227,9.3824,196.0183,2819.188,1978.2097,90.397,1.6287,21.7364,Kick,1,Kick,0.366,Critical,100,"Flow check; if flow continues with pumps off, shut in and follow well-control procedure"
2026-05-01 18:21:00,WELL-002,drilling,3188.0333,70.6855,76.6976,11.5744,21.8637,243.7485,2827.7702,2504.9223,90.0955,1.6309,25.3393,Kick,1,Kick,0.389,Critical,100,"Flow check; if flow continues with pumps off, shut in and follow well-control procedure"
2026-05-01 18:22:00,WELL-002,drilling,3188.6516,102.0401,114.8053,13.2425,36.1525,260.9645,2842.5235,2727.6512,90.1358,1.628,23.6139,Kick,1,Kick,0.412,Critical,100,"Flow check; if flow continues with pumps off, shut in and follow well-control procedure"
2026-05-01 18:23:00,WELL-002,drilling,3189.2798,108.1331,115.0688,13.8092,35.9762,265.3114,2825.4703,2870.6358,90.128,1.629,25.8377,Kick,1,Kick,0.434,Critical,100,"Flow check; if flow continues with pumps off, shut in and follow well-control procedure"
2026-05-01 18:24:00,WELL-002,drilling,3189.8427,105.1568,116.0449,12.8748,33.4001,267.5565,2815.5643,2908.4847,90.2425,1.6295,24.1337,Kick,1,Kick,0.457,Critical,100,"Flow check; if flow continues with pumps off, shut in and follow well-control procedure"
2026-05-01 18:25:00,WELL-002,drilling,3190.38,102.8417,115.0521,12.8936,33.8086,266.6551,2837.1766,3013.7681,90.313,1.6297,25.7554,Kick,1,Kick,0.48,Critical,100,"Flow check; if flow continues with pumps off, shut in and follow well-control procedure"
2026-05-01 18:26:00,WELL-002,drilling,3190.9653,110.1558,115.39,14.0448,36.8393,266.2648,2833.8494,2982.8762,90.4131,1.6321,26.3108,Kick,1,Kick,0.503,Critical,100,"Flow check; if flow continues with pumps off, shut in and follow well-control procedure"
2026-05-01 18:27:00,WELL-002,drilling,3191.6956,122.1978,115.6094,14.638,39.9651,266.4313,2833.2927,2996.7049,90.6269,1.63,30.1872,Kick,1,Kick,0.526,Critical,100,"Flow check; if flow continues with pumps off, shut in and follow well-control procedure"
2026-05-01 18:28:00,WELL-002,drilling,3192.3011,120.5171,116.1334,14.762,39.0619,266.492,2826.3004,2975.9964,90.74,1.6306,30.7212,Kick,1,Kick,0.549,Critical,100,"Flow check; if flow continues with pumps off, shut in and follow well-control procedure"
2026-05-01 18:29:00,WELL-002,drilling,3192.9787,120.2287,115.2793,14.5147,38.5958,265.5758,2830.0431,3011.8587,90.8231,1.6317,32.4792,Kick,1,Kick,0.572,Critical,100,"Flow check; if flow continues with pumps off, shut in and follow well-control procedure"
2026-05-01 18:30:00,WELL-002,drilling,3193.6377,123.9008,114.5677,14.2787,38.838,265.6287,2817.1361,2983.575,91.0416,1.6302,33.4601,Kick,1,Kick,0.594,Critical,100,"Flow check; if flow continues with pumps off, shut in and follow well-control procedure"
2026-05-01 18:31:00,WELL-002,drilling,3194.2139,114.4503,116.2064,13.4661,37.7544,265.5234,2831.4878,2976.5868,91.0994,1.6298,33.1392,Kick,1,Kick,0.617,Critical,100,"Flow check; if flow continues with pumps off, shut in and follow well-control procedure"
2026-05-01 18:32:00,WELL-002,drilling,3194.9041,119.166,114.7486,13.5389,37.994,264.3971,2819.2821,2988.5447,91.3147,1.6249,35.7457,Kick,1,Kick,0.64,Critical,100,"Flow check; if flow continues with pumps off, shut in and follow well-control procedure"
2026-05-01 18:33:00,WELL-002,drilling,3195.5303,119.0029,117.3933,13.6913,38.3595,264.0541,2835.7194,3012.0897,91.5221,1.6293,34.915,Kick,1,Kick,0.663,Critical,100,"Flow check; if flow continues with pumps off, shut in and follow well-control procedure"
2026-05-01 18:34:00,WELL-002,drilling,3196.1848,118.3046,115.4547,13.9836,38.6422,264.7514,2829.7375,3014.749,91.7142,1.6308,36.6184,Kick,1,Kick,0.686,Critical,100,"Flow check; if flow continues with pumps off, shut in and follow well-control procedure"
2026-05-01 18:35:00,WELL-002,drilling,3196.8066,120.2557,114.8358,14.6082,37.9526,263.3427,2848.0634,3011.6607,91.8455,1.6274,37.3422,Kick,1,Kick,0.709,Critical,100,"Flow check; if flow continues with pumps off, shut in and follow well-control procedure"
2026-05-01 18:36:00,WELL-002,drilling,3197.4678,121.0383,115.2089,15.262,40.2254,262.6038,2806.208,2997.4974,92.012,1.6295,35.3951,Kick,1,Kick,0.732,Critical,100,"Flow check; if flow continues with pumps off, shut in and follow well-control procedure"
2026-05-01 18:37:00,WELL-002,drilling,3198.172,122.7984,115.7863,15.4163,39.6644,263.5156,2837.3973,3016.8808,92.2053,1.6303,34.9872,Kick,1,Kick,0.754,Critical,100,"Flow check; if flow continues with pumps off, shut in and follow well-control procedure"
2026-05-01 18:38:00,WELL-002,drilling,3198.7844,119.0298,115.5713,16.2129,40.8093,264.7102,2847.1621,3056.6907,92.392,1.6294,34.5044,Kick,1,Kick,0.777,Critical,100,"Flow check; if flow continues with pumps off, shut in and follow well-control procedure"
2026-05-01 18:39:00,WELL-002,drilling,3199.4627,126.0077,116.7103,16.4088,41.4679,265.8321,2853.9508,3079.1441,92.5697,1.6326,31.1798,Kick,1,Kick,0.8,Critical,100,"Flow check; if flow continues with pumps off, shut in and follow well-control procedure"
2026-05-01 18:40:00,WELL-002,drilling,3200.2277,124.714,115.6989,16.8598,42.8527,266.0268,2851.2128,3007.5743,92.7708,1.63,31.4739,Kick,1,Kick,0.823,Critical,100,"Flow check; if flow continues with pumps off, shut in and follow well-control procedure"
2026-05-01 18:41:00,WELL-002,drilling,3200.8848,123.9677,115.2524,16.4084,41.7936,266.2215,2842.3961,3005.0346,93.0467,1.6287,31.1983,Kick,1,Kick,0.823,Critical,100,"Flow check; if flow continues with pumps off, shut in and follow well-control procedure"
2026-05-01 18:42:00,WELL-002,drilling,3201.6089,125.8176,114.2177,16.4848,43.1891,265.9517,2837.953,3004.9529,93.1654,1.6336,30.8635,Kick,1,Kick,0.823,Critical,100,"Flow check; if flow continues with pumps off, shut in and follow well-control procedure"
2026-05-01 18:43:00,WELL-002,drilling,3202.3016,122.4254,115.9831,16.3362,40.7093,265.8248,2826.0568,3072.0245,93.3546,1.6295,30.71,Kick,1,Kick,0.823,Critical,100,"Flow check; if flow continues with pumps off, shut in and follow well-control procedure"
2026-05-01 18:44:00,WELL-002,drilling,3202.9689,125.1379,115.4675,16.622,40.8,265.4282,2838.0601,3037.6464,93.6421,1.6287,31.1641,Kick,1,Kick,0.823,Critical,100,"Flow check; if flow continues with pumps off, shut in and follow well-control procedure"
2026-05-01 18:45:00,WELL-002,drilling,3203.7259,125.8003,115.8615,16.6785,41.9825,264.0163,2820.3988,3015.7755,93.8213,1.6289,30.1523,Kick,1,Kick,0.823,Critical,100,"Flow check; if flow continues with pumps off, shut in and follow well-control procedure"
2026-05-01 18:46:00,WELL-002,drilling,3204.313,126.6797,114.6779,16.8187,38.7533,265.1902,2851.8307,3024.3405,93.9687,1.6332,32.1085,Kick,1,Kick,0.823,Critical,100,"Flow check; if flow continues with pumps off, shut in and follow well-control procedure"
2026-05-01 18:47:00,WELL-002,drilling,3205.023,128.1485,115.0429,17.0492,40.0251,265.8731,2854.0528,3006.6987,94.1987,1.6307,10.4163,Kick,1,Kick,0.823,Critical,100,"Flow check; if flow continues with pumps off, shut in and follow well-control procedure"
2026-05-01 18:48:00,WELL-002,drilling,3205.6717,130.7423,114.498,17.0288,42.268,264.8442,2836.597,3061.3248,94.3714,1.6341,9.741,Kick,1,Kick,0.823,Critical,100,"Flow check; if flow continues with pumps off, shut in and follow well-control procedure"
2026-05-01 18:49:00,WELL-002,drilling,3206.4309,131.4666,116.0151,17.2382,41.7847,264.9617,2830.8777,3107.4327,94.5443,1.6299,11.0999,Kick,1,Kick,0.823,Critical,100,"Flow check; if flow continues with pumps off, shut in and follow well-control procedure"
2026-05-01 18:50:00,WELL-002,drilling,3207.0725,130.1325,115.8341,17.134,40.6027,265.6461,2831.5051,3018.3713,94.721,1.6305,10.5162,Kick,1,Kick,0.823,Critical,100,"Flow check; if flow continues with pumps off, shut in and follow well-control procedure"
2026-05-01 18:51:00,WELL-002,drilling,3207.754,128.2313,115.8659,16.6583,41.3295,265.2297,2844.9324,3047.8069,94.9415,1.6298,9.9862,Kick,1,Kick,0.823,Critical,100,"Flow check; if flow continues with pumps off, shut in and follow well-control procedure"
2026-05-01 18:52:00,WELL-002,drilling,3208.4644,125.1155,115.6391,16.5971,40.3611,265.7822,2869.1334,2999.6547,95.164,1.6269,12.3761,Kick,1,Kick,0.823,Critical,100,"Flow check; if flow continues with pumps off, shut in and follow well-control procedure"
2026-05-01 18:53:00,WELL-002,drilling,3209.0661,126.3719,114.3758,16.4116,38.433,265.7897,2833.1136,2972.7229,95.387,1.6283,15.1888,Kick,1,Kick,0.823,Critical,100,"Flow check; if flow continues with pumps off, shut in and follow well-control procedure"
2026-05-01 18:54:00,WELL-002,drilling,3209.727,122.2412,116.8872,16.3474,36.8674,265.2989,2858.0592,3028.3806,95.538,1.6308,17.9674,Kick,1,Kick,0.823,Critical,100,"Flow check; if flow continues with pumps off, shut in and follow well-control procedure"
2026-05-01 18:55:00,WELL-002,drilling,3210.2984,129.1393,115.9369,16.0483,37.9361,266.8432,2832.3138,3028.1561,95.7324,1.6327,19.7865,Kick,1,Kick,0.772,Critical,100,"Flow check; if flow continues with pumps off, shut in and follow well-control procedure"
2026-05-01 18:56:00,WELL-002,drilling,3210.9459,135.1876,114.5914,16.5531,38.987,267.1285,2848.666,2982.195,95.8814,1.6322,21.5775,Kick,1,Kick,0.72,Critical,100,"Flow check; if flow continues with pumps off, shut in and follow well-control procedure"
2026-05-01 18:57:00,WELL-002,drilling,3211.648,130.8448,116.1254,16.5447,38.7708,267.5905,2852.4511,3026.6604,96.0379,1.6306,23.8994,Kick,1,Kick,0.669,Critical,100,"Flow check; if flow continues with pumps off, shut in and follow well-control procedure"
2026-05-01 18:58:00,WELL-002,drilling,3212.2808,133.4991,114.5374,16.4157,39.3403,267.7139,2850.8967,2995.2559,96.2261,1.6316,26.2155,Kick,1,Kick,0.617,Critical,100,"Flow check; if flow continues with pumps off, shut in and follow well-control procedure"
2026-05-01 18:59:00,WELL-002,drilling,3212.9426,130.2957,115.506,16.3411,40.613,269.2916,2830.6703,2994.4778,96.4074,1.6293,48.2607,Kick,1,Kick,0.566,Critical,100,"Flow check; if flow continues with pumps off, shut in and follow well-control procedure"
2026-05-01 19:00:00,WELL-002,drilling,3213.5923,132.2488,115.2746,16.0988,40.9782,271.07,2829.4102,2903.1117,96.4429,1.6317,50.5478,Kick,1,Kick,0.514,Critical,100,"Flow check; if flow continues with pumps off, shut in and follow well-control procedure"
2026-05-01 19:01:00,WELL-002,drilling,3214.2914,125.6263,116.0353,16.0518,39.9343,270.6772,2830.1582,2932.1729,96.5946,1.632,52.8425,Kick,1,Kick,0.463,Critical,100,"Flow check; if flow continues with pumps off, shut in and follow well-control procedure"
2026-05-01 19:02:00,WELL-002,drilling,3215.0511,131.6187,115.5491,16.4105,44.1938,272.066,2844.0232,2924.8082,96.6005,1.6259,55.7114,Kick,1,Kick,0.412,Critical,100,"Flow check; if flow continues with pumps off, shut in and follow well-control procedure"
2026-05-01 19:03:00,WELL-002,drilling,3215.6878,128.2752,115.0022,16.3666,41.817,273.3399,2847.074,2998.9805,96.731,1.6308,58.9002,Kick,1,Kick,0.36,Critical,100,"Flow check; if flow continues with pumps off, shut in and follow well-control procedure"
2026-05-01 19:04:00,WELL-002,connection,3215.7147,0.0,0.0506,0.0,0.1995,126.2997,1138.5275,1961.7105,97.5716,1.6269,61.8597,Kick,1,Kick,0.309,Critical,100,"Flow check; if flow continues with pumps off, shut in and follow well-control procedure"
2026-05-01 19:05:00,WELL-002,connection,3215.6917,0.0,0.5381,0.1176,0.1995,42.7442,0.0,905.8605,98.4023,1.6321,65.8258,Kick,1,Kick,0.257,Critical,100,"Flow check; if flow continues with pumps off, shut in and follow well-control procedure"
2026-05-01 19:06:00,WELL-002,connection,3215.7086,0.6536,0.6456,0.0,0.0,14.25,0.0,416.1574,98.8371,1.6338,68.2459,Kick,1,Kick,0.206,Critical,100,"Flow check; if flow continues with pumps off, shut in and follow well-control procedure"
2026-05-01 19:07:00,WELL-002,connection,3215.7121,0.023,0.0,0.071,0.2194,4.2594,0.0,202.8005,98.9648,1.6299,52.3745,Kick,1,Kick,0.154,Critical,100,"Flow check; if flow continues with pumps off, shut in and follow well-control procedure"
2026-05-01 19:08:00,WELL-002,connection,3215.6975,0.426,0.4059,0.2131,0.0,1.1562,0.0,97.6845,99.1122,1.6295,56.1068,Kick,1,Kick,0.103,Critical,100,"Flow check; if flow continues with pumps off, shut in and follow well-control procedure"
2026-05-01 19:09:00,WELL-002,connection,3215.7065,0.4434,0.8605,0.1674,0.0,0.4941,0.0,45.0507,99.1012,1.6279,59.0184,Kick,1,Kick,0.051,Critical,100,"Flow check; if flow continues with pumps off, shut in and follow well-control procedure"
2026-05-01 19:10:00,WELL-002,connection,3215.7265,0.0,0.4945,0.1396,0.0,53.8284,1423.0009,784.7237,98.4647,1.6345,62.1572,Normal,0,,0.0,None,0,No Action Required
2026-05-01 19:11:00,WELL-002,drilling,3215.8941,39.5323,41.2615,11.8559,10.5752,205.5839,2875.0803,1941.0387,97.6028,1.6296,64.519,Normal,0,,0.0,None,0,No Action Required
2026-05-01 19:12:00,WELL-002,drilling,3216.2668,76.9954,82.8742,14.4763,23.3822,255.5864,2855.8697,2421.027,97.1376,1.6299,67.1932,Normal,0,,0.0,None,0,No Action Required
2026-05-01 19:13:00,WELL-002,drilling,3216.8747,116.0821,123.8229,17.2929,36.0445,272.2758,2862.5502,2656.2626,96.9323,1.6265,70.0387,Normal,0,,0.0,None,0,No Action Required
2026-05-01 19:14:00,WELL-002,drilling,3217.4563,110.9112,124.3837,17.2567,36.2205,277.808,2847.909,2777.3791,96.8446,1.6291,72.1591,Normal,0,,0.0,None,0,No Action Required
2026-05-01 19:15:00,WELL-002,drilling,3218.0813,109.9591,124.8201,16.5351,34.7185,280.1488,2854.4205,2763.1597,96.8723,1.6264,75.6484,Normal,0,,0.0,None,0,No Action Required
2026-05-01 19:16:00,WELL-002,drilling,3218.5997,109.1153,124.3217,16.38,33.8932,280.793,2853.6723,2818.1507,96.8201,1.6332,78.4132,Normal,0,,0.0,None,0,No Action Required
2026-05-01 19:17:00,WELL-002,drilling,3219.2312,115.8548,124.4589,16.6123,36.1534,280.5029,2835.1708,2858.7232,96.7316,1.63,80.6934,Normal,0,,0.0,None,0,No Action Required
2026-05-01 19:18:00,WELL-002,drilling,3219.7976,111.1584,123.3484,16.7209,35.426,281.0333,2848.7862,2804.7613,96.7401,1.6282,83.605,Normal,0,,0.0,None,0,No Action Required
2026-05-01 19:19:00,WELL-002,drilling,3220.3547,108.9179,124.6237,16.3858,32.7416,281.0162,2861.1655,2845.0015,96.7158,1.6315,86.6952,Normal,0,,0.0,None,0,No Action Required
2026-05-01 19:20:00,WELL-002,drilling,3220.9723,113.5067,125.0918,17.0581,36.2292,281.2008,2853.5013,2841.6014,96.6432,1.6285,90.3707,Normal,0,,0.0,None,0,No Action Required
2026-05-01 19:21:00,WELL-002,drilling,3221.5392,116.4138,123.8135,16.7377,36.5101,281.4237,2846.0092,2862.1497,96.7372,1.6308,92.9112,Normal,0,,0.0,None,0,No Action Required
2026-05-01 19:22:00,WELL-002,drilling,3222.1768,123.2111,123.5593,17.3489,37.5649,281.0433,2853.0133,2857.3536,96.7075,1.6283,96.2181,Normal,0,,0.0,None,0,No Action Required
2026-05-01 19:23:00,WELL-002,drilling,3222.8128,129.0682,124.7184,17.3824,38.9812,281.8914,2837.0229,2826.4339,96.6603,1.6286,98.6611,Normal,0,,0.0,None,0,No Action Required
2026-05-01 19:24:00,WELL-002,drilling,3223.4297,132.4901,124.7234,17.5317,37.6934,280.4913,2846.4281,2828.9175,96.6398,1.6282,101.3401,Normal,0,,0.0,None,0,No Action Required
2026-05-01 19:25:00,WELL-002,drilling,3224.1285,131.7731,125.5706,17.1527,39.6713,280.5626,2845.5341,2814.4017,96.6836,1.6274,103.7075,Normal,0,,0.0,None,0,No Action Required
2026-05-01 19:26:00,WELL-002,drilling,3224.7268,131.5991,124.5185,16.9747,38.2479,280.3765,2855.2941,2895.6683,96.5543,1.6311,105.401,Normal,0,,0.0,None,0,No Action Required
2026-05-01 19:27:00,WELL-002,drilling,3225.3714,135.0623,125.1755,16.6368,39.3685,280.4422,2844.8999,2852.4939,96.6445,1.6284,107.2879,Normal,0,,0.0,None,0,No Action Required
2026-05-01 19:28:00,WELL-002,drilling,3226.0206,134.6743,124.8172,16.4078,38.9164,280.5392,2858.652,2883.9562,96.6365,1.6318,108.5816,Normal,0,,0.0,None,0,No Action Required
2026-05-01 19:29:00,WELL-002,drilling,3226.6899,136.3407,124.9246,16.1855,39.4406,280.1401,2858.5821,2886.4814,96.5633,1.633,108.1106,Normal,0,,0.0,None,0,No Action Required
2026-05-01 19:30:00,WELL-002,drilling,3227.3748,144.8799,124.9925,17.164,41.4447,281.0345,2870.9827,2835.5803,96.6152,1.6314,108.9625,Normal,0,,0.0,None,0,No Action Required
2026-05-01 19:31:00,WELL-002,drilling,3228.0745,141.9461,125.5407,16.9686,40.6941,281.5432,2856.8335,2825.3884,96.5509,1.632,109.1059,Normal,0,,0.0,None,0,No Action Required
2026-05-01 19:32:00,WELL-002,drilling,3228.7012,144.1612,124.0618,17.0152,39.3633,282.3704,2861.7085,2795.8392,96.5787,1.6321,108.9426,Normal,0,,0.0,None,0,No Action Required
2026-05-01 19:33:00,WELL-002,drilling,3229.4306,146.0378,125.0331,17.0357,43.0618,281.5985,2863.2248,2814.9623,96.5634,1.6261,109.0244,Normal,0,,0.0,None,0,No Action Required
2026-05-01 19:34:00,WELL-002,drilling,3230.1619,143.7967,124.0019,17.0139,43.6248,281.1068,2836.4248,2886.6334,96.5124,1.629,108.4693,Normal,0,,0.0,None,0,No Action Required
2026-05-01 19:35:00,WELL-002,drilling,3230.8779,140.3786,124.3887,16.996,41.1577,280.5304,2834.81,2793.4117,96.4609,1.6324,109.1938,Normal,0,,0.0,None,0,No Action Required
2026-05-01 19:36:00,WELL-002,drilling,3231.5116,138.8135,125.704,16.6777,40.2394,279.9412,2839.1863,2853.0835,96.4737,1.6335,109.2132,Normal,0,,0.0,None,0,No Action Required
2026-05-01 19:37:00,WELL-002,drilling,3232.1255,132.7519,124.7137,15.6376,36.8442,277.6877,2848.359,2860.9878,96.4049,1.6331,109.3656,Normal,0,,0.0,None,0,No Action Required
2026-05-01 19:38:00,WELL-002,drilling,3232.7504,130.3457,125.3143,15.2085,34.739,277.986,2854.4576,2830.57,96.429,1.6293,109.1067,Normal,0,,0.0,None,0,No Action Required
2026-05-01 19:39:00,WELL-002,drilling,3233.3152,131.4727,125.0011,15.2395,36.2904,278.3348,2852.5166,2807.0471,96.488,1.6329,108.9707,Normal,0,,0.0,None,0,No Action Required
2026-05-01 19:40:00,WELL-002,drilling,3233.9564,136.1383,125.5269,15.4914,37.5375,277.6606,2852.5813,2821.597,96.4347,1.6326,108.3596,Normal,0,,0.0,None,0,No Action Required
2026-05-01 19:41:00,WELL-002,drilling,3234.5782,138.586,125.5651,15.8214,40.2954,277.9858,2823.0709,2838.3566,96.4769,1.629,108.3148,Normal,0,,0.0,None,0,No Action Required
2026-05-01 19:42:00,WELL-002,drilling,3235.3211,133.0283,123.7669,15.6901,41.6946,278.5198,2815.2351,2846.7567,96.4019,1.6299,103.2777,Normal,0,,0.0,None,0,No Action Required
2026-05-01 19:43:00,WELL-002,drilling,3235.989,139.3501,125.4054,15.7074,40.7059,278.4835,2843.9493,2815.1682,96.4459,1.6286,96.6793,Normal,0,,0.0,None,0,No Action Required
2026-05-01 19:44:00,WELL-002,drilling,3236.6891,141.7674,125.2788,15.9843,40.9999,277.8355,2830.1299,2842.6046,96.3869,1.6302,89.8531,Normal,0,,0.0,None,0,No Action Required
2026-05-01 19:45:00,WELL-002,drilling,3237.3009,135.4545,124.0941,15.8105,38.175,278.2493,2817.8546,2886.9971,96.4244,1.6299,83.5698,Normal,0,,0.0,None,0,No Action Required
2026-05-01 19:46:00,WELL-002,drilling,3237.9565,129.6706,124.7026,15.7118,36.7042,276.7991,2817.3031,2794.5012,96.4295,1.632,76.6034,Normal,0,,0.0,None,0,No Action Required
2026-05-01 19:47:00,WELL-002,drilling,3238.5566,129.8556,124.3385,15.4575,37.6831,277.2672,2797.0465,2770.1503,96.3204,1.6307,70.9788,Normal,0,,0.0,None,0,No Action Required
2026-05-01 19:48:00,WELL-002,drilling,3239.236,135.089,125.2516,16.4403,40.9097,276.651,2842.0697,2840.5932,96.3383,1.6317,66.0431,Normal,0,,0.0,None,0,No Action Required
2026-05-01 19:49:00,WELL-002,drilling,3239.8738,129.5476,124.4259,15.9586,39.0802,276.1515,2815.833,2819.6382,96.3242,1.6301,58.9774,Normal,0,,0.0,None,0,No Action Required
2026-05-01 19:50:00,WELL-002,drilling,3240.6004,133.8338,124.7897,16.0189,42.1807,276.3628,2819.603,2801.1429,96.3855,1.6312,52.7631,Normal,0,,0.0,None,0,No Action Required
2026-05-01 19:51:00,WELL-002,drilling,3241.2745,125.2833,124.6466,15.7717,40.0054,276.6978,2802.636,2823.1301,96.2545,1.6292,47.0432,Normal,0,,0.0,None,0,No Action Required
2026-05-01 19:52:00,WELL-002,drilling,3241.91,125.4655,124.2506,15.6134,39.4179,276.4092,2805.6757,2784.3206,96.3446,1.6301,54.4598,Normal,0,,0.0,None,0,No Action Required
2026-05-01 19:53:00,WELL-002,drilling,3242.5511,121.0543,124.3503,16.0882,38.8234,275.1487,2835.2774,2874.0468,96.3047,1.629,47.2494,Normal,0,,0.0,None,0,No Action Required
2026-05-01 19:54:00,WELL-002,drilling,3243.2004,121.5283,124.9358,16.5479,37.1759,276.0517,2837.6171,2760.9191,96.2799,1.6323,40.8289,Normal,0,,0.0,None,0,No Action Required
2026-05-01 19:55:00,WELL-002,drilling,3243.8026,120.0572,124.3543,16.7104,36.8187,278.0595,2820.0876,2798.8086,96.2576,1.631,35.5802,Normal,0,,0.0,None,0,No Action Required
2026-05-01 19:56:00,WELL-002,drilling,3244.3955,120.7051,124.5105,16.8141,35.9753,277.8552,2832.3253,2850.8539,96.238,1.6296,28.8028,Normal,0,,0.0,None,0,No Action Required
2026-05-01 19:57:00,WELL-002,connection,3244.4257,1.0376,0.0149,0.0296,0.4317,128.6785,1136.3743,1904.004,96.9654,1.638,22.9043,Normal,0,,0.0,None,0,No Action Required
2026-05-01 19:58:00,WELL-002,connection,3244.3838,0.0,0.3818,0.122,0.0,43.4257,0.0,834.5853,97.8329,1.641,8.9772,Normal,0,,0.0,None,0,No Action Required
2026-05-01 19:59:00,WELL-002,connection,3244.3932,0.0,0.0,0.1613,0.5105,13.6643,0.0,367.5018,98.1521,1.6394,9.4123,Normal,0,,0.0,None,0,No Action Required
2026-05-01 20:00:00,WELL-002,connection,3244.405,0.6946,1.0743,0.2076,0.0746,5.3117,0.0,164.5292,98.3107,1.6414,9.5729,Normal,0,,0.0,None,0,No Action Required
2026-05-01 20:01:00,WELL-002,connection,3244.4263,0.0,0.0,0.0102,0.3184,2.0516,0.0,71.3616,98.3718,1.6428,9.558,Normal,0,,0.0,None,0,No Action Required
2026-05-01 20:02:00,WELL-002,connection,3244.425,0.0,0.6023,0.0372,0.3028,54.4406,1421.0872,811.4931,97.7754,1.6406,9.9208,Normal,0,,0.0,None,0,No Action Required
2026-05-01 20:03:00,WELL-002,drilling,3244.5783,41.1266,44.7805,10.807,10.0373,206.4258,2843.0832,1945.9376,96.866,1.6407,10.1164,Normal,0,,0.0,None,0,No Action Required
2026-05-01 20:04:00,WELL-002,drilling,3244.9946,86.14,88.3235,13.4119,23.3023,256.3738,2836.4065,2423.3307,96.3871,1.6391,9.549,Normal,0,,0.0,None,0,No Action Required
2026-05-01 20:05:00,WELL-002,drilling,3245.589,119.7777,133.9674,15.4724,37.5817,274.2958,2828.8926,2623.1034,96.2411,1.6396,8.1226,Normal,0,,0.0,None,0,No Action Required
2026-05-01 20:06:00,WELL-002,drilling,3246.2086,118.0499,132.5731,14.8536,35.2561,279.1828,2853.4509,2778.8188,96.1634,1.6401,8.8199,Normal,0,,0.0,None,0,No Action Required
2026-05-01 20:07:00,WELL-002,drilling,3246.7899,119.6481,132.6936,15.3371,35.9291,280.8831,2825.7428,2798.7127,96.1365,1.6389,8.4903,Normal,0,,0.0,None,0,No Action Required
2026-05-01 20:08:00,WELL-002,drilling,3247.3945,116.4215,132.5523,14.8566,35.1317,281.1575,2828.9405,2843.3264,96.0201,1.636,7.6655,Normal,0,,0.0,None,0,No Action Required
2026-05-01 20:09:00,WELL-002,drilling,3247.927,115.1379,132.7642,15.0914,32.9215,281.9652,2838.0345,2778.6116,95.9985,1.6447,8.16,Normal,0,,0.0,None,0,No Action Required
2026-05-01 20:10:00,WELL-002,drilling,3248.531,113.6275,132.2331,15.0953,33.7367,282.1792,2824.3732,2826.1237,96.0913,1.6429,7.7557,Normal,0,,0.0,None,0,No Action Required
2026-05-01 20:11:00,WELL-002,drilling,3249.1066,117.3829,132.8294,14.5207,35.8003,281.7869,2834.3563,2797.7073,96.0695,1.6395,8.3131,Normal,0,,0.0,None,0,No Action Required
2026-05-01 20:12:00,WELL-002,drilling,3249.6653,114.4889,132.7002,14.2479,33.5161,281.2112,2826.0833,2837.4728,96.0491,1.6374,8.275,Normal,0,,0.0,None,0,No Action Required
2026-05-01 20:13:00,WELL-002,drilling,3250.2389,108.4651,133.5366,13.9461,32.9356,279.9689,2823.3634,2769.5778,95.9412,1.6394,8.3224,Normal,0,,0.0,None,0,No Action Required
2026-05-01 20:14:00,WELL-002,drilling,3250.7649,115.4631,132.4251,14.0046,33.731,279.9986,2845.4869,2795.3115,96.0223,1.6432,9.1823,Normal,0,,0.0,None,0,No Action Required
2026-05-01 20:15:00,WELL-002,drilling,3251.3292,109.7831,131.5221,13.5085,31.8836,279.6664,2806.228,2793.0763,95.9667,1.6399,9.1762,Normal,0,,0.0,None,0,No Action Required
2026-05-01 20:16:00,WELL-002,drilling,3251.8621,109.7521,133.8786,13.3412,31.3385,279.5622,2818.4081,2816.9975,95.9593,1.6374,8.9875,Normal,0,,0.0,None,0,No Action Required
2026-05-01 20:17:00,WELL-002,drilling,3252.3584,108.7922,133.0945,13.7405,31.8807,280.6512,2834.85,2841.1568,95.9767,1.6403,8.895,Normal,0,,0.0,None,0,No Action Required
2026-05-01 20:18:00,WELL-002,drilling,3252.9038,111.2915,132.6916,14.1251,32.5501,279.6584,2829.6406,2844.4695,95.9415,1.6377,8.9835,Normal,0,,0.0,None,0,No Action Required
2026-05-01 20:19:00,WELL-002,drilling,3253.4221,110.2412,132.0522,13.8648,30.6042,280.1331,2827.1751,2821.6526,95.9115,1.643,8.797,Normal,0,,0.0,None,0,No Action Required
2026-05-01 20:20:00,WELL-002,drilling,3253.9711,109.9025,132.7969,13.7955,32.9295,279.7699,2847.7861,2879.4964,95.9245,1.6375,8.7513,Normal,0,,0.0,None,0,No Action Required
2026-05-01 20:21:00,WELL-002,drilling,3254.5472,112.1145,132.8815,14.0681,34.6971,279.3613,2824.0899,2823.8631,95.9624,1.6397,9.2798,Normal,0,,0.0,None,0,No Action Required
2026-05-01 20:22:00,WELL-002,drilling,3255.1563,119.1844,131.1269,14.4248,34.7137,279.8308,2818.7756,2799.0637,95.8913,1.6388,9.7913,Normal,0,,0.0,None,0,No Action Required
2026-05-01 20:23:00,WELL-002,drilling,3255.7749,121.6376,132.7922,14.4996,37.5306,279.1916,2825.1754,2851.63,95.9307,1.6412,8.9199,Normal,0,,0.0,None,0,No Action Required
2026-05-01 20:24:00,WELL-002,drilling,3256.3522,119.1119,133.2512,14.5665,36.2054,279.9878,2825.8317,2844.586,95.9404,1.6384,9.0752,Normal,0,,0.0,None,0,No Action Required
2026-05-01 20:25:00,WELL-002,drilling,3256.9355,119.796,131.7878,15.2444,34.2912,279.0718,2814.6699,2842.7673,95.8663,1.6421,8.7909,Normal,0,,0.0,None,0,No Action Required
2026-05-01 20:26:00,WELL-002,drilling,3257.4949,118.905,132.0423,15.1382,34.1813,280.3898,2807.5708,2853.8097,95.8537,1.6391,9.1092,Normal,0,,0.0,None,0,No Action Required
2026-05-01 20:27:00,WELL-002,drilling,3258.084,116.5474,132.8307,14.8862,33.3752,279.918,2823.16,2809.8093,95.876,1.6399,7.6913,Normal,0,,0.0,None,0,No Action Required
2026-05-01 20:28:00,WELL-002,drilling,3258.6543,110.6434,132.7574,14.5229,34.2925,280.3551,2839.0133,2840.5614,95.8265,1.6414,8.0247,Normal,0,,0.0,None,0,No Action Required
2026-05-01 20:29:00,WELL-002,drilling,3259.2095,115.7265,131.8881,13.9866,34.1383,279.5014,2835.1018,2834.3351,95.7871,1.6424,8.0294,Normal,0,,0.0,None,0,No Action Required
2026-05-01 20:30:00,WELL-002,drilling,3259.7579,109.7731,133.2994,14.0616,33.7823,280.3011,2817.6525,2789.804,95.8366,1.6426,8.518,Normal,0,,0.0,None,0,No Action Required
2026-05-01 20:31:00,WELL-002,drilling,3260.3581,111.7965,132.0707,13.8855,36.3794,280.9196,2836.5938,2849.8504,95.7653,1.6425,8.5363,Normal,0,,0.0,None,0,No Action Required
2026-05-01 20:32:00,WELL-002,drilling,3260.9262,112.6842,132.1448,14.842,36.1951,281.293,2849.903,2793.1845,95.7876,1.6387,8.2748,Normal,0,,0.0,None,0,No Action Required
2026-05-01 20:33:00,WELL-002,drilling,3261.5733,111.6036,132.5054,14.4152,38.1485,281.4244,2825.1103,2835.7135,95.7996,1.6386,9.0287,Normal,0,,0.0,None,0,No Action Required
2026-05-01 20:34:00,WELL-002,drilling,3262.2626,113.86,132.3223,15.2097,36.7436,280.9426,2819.0972,2832.1155,95.755,1.64,9.1689,Normal,0,,0.0,None,0,No Action Required
2026-05-01 20:35:00,WELL-002,drilling,3262.8277,118.2545,131.6146,15.7275,37.8141,281.0723,2839.3982,2803.7438,95.7975,1.6379,7.8789,Normal,0,,0.0,None,0,No Action Required
2026-05-01 20:36:00,WELL-002,drilling,3263.4274,116.2308,132.7806,15.605,35.5268,281.5259,2813.6108,2806.8596,95.7547,1.638,9.1393,Normal,0,,0.0,None,0,No Action Required
2026-05-01 20:37:00,WELL-002,drilling,3264.0418,114.9243,133.3262,14.85,35.4066,281.564,2811.841,2791.0755,95.7116,1.6391,8.5289,Normal,0,,0.0,None,0,No Action Required
2026-05-01 20:38:00,WELL-002,drilling,3264.6345,117.9302,133.393,15.0366,36.1049,281.7552,2815.1217,2814.2904,95.7379,1.6361,8.6836,Normal,0,,0.0,None,0,No Action Required
2026-05-01 20:39:00,WELL-002,drilling,3265.2436,113.6459,133.0409,14.5042,36.822,281.7893,2828.5318,2828.3545,95.7211,1.6417,9.058,Normal,0,,0.0,None,0,No Action Required
2026-05-01 20:40:00,WELL-002,drilling,3265.8168,115.2895,133.8398,14.6545,35.0683,283.3267,2845.2786,2776.7452,95.6763,1.6394,8.8606,Normal,0,,0.0,None,0,No Action Required
2026-05-01 20:41:00,WELL-002,drilling,3266.4201,118.6113,133.6925,15.0779,35.2976,283.3331,2855.0053,2852.9611,95.6557,1.6427,9.458,Normal,0,,0.0,None,0,No Action Required
2026-05-01 20:42:00,WELL-002,drilling,3267.1155,121.5364,133.5793,15.7399,40.4433,282.1278,2847.6938,2859.568,95.6909,1.64,9.1328,Normal,0,,0.0,None,0,No Action Required
2026-05-01 20:43:00,WELL-002,drilling,3267.724,122.7624,133.2122,15.821,38.3459,283.5896,2815.6182,2833.3534,95.6323,1.6385,9.1799,Normal,0,,0.0,None,0,No Action Required
2026-05-01 20:44:00,WELL-002,drilling,3268.4074,122.6891,133.3746,16.3027,40.5356,281.9553,2849.8157,2844.5144,95.631,1.6398,9.099,Normal,0,,0.0,None,0,No Action Required
2026-05-01 20:45:00,WELL-002,drilling,3269.0454,126.5707,132.9457,15.7271,40.6412,282.8133,2821.4647,2831.3021,95.6656,1.6406,30.9628,Normal,0,,0.0,None,0,No Action Required
2026-05-01 20:46:00,WELL-002,drilling,3269.8034,127.1984,132.9733,15.807,43.0652,282.2616,2839.669,2684.5866,95.6445,1.6398,30.7321,Normal,0,,0.0,None,0,No Action Required
2026-05-01 20:47:00,WELL-002,drilling,3270.5012,131.4708,133.0815,16.0592,44.1237,281.4915,2838.9483,2797.7612,95.6042,1.6406,30.7041,Normal,0,,0.0,None,0,No Action Required
2026-05-01 20:48:00,WELL-002,drilling,3271.294,132.6544,132.8949,16.7361,44.0784,281.7819,2832.0479,2851.1541,95.5661,1.6406,30.0909,Normal,0,,0.0,None,0,No Action Required
2026-05-01 20:49:00,WELL-002,drilling,3272.0241,131.0277,133.5847,16.1999,45.8775,281.3715,2810.5054,2809.6777,95.5931,1.6371,30.4345,Normal,0,,0.0,None,0,No Action Required
2026-05-01 20:50:00,WELL-002,drilling,3272.7295,126.1938,132.2165,15.5829,42.2405,281.6553,2833.222,2869.4272,95.5535,1.6445,7.8617,Normal,0,,0.0,None,0,No Action Required
2026-05-01 20:51:00,WELL-002,connection,3272.74,0.2784,1.2458,0.0655,0.4116,129.6838,1135.0561,1918.1759,96.3121,1.6403,8.868,Normal,0,,0.0,None,0,No Action Required
2026-05-01 20:52:00,WELL-002,connection,3272.7173,0.4423,0.0,0.0,0.4467,44.0571,0.0,826.3639,97.0697,1.64,8.7217,Normal,0,,0.0,None,0,No Action Required
2026-05-01 20:53:00,WELL-002,connection,3272.7261,0.0,0.7526,0.0,0.0,14.509,0.0,359.8204,97.5036,1.6394,8.6514,Normal,0,,0.0,None,0,No Action Required
2026-05-01 20:54:00,WELL-002,connection,3272.715,0.0,0.0,0.0,0.0822,5.0274,0.0,158.4861,97.6031,1.6378,8.8752,Normal,0,,0.0,None,0,No Action Required
2026-05-01 20:55:00,WELL-002,connection,3272.7016,0.2801,0.023,0.0,0.0,1.0537,0.0,71.2052,97.7246,1.643,8.7229,Normal,0,,0.0,None,0,No Action Required
2026-05-01 20:56:00,WELL-002,connection,3272.7016,0.0,0.201,0.0349,0.0368,0.0063,0.0,32.1264,97.7217,1.6395,9.3713,Normal,0,,0.0,None,0,No Action Required
2026-05-01 20:57:00,WELL-002,connection,3272.7767,0.8108,0.0,0.0764,0.0,0.5871,0.0,14.2561,97.7454,1.6401,9.1229,Normal,0,,0.0,None,0,No Action Required
2026-05-01 20:58:00,WELL-002,connection,3272.7516,0.0,0.0054,0.0984,0.0,54.1592,1408.8164,792.0633,97.0461,1.6407,10.3051,Normal,0,,0.0,None,0,No Action Required
2026-05-01 20:59:00,WELL-002,drilling,3272.9426,44.9375,37.8837,10.4874,11.9893,205.4364,2830.1626,1921.0282,96.1723,1.6394,10.5436,Normal,0,,0.0,None,0,No Action Required
2026-05-01 21:00:00,WELL-002,drilling,3273.3414,88.5215,74.7002,13.5142,27.5877,257.1218,2817.8679,2426.395,95.7604,1.6418,9.7218,Normal,0,,0.0,None,0,No Action Required
2026-05-01 21:01:00,WELL-002,drilling,3274.1239,136.2098,114.7672,16.3518,47.3435,273.3556,2832.308,2636.6024,95.5734,1.6393,9.7242,Normal,0,,0.0,None,0,No Action Required
2026-05-01 21:02:00,WELL-002,drilling,3274.9035,136.1376,113.4017,16.6348,47.037,280.0921,2821.7452,2744.2498,95.5224,1.6407,9.221,Normal,0,,0.0,None,0,No Action Required
2026-05-01 21:03:00,WELL-002,drilling,3275.7291,134.4136,112.9028,17.3404,48.6584,282.2636,2846.6314,2790.8523,95.3985,1.6411,9.1634,Normal,0,,0.0,None,0,No Action Required
2026-05-01 21:04:00,WELL-002,drilling,3276.5884,137.0004,113.2449,17.2826,50.2775,281.8821,2820.1733,2859.4324,95.4187,1.641,9.2525,Normal,0,,0.0,None,0,No Action Required
2026-05-01 21:05:00,WELL-002,drilling,3277.3674,134.381,113.6023,16.9529,47.9462,282.6066,2827.4928,2786.9014,95.4129,1.6399,10.4012,Normal,0,,0.0,None,0,No Action Required
2026-05-01 21:06:00,WELL-002,drilling,3278.0856,126.4747,112.129,16.6194,43.5173,283.1868,2838.5313,2802.6649,95.3444,1.6382,9.7288,Normal,0,,0.0,None,0,No Action Required
2026-05-01 21:07:00,WELL-002,drilling,3278.7956,121.9464,113.7645,16.4217,42.3427,282.7321,2851.0261,2851.9373,95.3554,1.6387,10.2342,Normal,0,,0.0,None,0,No Action Required
2026-05-01 21:08:00,WELL-002,drilling,3279.5105,121.8492,112.855,16.0932,41.2423,282.8673,2833.1436,2823.5878,95.3543,1.6387,9.8457,Normal,0,,0.0,None,0,No Action Required
2026-05-01 21:09:00,WELL-002,drilling,3280.1582,117.3438,113.3643,15.5245,38.5944,282.3927,2827.7937,2795.9762,95.3198,1.6363,10.2559,Normal,0,,0.0,None,0,No Action Required
2026-05-01 21:10:00,WELL-002,drilling,3280.7785,117.1868,113.2286,15.2588,38.0545,282.7265,2834.5488,2864.6935,95.2968,1.6402,11.1183,Normal,0,,0.0,None,0,No Action Required
2026-05-01 21:11:00,WELL-002,drilling,3281.3986,114.0989,112.2831,14.3901,36.1489,282.1834,2826.6249,2865.4192,95.3501,1.6395,9.8762,Normal,0,,0.0,None,0,No Action Required
2026-05-01 21:12:00,WELL-002,drilling,3281.9454,109.5471,114.0131,14.2598,32.0708,282.3018,2819.8133,2816.0147,95.3438,1.6423,9.9605,Normal,0,,0.0,None,0,No Action Required
2026-05-01 21:13:00,WELL-002,drilling,3282.466,111.3916,113.8059,13.7577,33.1832,281.8325,2832.2827,2785.5075,95.2967,1.6372,9.3862,Normal,0,,0.0,None,0,No Action Required
2026-05-01 21:14:00,WELL-002,drilling,3283.0777,115.7486,114.4814,14.1858,34.4575,283.1078,2822.5562,2853.4058,95.2675,1.6377,9.8585,Normal,0,,0.0,None,0,No Action Required
2026-05-01 21:15:00,WELL-002,drilling,3283.7321,124.5496,112.5794,15.4784,36.9432,283.6694,2839.1827,2797.8712,95.3158,1.6422,10.1779,Normal,0,,0.0,None,0,No Action Required
2026-05-01 21:16:00,WELL-002,drilling,3284.3363,123.1783,112.9259,15.3643,37.2686,284.1245,2836.7756,2807.2264,95.2871,1.6431,10.1403,Normal,0,,0.0,None,0,No Action Required
2026-05-01 21:17:00,WELL-002,drilling,3284.9204,117.3454,113.5237,15.3448,36.3843,285.2565,2825.6892,2839.9733,95.2247,1.639,9.6628,Normal,0,,0.0,None,0,No Action Required
2026-05-01 21:18:00,WELL-002,drilling,3285.5033,118.6527,112.3919,15.5987,35.2519,284.9672,2819.6797,2814.5694,95.2845,1.6377,10.481,Normal,0,,0.0,None,0,No Action Required
2026-05-01 21:19:00,WELL-002,drilling,3286.1582,121.7773,113.6813,15.5056,37.1208,285.7834,2880.2991,2834.8168,95.263,1.6412,9.9381,Normal,0,,0.0,None,0,No Action Required
2026-05-01 21:20:00,WELL-002,drilling,3286.7905,124.5973,112.9154,15.6209,38.3063,286.4368,2859.5013,2872.8922,95.2812,1.6419,9.8137,Normal,0,,0.0,None,0,No Action Required
2026-05-01 21:21:00,WELL-002,drilling,3287.3804,126.0265,113.2566,15.6266,38.0429,287.0122,2859.6506,2916.3531,95.2047,1.6389,9.5651,Normal,0,,0.0,None,0,No Action Required
2026-05-01 21:22:00,WELL-002,drilling,3288.0303,129.9019,112.8517,15.7767,40.0308,286.5873,2858.5768,2806.8386,95.1534,1.6422,8.8905,Normal,0,,0.0,None,0,No Action Required
2026-05-01 21:23:00,WELL-002,drilling,3288.7118,128.2948,113.4236,15.775,39.5821,287.1002,2851.2952,2827.3586,95.1306,1.6365,8.8513,Normal,0,,0.0,None,0,No Action Required
2026-05-01 21:24:00,WELL-002,drilling,3289.392,128.7097,113.0805,15.6245,39.1334,286.2074,2836.3262,2783.3249,95.1753,1.6436,8.8478,Normal,0,,0.0,None,0,No Action Required
2026-05-01 21:25:00,WELL-002,drilling,3290.0033,128.4428,113.8521,15.566,39.984,285.8633,2845.4838,2830.8097,95.1758,1.6395,8.5873,Normal,0,,0.0,None,0,No Action Required
2026-05-01 21:26:00,WELL-002,drilling,3290.6898,125.0781,113.5407,15.5396,39.4131,285.0628,2826.939,2832.0016,95.202,1.6399,8.581,Normal,0,,0.0,None,0,No Action Required
2026-05-01 21:27:00,WELL-002,drilling,3291.3486,123.3919,112.8388,15.1694,38.871,285.0409,2836.7137,2836.3622,95.1312,1.6398,8.952,Normal,0,,0.0,None,0,No Action Required
2026-05-01 21:28:00,WELL-002,drilling,3291.9932,122.3652,112.6696,15.702,38.2527,284.5731,2825.4404,2860.4559,95.1552,1.6378,9.6634,Normal,0,,0.0,None,0,No Action Required
2026-05-01 21:29:00,WELL-002,drilling,3292.6426,124.0921,113.3143,15.4637,38.8438,284.2106,2850.1257,2790.4172,95.1665,1.6432,3.5223,Normal,0,,0.0,None,0,No Action Required
2026-05-01 21:30:00,WELL-002,drilling,3293.2404,116.3583,113.3449,14.867,36.7579,283.6683,2834.6484,2855.5206,95.1329,1.6405,3.5162,Normal,0,,0.0,None,0,No Action Required
2026-05-01 21:31:00,WELL-002,drilling,3293.8447,116.6471,113.0456,15.381,32.9031,283.713,2837.6363,2805.3167,95.1717,1.6416,3.1695,Normal,0,,0.0,None,0,No Action Required
2026-05-01 21:32:00,WELL-002,drilling,3294.3815,118.9789,113.4133,15.1238,33.4302,284.0851,2843.0977,2850.0798,95.0905,1.6406,3.5244,Normal,0,,0.0,None,0,No Action Required
2026-05-01 21:33:00,WELL-002,drilling,3294.9764,126.8565,113.3541,15.7252,35.9984,283.207,2811.282,2875.4981,95.0488,1.6427,3.9574,Normal,0,,0.0,None,0,No Action Required
2026-05-01 21:34:00,WELL-002,drilling,3295.5459,129.3852,113.6472,15.3101,36.5115,283.57,2813.3308,2721.4853,95.1088,1.6404,3.7295,Normal,0,,0.0,None,0,No Action Required
2026-05-01 21:35:00,WELL-002,drilling,3296.2146,132.7422,113.6713,15.8557,39.1435,282.2147,2806.0765,2815.4328,95.0782,1.6433,3.5708,Normal,0,,0.0,None,0,No Action Required
2026-05-01 21:36:00,WELL-002,drilling,3296.9075,130.7234,113.3954,15.7691,39.3723,283.1991,2828.3842,2822.2078,95.0744,1.6403,3.5609,Normal,0,,0.0,None,0,No Action Required
2026-05-01 21:37:00,WELL-002,drilling,3297.4976,121.3678,113.3498,15.4194,36.4278,283.2471,2827.0043,2775.7403,95.0499,1.6386,3.8689,Normal,0,,0.0,None,0,No Action Required
2026-05-01 21:38:00,WELL-002,drilling,3298.1491,124.2883,112.6742,15.6464,37.2867,283.236,2824.6016,2805.4121,95.0758,1.6378,4.1844,Normal,0,,0.0,None,0,No Action Required
2026-05-01 21:39:00,WELL-002,drilling,3298.6972,122.3133,113.1926,15.0928,35.965,283.6503,2820.6188,2848.9753,95.0082,1.6391,12.9076,Normal,0,,0.0,None,0,No Action Required
2026-05-01 21:40:00,WELL-002,drilling,3299.3241,124.8202,111.781,15.5716,37.0214,283.8913,2822.0352,2786.6675,95.0692,1.6421,12.8591,Normal,0,,0.0,None,0,No Action Required
2026-05-01 21:41:00,WELL-002,drilling,3299.9522,127.9129,112.6213,15.4716,35.0573,285.0709,2839.2898,2791.3868,94.9937,1.6389,12.618,Normal,0,,0.0,None,0,No Action Required
2026-05-01 21:42:00,WELL-002,drilling,3300.5024,122.6676,112.333,15.6348,35.5045,285.5923,2831.3676,2820.2053,94.9873,1.6386,12.9375,Normal,0,,0.0,None,0,No Action Required
2026-05-01 21:43:00,WELL-002,drilling,3301.1515,128.2023,111.6004,15.8908,38.7976,284.7913,2819.4897,2856.9225,94.9974,1.6349,11.8556,Normal,0,,0.0,None,0,No Action Required
2026-05-01 21:44:00,WELL-002,connection,3301.1355,0.0,0.0,0.0119,0.0,131.5492,1135.711,1873.8909,95.7522,1.6477,12.7977,Normal,0,,0.0,None,0,No Action Required
2026-05-01 21:45:00,WELL-002,connection,3301.1729,1.1192,0.2395,0.0,0.0,44.0724,0.0,816.2148,96.5947,1.6466,13.1434,Normal,0,,0.0,None,0,No Action Required
2026-05-01 21:46:00,WELL-002,connection,3301.1579,0.0,0.0,0.0,0.1032,14.2121,0.0,369.3046,96.8982,1.6507,3.8695,Normal,0,,0.0,None,0,No Action Required
2026-05-01 21:47:00,WELL-002,connection,3301.16,0.7666,0.7682,0.0,0.1545,4.7817,0.0,160.987,97.0693,1.6522,4.0639,Normal,0,,0.0,None,0,No Action Required
2026-05-01 21:48:00,WELL-002,connection,3301.1572,0.0,0.0,0.0016,0.0,2.2169,0.0,70.9896,97.1966,1.6469,3.5434,Normal,0,,0.0,None,0,No Action Required
2026-05-01 21:49:00,WELL-002,connection,3301.1628,0.0,0.9738,0.0,0.0,0.7457,0.0,32.2946,97.15,1.648,4.0923,Normal,0,,0.0,None,0,No Action Required
2026-05-01 21:50:00,WELL-002,connection,3301.1907,0.0,0.1417,0.0,0.0,55.6092,1426.4433,806.3317,96.4999,1.6484,3.5163,Normal,0,,0.0,None,0,No Action Required
2026-05-01 21:51:00,WELL-002,drilling,3301.3707,45.6859,38.6507,11.6811,11.7678,210.3576,2865.0638,1946.7394,95.5998,1.6474,4.5933,Normal,0,,0.0,None,0,No Action Required
2026-05-01 21:52:00,WELL-002,drilling,3301.7779,95.4181,77.1233,15.0311,27.0326,262.47,2840.3535,2451.1587,95.2587,1.6499,4.1266,Normal,0,,0.0,None,0,No Action Required
2026-05-01 21:53:00,WELL-002,drilling,3302.5737,142.0901,113.1136,18.746,45.5615,279.203,2870.2687,2717.9902,95.0018,1.6527,3.6837,Normal,0,,0.0,None,0,No Action Required
2026-05-01 21:54:00,WELL-002,drilling,3303.3103,147.0558,112.1598,18.821,46.8919,285.9841,2852.2906,2703.373,94.9165,1.647,3.5504,Normal,0,,0.0,None,0,No Action Required
2026-05-01 21:55:00,WELL-002,drilling,3304.0718,145.0527,113.8455,19.565,44.9645,288.2911,2855.4136,2856.3876,94.8531,1.6495,3.1883,Normal,0,,0.0,None,0,No Action Required
2026-05-01 21:56:00,WELL-002,drilling,3304.865,143.3208,114.0786,19.3132,45.995,288.1707,2851.4029,2808.8939,94.8744,1.6487,3.1983,Normal,0,,0.0,None,0,No Action Required
2026-05-01 21:57:00,WELL-002,drilling,3305.6596,142.2827,113.6946,19.2149,47.555,288.0306,2843.0532,2826.0713,94.8343,1.6479,3.2514,Normal,0,,0.0,None,0,No Action Required
2026-05-01 21:58:00,WELL-002,drilling,3306.4033,136.1899,113.3681,18.5145,46.1009,286.8689,2846.2914,2826.5884,94.8253,1.651,3.568,Normal,0,,0.0,None,0,No Action Required
2026-05-01 21:59:00,WELL-002,drilling,3307.183,141.5154,114.1631,18.8687,45.0255,286.2205,2831.7061,2829.1653,94.8398,1.6499,3.6843,Normal,0,,0.0,None,0,No Action Required
2026-05-01 22:00:00,WELL-002,drilling,3307.9312,139.6516,113.1185,18.4135,46.1715,287.5192,2817.713,2847.3786,94.8093,1.6516,4.0493,Normal,0,,0.0,None,0,No Action Required
2026-05-01 22:01:00,WELL-002,drilling,3308.6909,137.4542,113.6406,18.4939,44.2687,287.9683,2830.7126,2914.8986,94.7529,1.653,3.6239,Normal,0,,0.0,None,0,No Action Required
2026-05-01 22:02:00,WELL-002,drilling,3309.3302,132.6612,113.4073,18.0896,38.5013,287.0179,2818.0546,2839.8031,94.8164,1.6529,3.1505,Normal,0,,0.0,None,0,No Action Required
2026-05-01 22:03:00,WELL-002,drilling,3309.9951,131.5623,113.1102,17.3083,40.0814,286.3974,2828.4043,2770.3807,94.7954,1.6503,4.0885,Normal,0,,0.0,None,0,No Action Required
2026-05-01 22:04:00,WELL-002,drilling,3310.6729,133.9095,113.9463,17.2442,40.3104,285.9486,2806.7997,2805.6639,94.806,1.6522,4.0702,Normal,0,,0.0,None,0,No Action Required
2026-05-01 22:05:00,WELL-002,drilling,3311.3483,131.6219,112.7512,17.2051,41.268,285.6757,2804.5735,2796.3909,94.8094,1.6505,3.3,Normal,0,,0.0,None,0,No Action Required
2026-05-01 22:06:00,WELL-002,drilling,3312.0753,130.6783,114.1403,17.2931,42.5073,284.6776,2827.179,2841.7222,94.7889,1.6509,2.9275,Normal,0,,0.0,None,0,No Action Required
2026-05-01 22:07:00,WELL-002,drilling,3312.766,130.1035,113.4735,16.797,39.9264,284.0785,2828.2974,2828.2283,94.7575,1.6501,3.658,Normal,0,,0.0,None,0,No Action Required
2026-05-01 22:08:00,WELL-002,drilling,3313.4723,132.9237,114.3339,16.5898,42.9346,284.7499,2825.4292,2797.0215,94.7505,1.649,3.5239,Normal,0,,0.0,None,0,No Action Required
2026-05-01 22:09:00,WELL-002,drilling,3314.191,138.7179,114.7131,17.3718,45.6877,284.1064,2817.6798,2880.4542,94.7388,1.6505,3.9127,Normal,0,,0.0,None,0,No Action Required
2026-05-01 22:10:00,WELL-002,drilling,3315.0193,143.095,113.435,17.5749,47.6477,284.2775,2821.9305,2788.429,94.7759,1.6479,4.2963,Normal,0,,0.0,None,0,No Action Required
2026-05-01 22:11:00,WELL-002,drilling,3315.743,140.0218,113.0586,17.5222,44.1944,285.4613,2809.6501,2784.7976,94.7494,1.6511,4.4839,Normal,0,,0.0,None,0,No Action Required
2026-05-01 22:12:00,WELL-002,drilling,3316.4865,137.3697,113.5377,17.4823,43.9336,285.353,2808.6581,2824.125,94.7764,1.6509,4.1808,Normal,0,,0.0,None,0,No Action Required
2026-05-01 22:13:00,WELL-002,drilling,3317.2194,134.6859,112.4535,16.9864,43.3857,284.3291,2802.7252,2840.0145,94.7328,1.6503,3.7948,Normal,0,,0.0,None,0,No Action Required
2026-05-01 22:14:00,WELL-002,drilling,3317.9905,131.7668,113.9587,16.7493,43.4218,283.9976,2807.6496,2813.0634,94.6561,1.6486,3.1,Normal,0,,0.0,None,0,No Action Required
2026-05-01 22:15:00,WELL-002,drilling,3318.6299,132.1506,115.0718,16.6536,39.1774,283.26,2809.9426,2766.005,94.6552,1.6517,2.7308,Normal,0,,0.0,None,0,No Action Required
2026-05-01 22:16:00,WELL-002,drilling,3319.2982,126.821,113.8897,16.162,38.1943,283.157,2806.156,2759.097,94.7172,1.6527,2.703,Normal,0,,0.0,None,0,No Action Required
2026-05-01 22:17:00,WELL-002,drilling,3319.8958,124.2657,112.9949,16.2418,36.9764,283.3971,2822.4821,2708.9231,94.7162,1.6444,2.9734,Normal,0,,0.0,None,0,No Action Required
2026-05-01 22:18:00,WELL-002,drilling,3320.5282,124.2595,112.7734,17.1176,37.8553,283.3508,2813.1683,2841.2295,94.6668,1.6538,2.7822,Normal,0,,0.0,None,0,No Action Required
2026-05-01 22:19:00,WELL-002,drilling,3321.1037,126.3812,114.1093,17.1747,39.6732,284.0039,2818.9732,2760.9702,94.6742,1.6517,2.2339,Normal,0,,0.0,None,0,No Action Required
2026-05-01 22:20:00,WELL-002,drilling,3321.8178,127.2298,114.1735,16.8262,39.6461,285.251,2823.682,2783.7123,94.6812,1.6545,3.7887,Normal,0,,0.0,None,0,No Action Required
2026-05-01 22:21:00,WELL-002,drilling,3322.4875,130.1686,113.8052,16.7729,37.8593,286.1494,2825.9466,2841.6439,94.6842,1.6507,2.9487,Normal,0,,0.0,None,0,No Action Required
2026-05-01 22:22:00,WELL-002,drilling,3323.1872,135.8935,114.6172,17.5608,40.3029,286.2759,2831.2742,2771.9969,94.6318,1.6506,3.7151,Normal,0,,0.0,None,0,No Action Required
2026-05-01 22:23:00,WELL-002,drilling,3323.8586,135.3513,114.1078,18.1595,43.1371,285.8724,2826.819,2835.483,94.5761,1.6476,3.6062,Normal,0,,0.0,None,0,No Action Required
2026-05-01 22:24:00,WELL-002,drilling,3324.5691,135.9735,114.0315,17.8863,41.3149,285.3796,2857.1196,2768.5996,94.6183,1.651,3.9591,Normal,0,,0.0,None,0,No Action Required
2026-05-01 22:25:00,WELL-002,drilling,3325.2396,144.1936,113.0601,18.0326,41.9259,285.7904,2814.5233,2849.6472,94.6431,1.6494,3.8118,Normal,0,,0.0,None,0,No Action Required
2026-05-01 22:26:00,WELL-002,drilling,3325.9325,139.7156,114.1752,17.8265,42.7685,285.838,2828.4695,2810.8024,94.5793,1.65,3.4887,Normal,0,,0.0,None,0,No Action Required
2026-05-01 22:27:00,WELL-002,drilling,3326.7077,142.5101,113.1518,18.2623,43.9888,286.0842,2821.8528,2810.6372,94.6052,1.6524,3.7386,Normal,0,,0.0,None,0,No Action Required
2026-05-01 22:28:00,WELL-002,drilling,3327.3942,135.7405,114.9649,17.7086,41.1513,285.5192,2817.3927,2824.5843,94.5891,1.6528,3.7511,Normal,0,,0.0,None,0,No Action Required
2026-05-01 22:29:00,WELL-002,drilling,3328.0677,132.123,113.5169,17.6549,40.7789,285.4547,2819.7914,2857.7844,94.5645,1.6499,3.3497,Normal,0,,0.0,None,0,No Action Required
2026-05-01 22:30:00,WELL-002,drilling,3328.7626,129.8474,113.8331,18.0721,40.6463,286.834,2834.6897,2752.5676,94.5783,1.6466,3.5001,Normal,0,,0.0,None,0,No Action Required
2026-05-01 22:31:00,WELL-002,drilling,3329.4594,132.082,114.0935,17.8013,41.1326,286.715,2817.7743,2771.3561,94.5756,1.6511,3.9856,Normal,0,,0.0,None,0,No Action Required
2026-05-01 22:32:00,WELL-002,drilling,3330.1193,133.3664,113.1448,17.9193,41.8349,287.0148,2841.3728,2850.9909,94.5613,1.6498,16.8669,Normal,0,,0.0,None,0,No Action Required
2026-05-01 22:33:00,WELL-002,connection,3330.1513,0.0,0.0,0.0,0.3311,132.3782,1125.587,1909.7114,95.2903,1.6482,16.7553,Normal,0,,0.0,None,0,No Action Required
2026-05-01 22:34:00,WELL-002,connection,3330.1203,0.3728,0.1294,0.0,0.0,43.5561,0.0,824.7716,96.0995,1.6478,16.2482,Normal,0,,0.0,None,0,No Action Required
2026-05-01 22:35:00,WELL-002,connection,3330.1256,0.0,0.0,0.0485,0.0222,14.2942,0.0,366.031,96.4553,1.6513,16.571,Normal,0,,0.0,None,0,No Action Required
2026-05-01 22:36:00,WELL-002,connection,3330.1627,0.0,0.0,0.1316,0.0,4.9824,0.0,163.1039,96.578,1.6532,16.1543,Normal,0,,0.0,None,0,No Action Required
2026-05-01 22:37:00,WELL-002,connection,3330.1493,0.3152,0.0,0.232,0.0,1.8092,0.0,71.9298,96.6854,1.6493,16.0521,Normal,0,,0.0,None,0,No Action Required
2026-05-01 22:38:00,WELL-002,connection,3330.1308,0.3974,0.0042,0.0689,0.6402,0.0,0.0,31.6214,96.7024,1.6488,3.9256,Normal,0,,0.0,None,0,No Action Required
2026-05-01 22:39:00,WELL-002,connection,3330.1287,0.0,1.2018,0.0,0.0,0.0,0.0,14.0174,96.672,1.6497,3.7164,Normal,0,,0.0,None,0,No Action Required
2026-05-01 22:40:00,WELL-002,connection,3330.1606,0.0,0.6025,0.0,0.3019,54.6446,1404.1254,777.5229,96.0692,1.6495,4.2231,Normal,0,,0.0,None,0,No Action Required
2026-05-01 22:41:00,WELL-002,drilling,3330.3297,41.8449,37.955,11.5632,9.5996,207.2919,2800.2903,1939.9241,95.1827,1.6459,4.6183,Normal,0,,0.0,None,0,No Action Required
2026-05-01 22:42:00,WELL-002,drilling,3330.6632,78.7587,73.8529,14.035,20.7714,257.6199,2815.5785,2392.7374,94.7782,1.6547,4.3635,Normal,0,,0.0,None,0,No Action Required
2026-05-01 22:43:00,WELL-002,drilling,3331.223,119.4076,111.8081,16.8012,35.9143,274.7406,2806.0503,2607.3604,94.5363,1.6501,4.6227,Normal,0,,0.0,None,0,No Action Required
2026-05-01 22:44:00,WELL-002,drilling,3331.8397,121.5129,111.4759,16.6398,35.6021,280.3069,2786.961,2706.2286,94.4776,1.6544,4.4837,Normal,0,,0.0,None,0,No Action Required
2026-05-01 22:45:00,WELL-002,drilling,3332.4115,122.8484,111.3624,17.0639,34.4234,282.5482,2798.3758,2693.9129,94.4651,1.6488,4.3921,Normal,0,,0.0,None,0,No Action Required
2026-05-01 22:46:00,WELL-002,drilling,3333.0294,124.5726,110.5312,17.0576,35.2776,282.6808,2813.1931,2774.2676,94.4191,1.6514,4.5227,Normal,0,,0.0,None,0,No Action Required
2026-05-01 22:47:00,WELL-002,drilling,3333.5604,116.6251,113.4569,16.6032,33.9079,282.6608,2808.7133,2830.8388,94.428,1.6515,3.85,Normal,0,,0.0,None,0,No Action Required
2026-05-01 22:48:00,WELL-002,drilling,3334.148,116.9303,111.7662,17.1239,31.7112,283.3182,2792.4979,2773.8597,94.3709,1.6561,3.9477,Normal,0,,0.0,None,0,No Action Required
2026-05-01 22:49:00,WELL-002,drilling,3334.6655,120.9508,111.8723,17.6631,32.9922,284.8286,2814.602,2789.399,94.4265,1.6484,3.0473,Normal,0,,0.0,None,0,No Action Required
2026-05-01 22:50:00,WELL-002,drilling,3335.2188,114.399,112.2191,17.5157,32.6361,285.283,2816.4929,2747.4057,94.3482,1.6506,3.6989,Normal,0,,0.0,None,0,No Action Required
2026-05-01 22:51:00,WELL-002,drilling,3335.7426,116.3396,111.7513,17.37,34.4117,286.7421,2822.8012,2781.627,94.3374,1.6492,3.6946,Normal,0,,0.0,None,0,No Action Required
2026-05-01 22:52:00,WELL-002,drilling,3336.4164,121.0033,112.2157,17.8788,37.8665,287.2582,2809.7433,2729.8986,94.3709,1.6482,3.9253,Normal,0,,0.0,None,0,No Action Required
2026-05-01 22:53:00,WELL-002,drilling,3336.9698,118.2937,111.7167,17.2254,36.5062,287.8641,2832.1843,2789.9208,94.3196,1.6495,3.7873,Normal,0,,0.0,None,0,No Action Required
2026-05-01 22:54:00,WELL-002,drilling,3337.5749,118.9321,110.9488,16.8136,36.7447,287.5056,2843.7521,2782.8101,94.3312,1.6509,3.6852,Normal,0,,0.0,None,0,No Action Required
2026-05-01 22:55:00,WELL-002,drilling,3338.1859,120.4884,111.3343,16.9179,37.2002,287.4597,2822.4414,2750.6627,94.3043,1.6512,3.4833,Normal,0,,0.0,None,0,No Action Required
2026-05-01 22:56:00,WELL-002,drilling,3338.8353,120.0899,111.9917,16.6922,37.8409,286.685,2815.7917,2795.4275,94.2914,1.6484,3.9681,Normal,0,,0.0,None,0,No Action Required
2026-05-01 22:57:00,WELL-002,drilling,3339.4724,122.8119,112.0315,16.7349,37.506,286.8375,2834.9584,2819.9165,94.3318,1.6523,3.822,Normal,0,,0.0,None,0,No Action Required
2026-05-01 22:58:00,WELL-002,drilling,3340.0952,123.2321,112.2866,16.427,37.2636,286.3969,2843.1394,2788.1978,94.2456,1.6496,4.3649,Normal,0,,0.0,None,0,No Action Required
2026-05-01 22:59:00,WELL-002,drilling,3340.723,123.4683,111.3378,16.5589,38.2102,286.4176,2823.4588,2897.1678,94.3181,1.6504,4.2548,Normal,0,,0.0,None,0,No Action Required
2026-05-01 23:00:00,WELL-002,drilling,3341.3453,124.1428,111.6927,16.2308,37.9097,286.737,2839.3959,2843.6538,94.301,1.6465,3.7854,Normal,0,,0.0,None,0,No Action Required
2026-05-01 23:01:00,WELL-002,drilling,3342.008,126.1073,111.7357,16.5444,39.2642,287.1121,2839.048,2837.71,94.3051,1.6513,3.9788,Normal,0,,0.0,None,0,No Action Required
2026-05-01 23:02:00,WELL-002,drilling,3342.6662,121.5263,112.0844,16.8902,38.0383,287.2601,2829.502,2835.5909,94.3051,1.6475,4.3359,Normal,0,,0.0,None,0,No Action Required
2026-05-01 23:03:00,WELL-002,drilling,3343.3268,123.7976,111.854,17.1388,38.9623,287.6949,2800.6907,2808.6756,94.3039,1.6509,4.3118,Normal,0,,0.0,None,0,No Action Required
2026-05-01 23:04:00,WELL-002,drilling,3343.9574,124.4263,113.1156,17.9604,38.8238,286.6759,2822.1089,2813.5331,94.2381,1.6484,4.4519,Normal,0,,0.0,None,0,No Action Required
2026-05-01 23:05:00,WELL-002,drilling,3344.6052,125.8801,112.8253,17.845,38.8241,287.625,2834.1844,2813.0563,94.261,1.6489,4.4553,Normal,0,,0.0,None,0,No Action Required
2026-05-01 23:06:00,WELL-002,drilling,3345.2446,125.7046,111.9445,18.1344,38.1661,287.6952,2822.2804,2771.0839,94.2776,1.6512,4.5795,Normal,0,,0.0,None,0,No Action Required
2026-05-01 23:07:00,WELL-002,drilling,3345.8482,124.3259,111.8105,17.7442,36.8698,287.5329,2832.0101,2836.4494,94.2846,1.6524,4.7009,Normal,0,,0.0,None,0,No Action Required
2026-05-01 23:08:00,WELL-002,drilling,3346.4596,124.5515,110.4576,17.1514,38.0989,287.1711,2826.4044,2790.8938,94.2412,1.6482,4.2073,Normal,0,,0.0,None,0,No Action Required
2026-05-01 23:09:00,WELL-002,drilling,3347.1277,124.1209,111.9697,17.0161,36.7274,287.4677,2826.0561,2826.4303,94.2344,1.6485,4.0395,Normal,0,,0.0,None,0,No Action Required
2026-05-01 23:10:00,WELL-002,drilling,3347.713,121.4527,112.8869,16.9317,36.6862,287.4717,2821.1777,2772.1546,94.2478,1.6503,3.6762,Normal,0,,0.0,None,0,No Action Required
2026-05-01 23:11:00,WELL-002,drilling,3348.3113,123.2851,111.3033,16.7022,36.48,287.4034,2815.6464,2819.7841,94.2324,1.6477,3.6362,Normal,0,,0.0,None,0,No Action Required
2026-05-01 23:12:00,WELL-002,drilling,3348.9168,117.5869,111.8395,16.0153,35.0934,288.1439,2828.4772,2785.6479,94.2228,1.6513,4.2617,Normal,0,,0.0,None,0,No Action Required
2026-05-01 23:13:00,WELL-002,drilling,3349.4869,119.3388,111.9445,16.2426,35.5564,289.8524,2856.2717,2844.401,94.216,1.6491,3.7645,Normal,0,,0.0,None,0,No Action Required
2026-05-01 23:14:00,WELL-002,drilling,3350.059,119.1645,110.6856,16.1141,34.6975,289.2798,2812.1756,2857.1623,94.1787,1.648,3.8507,Normal,0,,0.0,None,0,No Action Required
2026-05-01 23:15:00,WELL-002,drilling,3350.6614,116.3439,111.0411,16.1894,35.1952,290.3141,2853.4057,2877.7046,94.2034,1.6526,4.1645,Normal,0,,0.0,None,0,No Action Required
2026-05-01 23:16:00,WELL-002,drilling,3351.2676,117.015,111.8491,16.3391,37.1269,290.3236,2840.4165,2867.3938,94.1708,1.6473,3.7928,Normal,0,,0.0,None,0,No Action Required
2026-05-01 23:17:00,WELL-002,drilling,3351.9006,116.0894,111.7961,16.4412,37.3233,289.8617,2831.4256,2844.5204,94.1729,1.6472,3.881,Normal,0,,0.0,None,0,No Action Required
2026-05-01 23:18:00,WELL-002,drilling,3352.5235,129.9534,112.1768,17.6334,39.0068,289.7021,2838.929,2815.1675,94.18,1.6487,3.9497,Normal,0,,0.0,None,0,No Action Required
2026-05-01 23:19:00,WELL-002,drilling,3353.1673,130.8506,111.8826,16.9137,38.2914,289.347,2832.0577,2811.9792,94.1594,1.6465,3.5654,Normal,0,,0.0,None,0,No Action Required
2026-05-01 23:20:00,WELL-002,drilling,3353.8082,127.0992,112.2713,16.882,37.6557,289.7848,2818.647,2830.3031,94.1807,1.647,3.6805,Normal,0,,0.0,None,0,No Action Required
2026-05-01 23:21:00,WELL-002,drilling,3354.4434,126.5105,111.2826,16.7964,37.4609,289.4766,2836.3643,2758.4869,94.1388,1.6509,28.7873,Normal,0,,0.0,None,0,No Action Required
2026-05-01 23:22:00,WELL-002,drilling,3355.1149,130.9304,112.1674,17.5401,38.9381,289.0342,2832.2055,2855.133,94.1502,1.6444,28.6538,Normal,0,,0.0,None,0,No Action Required
2026-05-01 23:23:00,WELL-002,drilling,3355.7738,129.1322,113.3964,17.2709,39.7612,289.235,2796.3516,2837.2017,94.092,1.6499,28.2998,Normal,0,,0.0,None,0,No Action Required
2026-05-01 23:24:00,WELL-002,drilling,3356.4167,128.2039,111.9077,16.9609,41.1328,288.3657,2837.57,2715.324,94.1002,1.6489,28.506,Normal,0,,0.0,None,0,No Action Required
2026-05-01 23:25:00,WELL-002,drilling,3357.1415,129.5998,111.1849,16.7152,41.1621,288.299,2828.1322,2812.5743,94.094,1.6518,28.6779,Normal,0,,0.0,None,0,No Action Required
2026-05-01 23:26:00,WELL-002,drilling,3357.7714,127.0291,110.8267,16.2089,39.9108,287.5143,2831.3583,2819.9959,94.1698,1.6497,28.2975,Normal,0,,0.0,None,0,No Action Required
2026-05-01 23:27:00,WELL-002,drilling,3358.4608,129.2523,112.2746,16.6699,39.7562,287.4386,2806.7503,2785.763,94.1094,1.6512,27.9599,Normal,0,,0.0,None,0,No Action Required
2026-05-01 23:28:00,WELL-002,connection,3358.4624,0.5583,0.4752,0.1593,0.0,133.284,1129.6562,1863.1986,94.8428,1.6599,3.7178,Normal,0,,0.0,None,0,No Action Required
2026-05-01 23:29:00,WELL-002,connection,3358.4601,0.8638,0.0761,0.0327,0.0,44.0544,0.0,819.4177,95.6727,1.6585,3.9466,Normal,0,,0.0,None,0,No Action Required
2026-05-01 23:30:00,WELL-002,connection,3358.4713,0.0,0.0,0.1263,0.3199,15.0493,0.0,367.4786,96.0527,1.6632,2.9395,Normal,0,,0.0,None,0,No Action Required
2026-05-01 23:31:00,WELL-002,connection,3358.4769,0.4939,0.3407,0.2099,0.0,5.3312,0.0,162.8379,96.1941,1.66,3.298,Normal,0,,0.0,None,0,No Action Required
2026-05-01 23:32:00,WELL-002,connection,3358.466,0.519,0.2427,0.0,0.0,0.724,0.0,71.4931,96.2618,1.6637,3.876,Normal,0,,0.0,None,0,No Action Required
2026-05-01 23:33:00,WELL-002,connection,3358.4431,0.0406,0.441,0.0,0.0,0.2419,0.0,31.6756,96.2547,1.6601,3.5065,Normal,0,,0.0,None,0,No Action Required
2026-05-01 23:34:00,WELL-002,connection,3358.4754,0.0,0.0,0.0,0.1738,0.0,0.0,14.1594,96.2474,1.6558,3.7685,Normal,0,,0.0,None,0,No Action Required
2026-05-01 23:35:00,WELL-002,connection,3358.4508,0.0126,0.1826,0.0809,0.1059,0.0253,0.0,6.3108,96.2268,1.6586,3.9747,Normal,0,,0.0,None,0,No Action Required
2026-05-01 23:36:00,WELL-002,connection,3358.4353,1.1034,0.1311,0.0,0.0745,56.153,1419.5228,794.5358,95.575,1.661,3.8321,Normal,0,,0.0,None,0,No Action Required
2026-05-01 23:37:00,WELL-002,drilling,3358.6861,42.7632,43.5706,10.3157,10.8655,213.3496,2858.8069,1965.3225,94.7274,1.6615,3.7706,Normal,0,,0.0,None,0,No Action Required
2026-05-01 23:38:00,WELL-002,drilling,3359.1367,88.5389,85.7778,13.3371,28.9317,266.868,2840.6155,2476.2536,94.3188,1.6622,4.0967,Normal,0,,0.0,None,0,No Action Required
2026-05-01 23:39:00,WELL-002,drilling,3359.8717,133.5591,131.8691,16.2438,45.0577,284.7947,2852.0786,2616.6279,94.1406,1.6615,4.0116,Normal,0,,0.0,None,0,No Action Required
2026-05-01 23:40:00,WELL-002,drilling,3360.6045,132.4016,129.9061,15.9579,44.3911,289.2446,2829.237,2768.2533,94.0806,1.6565,3.4805,Normal,0,,0.0,None,0,No Action Required
2026-05-01 23:41:00,WELL-002,drilling,3361.3242,128.7948,130.5109,15.3028,40.8695,291.2498,2825.8757,2741.8346,93.9674,1.6586,3.3832,Normal,0,,0.0,None,0,No Action Required
2026-05-01 23:42:00,WELL-002,drilling,3362.0011,127.9566,130.3678,15.5118,41.6497,290.3076,2826.8239,2852.3805,93.9515,1.6597,4.1033,Normal,0,,0.0,None,0,No Action Required
2026-05-01 23:43:00,WELL-002,drilling,3362.6429,127.8124,129.9569,15.9267,38.8793,292.1555,2843.0084,2819.0337,93.9084,1.6572,3.3957,Normal,0,,0.0,None,0,No Action Required
2026-05-01 23:44:00,WELL-002,drilling,3363.3127,127.0053,129.1391,16.4039,39.0917,293.2789,2830.2705,2854.3656,93.9959,1.6599,4.0723,Normal,0,,0.0,None,0,No Action Required
2026-05-01 23:45:00,WELL-002,drilling,3363.9995,132.3954,130.0125,16.9307,42.6747,292.9522,2850.6174,2801.5577,93.9843,1.6581,4.0931,Normal,0,,0.0,None,0,No Action Required
2026-05-01 23:46:00,WELL-002,drilling,3364.7665,132.0973,130.1438,17.3478,43.8219,292.9351,2832.6823,2805.363,93.9774,1.659,4.2979,Normal,0,,0.0,None,0,No Action Required
2026-05-01 23:47:00,WELL-002,drilling,3365.4849,129.5769,130.8643,17.438,43.5647,293.3782,2830.0261,2822.752,93.9781,1.6551,4.2335,Normal,0,,0.0,None,0,No Action Required
2026-05-01 23:48:00,WELL-002,drilling,3366.1956,131.9083,130.0421,17.5702,43.2371,293.7861,2811.9321,2867.177,93.9327,1.6593,3.831,Normal,0,,0.0,None,0,No Action Required
2026-05-01 23:49:00,WELL-002,drilling,3366.8927,124.2741,130.8715,16.7845,42.043,294.4627,2826.6346,2869.3981,93.9352,1.6582,4.2955,Normal,0,,0.0,None,0,No Action Required
2026-05-01 23:50:00,WELL-002,drilling,3367.5414,122.7615,130.1697,16.2549,41.462,293.7332,2838.1635,2783.1806,93.8873,1.6582,3.6882,Normal,0,,0.0,None,0,No Action Required
2026-05-01 23:51:00,WELL-002,drilling,3368.2193,121.6467,130.3056,16.1394,40.9986,293.9659,2824.675,2876.7496,93.9,1.662,3.9509,Normal,0,,0.0,None,0,No Action Required
2026-05-01 23:52:00,WELL-002,drilling,3368.9377,125.0673,130.4739,16.126,40.3836,293.1566,2836.8788,2795.6544,93.9445,1.66,3.9737,Normal,0,,0.0,None,0,No Action Required
2026-05-01 23:53:00,WELL-002,drilling,3369.5722,122.7809,129.3371,15.97,39.7097,293.4019,2855.5956,2793.3802,93.9003,1.6587,4.1349,Normal,0,,0.0,None,0,No Action Required
2026-05-01 23:54:00,WELL-002,drilling,3370.2459,125.2374,130.9078,16.3726,38.5322,292.7607,2821.2077,2859.2938,93.9148,1.6587,3.4101,Normal,0,,0.0,None,0,No Action Required
2026-05-01 23:55:00,WELL-002,drilling,3370.8121,117.7558,129.9741,16.0045,39.0197,292.4265,2833.2645,2796.6179,93.9034,1.6621,3.3778,Normal,0,,0.0,None,0,No Action Required
2026-05-01 23:56:00,WELL-002,drilling,3371.4819,123.9404,129.8541,16.6267,38.3676,292.092,2834.019,2830.2798,93.8356,1.6609,3.2856,Normal,0,,0.0,None,0,No Action Required
2026-05-01 23:57:00,WELL-002,drilling,3372.1036,125.6548,126.9794,17.0771,38.3181,291.647,2826.8803,2814.9323,93.839,1.658,3.8306,Stuck Pipe,1,Stuck Pipe,0.04,High,90,Stop applying weight; work the string within torque and overpull limits
2026-05-01 23:58:00,WELL-002,drilling,3372.7843,130.2038,125.3152,17.8521,38.4348,291.2051,2811.0287,2813.9849,93.9181,1.6627,3.0955,Stuck Pipe,1,Stuck Pipe,0.079,High,90,Stop applying weight; work the string within torque and overpull limits
2026-05-01 23:59:00,WELL-002,drilling,3373.3951,132.8122,123.4387,19.4994,36.7656,291.1034,2812.4317,2771.737,93.8861,1.6575,2.8091,Stuck Pipe,1,Stuck Pipe,0.119,High,90,Stop applying weight; work the string within torque and overpull limits
2026-05-01 00:00:00,WELL-003,drilling,969.2707,36.0797,43.8488,5.5606,8.567,41.1081,2103.6991,2085.1232,103.4053,1.2121,31.5734,Normal,0,,0.0,None,0,No Action Required
2026-05-01 00:01:00,WELL-003,drilling,969.5736,70.2421,86.231,7.8505,20.2576,54.42,2104.1606,2114.8255,103.4222,1.2084,31.9449,Normal,0,,0.0,None,0,No Action Required
2026-05-01 00:02:00,WELL-003,drilling,970.1731,104.4997,130.2585,10.6961,34.3112,59.1649,2108.1951,2129.6797,103.4716,1.2079,31.5318,Normal,0,,0.0,None,0,No Action Required
2026-05-01 00:03:00,WELL-003,drilling,970.726,102.5025,127.8913,10.1773,35.2034,60.1975,2110.3569,2157.8847,103.4122,1.2101,31.9398,Normal,0,,0.0,None,0,No Action Required
2026-05-01 00:04:00,WELL-003,drilling,971.3545,101.6076,129.0357,10.1307,35.8374,60.5663,2099.8838,2143.8885,103.36,1.2098,31.8828,Normal,0,,0.0,None,0,No Action Required
2026-05-01 00:05:00,WELL-003,drilling,971.9664,104.6073,128.5714,10.8239,36.9787,60.7294,2082.8027,2110.1655,103.4205,1.21,31.9845,Normal,0,,0.0,None,0,No Action Required
2026-05-01 00:06:00,WELL-003,drilling,972.5474,102.9206,129.1292,11.1416,35.789,61.0907,2101.0194,2131.6127,103.4156,1.2113,31.4604,Normal,0,,0.0,None,0,No Action Required
2026-05-01 00:07:00,WELL-003,drilling,973.1777,104.3023,128.7188,10.8677,36.8415,61.0263,2102.6735,2113.6691,103.3975,1.2085,31.9402,Normal,0,,0.0,None,0,No Action Required
2026-05-01 00:08:00,WELL-003,drilling,973.7454,96.6669,129.7027,10.6683,34.1575,61.1632,2096.78,2142.6187,103.4091,1.2098,31.6642,Normal,0,,0.0,None,0,No Action Required
2026-05-01 00:09:00,WELL-003,drilling,974.3138,99.7979,129.0366,10.7368,33.1079,61.481,2092.9943,2107.3788,103.4007,1.2109,31.5517,Normal,0,,0.0,None,0,No Action Required
2026-05-01 00:10:00,WELL-003,drilling,974.857,102.3186,130.8125,11.0257,33.5163,60.7692,2093.1419,2118.7725,103.4749,1.2116,31.7261,Normal,0,,0.0,None,0,No Action Required
2026-05-01 00:11:00,WELL-003,drilling,975.3768,102.2412,130.0718,10.6188,32.9666,61.2063,2101.0129,2090.8301,103.4572,1.2101,31.5822,Normal,0,,0.0,None,0,No Action Required
2026-05-01 00:12:00,WELL-003,drilling,975.935,99.2833,129.9433,10.3772,32.1925,60.9608,2103.6069,2153.0432,103.462,1.2074,31.3035,Normal,0,,0.0,None,0,No Action Required
2026-05-01 00:13:00,WELL-003,drilling,976.4732,96.6632,127.9407,10.8671,33.6342,61.2138,2120.5429,2100.0944,103.5178,1.2086,31.4763,Normal,0,,0.0,None,0,No Action Required
2026-05-01 00:14:00,WELL-003,drilling,977.035,103.1446,129.1401,10.8222,33.4337,60.7716,2114.0173,2083.4654,103.4146,1.2125,30.9566,Normal,0,,0.0,None,0,No Action Required
2026-05-01 00:15:00,WELL-003,drilling,977.6176,105.8835,128.6634,11.3192,34.3232,60.2744,2084.1506,2140.9509,103.409,1.2074,31.6132,Normal,0,,0.0,None,0,No Action Required
2026-05-01 00:16:00,WELL-003,connection,977.6125,0.0,0.232,0.1711,0.3178,27.7175,841.6709,1406.2396,103.9477,1.2093,31.894,Normal,0,,0.0,None,0,No Action Required
2026-05-01 00:17:00,WELL-003,connection,977.6116,0.8386,0.287,0.0,0.4261,8.9302,0.0,619.5913,104.5737,1.2108,32.3496,Normal,0,,0.0,None,0,No Action Required
2026-05-01 00:18:00,WELL-003,connection,977.6236,1.2445,0.5299,0.0,0.3011,2.7255,0.0,270.582,104.7958,1.2102,31.3003,Normal,0,,0.0,None,0,No Action Required
2026-05-01 00:19:00,WELL-003,connection,977.6462,0.5755,1.0184,0.0,0.0,1.4107,0.0,115.969,104.9794,1.2101,30.3272,Normal,0,,0.0,None,0,No Action Required
2026-05-01 00:20:00,WELL-003,connection,977.6198,0.0,0.4409,0.1659,0.7565,0.0,0.0,50.894,104.9617,1.2093,30.7635,Normal,0,,0.0,None,0,No Action Required
2026-05-01 00:21:00,WELL-003,connection,977.6001,0.1994,0.1851,0.0,0.0522,0.1127,0.0,21.8605,105.065,1.2113,31.3725,Normal,0,,0.0,None,0,No Action Required
2026-05-01 00:22:00,WELL-003,connection,977.627,0.0,0.0373,0.0,0.0,12.0167,1058.2451,598.1135,104.563,1.2104,34.2458,Normal,0,,0.0,None,0,No Action Required
2026-05-01 00:23:00,WELL-003,drilling,977.7878,35.9649,40.043,5.5779,8.4817,45.2789,2097.6263,1466.3266,103.912,1.2102,31.2193,Normal,0,,0.0,None,0,No Action Required
2026-05-01 00:24:00,WELL-003,drilling,978.0461,74.4172,78.7196,8.3551,19.9772,56.2991,2104.4211,1840.1589,103.5932,1.2125,28.2328,Normal,0,,0.0,None,0,No Action Required
2026-05-01 00:25:00,WELL-003,drilling,978.5984,113.9673,118.8892,11.4601,32.7228,59.5195,2123.129,2019.3607,103.4243,1.208,23.6477,Normal,0,,0.0,None,0,No Action Required
2026-05-01 00:26:00,WELL-003,drilling,979.142,110.0478,118.249,10.9004,31.9768,61.8688,2103.9082,2089.9327,103.3858,1.2097,22.7327,Normal,0,,0.0,None,0,No Action Required
2026-05-01 00:27:00,WELL-003,drilling,979.6811,110.6646,118.6325,10.5667,31.6971,61.6918,2118.0949,2083.5488,103.3943,1.2116,23.0689,Normal,0,,0.0,None,0,No Action Required
2026-05-01 00:28:00,WELL-003,drilling,980.2326,102.8591,117.8861,10.5736,31.92,61.2081,2111.2009,2136.1258,103.4142,1.2085,26.5104,Normal,0,,0.0,None,0,No Action Required
2026-05-01 00:29:00,WELL-003,drilling,980.7316,100.3352,118.1446,10.1882,32.5473,61.4926,2112.4341,2117.8543,103.4273,1.2103,30.4287,Normal,0,,0.0,None,0,No Action Required
2026-05-01 00:30:00,WELL-003,drilling,981.2902,100.4871,118.1187,10.3063,32.7638,61.8877,2119.0424,2122.7063,103.4047,1.2093,32.0364,Normal,0,,0.0,None,0,No Action Required
2026-05-01 00:31:00,WELL-003,drilling,981.8229,100.2963,117.1484,10.2329,32.9504,61.4053,2109.1511,2116.5479,103.4519,1.209,34.0634,Normal,0,,0.0,None,0,No Action Required
2026-05-01 00:32:00,WELL-003,drilling,982.3459,97.0173,118.7886,10.5382,31.7792,61.7046,2107.8363,2140.7864,103.4244,1.2099,33.9699,Sensor Drift,1,Sensor Drift,0.002,Low,40,Cross-check the channel against a redundant sensor and recalibrate
2026-05-01 00:33:00,WELL-003,drilling,982.8442,99.2405,118.7972,10.5885,32.0417,60.6934,2103.0181,2101.9342,103.3201,1.2076,48.6006,Sensor Drift,1,Sensor Drift,0.004,Low,40,Cross-check the channel against a redundant sensor and recalibrate
2026-05-01 00:34:00,WELL-003,drilling,983.4305,101.9975,118.6027,10.8663,30.4554,61.1737,2099.6192,2128.9574,103.3739,1.2087,51.6091,Sensor Drift,1,Sensor Drift,0.007,Low,40,Cross-check the channel against a redundant sensor and recalibrate
2026-05-01 00:35:00,WELL-003,drilling,983.8626,97.6433,118.4098,10.4305,27.605,61.1154,2078.9523,2134.2347,103.4158,1.2118,51.9318,Sensor Drift,1,Sensor Drift,0.009,Low,40,Cross-check the channel against a redundant sensor and recalibrate
2026-05-01 00:36:00,WELL-003,drilling,984.3737,100.877,117.8879,11.1557,29.354,61.7148,2092.8234,2129.3118,103.4306,1.2117,52.9272,Sensor Drift,1,Sensor Drift,0.011,Low,40,Cross-check the channel against a redundant sensor and recalibrate
2026-05-01 00:37:00,WELL-003,drilling,984.8684,103.827,116.7,11.263,29.3703,61.5244,2118.5148,2153.8005,103.387,1.2114,51.8595,Sensor Drift,1,Sensor Drift,0.013,Low,40,Cross-check the channel against a redundant sensor and recalibrate
2026-05-01 00:38:00,WELL-003,drilling,985.3606,99.8028,119.6574,11.0459,28.6243,61.566,2097.5653,2097.2805,103.3873,1.2079,51.6226,Sensor Drift,1,Sensor Drift,0.015,Low,40,Cross-check the channel against a redundant sensor and recalibrate
2026-05-01 00:39:00,WELL-003,drilling,985.7932,99.556,120.607,11.1121,28.567,61.8442,2106.3323,2127.5322,103.4045,1.2144,37.6644,Sensor Drift,1,Sensor Drift,0.018,Low,40,Cross-check the channel against a redundant sensor and recalibrate
2026-05-01 00:40:00,WELL-003,drilling,986.2652,100.058,117.6499,11.2206,28.4271,61.7523,2093.7978,2194.6273,103.3577,1.2093,38.1395,Sensor Drift,1,Sensor Drift,0.02,Low,40,Cross-check the channel against a redundant sensor and recalibrate
2026-05-01 00:41:00,WELL-003,drilling,986.7475,105.1503,118.8641,11.2684,30.0037,62.2043,2122.9763,2140.5523,103.3989,1.2139,39.7389,Sensor Drift,1,Sensor Drift,0.022,Low,40,Cross-check the channel against a redundant sensor and recalibrate
2026-05-01 00:42:00,WELL-003,drilling,987.2568,111.5412,118.6614,12.3421,29.1898,61.9419,2109.559,2084.6718,103.4308,1.2083,41.977,Sensor Drift,1,Sensor Drift,0.024,Low,40,Cross-check the channel against a redundant sensor and recalibrate
2026-05-01 00:43:00,WELL-003,drilling,987.7371,105.7446,118.3558,12.085,31.205,62.1583,2127.7246,2163.1841,103.397,1.2127,40.493,Sensor Drift,1,Sensor Drift,0.027,Low,40,Cross-check the channel against a redundant sensor and recalibrate
2026-05-01 00:44:00,WELL-003,drilling,988.2284,107.2744,118.3177,11.9831,30.4833,61.826,2136.6354,2129.833,103.3769,1.2099,38.7354,Sensor Drift,1,Sensor Drift,0.029,Low,40,Cross-check the channel against a redundant sensor and recalibrate
2026-05-01 00:45:00,WELL-003,drilling,988.7751,108.5257,118.8729,12.1609,30.8163,62.0579,2112.915,2147.8103,103.426,1.2103,36.5615,Sensor Drift,1,Sensor Drift,0.031,Low,40,Cross-check the channel against a redundant sensor and recalibrate
2026-05-01 00:46:00,WELL-003,drilling,989.2406,105.0159,118.4932,11.5507,29.3596,61.4865,2093.6158,2121.5353,103.4007,1.2084,38.8468,Sensor Drift,1,Sensor Drift,0.033,Low,40,Cross-check the channel against a redundant sensor and recalibrate
2026-05-01 00:47:00,WELL-003,drilling,989.7764,106.6359,119.0247,11.8714,32.3194,62.1646,2123.3683,2148.8913,103.4204,1.207,39.2162,Sensor Drift,1,Sensor Drift,0.035,Low,40,Cross-check the channel against a redundant sensor and recalibrate
2026-05-01 00:48:00,WELL-003,drilling,990.3757,106.263,118.6248,11.6626,33.7948,62.0389,2102.042,2087.9352,103.3591,1.2099,37.054,Sensor Drift,1,Sensor Drift,0.038,Low,40,Cross-check the channel against a redundant sensor and recalibrate
2026-05-01 00:49:00,WELL-003,drilling,990.9436,108.8271,117.8112,11.7722,34.584,62.4674,2099.9424,2130.905,103.4126,1.2101,39.2036,Sensor Drift,1,Sensor Drift,0.04,Low,40,Cross-check the channel against a redundant sensor and recalibrate
2026-05-01 00:50:00,WELL-003,drilling,991.4889,103.6467,118.2043,11.0877,31.4065,62.3014,2107.6827,2113.0602,103.3891,1.2121,38.9647,Sensor Drift,1,Sensor Drift,0.042,Low,40,Cross-check the channel against a redundant sensor and recalibrate
2026-05-01 00:51:00,WELL-003,drilling,992.0018,102.6249,119.25,10.9845,31.3053,62.9403,2107.8158,2162.2857,103.4399,1.2098,40.6728,Sensor Drift,1,Sensor Drift,0.044,Low,40,Cross-check the channel against a redundant sensor and recalibrate
2026-05-01 00:52:00,WELL-003,drilling,992.6008,103.4578,118.6936,10.8616,32.727,62.1832,2103.3002,2112.251,103.3929,1.207,41.6456,Sensor Drift,1,Sensor Drift,0.046,Low,40,Cross-check the channel against a redundant sensor and recalibrate
2026-05-01 00:53:00,WELL-003,drilling,993.1212,99.9405,117.9301,11.0219,31.9183,62.3353,2124.5742,2162.7277,103.3918,1.2072,39.1965,Sensor Drift,1,Sensor Drift,0.049,Low,40,Cross-check the channel against a redundant sensor and recalibrate
2026-05-01 00:54:00,WELL-003,drilling,993.6619,101.7094,119.0738,10.9396,30.388,62.6598,2109.4875,2155.4208,103.3562,1.2112,37.4512,Sensor Drift,1,Sensor Drift,0.051,Low,40,Cross-check the channel against a redundant sensor and recalibrate
2026-05-01 00:55:00,WELL-003,drilling,994.2053,104.402,118.4984,11.5244,32.95,62.0534,2107.2389,2116.2356,103.4083,1.2088,41.5113,Sensor Drift,1,Sensor Drift,0.053,Low,40,Cross-check the channel against a redundant sensor and recalibrate
2026-05-01 00:56:00,WELL-003,drilling,994.7046,102.0509,118.4709,10.7465,32.4385,60.9547,2090.4024,2180.2097,103.4087,1.2096,42.338,Sensor Drift,1,Sensor Drift,0.055,Low,40,Cross-check the channel against a redundant sensor and recalibrate
2026-05-01 00:57:00,WELL-003,drilling,995.284,106.4322,118.0837,11.0807,33.8613,62.0891,2104.1407,2158.7337,103.3788,1.213,42.3824,Sensor Drift,1,Sensor Drift,0.058,Low,40,Cross-check the channel against a redundant sensor and recalibrate
2026-05-01 00:58:00,WELL-003,drilling,995.8309,106.5181,117.8602,11.2685,32.9355,61.6043,2107.8409,2143.1083,103.419,1.21,45.084,Sensor Drift,1,Sensor Drift,0.06,Low,40,Cross-check the channel against a redundant sensor and recalibrate
2026-05-01 00:59:00,WELL-003,drilling,996.4014,111.3417,118.0169,11.5964,34.1066,61.8018,2107.0382,2111.1014,103.4094,1.2089,41.5622,Sensor Drift,1,Sensor Drift,0.062,Low,40,Cross-check the channel against a redundant sensor and recalibrate
2026-05-01 01:00:00,WELL-003,drilling,996.9075,103.657,118.1905,10.5781,30.4977,61.8748,2123.1638,2099.1223,103.3682,1.2109,42.8498,Sensor Drift,1,Sensor Drift,0.064,Low,40,Cross-check the channel against a redundant sensor and recalibrate
2026-05-01 01:01:00,WELL-003,drilling,997.444,102.5631,117.9702,10.6399,30.502,61.7082,2121.4427,2160.3636,103.4079,1.2135,42.2092,Sensor Drift,1,Sensor Drift,0.066,Low,40,Cross-check the channel against a redundant sensor and recalibrate
2026-05-01 01:02:00,WELL-003,drilling,997.9198,105.7327,117.8207,11.1598,30.6993,61.6099,2102.8283,2166.7752,103.4197,1.2084,43.0789,Sensor Drift,1,Sensor Drift,0.069,Low,40,Cross-check the channel against a redundant sensor and recalibrate
2026-05-01 01:03:00,WELL-003,drilling,998.4755,107.323,117.4972,11.3109,33.0365,61.3361,2105.6152,2138.4172,103.3359,1.209,42.7245,Sensor Drift,1,Sensor Drift,0.071,Low,40,Cross-check the channel against a redundant sensor and recalibrate
2026-05-01 01:04:00,WELL-003,drilling,999.0581,110.7255,118.9463,11.7146,34.0439,61.6123,2122.6318,2118.495,103.4291,1.2129,45.2952,Sensor Drift,1,Sensor Drift,0.073,Low,40,Cross-check the channel against a redundant sensor and recalibrate
2026-05-01 01:05:00,WELL-003,drilling,999.6146,111.411,117.9635,11.9702,33.9915,61.8334,2102.7078,2112.3148,103.4059,1.2125,44.6734,Sensor Drift,1,Sensor Drift,0.075,Low,40,Cross-check the channel against a redundant sensor and recalibrate
2026-05-01 01:06:00,WELL-003,drilling,1000.1591,109.2352,117.405,11.4417,32.9009,61.9266,2100.5215,2168.0266,103.3136,1.2144,43.8199,Sensor Drift,1,Sensor Drift,0.077,Low,40,Cross-check the channel against a redundant sensor and recalibrate
2026-05-01 01:07:00,WELL-003,drilling,1000.6809,108.1314,118.4491,11.1423,32.9646,62.6103,2114.9601,2123.3584,103.4174,1.2125,41.0105,Sensor Drift,1,Sensor Drift,0.08,Low,40,Cross-check the channel against a redundant sensor and recalibrate
2026-05-01 01:08:00,WELL-003,drilling,1001.2937,104.8203,118.9115,10.9108,33.9543,62.1278,2119.1693,2132.1718,103.3602,1.2098,41.6712,Sensor Drift,1,Sensor Drift,0.082,Low,40,Cross-check the channel against a redundant sensor and recalibrate
2026-05-01 01:09:00,WELL-003,drilling,1001.8693,104.1735,117.3662,10.8216,33.0198,61.6605,2104.4838,2158.6161,103.3871,1.209,36.083,Sensor Drift,1,Sensor Drift,0.084,Low,40,Cross-check the channel against a redundant sensor and recalibrate
2026-05-01 01:10:00,WELL-003,drilling,1002.3627,105.6203,117.6696,10.9095,31.9436,61.7356,2112.9386,2157.9521,103.3727,1.2096,35.3813,Sensor Drift,1,Sensor Drift,0.086,Low,40,Cross-check the channel against a redundant sensor and recalibrate
2026-05-01 01:11:00,WELL-003,drilling,1002.9524,108.843,118.7209,10.7669,36.1548,62.2261,2107.04,2184.5751,103.4071,1.2081,36.2997,Sensor Drift,1,Sensor Drift,0.088,Low,40,Cross-check the channel against a redundant sensor and recalibrate
2026-05-01 01:12:00,WELL-003,drilling,1003.5905,110.2117,117.619,10.7533,38.2369,62.6066,2098.594,2154.4,103.4556,1.2087,36.1325,Sensor Drift,1,Sensor Drift,0.091,Low,40,Cross-check the channel against a redundant sensor and recalibrate
2026-05-01 01:13:00,WELL-003,drilling,1004.1868,108.7592,118.1112,10.6339,35.3274,62.1232,2098.4813,2097.4195,103.3662,1.2075,38.3485,Sensor Drift,1,Sensor Drift,0.093,Low,40,Cross-check the channel against a redundant sensor and recalibrate
2026-05-01 01:14:00,WELL-003,drilling,1004.7557,108.2725,119.7729,11.0054,34.6627,61.2257,2108.1394,2182.252,103.3561,1.2095,36.6719,Sensor Drift,1,Sensor Drift,0.095,Low,40,Cross-check the channel against a redundant sensor and recalibrate
2026-05-01 01:15:00,WELL-003,drilling,1005.3466,107.7501,118.4561,11.1901,36.4626,61.7842,2104.8427,2134.2425,103.4181,1.2073,37.8068,Sensor Drift,1,Sensor Drift,0.097,Low,40,Cross-check the channel against a redundant sensor and recalibrate
2026-05-01 01:16:00,WELL-003,drilling,1005.9707,102.9563,118.3024,10.8325,33.8811,62.0762,2114.2076,2147.453,103.4384,1.2081,37.8777,Sensor Drift,1,Sensor Drift,0.1,Low,40,Cross-check the channel against a redundant sensor and recalibrate
2026-05-01 01:17:00,WELL-003,connection,1005.9648,0.0,0.0,0.1032,0.3583,29.1983,842.4567,1422.4308,103.938,1.2094,41.0551,Sensor Drift,1,Sensor Drift,0.102,Low,40,Cross-check the channel against a redundant sensor and recalibrate
2026-05-01 01:18:00,WELL-003,connection,1005.9391,0.3058,0.365,0.0,0.1022,9.7292,0.0,620.6411,104.5895,1.2079,37.5843,Sensor Drift,1,Sensor Drift,0.104,Low,40,Cross-check the channel against a redundant sensor and recalibrate
2026-05-01 01:19:00,WELL-003,connection,1005.9904,0.0,0.0,0.0307,0.1179,3.6665,0.0,278.9827,104.8291,1.21,38.066,Sensor Drift,1,Sensor Drift,0.106,Low,40,Cross-check the channel against a redundant sensor and recalibrate
2026-05-01 01:20:00,WELL-003,connection,1005.9641,0.7928,0.4385,0.125,0.7848,0.8176,0.0,129.3592,104.9013,1.2111,39.9457,Sensor Drift,1,Sensor Drift,0.108,Low,40,Cross-check the channel against a redundant sensor and recalibrate
2026-05-01 01:21:00,WELL-003,connection,1005.9918,0.7028,0.0,0.1798,0.0,13.2479,1054.4095,676.4191,104.5554,1.2112,42.4939,Sensor Drift,1,Sensor Drift,0.111,Low,40,Cross-check the channel against a redundant sensor and recalibrate
2026-05-01 01:22:00,WELL-003,drilling,1006.1182,35.5107,42.1427,5.943,9.1269,45.2964,2112.4246,1491.3308,103.8845,1.2078,42.3304,Sensor Drift,1,Sensor Drift,0.113,Low,40,Cross-check the channel against a redundant sensor and recalibrate
2026-05-01 01:23:00,WELL-003,drilling,1006.4462,69.672,83.702,8.2498,19.8799,56.0255,2126.7835,1830.2401,103.6105,1.2081,40.8895,Sensor Drift,1,Sensor Drift,0.115,Low,40,Cross-check the channel against a redundant sensor and recalibrate
2026-05-01 01:24:00,WELL-003,drilling,1006.9782,104.7123,125.4258,10.5809,32.6455,59.9318,2092.9332,2025.7166,103.4136,1.2119,40.1251,Sensor Drift,1,Sensor Drift,0.117,Low,40,Cross-check the channel against a redundant sensor and recalibrate
2026-05-01 01:25:00,WELL-003,drilling,1007.4855,97.7353,125.532,10.5934,30.7095,62.4749,2100.2322,2049.0706,103.4263,1.2109,41.3106,Sensor Drift,1,Sensor Drift,0.119,Low,40,Cross-check the channel against a redundant sensor and recalibrate
2026-05-01 01:26:00,WELL-003,drilling,1008.022,102.851,125.4998,10.9044,31.7436,62.1102,2128.6267,2130.2171,103.4525,1.2112,44.7311,Sensor Drift,1,Sensor Drift,0.122,Low,40,Cross-check the channel against a redundant sensor and recalibrate
2026-05-01 01:27:00,WELL-003,drilling,1008.5709,106.6791,126.5472,10.8652,33.0498,62.0336,2108.0463,2173.9583,103.3733,1.2114,44.3218,Sensor Drift,1,Sensor Drift,0.124,Low,40,Cross-check the channel against a redundant sensor and recalibrate
2026-05-01 01:28:00,WELL-003,drilling,1009.1337,107.2027,124.9237,10.8219,33.1539,63.144,2098.1844,2141.5674,103.4045,1.2109,41.8478,Sensor Drift,1,Sensor Drift,0.126,Low,40,Cross-check the channel against a redundant sensor and recalibrate
2026-05-01 01:29:00,WELL-003,drilling,1009.6975,110.1786,124.3085,11.0687,32.4732,62.7068,2110.1046,2169.7611,103.3921,1.2126,42.3741,Sensor Drift,1,Sensor Drift,0.128,Low,40,Cross-check the channel against a redundant sensor and recalibrate
2026-05-01 01:30:00,WELL-003,drilling,1010.246,110.001,125.6162,11.5391,32.946,62.7495,2125.8174,2158.8644,103.3631,1.2062,41.9276,Sensor Drift,1,Sensor Drift,0.131,Low,40,Cross-check the channel against a redundant sensor and recalibrate
2026-05-01 01:31:00,WELL-003,drilling,1010.7917,111.3415,125.9182,11.3617,34.9906,61.4441,2105.7058,2135.4981,103.4176,1.2125,43.7497,Sensor Drift,1,Sensor Drift,0.133,Low,40,Cross-check the channel against a redundant sensor and recalibrate
2026-05-01 01:32:00,WELL-003,drilling,1011.4101,106.3478,124.4639,11.2635,34.1409,62.2928,2115.6413,2155.2617,103.3497,1.214,41.085,Sensor Drift,1,Sensor Drift,0.135,Low,40,Cross-check the channel against a redundant sensor and recalibrate
2026-05-01 01:33:00,WELL-003,drilling,1011.9614,106.5251,125.6645,10.9157,34.3867,62.5009,2110.0746,2134.42,103.3949,1.2106,41.5948,Sensor Drift,1,Sensor Drift,0.137,Low,40,Cross-check the channel against a redundant sensor and recalibrate
2026-05-01 01:34:00,WELL-003,drilling,1012.5057,105.2052,125.4551,10.7153,35.2212,61.5602,2097.9549,2104.4674,103.3588,1.2136,62.7235,Sensor Drift,1,Sensor Drift,0.139,Low,40,Cross-check the channel against a redundant sensor and recalibrate
2026-05-01 01:35:00,WELL-003,drilling,1013.1231,99.5139,125.6941,10.4755,33.2232,61.9053,2109.0323,2117.5565,103.3853,1.2078,63.5186,Sensor Drift,1,Sensor Drift,0.142,Low,40,Cross-check the channel against a redundant sensor and recalibrate
2026-05-01 01:36:00,WELL-003,drilling,1013.6707,101.876,124.3462,10.6164,33.881,62.9031,2103.4077,2135.1885,103.3638,1.2074,66.7662,Sensor Drift,1,Sensor Drift,0.144,Low,40,Cross-check the channel against a redundant sensor and recalibrate
2026-05-01 01:37:00,WELL-003,drilling,1014.2079,99.8056,125.4443,10.6628,32.4847,62.9159,2109.5149,2151.2999,103.3282,1.2086,67.4144,Sensor Drift,1,Sensor Drift,0.146,Low,40,Cross-check the channel against a redundant sensor and recalibrate
2026-05-01 01:38:00,WELL-003,drilling,1014.7825,97.3967,126.1707,10.5532,30.7508,62.4091,2100.5276,2131.4523,103.438,1.2079,49.1302,Sensor Drift,1,Sensor Drift,0.148,Low,40,Cross-check the channel against a redundant sensor and recalibrate
2026-05-01 01:39:00,WELL-003,drilling,1015.2888,106.9925,125.2088,10.9993,31.2524,62.3868,2101.6204,2176.8375,103.4308,1.2125,50.7209,Sensor Drift,1,Sensor Drift,0.15,Low,40,Cross-check the channel against a redundant sensor and recalibrate
2026-05-01 01:40:00,WELL-003,drilling,1015.8182,100.8412,125.0722,10.854,31.2751,61.787,2098.1547,2139.5127,103.3782,1.2096,50.7454,Sensor Drift,1,Sensor Drift,0.153,Low,40,Cross-check the channel against a redundant sensor and recalibrate
2026-05-01 01:41:00,WELL-003,drilling,1016.3417,106.2932,125.8385,10.9839,32.9868,61.7997,2106.516,2103.17,103.3883,1.2133,51.1238,Sensor Drift,1,Sensor Drift,0.155,Low,40,Cross-check the channel against a redundant sensor and recalibrate
2026-05-01 01:42:00,WELL-003,drilling,1016.8237,104.3069,125.5587,11.2893,30.6608,61.8973,2103.3712,2086.1226,103.3861,1.2095,51.2044,Sensor Drift,1,Sensor Drift,0.157,Low,40,Cross-check the channel against a redundant sensor and recalibrate
2026-05-01 01:43:00,WELL-003,drilling,1017.3385,110.8638,125.2016,11.4445,31.7063,62.2402,2104.8682,2146.2696,103.3783,1.2076,50.5486,Sensor Drift,1,Sensor Drift,0.159,Low,40,Cross-check the channel against a redundant sensor and recalibrate
2026-05-01 01:44:00,WELL-003,drilling,1017.8829,106.6962,126.5281,11.0888,31.0054,62.4369,2092.396,2166.3494,103.4304,1.2091,46.7264,Sensor Drift,1,Sensor Drift,0.161,Low,40,Cross-check the channel against a redundant sensor and recalibrate
2026-05-01 01:45:00,WELL-003,drilling,1018.3833,111.5331,126.1306,11.3628,31.653,62.7245,2103.364,2175.1696,103.4022,1.2068,45.4371,Sensor Drift,1,Sensor Drift,0.164,Low,40,Cross-check the channel against a redundant sensor and recalibrate
2026-05-01 01:46:00,WELL-003,drilling,1018.9633,114.2129,125.8094,11.4911,33.1041,62.37,2091.1107,2138.0274,103.4158,1.2082,45.9905,Sensor Drift,1,Sensor Drift,0.166,Low,40,Cross-check the channel against a redundant sensor and recalibrate
2026-05-01 01:47:00,WELL-003,drilling,1019.4927,115.3102,125.7521,11.6266,33.6328,61.9136,2107.8458,2135.3536,103.379,1.2087,46.0717,Sensor Drift,1,Sensor Drift,0.168,Low,40,Cross-check the channel against a redundant sensor and recalibrate
2026-05-01 01:48:00,WELL-003,drilling,1020.0704,113.0671,125.5602,11.8251,34.5217,63.181,2096.5727,2150.854,103.4144,1.2088,44.4625,Sensor Drift,1,Sensor Drift,0.17,Low,40,Cross-check the channel against a redundant sensor and recalibrate
2026-05-01 01:49:00,WELL-003,drilling,1020.669,112.09,126.2756,11.8924,35.7229,63.4686,2098.2477,2150.2109,103.3818,1.2108,44.9689,Sensor Drift,1,Sensor Drift,0.173,Low,40,Cross-check the channel against a redundant sensor and recalibrate
2026-05-01 01:50:00,WELL-003,drilling,1021.2799,108.1172,125.3412,11.4563,35.6357,63.1643,2123.0641,2168.4206,103.3994,1.2129,43.6322,Sensor Drift,1,Sensor Drift,0.175,Low,40,Cross-check the channel against a redundant sensor and recalibrate
2026-05-01 01:51:00,WELL-003,drilling,1021.8074,107.755,125.6745,11.3389,34.2315,63.495,2114.7762,2170.3343,103.4019,1.2127,39.0636,Sensor Drift,1,Sensor Drift,0.177,Low,40,Cross-check the channel against a redundant sensor and recalibrate
2026-05-01 01:52:00,WELL-003,drilling,1022.3629,109.1594,125.6765,11.412,31.7251,62.2329,2105.9504,2158.106,103.3708,1.2094,43.2184,Sensor Drift,1,Sensor Drift,0.179,Low,40,Cross-check the channel against a redundant sensor and recalibrate
2026-05-01 01:53:00,WELL-003,drilling,1022.9132,109.5357,125.4434,11.2904,33.1337,62.504,2105.1942,2180.4878,103.4061,1.2117,45.2623,Sensor Drift,1,Sensor Drift,0.181,Low,40,Cross-check the channel against a redundant sensor and recalibrate
2026-05-01 01:54:00,WELL-003,drilling,1023.4942,107.9053,126.3339,11.3489,33.269,63.0423,2114.8238,2217.0,103.3877,1.2057,45.7112,Sensor Drift,1,Sensor Drift,0.184,Low,40,Cross-check the channel against a redundant sensor and recalibrate
2026-05-01 01:55:00,WELL-003,drilling,1024.0274,103.3018,125.4141,10.9969,34.0605,62.6825,2103.873,2159.5585,103.3633,1.2116,43.9654,Sensor Drift,1,Sensor Drift,0.186,Low,40,Cross-check the channel against a redundant sensor and recalibrate
2026-05-01 01:56:00,WELL-003,drilling,1024.6139,100.9553,126.2004,11.2438,32.6333,62.6386,2093.8429,2117.4132,103.4123,1.2113,42.1752,Sensor Drift,1,Sensor Drift,0.188,Low,40,Cross-check the channel against a redundant sensor and recalibrate
2026-05-01 01:57:00,WELL-003,drilling,1025.1274,103.7829,125.1468,11.4798,32.7384,62.6789,2108.2871,2164.2223,103.3901,1.2096,41.28,Sensor Drift,1,Sensor Drift,0.19,Low,40,Cross-check the channel against a redundant sensor and recalibrate
2026-05-01 01:58:00,WELL-003,drilling,1025.6542,106.293,126.6551,11.7802,32.4194,62.3049,2108.2663,2172.4256,103.4311,1.2065,38.509,Sensor Drift,1,Sensor Drift,0.192,Low,40,Cross-check the channel against a redundant sensor and recalibrate
2026-05-01 01:59:00,WELL-003,drilling,1026.1926,104.9529,126.0187,11.5174,32.7925,62.5995,2104.2123,2161.8325,103.4013,1.2128,36.3644,Sensor Drift,1,Sensor Drift,0.195,Low,40,Cross-check the channel against a redundant sensor and recalibrate
2026-05-01 02:00:00,WELL-003,drilling,1026.7266,105.5304,124.7117,11.4239,32.1316,63.0747,2120.1939,2141.0789,103.4079,1.2122,35.4186,Sensor Drift,1,Sensor Drift,0.197,Low,40,Cross-check the channel against a redundant sensor and recalibrate
2026-05-01 02:01:00,WELL-003,drilling,1027.2547,101.1424,125.2741,10.5321,30.1336,62.8839,2100.0854,2115.0689,103.3918,1.2092,32.5723,Sensor Drift,1,Sensor Drift,0.199,Low,40,Cross-check the channel against a redundant sensor and recalibrate
2026-05-01 02:02:00,WELL-003,drilling,1027.781,101.3404,125.0441,10.4467,30.5324,62.698,2107.9178,2122.2208,103.384,1.211,33.9813,Sensor Drift,1,Sensor Drift,0.201,Low,40,Cross-check the channel against a redundant sensor and recalibrate
2026-05-01 02:03:00,WELL-003,drilling,1028.2614,104.1971,125.8902,10.912,29.8741,63.5274,2107.2278,2162.8436,103.3959,1.2118,33.55,Sensor Drift,1,Sensor Drift,0.204,Low,40,Cross-check the channel against a redundant sensor and recalibrate
2026-05-01 02:04:00,WELL-003,drilling,1028.7867,104.4439,125.8815,11.6082,30.8724,62.9776,2109.9169,2148.9935,103.3938,1.2114,34.5202,Sensor Drift,1,Sensor Drift,0.206,Low,40,Cross-check the channel against a redundant sensor and recalibrate
2026-05-01 02:05:00,WELL-003,drilling,1029.3066,105.6496,124.9307,11.2257,30.3013,63.1252,2114.4315,2167.905,103.3966,1.2105,35.1289,Sensor Drift,1,Sensor Drift,0.208,Low,40,Cross-check the channel against a redundant sensor and recalibrate
2026-05-01 02:06:00,WELL-003,drilling,1029.764,100.8242,125.2474,10.9227,27.7794,63.4618,2101.3873,2177.9121,103.3662,1.2126,34.2809,Sensor Drift,1,Sensor Drift,0.21,Low,40,Cross-check the channel against a redundant sensor and recalibrate
2026-05-01 02:07:00,WELL-003,drilling,1030.2252,98.0851,125.4895,10.9268,28.8563,62.7725,2108.4471,2171.2411,103.3379,1.2123,33.6926,Sensor Drift,1,Sensor Drift,0.212,Low,40,Cross-check the channel against a redundant sensor and recalibrate
2026-05-01 02:08:00,WELL-003,drilling,1030.7348,96.0306,127.2524,10.3946,30.227,62.9386,2120.9277,2187.7886,103.3668,1.2097,35.8691,Sensor Drift,1,Sensor Drift,0.215,Low,40,Cross-check the channel against a redundant sensor and recalibrate
2026-05-01 02:09:00,WELL-003,drilling,1031.2296,94.5975,125.5933,10.7053,29.6316,63.3396,2111.9632,2164.1093,103.3594,1.211,37.4057,Sensor Drift,1,Sensor Drift,0.217,Low,40,Cross-check the channel against a redundant sensor and recalibrate
2026-05-01 02:10:00,WELL-003,drilling,1031.7655,95.0728,124.5382,10.72,29.9542,63.3052,2107.2812,2175.8412,103.3531,1.2066,36.3956,Sensor Drift,1,Sensor Drift,0.219,Low,40,Cross-check the channel against a redundant sensor and recalibrate
2026-05-01 02:11:00,WELL-003,drilling,1032.2767,94.6221,125.2791,10.6326,32.0447,62.8738,2119.0998,2164.9177,103.4044,1.2099,36.8445,Sensor Drift,1,Sensor Drift,0.221,Low,40,Cross-check the channel against a redundant sensor and recalibrate
2026-05-01 02:12:00,WELL-003,drilling,1032.7439,92.4013,125.9321,10.4067,29.1267,62.9904,2109.518,2165.9598,103.3233,1.2122,37.7424,Sensor Drift,1,Sensor Drift,0.223,Low,40,Cross-check the channel against a redundant sensor and recalibrate
2026-05-01 02:13:00,WELL-003,drilling,1033.2836,96.1982,125.1271,10.9115,31.234,63.2277,2112.9892,2173.0429,103.3546,1.2091,34.7129,Sensor Drift,1,Sensor Drift,0.226,Low,40,Cross-check the channel against a redundant sensor and recalibrate
2026-05-01 02:14:00,WELL-003,drilling,1033.8077,99.4963,125.0707,10.7648,31.7687,62.5303,2103.7236,2147.9949,103.402,1.2143,34.6451,Sensor Drift,1,Sensor Drift,0.228,Low,40,Cross-check the channel against a redundant sensor and recalibrate
2026-05-01 02:15:00,WELL-003,drilling,1034.3188,97.0505,125.7113,10.5756,30.2255,62.722,2104.6874,2156.8408,103.3939,1.2079,34.3575,Sensor Drift,1,Sensor Drift,0.23,Low,40,Cross-check the channel against a redundant sensor and recalibrate
2026-05-01 02:16:00,WELL-003,connection,1034.2834,0.0,0.0,0.0,0.0,29.3057,847.4597,1417.3728,103.9556,1.2218,35.3982,Sensor Drift,1,Sensor Drift,0.232,Low,40,Cross-check the channel against a redundant sensor and recalibrate
2026-05-01 02:17:00,WELL-003,connection,1034.2812,0.4299,0.4328,0.0,0.124,10.2626,0.0,639.7184,104.554,1.2181,39.0905,Sensor Drift,1,Sensor Drift,0.234,Low,40,Cross-check the channel against a redundant sensor and recalibrate
2026-05-01 02:18:00,WELL-003,connection,1034.2541,0.418,0.0,0.0798,0.1044,3.8181,0.0,300.4517,104.7603,1.2181,37.5026,Sensor Drift,1,Sensor Drift,0.237,Low,40,Cross-check the channel against a redundant sensor and recalibrate
2026-05-01 02:19:00,WELL-003,connection,1034.3344,1.182,0.2151,0.0,0.0,13.7293,1042.0246,740.2653,104.429,1.2187,37.4295,Sensor Drift,1,Sensor Drift,0.239,Low,40,Cross-check the channel against a redundant sensor and recalibrate
2026-05-01 02:20:00,WELL-003,drilling,1034.455,36.1803,42.1496,5.9729,8.982,46.5196,2107.4084,1559.6655,103.8458,1.2226,39.2309,Sensor Drift,1,Sensor Drift,0.241,Low,40,Cross-check the channel against a redundant sensor and recalibrate
2026-05-01 02:21:00,WELL-003,drilling,1034.7774,69.7638,79.6769,8.8102,21.0172,57.7691,2099.1894,1861.7314,103.6247,1.2226,39.633,Sensor Drift,1,Sensor Drift,0.243,Low,40,Cross-check the channel against a redundant sensor and recalibrate
2026-05-01 02:22:00,WELL-003,drilling,1035.3692,105.9342,120.9802,11.2381,33.5495,60.8935,2092.5849,2065.0035,103.4608,1.2207,37.7537,Sensor Drift,1,Sensor Drift,0.246,Low,40,Cross-check the channel against a redundant sensor and recalibrate
2026-05-01 02:23:00,WELL-003,drilling,1035.9628,110.5425,121.0519,11.397,34.0857,62.5023,2108.7716,2123.0499,103.4259,1.2191,35.1246,Sensor Drift,1,Sensor Drift,0.248,Low,40,Cross-check the channel against a redundant sensor and recalibrate
2026-05-01 02:24:00,WELL-003,drilling,1036.49,105.0665,119.6596,11.3021,33.3473,63.0993,2102.5287,2124.7823,103.3893,1.2178,35.8682,Sensor Drift,1,Sensor Drift,0.25,Low,40,Cross-check the channel against a redundant sensor and recalibrate
2026-05-01 02:25:00,WELL-003,drilling,1037.0,106.962,121.2534,11.5466,32.8953,63.6804,2099.4991,2164.6192,103.3732,1.2168,36.1836,Sensor Drift,1,Sensor Drift,0.252,Low,40,Cross-check the channel against a redundant sensor and recalibrate
2026-05-01 02:26:00,WELL-003,drilling,1037.5552,106.8069,121.7735,11.2284,32.6566,63.329,2117.8542,2167.9399,103.3932,1.2198,35.9179,Sensor Drift,1,Sensor Drift,0.254,Low,40,Cross-check the channel against a redundant sensor and recalibrate
2026-05-01 02:27:00,WELL-003,drilling,1038.1475,107.4931,120.9344,11.4191,34.5902,64.0788,2106.3413,2158.8349,103.3606,1.2179,38.2579,Sensor Drift,1,Sensor Drift,0.257,Low,40,Cross-check the channel against a redundant sensor and recalibrate
2026-05-01 02:28:00,WELL-003,drilling,1038.7307,110.0073,121.9222,11.4383,34.7872,64.1133,2113.9534,2171.3837,103.3471,1.2229,37.1178,Sensor Drift,1,Sensor Drift,0.259,Low,40,Cross-check the channel against a redundant sensor and recalibrate
2026-05-01 02:29:00,WELL-003,drilling,1039.3738,110.7709,122.5427,11.893,36.6238,64.0817,2085.9131,2180.7169,103.3848,1.2164,37.1477,Sensor Drift,1,Sensor Drift,0.261,Low,40,Cross-check the channel against a redundant sensor and recalibrate
2026-05-01 02:30:00,WELL-003,drilling,1039.9257,114.3774,120.8418,12.2543,37.2774,63.6072,2098.2401,2172.0661,103.3829,1.2221,36.3319,Sensor Drift,1,Sensor Drift,0.263,Low,40,Cross-check the channel against a redundant sensor and recalibrate
2026-05-01 02:31:00,WELL-003,drilling,1040.5651,111.8259,122.7439,11.889,36.5716,64.0452,2115.1313,2177.6699,103.4452,1.2209,31.94,Sensor Drift,1,Sensor Drift,0.265,Low,40,Cross-check the channel against a redundant sensor and recalibrate
2026-05-01 02:32:00,WELL-003,drilling,1041.22,109.8418,122.618,12.1422,36.4064,63.5193,2091.0516,2143.059,103.3619,1.22,30.8517,Sensor Drift,1,Sensor Drift,0.268,Low,40,Cross-check the channel against a redundant sensor and recalibrate
2026-05-01 02:33:00,WELL-003,drilling,1041.709,107.481,122.4594,11.7689,34.4266,63.0442,2103.42,2152.8818,103.3938,1.2207,46.747,Sensor Drift,1,Sensor Drift,0.27,Low,40,Cross-check the channel against a redundant sensor and recalibrate
2026-05-01 02:34:00,WELL-003,drilling,1042.3515,112.136,120.7244,11.6284,35.1676,63.5728,2097.6805,2153.9517,103.385,1.2223,47.1928,Sensor Drift,1,Sensor Drift,0.272,Low,40,Cross-check the channel against a redundant sensor and recalibrate
2026-05-01 02:35:00,WELL-003,drilling,1042.877,112.8244,122.6836,11.7456,34.2944,63.4297,2107.1918,2139.129,103.4085,1.2198,47.3656,Sensor Drift,1,Sensor Drift,0.274,Low,40,Cross-check the channel against a redundant sensor and recalibrate
2026-05-01 02:36:00,WELL-003,drilling,1043.518,113.6781,121.407,11.987,35.5194,63.4612,2117.7794,2149.8418,103.3473,1.2194,29.0528,Sensor Drift,1,Sensor Drift,0.277,Low,40,Cross-check the channel against a redundant sensor and recalibrate
2026-05-01 02:37:00,WELL-003,drilling,1044.0819,111.9924,121.9919,11.8774,35.4885,63.2164,2101.3616,2196.6522,103.4009,1.2189,31.0614,Sensor Drift,1,Sensor Drift,0.279,Low,40,Cross-check the channel against a redundant sensor and recalibrate
2026-05-01 02:38:00,WELL-003,drilling,1044.65,113.1976,121.0184,12.6588,35.4825,63.0391,2094.7003,2142.2738,103.4247,1.222,30.061,Sensor Drift,1,Sensor Drift,0.281,Low,40,Cross-check the channel against a redundant sensor and recalibrate
2026-05-01 02:39:00,WELL-003,drilling,1045.2093,114.7715,122.0606,12.3365,34.7383,63.0575,2113.9028,2136.9743,103.3644,1.2187,33.3251,Sensor Drift,1,Sensor Drift,0.283,Low,40,Cross-check the channel against a redundant sensor and recalibrate
2026-05-01 02:40:00,WELL-003,drilling,1045.7815,116.5067,121.426,12.1731,34.9303,62.7929,2095.1824,2106.1047,103.3676,1.2184,36.2791,Sensor Drift,1,Sensor Drift,0.285,Low,40,Cross-check the channel against a redundant sensor and recalibrate
2026-05-01 02:41:00,WELL-003,drilling,1046.4252,116.8518,122.8261,12.1063,34.937,63.2908,2086.9903,2136.5343,103.4348,1.2197,36.6739,Sensor Drift,1,Sensor Drift,0.288,Low,40,Cross-check the channel against a redundant sensor and recalibrate
2026-05-01 02:42:00,WELL-003,drilling,1046.994,113.4871,121.3691,11.6809,35.4145,63.2139,2098.6715,2141.1822,103.3712,1.2163,39.1107,Sensor Drift,1,Sensor Drift,0.29,Low,40,Cross-check the channel against a redundant sensor and recalibrate
2026-05-01 02:43:00,WELL-003,drilling,1047.585,113.1765,122.0535,11.4257,34.5223,62.7914,2094.9373,2155.352,103.3594,1.2184,36.7081,Sensor Drift,1,Sensor Drift,0.292,Low,40,Cross-check the channel against a redundant sensor and recalibrate
2026-05-01 02:44:00,WELL-003,drilling,1048.1557,113.9215,120.0146,11.2479,35.6692,62.9623,2084.999,2158.4611,103.357,1.2217,36.5779,Sensor Drift,1,Sensor Drift,0.294,Low,40,Cross-check the channel against a redundant sensor and recalibrate
2026-05-01 02:45:00,WELL-003,drilling,1048.7296,111.1997,122.1779,10.9328,33.7437,63.0061,2103.3491,2183.8472,103.4053,1.2192,37.2961,Sensor Drift,1,Sensor Drift,0.296,Low,40,Cross-check the channel against a redundant sensor and recalibrate
2026-05-01 02:46:00,WELL-003,drilling,1049.2804,105.4806,120.88,10.7548,33.7923,63.337,2089.3112,2185.5458,103.3993,1.2194,35.0044,Sensor Drift,1,Sensor Drift,0.299,Low,40,Cross-check the channel against a redundant sensor and recalibrate
2026-05-01 02:47:00,WELL-003,drilling,1049.8459,108.1053,121.8456,11.2131,35.044,63.2448,2107.2924,2158.7877,103.436,1.2253,37.4505,Sensor Drift,1,Sensor Drift,0.301,Low,40,Cross-check the channel against a redundant sensor and recalibrate
2026-05-01 02:48:00,WELL-003,drilling,1050.4059,106.9635,121.8767,11.3531,33.7834,62.7439,2102.0742,2159.1396,103.4166,1.2183,35.8835,Sensor Drift,1,Sensor Drift,0.303,Low,40,Cross-check the channel against a redundant sensor and recalibrate
2026-05-01 02:49:00,WELL-003,drilling,1051.0105,112.0004,120.9694,12.0113,35.1067,63.5531,2098.7155,2160.2163,103.4151,1.2234,34.4954,Sensor Drift,1,Sensor Drift,0.305,Low,40,Cross-check the channel against a redundant sensor and recalibrate
2026-05-01 02:50:00,WELL-003,drilling,1051.5444,113.8497,122.3059,11.6764,34.4079,64.0711,2099.0496,2187.0793,103.3853,1.2183,32.6724,Sensor Drift,1,Sensor Drift,0.308,Low,40,Cross-check the channel against a redundant sensor and recalibrate
2026-05-01 02:51:00,WELL-003,drilling,1052.1355,115.1855,122.045,12.0862,34.6172,63.651,2103.3427,2164.3506,103.4122,1.2224,30.7661,Sensor Drift,1,Sensor Drift,0.31,Low,40,Cross-check the channel against a redundant sensor and recalibrate
2026-05-01 02:52:00,WELL-003,drilling,1052.7227,117.1892,121.1303,12.4127,34.0478,64.0052,2087.1544,2137.2698,103.4041,1.2199,29.121,Sensor Drift,1,Sensor Drift,0.312,Low,40,Cross-check the channel against a redundant sensor and recalibrate
2026-05-01 02:53:00,WELL-003,drilling,1053.3328,118.8656,121.7942,12.7295,36.259,64.0265,2097.3205,2157.2788,103.4436,1.2205,28.026,Sensor Drift,1,Sensor Drift,0.314,Low,40,Cross-check the channel against a redundant sensor and recalibrate
2026-05-01 02:54:00,WELL-003,drilling,1053.9135,115.7271,121.9378,12.7247,34.9243,63.5637,2130.3362,2174.5093,103.3596,1.2198,30.5933,Sensor Drift,1,Sensor Drift,0.316,Low,40,Cross-check the channel against a redundant sensor and recalibrate
2026-05-01 02:55:00,WELL-003,drilling,1054.4577,117.2004,122.1994,12.6495,35.0598,63.8202,2087.9149,2169.9702,103.3839,1.2193,32.2218,Sensor Drift,1,Sensor Drift,0.319,Low,40,Cross-check the channel against a redundant sensor and recalibrate
2026-05-01 02:56:00,WELL-003,drilling,1055.026,114.1954,121.0784,12.6558,34.4992,64.073,2108.1099,2190.4966,103.4022,1.2197,34.26,Sensor Drift,1,Sensor Drift,0.321,Low,40,Cross-check the channel against a redundant sensor and recalibrate
2026-05-01 02:57:00,WELL-003,drilling,1055.5697,108.6814,121.0904,12.2125,32.9694,63.357,2103.858,2206.4503,103.386,1.2189,34.4774,Sensor Drift,1,Sensor Drift,0.323,Low,40,Cross-check the channel against a redundant sensor and recalibrate
2026-05-01 02:58:00,WELL-003,drilling,1056.1261,111.1583,121.5177,12.484,33.2379,63.018,2080.7941,2150.7828,103.4251,1.2221,31.0482,Sensor Drift,1,Sensor Drift,0.325,Low,40,Cross-check the channel against a redundant sensor and recalibrate
2026-05-01 02:59:00,WELL-003,drilling,1056.6813,107.9038,121.6471,12.2328,32.1805,63.678,2110.0495,2205.9548,103.3762,1.2201,31.3624,Sensor Drift,1,Sensor Drift,0.327,Low,40,Cross-check the channel against a redundant sensor and recalibrate
2026-05-01 03:00:00,WELL-003,drilling,1057.2069,107.8482,120.8117,12.3066,31.0965,63.9475,2093.1438,2116.9352,103.3771,1.2206,32.3388,Sensor Drift,1,Sensor Drift,0.33,Low,40,Cross-check the channel against a redundant sensor and recalibrate
2026-05-01 03:01:00,WELL-003,drilling,1057.729,107.7805,122.1194,12.4545,30.5174,63.0944,2102.9802,2182.5555,103.3778,1.2209,30.0195,Sensor Drift,1,Sensor Drift,0.332,Low,40,Cross-check the channel against a redundant sensor and recalibrate
2026-05-01 03:02:00,WELL-003,drilling,1058.2451,111.7528,120.5171,12.9,31.1249,63.7345,2085.3254,2152.6443,103.3725,1.2175,28.5972,Sensor Drift,1,Sensor Drift,0.334,Low,40,Cross-check the channel against a redundant sensor and recalibrate
2026-05-01 03:03:00,WELL-003,drilling,1058.7044,109.3946,121.105,12.666,28.9939,63.6051,2105.294,2143.9208,103.3876,1.2193,30.4752,Sensor Drift,1,Sensor Drift,0.336,Low,40,Cross-check the channel against a redundant sensor and recalibrate
2026-05-01 03:04:00,WELL-003,drilling,1059.2237,107.6181,120.867,11.7303,30.499,63.5341,2107.525,2185.3485,103.3893,1.2175,28.812,Sensor Drift,1,Sensor Drift,0.338,Low,40,Cross-check the channel against a redundant sensor and recalibrate
2026-05-01 03:05:00,WELL-003,drilling,1059.6677,104.7578,121.9658,11.5797,29.0251,64.2353,2100.0821,2152.1959,103.383,1.2188,29.9166,Sensor Drift,1,Sensor Drift,0.341,Low,40,Cross-check the channel against a redundant sensor and recalibrate
2026-05-01 03:06:00,WELL-003,drilling,1060.1829,107.9417,122.4578,11.7267,30.5801,63.8277,2112.5052,2190.2732,103.4271,1.22,34.0191,Sensor Drift,1,Sensor Drift,0.343,Low,40,Cross-check the channel against a redundant sensor and recalibrate
2026-05-01 03:07:00,WELL-003,drilling,1060.7349,104.3121,121.3609,11.269,30.378,64.1163,2109.9254,2221.4133,103.3872,1.222,34.3444,Sensor Drift,1,Sensor Drift,0.345,Low,40,Cross-check the channel against a redundant sensor and recalibrate
2026-05-01 03:08:00,WELL-003,drilling,1061.2513,106.6441,121.7631,11.4853,31.3869,64.3061,2090.5721,2208.8231,103.372,1.2191,35.8517,Sensor Drift,1,Sensor Drift,0.347,Low,40,Cross-check the channel against a redundant sensor and recalibrate
2026-05-01 03:09:00,WELL-003,drilling,1061.8121,107.3182,122.0628,11.2692,32.6397,64.5659,2089.3664,2147.0618,103.3166,1.2205,36.923,Sensor Drift,1,Sensor Drift,0.35,Low,40,Cross-check the channel against a redundant sensor and recalibrate
2026-05-01 03:10:00,WELL-003,drilling,1062.3375,107.4575,120.6432,11.4861,33.0113,64.2483,2114.8048,2158.1065,103.3304,1.2169,40.3851,Sensor Drift,1,Sensor Drift,0.352,Low,40,Cross-check the channel against a redundant sensor and recalibrate
2026-05-01 03:11:00,WELL-003,drilling,1062.8522,107.8638,121.295,11.5878,30.741,64.2431,2080.1653,2172.202,103.428,1.2194,39.514,Sensor Drift,1,Sensor Drift,0.354,Low,40,Cross-check the channel against a redundant sensor and recalibrate
2026-05-01 03:12:00,WELL-003,connection,1062.869,0.0125,0.8338,0.0,0.0,29.6587,840.3735,1438.8987,103.9112,1.2219,37.9892,Sensor Drift,1,Sensor Drift,0.356,Low,40,Cross-check the channel against a redundant sensor and recalibrate
2026-05-01 03:13:00,WELL-003,connection,1062.8401,0.1963,0.0,0.0575,0.0,9.9786,0.0,671.2897,104.538,1.2198,41.3046,Sensor Drift,1,Sensor Drift,0.358,Low,40,Cross-check the channel against a redundant sensor and recalibrate
2026-05-01 03:14:00,WELL-003,connection,1062.8745,0.0,1.6574,0.0897,0.0,3.5364,0.0,320.9729,104.8437,1.2192,43.2758,Sensor Drift,1,Sensor Drift,0.361,Low,40,Cross-check the channel against a redundant sensor and recalibrate
2026-05-01 03:15:00,WELL-003,connection,1062.8711,0.0,1.485,0.0,0.0,1.0351,0.0,170.6053,104.8972,1.2208,43.5551,Sensor Drift,1,Sensor Drift,0.363,Low,40,Cross-check the channel against a redundant sensor and recalibrate
2026-05-01 03:16:00,WELL-003,connection,1062.8659,0.8329,0.0,0.072,0.0,0.8269,0.0,104.6346,104.9672,1.2205,43.0764,Sensor Drift,1,Sensor Drift,0.365,Low,40,Cross-check the channel against a redundant sensor and recalibrate
2026-05-01 03:17:00,WELL-003,connection,1062.8658,0.0,0.0,0.0992,0.1989,0.0,0.0,77.2949,104.9547,1.2196,45.2942,Sensor Drift,1,Sensor Drift,0.367,Low,40,Cross-check the channel against a redundant sensor and recalibrate
2026-05-01 03:18:00,WELL-003,connection,1062.888,0.0,0.0,0.0393,0.0,12.8089,1058.0569,664.0336,104.5748,1.2221,47.0185,Sensor Drift,1,Sensor Drift,0.369,Low,40,Cross-check the channel against a redundant sensor and recalibrate
2026-05-01 03:19:00,WELL-003,drilling,1063.0263,31.6575,44.3558,5.9251,8.6751,47.3159,2101.2725,1547.511,103.8431,1.2182,44.4076,Sensor Drift,1,Sensor Drift,0.372,Low,40,Cross-check the channel against a redundant sensor and recalibrate
2026-05-01 03:20:00,WELL-003,drilling,1063.3693,69.4219,88.9241,8.6777,21.3922,59.3323,2106.682,1898.0878,103.5778,1.2247,42.3229,Sensor Drift,1,Sensor Drift,0.374,Low,40,Cross-check the channel against a redundant sensor and recalibrate
2026-05-01 03:21:00,WELL-003,drilling,1063.9045,102.494,133.9188,11.7551,32.7622,62.7727,2113.051,2061.8559,103.4257,1.2206,44.9746,Sensor Drift,1,Sensor Drift,0.376,Low,40,Cross-check the channel against a redundant sensor and recalibrate
2026-05-01 03:22:00,WELL-003,drilling,1064.432,103.2431,132.6919,11.6683,33.1756,63.0088,2104.606,2137.404,103.4278,1.2209,45.526,Sensor Drift,1,Sensor Drift,0.378,Low,40,Cross-check the channel against a redundant sensor and recalibrate
2026-05-01 03:23:00,WELL-003,drilling,1064.9697,105.7423,133.5033,12.0296,33.1856,63.4847,2097.4272,2129.1409,103.3918,1.2228,43.9907,Sensor Drift,1,Sensor Drift,0.381,Low,40,Cross-check the channel against a redundant sensor and recalibrate
2026-05-01 03:24:00,WELL-003,drilling,1065.584,103.8385,134.0463,12.2407,32.055,64.3906,2096.2511,2201.2375,103.3717,1.2175,47.3008,Sensor Drift,1,Sensor Drift,0.383,Low,40,Cross-check the channel against a redundant sensor and recalibrate
2026-05-01 03:25:00,WELL-003,drilling,1066.1302,106.3827,134.7869,12.3737,33.0839,63.7539,2116.5968,2154.6853,103.3521,1.2249,51.0354,Sensor Drift,1,Sensor Drift,0.385,Low,40,Cross-check the channel against a redundant sensor and recalibrate
2026-05-01 03:26:00,WELL-003,drilling,1066.6529,108.623,133.34,12.2908,32.6588,64.3046,2096.2416,2183.0791,103.4029,1.2225,48.6784,Sensor Drift,1,Sensor Drift,0.387,Low,40,Cross-check the channel against a redundant sensor and recalibrate
2026-05-01 03:27:00,WELL-003,drilling,1067.1821,102.7072,133.063,11.4496,31.3583,63.8406,2107.8261,2212.2606,103.3378,1.218,50.3241,Sensor Drift,1,Sensor Drift,0.389,Low,40,Cross-check the channel against a redundant sensor and recalibrate
2026-05-01 03:28:00,WELL-003,drilling,1067.6802,104.0476,133.173,11.7969,30.5038,65.2333,2115.5481,2200.7043,103.3752,1.2203,50.6791,Sensor Drift,1,Sensor Drift,0.392,Low,40,Cross-check the channel against a redundant sensor and recalibrate
2026-05-01 03:29:00,WELL-003,drilling,1068.2197,107.7086,133.9747,11.9657,31.4407,64.4278,2109.3915,2184.8603,103.3021,1.2213,58.5527,Sensor Drift,1,Sensor Drift,0.394,Low,40,Cross-check the channel against a redundant sensor and recalibrate
2026-05-01 03:30:00,WELL-003,drilling,1068.7687,112.7557,134.3664,12.6538,33.7957,65.4652,2121.4798,2146.3937,103.3274,1.221,60.7852,Sensor Drift,1,Sensor Drift,0.396,Low,40,Cross-check the channel against a redundant sensor and recalibrate
2026-05-01 03:31:00,WELL-003,drilling,1069.3709,111.1648,133.7079,11.9906,34.8076,65.4745,2115.6509,2232.4768,103.3131,1.2204,62.1676,Sensor Drift,1,Sensor Drift,0.398,Low,40,Cross-check the channel against a redundant sensor and recalibrate
2026-05-01 03:32:00,WELL-003,drilling,1069.895,109.0971,133.0315,11.9161,35.2448,65.437,2113.7617,2160.4851,103.4054,1.2182,61.951,Sensor Drift,1,Sensor Drift,0.4,Low,40,Cross-check the channel against a redundant sensor and recalibrate
2026-05-01 03:33:00,WELL-003,drilling,1070.5367,111.5612,132.1725,12.1104,36.7235,65.3594,2131.4289,2227.6476,103.3335,1.2187,62.1873,Sensor Drift,1,Sensor Drift,0.403,Low,40,Cross-check the channel against a redundant sensor and recalibrate
2026-05-01 03:34:00,WELL-003,drilling,1071.1302,108.9879,132.1538,11.8643,36.0525,65.7218,2133.9421,2199.9233,103.3643,1.2218,60.8606,Sensor Drift,1,Sensor Drift,0.405,Low,40,Cross-check the channel against a redundant sensor and recalibrate
2026-05-01 03:35:00,WELL-003,drilling,1071.7507,109.3997,132.8948,11.7861,37.5696,65.1772,2118.8997,2224.0546,103.408,1.2191,50.9373,Sensor Drift,1,Sensor Drift,0.407,Low,40,Cross-check the channel against a redundant sensor and recalibrate
2026-05-01 03:36:00,WELL-003,drilling,1072.3539,106.6403,135.2403,11.6164,34.2529,65.2112,2113.4902,2258.9374,103.3155,1.2183,54.1106,Sensor Drift,1,Sensor Drift,0.409,Low,40,Cross-check the channel against a redundant sensor and recalibrate
2026-05-01 03:37:00,WELL-003,drilling,1072.9749,112.4469,132.3836,11.8512,35.7458,65.2796,2108.3628,2203.2346,103.3369,1.2164,55.3661,Sensor Drift,1,Sensor Drift,0.411,Low,40,Cross-check the channel against a redundant sensor and recalibrate
2026-05-01 03:38:00,WELL-003,drilling,1073.5273,111.9878,132.2883,11.9596,34.7354,64.5679,2111.9117,2210.4899,103.3291,1.2188,54.4049,Sensor Drift,1,Sensor Drift,0.414,Low,40,Cross-check the channel against a redundant sensor and recalibrate
2026-05-01 03:39:00,WELL-003,drilling,1074.1218,120.6895,133.5687,12.5263,36.5403,65.2311,2125.6038,2164.7981,103.3002,1.2201,52.4518,Sensor Drift,1,Sensor Drift,0.416,Low,40,Cross-check the channel against a redundant sensor and recalibrate
2026-05-01 03:40:00,WELL-003,drilling,1074.7527,120.2902,133.5891,12.7975,37.7177,64.4184,2124.0956,2233.5176,103.3741,1.2196,51.1945,Sensor Drift,1,Sensor Drift,0.418,Low,40,Cross-check the channel against a redundant sensor and recalibrate
2026-05-01 03:41:00,WELL-003,drilling,1075.374,111.0277,133.3936,12.0871,36.8643,64.6894,2118.035,2214.2582,103.3687,1.2202,47.4962,Sensor Drift,1,Sensor Drift,0.42,Low,40,Cross-check the channel against a redundant sensor and recalibrate
2026-05-01 03:42:00,WELL-003,drilling,1075.9496,109.1036,132.8786,11.8841,36.9319,65.3059,2112.0597,2211.9598,103.3583,1.2179,45.7695,Sensor Drift,1,Sensor Drift,0.423,Low,40,Cross-check the channel against a redundant sensor and recalibrate
2026-05-01 03:43:00,WELL-003,drilling,1076.5718,109.1006,132.2575,11.8381,36.099,64.755,2112.9444,2209.5077,103.322,1.2236,44.0154,Sensor Drift,1,Sensor Drift,0.425,Low,40,Cross-check the channel against a redundant sensor and recalibrate
2026-05-01 03:44:00,WELL-003,drilling,1077.1613,100.9554,133.0334,11.1756,34.4407,66.3835,2117.2873,2179.6804,103.4046,1.2233,41.1562,Sensor Drift,1,Sensor Drift,0.427,Low,40,Cross-check the channel against a redundant sensor and recalibrate
2026-05-01 03:45:00,WELL-003,drilling,1077.7279,100.6144,132.4223,10.9837,33.8068,64.6734,2111.8718,2209.3519,103.3798,1.2207,41.4168,Sensor Drift,1,Sensor Drift,0.429,Low,40,Cross-check the channel against a redundant sensor and recalibrate
2026-05-01 03:46:00,WELL-003,drilling,1078.2939,103.2438,131.3947,11.1132,35.4271,65.2481,2114.3288,2172.6272,103.3508,1.2194,40.4657,Sensor Drift,1,Sensor Drift,0.431,Low,40,Cross-check the channel against a redundant sensor and recalibrate
2026-05-01 03:47:00,WELL-003,drilling,1078.8982,107.7756,133.0325,11.7976,35.6125,66.1326,2127.1869,2212.6537,103.3317,1.221,39.4989,Sensor Drift,1,Sensor Drift,0.434,Low,40,Cross-check the channel against a redundant sensor and recalibrate
2026-05-01 03:48:00,WELL-003,drilling,1079.4839,110.3511,134.7086,11.3707,37.8276,65.7772,2123.5204,2229.5883,103.3416,1.2139,39.4101,Sensor Drift,1,Sensor Drift,0.436,Low,40,Cross-check the channel against a redundant sensor and recalibrate
2026-05-01 03:49:00,WELL-003,drilling,1080.0964,104.9143,132.2407,11.1945,35.4386,65.6678,2126.3395,2203.2209,103.3096,1.2205,43.1034,Sensor Drift,1,Sensor Drift,0.438,Low,40,Cross-check the channel against a redundant sensor and recalibrate
2026-05-01 03:50:00,WELL-003,drilling,1080.727,106.9542,133.3149,11.3167,37.1037,65.4045,2120.1345,2211.5133,103.3689,1.2196,43.9924,Sensor Drift,1,Sensor Drift,0.44,Low,40,Cross-check the channel against a redundant sensor and recalibrate
2026-05-01 03:51:00,WELL-003,drilling,1081.3554,105.8972,131.7576,11.7871,35.5341,65.6582,2106.4289,2241.9889,103.3307,1.214,43.9005,Sensor Drift,1,Sensor Drift,0.442,Low,40,Cross-check the channel against a redundant sensor and recalibrate
2026-05-01 03:52:00,WELL-003,drilling,1081.9038,108.2202,133.3462,11.746,35.3045,64.9393,2111.9863,2190.9578,103.3706,1.2179,44.1306,Sensor Drift,1,Sensor Drift,0.445,Low,40,Cross-check the channel against a redundant sensor and recalibrate
2026-05-01 03:53:00,WELL-003,drilling,1082.5165,104.1267,131.9755,11.487,33.828,64.6215,2103.891,2212.8497,103.4173,1.2174,45.8292,Sensor Drift,1,Sensor Drift,0.447,Low,40,Cross-check the channel against a redundant sensor and recalibrate
2026-05-01 03:54:00,WELL-003,drilling,1083.112,107.9165,134.2692,11.3867,35.8489,64.8564,2110.0494,2154.2047,103.3777,1.2182,48.5932,Sensor Drift,1,Sensor Drift,0.449,Low,40,Cross-check the channel against a redundant sensor and recalibrate
2026-05-01 03:55:00,WELL-003,drilling,1083.6944,108.306,132.916,11.5697,35.7688,65.4343,2112.2798,2187.8399,103.3045,1.2218,45.1701,Sensor Drift,1,Sensor Drift,0.451,Low,40,Cross-check the channel against a redundant sensor and recalibrate
2026-05-01 03:56:00,WELL-003,drilling,1084.266,105.8858,133.1313,11.2665,34.6664,64.9751,2115.5305,2160.587,103.3498,1.2193,41.9407,Sensor Drift,1,Sensor Drift,0.454,Low,40,Cross-check the channel against a redundant sensor and recalibrate
2026-05-01 03:57:00,WELL-003,drilling,1084.8502,106.1577,132.4916,11.3069,35.5426,64.7608,2108.1842,2189.5353,103.3221,1.2177,42.3473,Sensor Drift,1,Sensor Drift,0.456,Low,40,Cross-check the channel against a redundant sensor and recalibrate
2026-05-01 03:58:00,WELL-003,drilling,1085.4771,108.7802,134.2971,11.4693,36.4471,64.7875,2111.4621,2189.0606,103.3344,1.2218,41.3797,Sensor Drift,1,Sensor Drift,0.458,Low,40,Cross-check the channel against a redundant sensor and recalibrate
2026-05-01 03:59:00,WELL-003,drilling,1086.0415,109.9933,131.8087,11.4517,35.8812,64.1782,2112.6978,2187.3682,103.3399,1.2225,41.8754,Sensor Drift,1,Sensor Drift,0.46,Low,40,Cross-check the channel against a redundant sensor and recalibrate
2026-05-01 04:00:00,WELL-003,drilling,1086.6757,108.7865,132.8305,11.5073,35.7088,65.3446,2110.4779,2145.5401,103.3481,1.2237,41.5106,Sensor Drift,1,Sensor Drift,0.462,Low,40,Cross-check the channel against a redundant sensor and recalibrate
2026-05-01 04:01:00,WELL-003,drilling,1087.3018,112.6735,134.383,11.4349,36.9601,64.7804,2112.64,2195.4687,103.3616,1.2162,41.3311,Sensor Drift,1,Sensor Drift,0.465,Low,40,Cross-check the channel against a redundant sensor and recalibrate
2026-05-01 04:02:00,WELL-003,drilling,1087.8455,111.6296,133.1358,10.908,36.3236,65.2247,2115.7624,2223.2573,103.3719,1.2198,39.1425,Sensor Drift,1,Sensor Drift,0.467,Low,40,Cross-check the channel against a redundant sensor and recalibrate
2026-05-01 04:03:00,WELL-003,drilling,1088.4979,112.3021,133.0318,11.1282,36.7859,65.3196,2099.9726,2198.9957,103.3382,1.2201,38.262,Sensor Drift,1,Sensor Drift,0.469,Low,40,Cross-check the channel against a redundant sensor and recalibrate
2026-05-01 04:04:00,WELL-003,drilling,1089.1182,112.8009,133.0014,11.6176,34.9433,65.1466,2094.553,2195.4662,103.3465,1.2181,38.1543,Sensor Drift,1,Sensor Drift,0.471,Low,40,Cross-check the channel against a redundant sensor and recalibrate
2026-05-01 04:05:00,WELL-003,drilling,1089.6775,105.1436,131.171,10.9739,33.4041,64.9841,2116.6379,2199.0492,103.3995,1.2193,40.5275,Sensor Drift,1,Sensor Drift,0.473,Low,40,Cross-check the channel against a redundant sensor and recalibrate
2026-05-01 04:06:00,WELL-003,drilling,1090.2378,104.8612,132.4756,10.7037,34.1111,64.4882,2115.0812,2153.2035,103.3468,1.2209,41.3723,Sensor Drift,1,Sensor Drift,0.476,Low,40,Cross-check the channel against a redundant sensor and recalibrate
2026-05-01 04:07:00,WELL-003,drilling,1090.7883,105.063,132.6859,11.0822,34.1169,64.7335,2106.0027,2176.1512,103.3181,1.2189,38.7848,Sensor Drift,1,Sensor Drift,0.478,Low,40,Cross-check the channel against a redundant sensor and recalibrate
2026-05-01 04:08:00,WELL-003,drilling,1091.3377,106.5649,132.6389,11.5636,36.6013,64.8147,2105.2533,2153.4373,103.3464,1.2164,38.5115,Sensor Drift,1,Sensor Drift,0.48,Low,40,Cross-check the channel against a redundant sensor and recalibrate
2026-05-01 04:09:00,WELL-003,connection,1091.4105,0.0,0.0,0.0,0.2477,30.6382,845.603,1478.1904,103.9445,1.229,39.5772,Sensor Drift,1,Sensor Drift,0.482,Low,40,Cross-check the channel against a redundant sensor and recalibrate
2026-05-01 04:10:00,WELL-003,connection,1091.433,0.073,0.2596,0.0,0.213,9.6795,0.0,696.1074,104.5335,1.2334,37.6461,Sensor Drift,1,Sensor Drift,0.484,Low,40,Cross-check the channel against a redundant sensor and recalibrate
2026-05-01 04:11:00,WELL-003,connection,1091.368,0.4395,0.0,0.2881,0.0,3.3124,0.0,345.2891,104.7753,1.2322,41.4351,Sensor Drift,1,Sensor Drift,0.487,Low,40,Cross-check the channel against a redundant sensor and recalibrate
2026-05-01 04:12:00,WELL-003,connection,1091.4058,1.1211,0.0,0.0,0.9696,2.0059,0.0,188.8834,104.9073,1.2309,39.9677,Sensor Drift,1,Sensor Drift,0.489,Low,40,Cross-check the channel against a redundant sensor and recalibrate
2026-05-01 04:13:00,WELL-003,connection,1091.3909,0.2346,0.0299,0.1579,0.5123,0.3944,0.0,125.003,104.9435,1.2271,40.6407,Sensor Drift,1,Sensor Drift,0.491,Low,40,Cross-check the channel against a redundant sensor and recalibrate
2026-05-01 04:14:00,WELL-003,connection,1091.3769,0.0,0.0,0.0177,0.0,0.0172,0.0,96.3271,104.9266,1.2271,42.5664,Sensor Drift,1,Sensor Drift,0.493,Low,40,Cross-check the channel against a redundant sensor and recalibrate
2026-05-01 04:15:00,WELL-003,connection,1091.4207,0.0,0.0,0.0,0.4683,0.0,0.0,83.8922,104.9636,1.2309,41.4149,Sensor Drift,1,Sensor Drift,0.496,Low,40,Cross-check the channel against a redundant sensor and recalibrate
2026-05-01 04:16:00,WELL-003,connection,1091.4368,1.1563,0.4987,0.0,0.0,0.1647,0.0,78.9832,104.9414,1.2289,38.1717,Sensor Drift,1,Sensor Drift,0.498,Low,40,Cross-check the channel against a redundant sensor and recalibrate
2026-05-01 04:17:00,WELL-003,connection,1091.3828,0.0,0.0,0.0,0.407,13.2805,1049.1632,681.0145,104.4807,1.2322,39.0463,Sensor Drift,1,Sensor Drift,0.5,Low,40,Cross-check the channel against a redundant sensor and recalibrate
2026-05-01 04:18:00,WELL-003,drilling,1091.5313,36.7576,48.3537,6.4647,8.7757,48.8224,2106.146,1541.7975,103.8764,1.2286,38.491,Sensor Drift,1,Sensor Drift,0.502,Low,40,Cross-check the channel against a redundant sensor and recalibrate
2026-05-01 04:19:00,WELL-003,drilling,1091.893,71.8826,95.1557,9.4062,19.937,59.9007,2109.0681,1890.4338,103.5503,1.2282,37.829,Sensor Drift,1,Sensor Drift,0.504,Low,40,Cross-check the channel against a redundant sensor and recalibrate
2026-05-01 04:20:00,WELL-003,drilling,1092.4328,110.8313,145.0215,12.051,35.4788,62.9974,2115.2322,2077.6664,103.4063,1.2283,36.8058,Sensor Drift,1,Sensor Drift,0.507,Low,40,Cross-check the channel against a redundant sensor and recalibrate
2026-05-01 04:21:00,WELL-003,drilling,1093.0914,109.0805,144.4477,11.6353,36.6213,66.2475,2114.9234,2178.2776,103.3676,1.2289,34.149,Sensor Drift,1,Sensor Drift,0.509,Low,40,Cross-check the channel against a redundant sensor and recalibrate
2026-05-01 04:22:00,WELL-003,drilling,1093.6755,104.9633,142.0947,11.2875,35.7176,65.6757,2105.4373,2185.9625,103.311,1.2335,37.1861,Sensor Drift,1,Sensor Drift,0.511,Low,40,Cross-check the channel against a redundant sensor and recalibrate
2026-05-01 04:23:00,WELL-003,drilling,1094.2565,109.5784,145.0836,11.9383,36.2824,65.8875,2103.548,2197.2202,103.3203,1.2319,40.649,Sensor Drift,1,Sensor Drift,0.513,Low,40,Cross-check the channel against a redundant sensor and recalibrate
2026-05-01 04:24:00,WELL-003,drilling,1094.8709,110.9992,144.5428,11.8459,36.8204,65.6397,2096.9382,2179.5941,103.3188,1.2305,42.5126,Sensor Drift,1,Sensor Drift,0.515,Low,40,Cross-check the channel against a redundant sensor and recalibrate
2026-05-01 04:25:00,WELL-003,drilling,1095.472,106.546,142.7603,11.8022,34.5932,66.0073,2103.8627,2223.5244,103.3686,1.2311,43.6187,Sensor Drift,1,Sensor Drift,0.518,Low,40,Cross-check the channel against a redundant sensor and recalibrate
2026-05-01 04:26:00,WELL-003,drilling,1096.0579,110.3606,144.247,12.1107,35.7207,64.8108,2110.4424,2162.2483,103.322,1.2314,64.3745,Sensor Drift,1,Sensor Drift,0.52,Low,40,Cross-check the channel against a redundant sensor and recalibrate
2026-05-01 04:27:00,WELL-003,drilling,1096.6282,106.7353,145.123,11.796,34.3845,65.5963,2104.2676,2198.2175,103.2759,1.2277,63.074,Sensor Drift,1,Washout|Sensor Drift,0.522,Low,40,Cross-check the channel against a redundant sensor and recalibrate
2026-05-01 04:28:00,WELL-003,drilling,1097.1871,113.1136,143.0836,12.5733,34.922,65.354,2087.5373,2201.7854,103.3368,1.2299,60.3,Sensor Drift,1,Washout|Sensor Drift,0.524,Low,40,Cross-check the channel against a redundant sensor and recalibrate
2026-05-01 04:29:00,WELL-003,drilling,1097.8496,112.5635,142.5509,12.1868,36.1895,64.8138,2099.54,2160.3041,103.3594,1.2312,61.2516,Sensor Drift,1,Washout|Sensor Drift,0.527,Low,40,Cross-check the channel against a redundant sensor and recalibrate
2026-05-01 04:30:00,WELL-003,drilling,1098.4108,115.238,144.5725,11.6921,33.9176,65.3703,2093.7329,2257.3692,103.3803,1.2285,56.8236,Sensor Drift,1,Washout|Sensor Drift,0.529,Low,40,Cross-check the channel against a redundant sensor and recalibrate
2026-05-01 04:31:00,WELL-003,drilling,1098.9861,114.1892,143.4484,12.2446,34.6828,66.1049,2102.0268,2168.6205,103.2964,1.2351,55.1931,Sensor Drift,1,Washout|Sensor Drift,0.531,Low,40,Cross-check the channel against a redundant sensor and recalibrate
2026-05-01 04:32:00,WELL-003,drilling,1099.5513,110.9562,143.646,12.4389,35.2222,65.2776,2104.2006,2211.8762,103.2827,1.2283,58.37,Sensor Drift,1,Washout|Sensor Drift,0.533,Low,40,Cross-check the channel against a redundant sensor and recalibrate
2026-05-01 04:33:00,WELL-003,drilling,1100.166,117.056,143.4293,12.9044,36.7915,65.5243,2109.4533,2139.0751,103.362,1.2313,54.5314,Sensor Drift,1,Washout|Sensor Drift,0.535,Low,40,Cross-check the channel against a redundant sensor and recalibrate
2026-05-01 04:34:00,WELL-003,drilling,1100.7874,117.3435,143.2505,12.8898,36.6479,65.5063,2104.3292,2183.1708,103.3376,1.2316,34.9231,Sensor Drift,1,Washout|Sensor Drift,0.538,Low,40,Cross-check the channel against a redundant sensor and recalibrate
2026-05-01 04:35:00,WELL-003,drilling,1101.377,115.6995,142.3276,13.0599,34.9281,65.8397,2098.9691,2178.7531,103.32,1.2279,37.0964,Sensor Drift,1,Washout|Sensor Drift,0.54,Low,40,Cross-check the channel against a redundant sensor and recalibrate
2026-05-01 04:36:00,WELL-003,drilling,1101.9656,118.2635,144.7863,13.4396,34.0742,65.7575,2101.4916,2199.8215,103.3744,1.2272,36.4308,Sensor Drift,1,Washout|Sensor Drift,0.542,Low,40,Cross-check the channel against a redundant sensor and recalibrate
2026-05-01 04:37:00,WELL-003,drilling,1102.5107,111.6533,143.3473,12.9455,34.1366,66.2887,2107.9352,2190.519,103.3012,1.228,35.0857,Sensor Drift,1,Washout|Sensor Drift,0.544,Low,40,Cross-check the channel against a redundant sensor and recalibrate
2026-05-01 04:38:00,WELL-003,drilling,1103.1255,113.2445,143.4541,13.0408,35.8444,65.2971,2095.8127,2216.582,103.3249,1.2268,35.1044,Sensor Drift,1,Washout|Sensor Drift,0.546,Low,40,Cross-check the channel against a redundant sensor and recalibrate
2026-05-01 04:39:00,WELL-003,drilling,1103.6893,112.0092,144.7983,12.7671,34.6135,66.0921,2102.9299,2222.8602,103.3057,1.2312,35.4618,Sensor Drift,1,Washout|Sensor Drift,0.549,Low,40,Cross-check the channel against a redundant sensor and recalibrate
2026-05-01 04:40:00,WELL-003,drilling,1104.2478,110.2327,143.6477,12.5341,34.3835,65.326,2117.4333,2169.1499,103.3463,1.2271,35.2716,Sensor Drift,1,Washout|Sensor Drift,0.551,Low,40,Cross-check the channel against a redundant sensor and recalibrate
2026-05-01 04:41:00,WELL-003,drilling,1104.8571,109.6849,144.217,12.398,35.3425,65.2977,2110.2321,2215.3863,103.3387,1.2324,37.9309,Sensor Drift,1,Washout|Sensor Drift,0.553,Low,40,Cross-check the channel against a redundant sensor and recalibrate
2026-05-01 04:42:00,WELL-003,drilling,1105.5065,106.1799,142.8353,12.1995,36.9864,65.0306,2102.239,2234.7251,103.333,1.2295,36.3925,Sensor Drift,1,Washout|Sensor Drift,0.555,Low,40,Cross-check the channel against a redundant sensor and recalibrate
2026-05-01 04:43:00,WELL-003,drilling,1106.1358,114.7855,143.9339,12.3685,38.7569,65.6,2096.8027,2224.5773,103.3166,1.2278,36.5807,Sensor Drift,1,Washout|Sensor Drift,0.557,Low,40,Cross-check the channel against a redundant sensor and recalibrate
2026-05-01 04:44:00,WELL-003,drilling,1106.7314,107.053,143.9294,12.2841,36.9939,64.9904,2111.1916,2235.1165,103.3039,1.2302,33.06,Sensor Drift,1,Washout|Sensor Drift,0.56,Low,40,Cross-check the channel against a redundant sensor and recalibrate
2026-05-01 04:45:00,WELL-003,drilling,1107.3237,106.8539,144.2153,12.0613,36.9548,64.9637,2091.5809,2220.6515,103.3749,1.2272,31.7447,Sensor Drift,1,Washout|Sensor Drift,0.562,Low,40,Cross-check the channel against a redundant sensor and recalibrate
2026-05-01 04:46:00,WELL-003,drilling,1107.955,114.523,143.936,12.8853,36.0732,64.6051,2091.7439,2188.8388,103.3499,1.2331,31.56,Sensor Drift,1,Washout|Sensor Drift,0.564,Low,40,Cross-check the channel against a redundant sensor and recalibrate
2026-05-01 04:47:00,WELL-003,drilling,1108.5776,114.5939,143.5907,13.1002,36.5623,65.0456,2088.5351,2172.7734,103.3102,1.2277,31.1883,Sensor Drift,1,Washout|Sensor Drift,0.566,Low,40,Cross-check the channel against a redundant sensor and recalibrate
2026-05-01 04:48:00,WELL-003,drilling,1109.1788,113.0347,143.3859,13.0203,37.1261,65.492,2106.6159,2200.4502,103.3678,1.2269,35.4725,Sensor Drift,1,Washout|Sensor Drift,0.569,Low,40,Cross-check the channel against a redundant sensor and recalibrate
2026-05-01 04:49:00,WELL-003,drilling,1109.7625,108.6202,145.5681,11.9601,34.7623,64.8523,2108.0178,2239.996,103.3005,1.2305,35.588,Sensor Drift,1,Washout|Sensor Drift,0.571,Low,40,Cross-check the channel against a redundant sensor and recalibrate
2026-05-01 04:50:00,WELL-003,drilling,1110.348,109.1342,143.3036,12.1215,33.6196,65.7302,2108.2121,2221.9255,103.3538,1.226,34.6857,Sensor Drift,1,Washout|Sensor Drift,0.573,Low,40,Cross-check the channel against a redundant sensor and recalibrate
2026-05-01 04:51:00,WELL-003,drilling,1110.8517,108.4432,142.8158,12.0444,34.053,64.1524,2115.6455,2236.98,103.376,1.2339,35.3684,Sensor Drift,1,Washout|Sensor Drift,0.575,Low,40,Cross-check the channel against a redundant sensor and recalibrate
2026-05-01 04:52:00,WELL-003,drilling,1111.4285,102.7421,142.539,11.6629,33.1006,64.5048,2106.9489,2202.6605,103.3687,1.2292,34.6319,Sensor Drift,1,Washout|Sensor Drift,0.577,Low,40,Cross-check the channel against a redundant sensor and recalibrate
2026-05-01 04:53:00,WELL-003,drilling,1111.9549,101.1724,144.2122,11.7636,32.2958,64.8526,2100.8117,2175.3595,103.3505,1.232,33.4983,Sensor Drift,1,Washout|Sensor Drift,0.58,Low,40,Cross-check the channel against a redundant sensor and recalibrate
2026-05-01 04:54:00,WELL-003,drilling,1112.5705,105.0717,143.1726,12.4895,34.5523,64.4566,2099.0823,2203.2495,103.321,1.2274,33.7557,Sensor Drift,1,Washout|Sensor Drift,0.582,Low,40,Cross-check the channel against a redundant sensor and recalibrate
2026-05-01 04:55:00,WELL-003,drilling,1113.1231,107.918,143.7181,12.401,36.7292,65.0824,2103.6352,2175.0587,103.3552,1.226,35.0473,Sensor Drift,1,Washout|Sensor Drift,0.584,Low,40,Cross-check the channel against a redundant sensor and recalibrate
2026-05-01 04:56:00,WELL-003,drilling,1113.773,111.7273,144.4442,12.8906,38.0792,65.5154,2104.6797,2211.1212,103.2837,1.2294,34.5658,Sensor Drift,1,Washout|Sensor Drift,0.586,Low,40,Cross-check the channel against a redundant sensor and recalibrate
2026-05-01 04:57:00,WELL-003,drilling,1114.325,109.3995,145.2625,12.293,35.0476,65.5326,2136.1357,2227.5718,103.3335,1.231,37.4354,Sensor Drift,1,Washout|Sensor Drift,0.588,Low,40,Cross-check the channel against a redundant sensor and recalibrate
2026-05-01 04:58:00,WELL-003,drilling,1115.0101,110.6791,144.5792,12.7113,37.009,65.3539,2104.6237,2231.2968,103.304,1.2301,36.4608,Sensor Drift,1,Washout|Sensor Drift,0.591,Low,40,Cross-check the channel against a redundant sensor and recalibrate
2026-05-01 04:59:00,WELL-003,drilling,1115.6435,115.1127,145.6621,13.0447,37.6263,65.5704,2099.06,2213.723,103.3465,1.2287,38.6438,Sensor Drift,1,Washout|Sensor Drift,0.593,Low,40,Cross-check the channel against a redundant sensor and recalibrate
2026-05-01 05:00:00,WELL-003,drilling,1116.2407,112.5284,143.849,12.2779,36.3933,65.6914,2127.0481,2217.291,103.3298,1.2301,40.3156,Sensor Drift,1,Washout|Sensor Drift,0.595,Low,40,Cross-check the channel against a redundant sensor and recalibrate
2026-05-01 05:01:00,WELL-003,drilling,1116.8153,114.9004,143.9765,12.5124,36.5978,65.6095,2103.7867,2172.8863,103.3199,1.2316,38.9708,Sensor Drift,1,Washout|Sensor Drift,0.597,Low,40,Cross-check the channel against a redundant sensor and recalibrate
2026-05-01 05:02:00,WELL-003,drilling,1117.4193,114.6508,143.4808,12.8639,36.09,64.6885,2109.5322,2175.2675,103.3557,1.2288,37.3234,Sensor Drift,1,Washout|Sensor Drift,0.6,Low,40,Cross-check the channel against a redundant sensor and recalibrate
2026-05-01 05:03:00,WELL-003,drilling,1118.0199,115.8065,144.7127,12.5908,35.8769,64.6125,2103.5621,2164.1207,103.3886,1.2315,37.405,Sensor Drift,1,Washout|Sensor Drift,0.602,Low,40,Cross-check the channel against a redundant sensor and recalibrate
2026-05-01 05:04:00,WELL-003,drilling,1118.6213,111.568,143.4948,12.5627,34.8726,65.6982,2111.9398,2210.628,103.3185,1.2315,37.3519,Sensor Drift,1,Washout|Sensor Drift,0.604,Low,40,Cross-check the channel against a redundant sensor and recalibrate
2026-05-01 05:05:00,WELL-003,drilling,1119.2144,113.2723,142.9063,12.4936,36.5813,65.6331,2089.3384,2259.0089,103.33,1.2308,39.2172,Sensor Drift,1,Washout|Sensor Drift,0.606,Low,40,Cross-check the channel against a redundant sensor and recalibrate
2026-05-01 05:06:00,WELL-003,drilling,1119.8401,114.0682,143.8457,12.5552,38.6827,64.846,2092.4277,2164.2342,103.3106,1.2293,36.9101,Sensor Drift,1,Washout|Sensor Drift,0.608,Low,40,Cross-check the channel against a redundant sensor and recalibrate
2026-05-01 05:07:00,WELL-003,connection,1119.8578,0.0,0.0,0.1687,0.0,30.2743,835.2269,1501.0949,103.9018,1.2422,40.2107,Sensor Drift,1,Washout|Sensor Drift,0.611,Low,40,Cross-check the channel against a redundant sensor and recalibrate
2026-05-01 05:08:00,WELL-003,connection,1119.8825,0.8997,0.0,0.0999,0.9835,9.7205,0.0,697.0892,104.4999,1.2404,40.7851,Sensor Drift,1,Washout|Sensor Drift,0.613,Low,40,Cross-check the channel against a redundant sensor and recalibrate
2026-05-01 05:09:00,WELL-003,connection,1119.8721,0.0,0.0,0.0892,0.0,3.0907,0.0,359.2437,104.7756,1.2434,44.945,Sensor Drift,1,Washout|Sensor Drift,0.615,Low,40,Cross-check the channel against a redundant sensor and recalibrate
2026-05-01 05:10:00,WELL-003,connection,1119.8702,0.6989,0.0,0.0,1.0204,1.476,0.0,209.9286,104.8757,1.2356,46.3444,Sensor Drift,1,Washout|Sensor Drift,0.617,Low,40,Cross-check the channel against a redundant sensor and recalibrate
2026-05-01 05:11:00,WELL-003,connection,1119.8573,0.4485,0.2149,0.0921,0.2879,0.8629,0.0,144.1211,104.9242,1.2393,47.2759,Sensor Drift,1,Washout|Sensor Drift,0.619,Low,40,Cross-check the channel against a redundant sensor and recalibrate
2026-05-01 05:12:00,WELL-003,connection,1119.871,0.0807,0.1286,0.1765,0.0,13.007,1053.7324,726.786,104.4303,1.2416,46.073,Sensor Drift,1,Washout|Sensor Drift,0.622,Low,40,Cross-check the channel against a redundant sensor and recalibrate
2026-05-01 05:13:00,WELL-003,drilling,1119.9863,33.3005,42.6967,6.3415,7.8501,48.1227,2094.97,1545.1062,103.8101,1.2421,49.0571,Sensor Drift,1,Washout|Sensor Drift,0.624,Low,40,Cross-check the channel against a redundant sensor and recalibrate
2026-05-01 05:14:00,WELL-003,drilling,1120.289,64.454,89.4246,9.1174,18.2542,59.5203,2100.8827,1939.5786,103.5355,1.2365,48.7754,Sensor Drift,1,Washout|Sensor Drift,0.626,Low,40,Cross-check the channel against a redundant sensor and recalibrate
2026-05-01 05:15:00,WELL-003,drilling,1120.7746,90.6327,132.3796,11.1838,27.6426,63.5339,2111.6586,2089.5306,103.4383,1.2394,46.3514,Sensor Drift,1,Washout|Sensor Drift,0.628,Low,40,Cross-check the channel against a redundant sensor and recalibrate
2026-05-01 05:16:00,WELL-003,drilling,1121.2309,93.9698,131.15,11.2919,28.6188,65.0941,2110.7637,2157.0868,103.433,1.2398,47.1972,Sensor Drift,1,Washout|Sensor Drift,0.63,Low,40,Cross-check the channel against a redundant sensor and recalibrate
2026-05-01 05:17:00,WELL-003,drilling,1121.7775,93.3067,133.7263,11.3001,28.8489,65.5264,2101.4191,2204.1464,103.3325,1.2393,49.6433,Sensor Drift,1,Washout|Sensor Drift,0.633,Low,40,Cross-check the channel against a redundant sensor and recalibrate
2026-05-01 05:18:00,WELL-003,drilling,1122.2121,94.7394,133.6539,11.2099,28.9562,65.2951,2112.1265,2229.9967,103.3587,1.239,49.4474,Sensor Drift,1,Washout|Sensor Drift,0.635,Low,40,Cross-check the channel against a redundant sensor and recalibrate
2026-05-01 05:19:00,WELL-003,drilling,1122.6974,99.0439,132.069,11.6043,29.637,65.547,2103.4043,2213.3051,103.3125,1.2424,47.4574,Sensor Drift,1,Washout|Sensor Drift,0.637,Low,40,Cross-check the channel against a redundant sensor and recalibrate
2026-05-01 05:20:00,WELL-003,drilling,1123.2338,101.7066,132.0251,11.7507,30.5924,65.6175,2110.6682,2210.8248,103.3494,1.2387,48.1795,Sensor Drift,1,Washout|Sensor Drift,0.639,Low,40,Cross-check the channel against a redundant sensor and recalibrate
2026-05-01 05:21:00,WELL-003,drilling,1123.7989,105.3206,131.2677,11.9128,32.0978,65.8668,2109.6389,2240.9568,103.3201,1.2386,47.5811,Sensor Drift,1,Washout|Sensor Drift,0.642,Low,40,Cross-check the channel against a redundant sensor and recalibrate
2026-05-01 05:22:00,WELL-003,drilling,1124.3303,103.6023,132.3877,11.8881,33.6909,65.5568,2108.5309,2163.2045,103.3432,1.2396,47.8475,Sensor Drift,1,Washout|Sensor Drift,0.644,Low,40,Cross-check the channel against a redundant sensor and recalibrate
2026-05-01 05:23:00,WELL-003,drilling,1124.8711,106.1349,131.8386,12.3556,33.3851,65.5685,2116.3137,2278.6981,103.2961,1.2395,48.1902,Sensor Drift,1,Washout|Sensor Drift,0.646,Low,40,Cross-check the channel against a redundant sensor and recalibrate
2026-05-01 05:24:00,WELL-003,drilling,1125.4358,104.352,131.7744,12.2357,35.2306,65.7146,2102.4505,2221.1935,103.2929,1.2384,62.3108,Sensor Drift,1,Washout|Sensor Drift,0.648,Low,40,Cross-check the channel against a redundant sensor and recalibrate
2026-05-01 05:25:00,WELL-003,drilling,1126.0449,104.0512,130.9341,12.1696,34.3237,66.0625,2118.4132,2248.2755,103.3007,1.2414,61.434,Sensor Drift,1,Washout|Sensor Drift,0.65,Low,40,Cross-check the channel against a redundant sensor and recalibrate
2026-05-01 05:26:00,WELL-003,drilling,1126.6396,102.8716,131.825,12.1533,36.1207,65.9707,2099.5901,2223.3545,103.3205,1.2427,62.6145,Sensor Drift,1,Washout|Sensor Drift,0.653,Low,40,Cross-check the channel against a redundant sensor and recalibrate
2026-05-01 05:27:00,WELL-003,drilling,1127.1865,99.1367,131.2777,11.8423,35.9087,64.337,2111.1938,2213.5814,103.3474,1.2401,62.7206,Sensor Drift,1,Washout|Sensor Drift,0.655,Low,40,Cross-check the channel against a redundant sensor and recalibrate
2026-05-01 05:28:00,WELL-003,drilling,1127.7825,104.2138,131.9864,12.4214,35.4593,65.424,2101.9716,2259.7514,103.3796,1.2393,63.7947,Sensor Drift,1,Washout|Sensor Drift,0.657,Low,40,Cross-check the channel against a redundant sensor and recalibrate
2026-05-01 05:29:00,WELL-003,drilling,1128.3975,104.0192,132.8706,12.3189,34.4686,64.8548,2101.1489,2216.9583,103.2836,1.2396,45.898,Sensor Drift,1,Washout|Sensor Drift,0.659,Low,40,Cross-check the channel against a redundant sensor and recalibrate
2026-05-01 05:30:00,WELL-003,drilling,1128.9373,106.0497,132.6349,12.3949,34.537,65.1393,2095.0052,2245.6642,103.2903,1.2404,46.9429,Sensor Drift,1,Washout|Sensor Drift,0.661,Low,40,Cross-check the channel against a redundant sensor and recalibrate
2026-05-01 05:31:00,WELL-003,drilling,1129.5208,102.7568,131.7902,12.2587,33.5556,65.7234,2098.0334,2182.5959,103.2971,1.2383,46.2685,Sensor Drift,1,Washout|Sensor Drift,0.664,Low,40,Cross-check the channel against a redundant sensor and recalibrate
2026-05-01 05:32:00,WELL-003,drilling,1130.0519,100.2317,131.1378,12.2347,32.5616,65.3775,2095.8838,2194.4084,103.3184,1.239,43.986,Sensor Drift,1,Washout|Sensor Drift,0.666,Low,40,Cross-check the channel against a redundant sensor and recalibrate
2026-05-01 05:33:00,WELL-003,drilling,1130.5984,98.3285,130.296,12.0348,30.734,64.7666,2110.2057,2204.9941,103.3267,1.2435,45.5005,Sensor Drift,1,Washout|Sensor Drift,0.668,Low,40,Cross-check the channel against a redundant sensor and recalibrate
2026-05-01 05:34:00,WELL-003,drilling,1131.0724,102.9145,131.9933,12.7555,30.4037,64.9717,2103.3749,2220.7594,103.349,1.2416,46.7397,Sensor Drift,1,Washout|Sensor Drift,0.67,Low,40,Cross-check the channel against a redundant sensor and recalibrate
2026-05-01 05:35:00,WELL-003,drilling,1131.6476,104.5103,132.1577,12.3692,31.8685,65.6125,2105.7988,2205.5347,103.3522,1.2415,44.7883,Sensor Drift,1,Washout|Sensor Drift,0.673,Low,40,Cross-check the channel against a redundant sensor and recalibrate
2026-05-01 05:36:00,WELL-003,drilling,1132.1226,104.257,131.6323,12.6014,32.7093,65.0619,2118.1239,2215.8321,103.3278,1.2414,46.6875,Sensor Drift,1,Washout|Sensor Drift,0.675,Low,40,Cross-check the channel against a redundant sensor and recalibrate
2026-05-01 05:37:00,WELL-003,drilling,1132.6946,100.0125,132.7564,12.1482,32.1811,65.242,2119.4818,2227.8347,103.3418,1.2431,46.4257,Sensor Drift,1,Washout|Sensor Drift,0.677,Low,40,Cross-check the channel against a redundant sensor and recalibrate
2026-05-01 05:38:00,WELL-003,drilling,1133.2367,105.9365,131.2715,12.8685,31.6904,65.1659,2111.5355,2253.2091,103.3489,1.239,49.8648,Sensor Drift,1,Washout|Sensor Drift,0.679,Low,40,Cross-check the channel against a redundant sensor and recalibrate
2026-05-01 05:39:00,WELL-003,drilling,1133.7477,102.558,132.3457,12.3005,30.1027,64.5109,2086.185,2244.7678,103.3453,1.2437,45.6672,Sensor Drift,1,Washout|Sensor Drift,0.681,Low,40,Cross-check the channel against a redundant sensor and recalibrate
2026-05-01 05:40:00,WELL-003,drilling,1134.2525,100.6784,132.4667,12.419,30.8439,64.7978,2076.3938,2197.3871,103.3131,1.2423,46.4417,Sensor Drift,1,Washout|Sensor Drift,0.684,Low,40,Cross-check the channel against a redundant sensor and recalibrate
2026-05-01 05:41:00,WELL-003,drilling,1134.7154,99.3356,132.4386,12.3636,29.6622,65.1271,2104.7863,2208.6993,103.3098,1.2398,46.1296,Sensor Drift,1,Washout|Sensor Drift,0.686,Low,40,Cross-check the channel against a redundant sensor and recalibrate
2026-05-01 05:42:00,WELL-003,drilling,1135.2555,96.8202,132.9047,12.1161,31.4661,64.811,2092.1864,2250.5304,103.2866,1.2432,42.7947,Sensor Drift,1,Washout|Sensor Drift,0.688,Low,40,Cross-check the channel against a redundant sensor and recalibrate
2026-05-01 05:43:00,WELL-003,drilling,1135.7919,99.0295,130.3507,12.0802,30.8995,65.4221,2109.8018,2253.0189,103.364,1.2408,43.6533,Sensor Drift,1,Washout|Sensor Drift,0.69,Low,40,Cross-check the channel against a redundant sensor and recalibrate
2026-05-01 05:44:00,WELL-003,drilling,1136.2729,101.7486,132.1415,12.1953,30.306,65.3291,2112.1338,2194.8338,103.3426,1.2423,45.8898,Sensor Drift,1,Washout|Sensor Drift,0.692,Low,40,Cross-check the channel against a redundant sensor and recalibrate
2026-05-01 05:45:00,WELL-003,drilling,1136.7604,101.8993,131.3076,12.1012,29.7143,65.6432,2103.5791,2265.3867,103.3758,1.2422,49.5135,Sensor Drift,1,Washout|Sensor Drift,0.695,Low,40,Cross-check the channel against a redundant sensor and recalibrate
2026-05-01 05:46:00,WELL-003,drilling,1137.3136,101.1036,132.8411,11.9379,31.0269,65.1144,2103.3595,2243.6245,103.4381,1.2432,46.2662,Sensor Drift,1,Washout|Sensor Drift,0.697,Low,40,Cross-check the channel against a redundant sensor and recalibrate
2026-05-01 05:47:00,WELL-003,drilling,1137.8215,105.7894,131.8869,11.8166,31.1731,65.8073,2109.5424,2262.8051,103.322,1.2396,44.4004,Sensor Drift,1,Washout|Sensor Drift,0.699,Low,40,Cross-check the channel against a redundant sensor and recalibrate
2026-05-01 05:48:00,WELL-003,drilling,1138.3281,106.3693,130.5778,11.8202,32.1411,65.4458,2099.3902,2250.2404,103.2892,1.239,44.0091,Sensor Drift,1,Washout|Sensor Drift,0.701,Low,40,Cross-check the channel against a redundant sensor and recalibrate
2026-05-01 05:49:00,WELL-003,drilling,1138.8872,109.9962,132.6134,12.0826,32.2206,64.731,2114.6405,2204.5322,103.347,1.2383,41.0317,Sensor Drift,1,Washout|Sensor Drift,0.703,Low,40,Cross-check the channel against a redundant sensor and recalibrate
2026-05-01 05:50:00,WELL-003,drilling,1139.429,109.7457,132.888,11.8365,31.4594,65.8029,2122.4149,2207.9905,103.3139,1.2396,41.8748,Sensor Drift,1,Washout|Sensor Drift,0.706,Low,40,Cross-check the channel against a redundant sensor and recalibrate
2026-05-01 05:51:00,WELL-003,drilling,1139.9548,113.0597,133.6949,12.2719,33.0647,66.1208,2093.3113,2204.0367,103.356,1.2404,43.4437,Sensor Drift,1,Washout|Sensor Drift,0.708,Low,40,Cross-check the channel against a redundant sensor and recalibrate
2026-05-01 05:52:00,WELL-003,drilling,1140.5081,110.6231,131.6169,11.9123,33.1011,64.8193,2113.7956,2277.6766,103.3835,1.2371,45.5447,Sensor Drift,1,Washout|Sensor Drift,0.71,Low,40,Cross-check the channel against a redundant sensor and recalibrate
2026-05-01 05:53:00,WELL-003,drilling,1140.9789,109.7916,131.5352,12.2285,30.2258,64.4253,2100.7963,2221.9727,103.3227,1.2408,45.1754,Sensor Drift,1,Washout|Sensor Drift,0.712,Low,40,Cross-check the channel against a redundant sensor and recalibrate
2026-05-01 05:54:00,WELL-003,drilling,1141.5424,106.3471,131.4476,11.5114,30.315,64.7462,2091.7196,2225.8213,103.3381,1.2426,41.0243,Sensor Drift,1,Washout|Sensor Drift,0.715,Low,40,Cross-check the channel against a redundant sensor and recalibrate
2026-05-01 05:55:00,WELL-003,drilling,1142.0273,107.5258,131.0411,11.4308,33.5534,64.4333,2093.0908,2200.4085,103.3583,1.2357,40.5074,Sensor Drift,1,Washout|Sensor Drift,0.717,Low,40,Cross-check the channel against a redundant sensor and recalibrate
2026-05-01 05:56:00,WELL-003,drilling,1142.5287,107.1825,131.318,11.3246,32.4581,65.2024,2093.8095,2264.7771,103.3654,1.2417,42.3775,Sensor Drift,1,Washout|Sensor Drift,0.719,Low,40,Cross-check the channel against a redundant sensor and recalibrate
2026-05-01 05:57:00,WELL-003,drilling,1143.1596,115.0526,132.7697,11.9137,33.8636,64.6089,2100.0112,2241.4671,103.2733,1.2412,42.6776,Sensor Drift,1,Washout|Sensor Drift,0.721,Low,40,Cross-check the channel against a redundant sensor and recalibrate
2026-05-01 05:58:00,WELL-003,drilling,1143.7156,113.6692,131.6819,12.272,33.8586,65.0978,2096.6148,2190.9752,103.3726,1.2412,37.7103,Sensor Drift,1,Washout|Sensor Drift,0.723,Low,40,Cross-check the channel against a redundant sensor and recalibrate
2026-05-01 05:59:00,WELL-003,drilling,1144.2631,114.8592,131.2337,12.099,35.0091,64.3853,2110.0435,2248.6093,103.3663,1.2385,38.2136,Sensor Drift,1,Washout|Sensor Drift,0.726,Low,40,Cross-check the channel against a redundant sensor and recalibrate
2026-05-01 06:00:00,WELL-003,drilling,1144.8465,117.5391,131.8442,12.6235,34.5011,65.0241,2102.9148,2258.4848,103.3467,1.2402,36.0443,Sensor Drift,1,Washout|Sensor Drift,0.728,Low,40,Cross-check the channel against a redundant sensor and recalibrate
2026-05-01 06:01:00,WELL-003,drilling,1145.3938,111.4423,130.7159,12.5065,34.3467,65.11,2106.6281,2251.9357,103.2914,1.2396,35.6865,Sensor Drift,1,Washout|Sensor Drift,0.73,Low,40,Cross-check the channel against a redundant sensor and recalibrate
2026-05-01 06:02:00,WELL-003,drilling,1145.9938,108.4518,132.4127,12.9262,35.4266,65.2825,2099.9368,2275.3518,103.3215,1.2463,38.3347,Sensor Drift,1,Washout|Sensor Drift,0.732,Low,40,Cross-check the channel against a redundant sensor and recalibrate
2026-05-01 06:03:00,WELL-003,drilling,1146.5589,108.2413,133.105,13.1214,33.9861,63.9134,2095.9958,2209.1612,103.3597,1.2398,39.331,Sensor Drift,1,Washout|Sensor Drift,0.734,Low,40,Cross-check the channel against a redundant sensor and recalibrate
2026-05-01 06:04:00,WELL-003,drilling,1147.1415,107.3237,131.3511,13.2536,32.8471,64.629,2093.8322,2236.1872,103.4023,1.2427,40.6994,Sensor Drift,1,Washout|Sensor Drift,0.737,Low,40,Cross-check the channel against a redundant sensor and recalibrate
2026-05-01 06:05:00,WELL-003,drilling,1147.6813,108.4801,132.8574,13.1774,34.914,65.3664,2102.6608,2229.3206,103.3425,1.2395,41.4188,Sensor Drift,1,Washout|Sensor Drift,0.739,Low,40,Cross-check the channel against a redundant sensor and recalibrate
2026-05-01 06:06:00,WELL-003,drilling,1148.278,109.5615,132.4548,13.1893,33.7516,64.6354,2104.2847,2232.8169,103.3139,1.2418,44.2482,Sensor Drift,1,Washout|Sensor Drift,0.741,Low,40,Cross-check the channel against a redundant sensor and recalibrate
2026-05-01 06:07:00,WELL-003,connection,1148.2738,0.0,0.6329,0.0658,0.0,29.5255,839.722,1477.0305,103.9229,1.2417,42.1967,Sensor Drift,1,Washout|Sensor Drift,0.743,Low,40,Cross-check the channel against a redundant sensor and recalibrate
2026-05-01 06:08:00,WELL-003,connection,1148.2523,0.0,0.0,0.0,0.0,10.4642,0.0,729.7252,104.4738,1.2401,39.3907,Sensor Drift,1,Washout|Sensor Drift,0.746,Low,40,Cross-check the channel against a redundant sensor and recalibrate
2026-05-01 06:09:00,WELL-003,connection,1148.3016,0.0,0.0,0.0,0.2913,3.2805,0.0,383.0919,104.7292,1.2403,38.9222,Sensor Drift,1,Washout|Sensor Drift,0.748,Low,40,Cross-check the channel against a redundant sensor and recalibrate
2026-05-01 06:10:00,WELL-003,connection,1148.2686,0.0,0.0157,0.0,0.0,13.5803,1053.4528,831.6752,104.3934,1.2449,40.9613,Sensor Drift,1,Washout|Sensor Drift,0.75,Low,40,Cross-check the channel against a redundant sensor and recalibrate
2026-05-01 06:11:00,WELL-003,drilling,1148.4353,36.7306,44.9895,6.5486,9.4438,46.7188,2090.3353,1648.7499,103.7782,1.2405,43.4594,Sensor Drift,1,Washout|Sensor Drift,0.752,Low,40,Cross-check the channel against a redundant sensor and recalibrate
2026-05-01 06:12:00,WELL-003,drilling,1148.7681,72.0651,88.4602,9.2265,20.7525,58.2522,2093.0441,1950.4707,103.536,1.2369,43.0382,Sensor Drift,1,Washout|Sensor Drift,0.754,Low,40,Cross-check the channel against a redundant sensor and recalibrate
2026-05-01 06:13:00,WELL-003,drilling,1149.3596,106.4981,132.2886,12.1073,31.928,62.4941,2084.3423,2153.6843,103.4303,1.2369,40.1475,Sensor Drift,1,Washout|Sensor Drift,0.757,Low,40,Cross-check the channel against a redundant sensor and recalibrate
2026-05-01 06:14:00,WELL-003,drilling,1149.8667,106.5499,131.4424,12.3763,32.1785,63.3652,2092.0779,2147.9391,103.3324,1.2396,41.2142,Sensor Drift,1,Washout|Sensor Drift,0.759,Low,40,Cross-check the channel against a redundant sensor and recalibrate
2026-05-01 06:15:00,WELL-003,drilling,1150.3432,104.5261,133.0513,12.119,29.5073,64.0698,2093.5386,2230.694,103.4147,1.238,37.672,Sensor Drift,1,Washout|Sensor Drift,0.761,Low,40,Cross-check the channel against a redundant sensor and recalibrate
2026-05-01 06:16:00,WELL-003,drilling,1150.8875,106.1684,132.8197,11.8929,31.7656,63.7858,2097.4472,2238.2941,103.3241,1.2428,37.2805,Sensor Drift,1,Washout|Sensor Drift,0.763,Low,40,Cross-check the channel against a redundant sensor and recalibrate
2026-05-01 06:17:00,WELL-003,drilling,1151.4,108.2146,132.2305,12.351,31.2986,63.4434,2079.5157,2165.6793,103.3784,1.2421,39.7349,Sensor Drift,1,Washout|Sensor Drift,0.765,Low,40,Cross-check the channel against a redundant sensor and recalibrate
2026-05-01 06:18:00,WELL-003,drilling,1151.9046,102.7263,133.7673,11.8969,30.8709,63.6117,2100.2053,2246.9932,103.3005,1.2401,39.0945,Sensor Drift,1,Washout|Sensor Drift,0.768,Low,40,Cross-check the channel against a redundant sensor and recalibrate
2026-05-01 06:19:00,WELL-003,drilling,1152.416,100.2601,131.4083,11.3093,29.5364,64.2406,2090.0321,2229.1252,103.3028,1.2428,38.1988,Sensor Drift,1,Washout|Sensor Drift,0.77,Low,40,Cross-check the channel against a redundant sensor and recalibrate
2026-05-01 06:20:00,WELL-003,drilling,1152.9049,98.8335,132.5045,11.1157,30.5765,63.5638,2096.1018,2221.3981,103.3696,1.2408,39.3123,Sensor Drift,1,Washout|Sensor Drift,0.772,Low,40,Cross-check the channel against a redundant sensor and recalibrate
2026-05-01 06:21:00,WELL-003,drilling,1153.3992,99.5074,132.8686,11.294,29.3123,63.9697,2081.3037,2247.7152,103.3266,1.2412,38.5145,Sensor Drift,1,Washout|Sensor Drift,0.774,Low,40,Cross-check the channel against a redundant sensor and recalibrate
2026-05-01 06:22:00,WELL-003,drilling,1153.8392,92.17,133.3871,11.1014,28.172,64.2042,2098.8978,2210.3528,103.3444,1.2388,39.0437,Sensor Drift,1,Washout|Sensor Drift,0.776,Low,40,Cross-check the channel against a redundant sensor and recalibrate
2026-05-01 06:23:00,WELL-003,drilling,1154.3593,99.2926,132.9156,11.1946,32.364,64.5407,2110.4084,2223.4889,103.3115,1.238,36.8985,Sensor Drift,1,Washout|Sensor Drift,0.779,Low,40,Cross-check the channel against a redundant sensor and recalibrate
2026-05-01 06:24:00,WELL-003,drilling,1154.9538,106.7648,132.526,12.2141,32.9369,64.2847,2099.9573,2200.6519,103.2919,1.2379,44.6869,Sensor Drift,1,Washout|Sensor Drift,0.781,Low,40,Cross-check the channel against a redundant sensor and recalibrate
2026-05-01 06:25:00,WELL-003,drilling,1155.5384,103.4,132.6802,11.8222,33.4949,64.2744,2097.7736,2257.5088,103.3485,1.2387,44.4338,Sensor Drift,1,Washout|Sensor Drift,0.783,Low,40,Cross-check the channel against a redundant sensor and recalibrate
2026-05-01 06:26:00,WELL-003,drilling,1156.0653,99.3638,132.8659,11.9288,32.7005,64.9394,2100.5103,2197.8569,103.3308,1.2377,43.4106,Sensor Drift,1,Washout|Sensor Drift,0.785,Low,40,Cross-check the channel against a redundant sensor and recalibrate
2026-05-01 06:27:00,WELL-003,drilling,1156.5401,101.5134,133.4255,12.0834,30.1828,64.3598,2096.1347,2222.5707,103.3142,1.2379,36.073,Sensor Drift,1,Washout|Sensor Drift,0.788,Low,40,Cross-check the channel against a redundant sensor and recalibrate
2026-05-01 06:28:00,WELL-003,drilling,1157.0905,104.0002,133.4851,11.8406,30.6029,64.1275,2099.6628,2235.5146,103.36,1.2359,34.1485,Sensor Drift,1,Washout|Sensor Drift,0.79,Low,40,Cross-check the channel against a redundant sensor and recalibrate
2026-05-01 06:29:00,WELL-003,drilling,1157.5896,104.0059,132.7048,11.9927,33.1269,64.2676,2093.1397,2262.7848,103.2496,1.2415,34.5292,Sensor Drift,1,Washout|Sensor Drift,0.792,Low,40,Cross-check the channel against a redundant sensor and recalibrate
2026-05-01 06:30:00,WELL-003,drilling,1158.1217,98.3263,132.9806,11.4376,31.5196,63.8978,2094.781,2232.2117,103.3284,1.242,36.7864,Sensor Drift,1,Washout|Sensor Drift,0.794,Low,40,Cross-check the channel against a redundant sensor and recalibrate
2026-05-01 06:31:00,WELL-003,drilling,1158.6472,99.3513,132.8217,11.4688,31.1192,64.405,2097.3634,2244.4584,103.3238,1.2424,37.0265,Sensor Drift,1,Washout|Sensor Drift,0.796,Low,40,Cross-check the channel against a redundant sensor and recalibrate
2026-05-01 06:32:00,WELL-003,drilling,1159.1507,96.359,133.628,11.5591,29.1276,64.804,2114.0401,2223.3242,103.2818,1.2398,35.7853,Sensor Drift,1,Washout|Sensor Drift,0.799,Low,40,Cross-check the channel against a redundant sensor and recalibrate
2026-05-01 06:33:00,WELL-003,drilling,1159.6552,100.3628,133.3922,11.6518,33.4824,63.5038,2098.8281,2182.7486,103.2415,1.2436,37.3025,Sensor Drift,1,Washout|Sensor Drift,0.801,Low,40,Cross-check the channel against a redundant sensor and recalibrate
2026-05-01 06:34:00,WELL-003,drilling,1160.2166,98.3029,132.6665,11.851,31.0215,64.5473,2089.3461,2195.4228,103.3545,1.2411,38.5914,Sensor Drift,1,Washout|Sensor Drift,0.803,Low,40,Cross-check the channel against a redundant sensor and recalibrate
2026-05-01 06:35:00,WELL-003,drilling,1160.7152,98.7609,133.2257,11.3969,30.4362,63.9586,2096.1616,2194.1742,103.2925,1.2407,39.4349,Sensor Drift,1,Washout|Sensor Drift,0.805,Low,40,Cross-check the channel against a redundant sensor and recalibrate
2026-05-01 06:36:00,WELL-003,drilling,1161.2764,104.4482,133.4469,11.9159,32.7166,64.2144,2089.065,2231.5797,103.3749,1.2449,37.5214,Sensor Drift,1,Washout|Sensor Drift,0.807,Low,40,Cross-check the channel against a redundant sensor and recalibrate
2026-05-01 06:37:00,WELL-003,drilling,1161.8036,109.1825,133.9166,12.2903,32.9072,64.2341,2116.1555,2230.8393,103.3402,1.2397,39.5364,Sensor Drift,1,Washout|Sensor Drift,0.81,Low,40,Cross-check the channel against a redundant sensor and recalibrate
2026-05-01 06:38:00,WELL-003,drilling,1162.3892,111.9076,132.7987,12.6527,34.7477,63.596,2106.6876,2226.3645,103.3407,1.2401,41.1801,Sensor Drift,1,Washout|Sensor Drift,0.812,Low,40,Cross-check the channel against a redundant sensor and recalibrate
2026-05-01 06:39:00,WELL-003,drilling,1162.9841,114.5765,132.9843,12.6388,35.3059,64.1602,2099.6746,2229.1169,103.3452,1.239,39.1856,Sensor Drift,1,Washout|Sensor Drift,0.814,Low,40,Cross-check the channel against a redundant sensor and recalibrate
2026-05-01 06:40:00,WELL-003,drilling,1163.5728,107.9342,133.1497,12.6263,34.4432,64.3322,2099.0335,2228.4518,103.3362,1.2396,42.2825,Sensor Drift,1,Washout|Sensor Drift,0.816,Low,40,Cross-check the channel against a redundant sensor and recalibrate
2026-05-01 06:41:00,WELL-003,drilling,1164.143,112.5542,131.8147,12.9454,35.4991,64.4273,2110.0854,2263.3197,103.3104,1.2384,41.8089,Sensor Drift,1,Washout|Sensor Drift,0.819,Low,40,Cross-check the channel against a redundant sensor and recalibrate
2026-05-01 06:42:00,WELL-003,drilling,1164.7597,111.5432,131.5411,13.2582,34.9828,63.7924,2098.2317,2234.3625,103.2807,1.2402,44.2786,Sensor Drift,1,Washout|Sensor Drift,0.821,Low,40,Cross-check the channel against a redundant sensor and recalibrate
2026-05-01 06:43:00,WELL-003,drilling,1165.3488,112.1108,132.5274,13.4688,34.2993,64.4376,2098.8639,2228.2632,103.3371,1.2412,42.2988,Sensor Drift,1,Washout|Sensor Drift,0.823,Low,40,Cross-check the channel against a redundant sensor and recalibrate
2026-05-01 06:44:00,WELL-003,drilling,1165.8909,116.676,133.3089,13.0939,34.9446,64.4502,2112.3895,2320.7275,103.3314,1.2423,44.107,Sensor Drift,1,Washout|Sensor Drift,0.825,Low,40,Cross-check the channel against a redundant sensor and recalibrate
2026-05-01 06:45:00,WELL-003,drilling,1166.447,109.7927,133.0687,12.702,33.854,64.6765,2110.7594,2258.1797,103.3424,1.2385,41.0858,Sensor Drift,1,Washout|Sensor Drift,0.827,Low,40,Cross-check the channel against a redundant sensor and recalibrate
2026-05-01 06:46:00,WELL-003,drilling,1166.9954,105.2682,134.0745,12.3135,30.853,64.324,2096.5123,2237.4426,103.3121,1.2386,41.8398,Sensor Drift,1,Washout|Sensor Drift,0.83,Low,40,Cross-check the channel against a redundant sensor and recalibrate
2026-05-01 06:47:00,WELL-003,drilling,1167.5322,109.5637,132.3758,12.5998,33.312,64.3425,2092.134,2261.7838,103.3606,1.2377,38.7828,Sensor Drift,1,Washout|Sensor Drift,0.832,Low,40,Cross-check the channel against a redundant sensor and recalibrate
2026-05-01 06:48:00,WELL-003,drilling,1168.0991,106.5454,133.6606,12.0046,32.9078,64.1697,2093.1926,2253.4781,103.3658,1.241,38.0027,Sensor Drift,1,Washout|Sensor Drift,0.832,Low,40,Cross-check the channel against a redundant sensor and recalibrate
2026-05-01 06:49:00,WELL-003,drilling,1168.6632,106.3396,134.1057,11.9817,33.2114,63.752,2090.9883,2256.5768,103.329,1.2413,40.0189,Sensor Drift,1,Washout|Sensor Drift,0.832,Low,40,Cross-check the channel against a redundant sensor and recalibrate
2026-05-01 06:50:00,WELL-003,drilling,1169.2322,104.9051,133.0001,12.1126,32.7116,64.1447,2106.2399,2209.2322,103.3654,1.2403,40.1174,Sensor Drift,1,Washout|Sensor Drift,0.832,Low,40,Cross-check the channel against a redundant sensor and recalibrate
2026-05-01 06:51:00,WELL-003,drilling,1169.6891,103.5136,133.9255,11.5503,31.444,63.8519,2087.7421,2250.7254,103.3572,1.2387,39.4254,Sensor Drift,1,Washout|Sensor Drift,0.832,Low,40,Cross-check the channel against a redundant sensor and recalibrate
2026-05-01 06:52:00,WELL-003,drilling,1170.2444,106.0877,132.9642,12.4806,31.5123,64.3379,2091.5319,2172.1484,103.4183,1.2429,39.9434,Sensor Drift,1,Washout|Sensor Drift,0.832,Low,40,Cross-check the channel against a redundant sensor and recalibrate
2026-05-01 06:53:00,WELL-003,drilling,1170.8501,109.9184,132.1317,12.2569,34.902,63.5572,2098.7664,2300.8601,103.316,1.2389,36.0527,Sensor Drift,1,Washout|Sensor Drift,0.832,Low,40,Cross-check the channel against a redundant sensor and recalibrate
2026-05-01 06:54:00,WELL-003,drilling,1171.4033,110.0007,133.4306,12.5365,36.059,64.1689,2101.6426,2235.1176,103.3374,1.2433,33.5602,Sensor Drift,1,Washout|Sensor Drift,0.832,Low,40,Cross-check the channel against a redundant sensor and recalibrate
2026-05-01 06:55:00,WELL-003,drilling,1171.9897,111.1361,132.0478,12.8657,35.0394,64.0412,2115.1526,2218.7389,103.3513,1.2425,32.7864,Sensor Drift,1,Washout|Sensor Drift,0.832,Low,40,Cross-check the channel against a redundant sensor and recalibrate
2026-05-01 06:56:00,WELL-003,drilling,1172.5733,109.9728,132.5078,12.6724,35.5939,63.4821,2106.7383,2278.0054,103.3436,1.2415,33.9034,Sensor Drift,1,Washout|Sensor Drift,0.832,Low,40,Cross-check the channel against a redundant sensor and recalibrate
2026-05-01 06:57:00,WELL-003,drilling,1173.203,109.9702,131.156,12.8234,34.03,63.4237,2109.0594,2227.411,103.3593,1.2398,33.7675,Sensor Drift,1,Washout|Sensor Drift,0.832,Low,40,Cross-check the channel against a redundant sensor and recalibrate
2026-05-01 06:58:00,WELL-003,drilling,1173.7428,113.4647,132.6122,12.9696,36.4063,64.2794,2105.1902,2220.2703,103.351,1.239,38.7779,Sensor Drift,1,Washout|Sensor Drift,0.832,Low,40,Cross-check the channel against a redundant sensor and recalibrate
2026-05-01 06:59:00,WELL-003,drilling,1174.3113,112.7322,131.9107,12.8767,34.2735,64.0424,2098.2565,2216.8919,103.2947,1.2458,40.5375,Sensor Drift,1,Washout|Sensor Drift,0.832,Low,40,Cross-check the channel against a redundant sensor and recalibrate
2026-05-01 07:00:00,WELL-003,drilling,1174.8392,108.3863,132.7784,12.5887,31.9668,63.8224,2114.8123,2259.2603,103.3512,1.2378,38.9796,Sensor Drift,1,Washout|Sensor Drift,0.832,Low,40,Cross-check the channel against a redundant sensor and recalibrate
2026-05-01 07:01:00,WELL-003,drilling,1175.3736,104.2388,132.8041,11.768,32.6946,64.2443,2102.1535,2269.463,103.2938,1.2398,38.0231,Sensor Drift,1,Washout|Sensor Drift,0.832,Low,40,Cross-check the channel against a redundant sensor and recalibrate
2026-05-01 07:02:00,WELL-003,drilling,1175.9592,108.1592,133.1741,12.0882,32.4203,63.8116,2088.7774,2287.5425,103.3225,1.2363,36.6452,Sensor Drift,1,Washout|Sensor Drift,0.832,Low,40,Cross-check the channel against a redundant sensor and recalibrate
2026-05-01 07:03:00,WELL-003,drilling,1176.4957,106.2706,132.1528,11.5479,31.5603,63.76,2085.5345,2255.8793,103.3081,1.2387,33.4418,Sensor Drift,1,Washout|Sensor Drift,0.832,Low,40,Cross-check the channel against a redundant sensor and recalibrate
2026-05-01 07:04:00,WELL-003,drilling,1176.9978,106.8318,131.9558,11.8222,30.6885,63.4485,2106.7925,2239.4559,103.3356,1.2389,34.8102,Sensor Drift,1,Washout|Sensor Drift,0.832,Low,40,Cross-check the channel against a redundant sensor and recalibrate
2026-05-01 07:05:00,WELL-003,connection,1177.0071,1.166,0.0,0.0461,0.0,29.8651,837.0514,1518.6338,103.8936,1.2492,36.2966,Sensor Drift,1,Washout|Sensor Drift,0.832,Low,40,Cross-check the channel against a redundant sensor and recalibrate
2026-05-01 07:06:00,WELL-003,connection,1177.0088,0.333,1.0184,0.0792,0.4993,9.8338,0.0,734.3303,104.4779,1.253,36.5296,Sensor Drift,1,Washout|Sensor Drift,0.832,Low,40,Cross-check the channel against a redundant sensor and recalibrate
2026-05-01 07:07:00,WELL-003,connection,1176.9918,0.5494,0.0,0.0463,0.0,3.337,0.0,390.8137,104.7459,1.2479,33.9219,Sensor Drift,1,Washout|Sensor Drift,0.832,Low,40,Cross-check the channel against a redundant sensor and recalibrate
2026-05-01 07:08:00,WELL-003,connection,1177.0296,0.0,0.0,0.0605,0.3656,1.1806,0.0,239.1015,104.8786,1.2517,35.1802,Sensor Drift,1,Washout|Sensor Drift,0.832,Low,40,Cross-check the channel against a redundant sensor and recalibrate
2026-05-01 07:09:00,WELL-003,connection,1177.0373,0.0,0.2018,0.0,0.0408,0.5428,0.0,175.0681,104.9269,1.2483,32.5851,Sensor Drift,1,Washout|Sensor Drift,0.832,Low,40,Cross-check the channel against a redundant sensor and recalibrate
2026-05-01 07:10:00,WELL-003,connection,1177.0251,0.0,0.6431,0.0,0.3782,12.2735,1052.8331,749.7062,104.4407,1.2497,33.7409,Sensor Drift,1,Washout|Sensor Drift,0.832,Low,40,Cross-check the channel against a redundant sensor and recalibrate
2026-05-01 07:11:00,WELL-003,drilling,1177.1558,38.0923,47.56,6.4932,8.5959,48.3794,2114.3354,1610.1177,103.8003,1.2508,35.836,Sensor Drift,1,Washout|Sensor Drift,0.832,Low,40,Cross-check the channel against a redundant sensor and recalibrate
2026-05-01 07:12:00,WELL-003,drilling,1177.524,73.5251,97.1806,9.6545,20.7733,58.4585,2112.0346,1999.5331,103.5426,1.2486,37.4237,Sensor Drift,1,Washout|Sensor Drift,0.832,Low,40,Cross-check the channel against a redundant sensor and recalibrate
2026-05-01 07:13:00,WELL-003,drilling,1178.0542,111.8918,144.4141,12.2534,34.0965,63.289,2113.8644,2160.1228,103.4071,1.2515,37.4039,Sensor Drift,1,Washout|Sensor Drift,0.832,Low,40,Cross-check the channel against a redundant sensor and recalibrate
2026-05-01 07:14:00,WELL-003,drilling,1178.5997,110.3974,144.7241,12.3951,34.0171,63.8961,2106.7559,2152.6415,103.3931,1.2461,32.4447,Sensor Drift,1,Washout|Sensor Drift,0.832,Low,40,Cross-check the channel against a redundant sensor and recalibrate
2026-05-01 07:15:00,WELL-003,drilling,1179.2568,116.0023,144.2868,12.5939,36.7015,63.9761,2111.5955,2231.1364,103.2785,1.2517,33.7384,Sensor Drift,1,Washout|Sensor Drift,0.832,Low,40,Cross-check the channel against a redundant sensor and recalibrate
2026-05-01 07:16:00,WELL-003,drilling,1179.8614,116.4254,144.4066,12.7634,37.0112,65.7894,2094.1409,2261.4189,103.3212,1.2497,32.4647,Sensor Drift,1,Washout|Sensor Drift,0.832,Low,40,Cross-check the channel against a redundant sensor and recalibrate
2026-05-01 07:17:00,WELL-003,drilling,1180.4784,114.7721,146.2614,12.6936,35.9264,64.2889,2127.2454,2286.3864,103.3223,1.2488,32.1955,Sensor Drift,1,Washout|Sensor Drift,0.832,Low,40,Cross-check the channel against a redundant sensor and recalibrate
2026-05-01 07:18:00,WELL-003,drilling,1181.0676,111.7312,144.5859,12.2439,34.7216,64.7775,2120.8374,2274.68,103.256,1.2504,31.2359,Sensor Drift,1,Washout|Sensor Drift,0.832,Low,40,Cross-check the channel against a redundant sensor and recalibrate
2026-05-01 07:19:00,WELL-003,drilling,1181.6241,111.0001,144.5142,12.2405,35.0297,63.787,2113.7365,2225.271,103.3228,1.2527,30.3388,Sensor Drift,1,Washout|Sensor Drift,0.832,Low,40,Cross-check the channel against a redundant sensor and recalibrate
2026-05-01 07:20:00,WELL-003,drilling,1182.1955,112.5896,143.7687,11.8713,34.1766,64.2815,2093.6814,2242.9509,103.3339,1.2469,29.7152,Sensor Drift,1,Washout|Sensor Drift,0.832,Low,40,Cross-check the channel against a redundant sensor and recalibrate
2026-05-01 07:21:00,WELL-003,drilling,1182.7793,111.4397,143.1006,12.0455,33.2588,64.9237,2098.7859,2238.1282,103.275,1.2506,29.9935,Sensor Drift,1,Washout|Sensor Drift,0.832,Low,40,Cross-check the channel against a redundant sensor and recalibrate
2026-05-01 07:22:00,WELL-003,drilling,1183.2791,107.0504,143.6318,11.4902,32.7811,64.1977,2097.1285,2237.831,103.3557,1.2494,47.213,Sensor Drift,1,Washout|Sensor Drift,0.832,Low,40,Cross-check the channel against a redundant sensor and recalibrate
2026-05-01 07:23:00,WELL-003,drilling,1183.8605,106.7444,144.6582,11.605,33.3149,64.2043,2103.1262,2221.1465,103.2735,1.2514,50.2639,Sensor Drift,1,Washout|Sensor Drift,0.832,Low,40,Cross-check the channel against a redundant sensor and recalibrate
2026-05-01 07:24:00,WELL-003,drilling,1184.3423,109.1815,146.2071,11.9428,31.2695,65.0899,2099.6385,2227.0287,103.3259,1.2536,49.8896,Sensor Drift,1,Washout|Sensor Drift,0.832,Low,40,Cross-check the channel against a redundant sensor and recalibrate
2026-05-01 07:25:00,WELL-003,drilling,1184.8918,104.908,144.3282,11.5494,31.1469,63.0047,2093.4991,2280.4977,103.3185,1.2509,48.9229,Sensor Drift,1,Washout|Sensor Drift,0.832,Low,40,Cross-check the channel against a redundant sensor and recalibrate
2026-05-01 07:26:00,WELL-003,drilling,1185.41,104.1512,144.6409,11.1425,30.8487,64.2854,2102.3363,2213.5701,103.3171,1.2486,48.0409,Sensor Drift,1,Washout|Sensor Drift,0.832,Low,40,Cross-check the channel against a redundant sensor and recalibrate
2026-05-01 07:27:00,WELL-003,drilling,1185.8757,106.1514,144.8566,11.597,30.5558,63.4287,2104.6769,2268.8496,103.3258,1.2487,30.0749,Sensor Drift,1,Washout|Sensor Drift,0.832,Low,40,Cross-check the channel against a redundant sensor and recalibrate
2026-05-01 07:28:00,WELL-003,drilling,1186.4616,108.3147,145.9926,12.0415,32.3392,63.967,2085.4767,2239.6566,103.3169,1.2506,26.0539,Sensor Drift,1,Washout|Sensor Drift,0.832,Low,40,Cross-check the channel against a redundant sensor and recalibrate
2026-05-01 07:29:00,WELL-003,drilling,1186.945,106.9299,145.3211,12.0055,31.0045,64.1491,2109.503,2241.2717,103.2712,1.2504,23.7435,Sensor Drift,1,Washout|Sensor Drift,0.832,Low,40,Cross-check the channel against a redundant sensor and recalibrate
2026-05-01 07:30:00,WELL-003,drilling,1187.4826,104.1834,144.652,11.6297,31.7564,64.344,2091.5627,2291.1208,103.3146,1.2502,25.8635,Sensor Drift,1,Washout|Sensor Drift,0.832,Low,40,Cross-check the channel against a redundant sensor and recalibrate
2026-05-01 07:31:00,WELL-003,drilling,1188.0028,108.694,144.7653,12.1955,32.1821,64.1912,2102.0264,2276.9259,103.3485,1.2468,25.5106,Sensor Drift,1,Washout|Sensor Drift,0.832,Low,40,Cross-check the channel against a redundant sensor and recalibrate
2026-05-01 07:32:00,WELL-003,drilling,1188.5476,113.7544,145.0328,12.2795,33.8357,64.574,2099.9228,2167.8403,103.2908,1.2474,29.5705,Sensor Drift,1,Washout|Sensor Drift,0.832,Low,40,Cross-check the channel against a redundant sensor and recalibrate
2026-05-01 07:33:00,WELL-003,drilling,1189.1695,118.7855,144.1909,12.8936,36.1432,63.8434,2084.4258,2238.4421,103.3531,1.2525,31.1723,Sensor Drift,1,Washout|Sensor Drift,0.832,Low,40,Cross-check the channel against a redundant sensor and recalibrate
2026-05-01 07:34:00,WELL-003,drilling,1189.7588,113.3855,145.3938,13.0114,34.0829,63.8198,2094.3991,2239.7272,103.3072,1.2474,32.657,Sensor Drift,1,Washout|Sensor Drift,0.832,Low,40,Cross-check the channel against a redundant sensor and recalibrate
2026-05-01 07:35:00,WELL-003,drilling,1190.3104,112.3503,143.7333,12.9424,34.1039,64.3237,2083.6486,2271.8308,103.3009,1.2489,33.9944,Sensor Drift,1,Washout|Sensor Drift,0.832,Low,40,Cross-check the channel against a redundant sensor and recalibrate
2026-05-01 07:36:00,WELL-003,drilling,1190.8647,108.3424,144.3632,12.5948,34.5393,63.8986,2088.728,2221.9696,103.3013,1.2474,33.5255,Sensor Drift,1,Washout|Sensor Drift,0.832,Low,40,Cross-check the channel against a redundant sensor and recalibrate
2026-05-01 07:37:00,WELL-003,drilling,1191.4927,105.928,143.9016,12.0441,33.2061,64.2924,2090.9223,2233.5385,103.3493,1.2513,37.4602,Sensor Drift,1,Washout|Sensor Drift,0.832,Low,40,Cross-check the channel against a redundant sensor and recalibrate
2026-05-01 07:38:00,WELL-003,drilling,1191.999,112.448,144.7305,12.2419,33.684,65.0932,2115.3594,2223.8362,103.3191,1.2505,36.1104,Sensor Drift,1,Washout|Sensor Drift,0.832,Low,40,Cross-check the channel against a redundant sensor and recalibrate
2026-05-01 07:39:00,WELL-003,drilling,1192.6103,116.4675,144.301,12.501,34.6305,64.6378,2094.7661,2238.4849,103.3843,1.2487,35.3017,Sensor Drift,1,Washout|Sensor Drift,0.555,Low,40,Cross-check the channel against a redundant sensor and recalibrate
2026-05-01 07:40:00,WELL-003,drilling,1193.1974,115.0089,143.9074,12.3238,33.8771,64.2399,2094.1759,2163.2962,103.3603,1.2505,38.088,Sensor Drift,1,Washout|Sensor Drift,0.277,Low,40,Cross-check the channel against a redundant sensor and recalibrate
2026-05-01 07:41:00,WELL-003,drilling,1193.7308,114.2254,145.6538,12.0732,34.7727,64.7002,2085.4485,2084.084,103.3198,1.25,38.2926,Washout,1,Washout,0.256,Medium,70,Compare pump pressure with pump rate history; plan a string inspection
2026-05-01 07:42:00,WELL-003,drilling,1194.3599,114.368,144.8811,12.1829,34.738,64.7325,2103.0274,2133.7079,103.2959,1.2509,36.3931,Washout,1,Washout,0.256,Medium,70,Compare pump pressure with pump rate history; plan a string inspection
2026-05-01 07:43:00,WELL-003,drilling,1194.895,114.8746,144.6796,11.633,34.804,64.9288,2098.4626,2093.6239,103.3054,1.2483,33.3,Washout,1,Washout,0.256,Medium,70,Compare pump pressure with pump rate history; plan a string inspection
2026-05-01 07:44:00,WELL-003,drilling,1195.4979,108.6909,145.2387,11.3602,34.6139,64.7315,2101.2727,2148.3515,103.3377,1.2478,33.2757,Washout,1,Washout,0.256,Medium,70,Compare pump pressure with pump rate history; plan a string inspection
2026-05-01 07:45:00,WELL-003,drilling,1196.0747,114.2765,143.8261,11.7158,34.6239,65.0662,2105.041,2141.0629,103.3532,1.2511,33.2191,Washout,1,Washout,0.256,Medium,70,Compare pump pressure with pump rate history; plan a string inspection
2026-05-01 07:46:00,WELL-003,drilling,1196.601,108.7122,143.9893,11.5764,35.1592,64.2752,2100.0555,2101.6079,103.3133,1.2475,35.1146,Washout,1,Washout,0.256,Medium,70,Compare pump pressure with pump rate history; plan a string inspection
2026-05-01 07:47:00,WELL-003,drilling,1197.1624,109.9731,144.518,12.107,34.1515,64.838,2101.5861,2110.0786,103.3491,1.2497,37.6623,Washout,1,Washout,0.256,Medium,70,Compare pump pressure with pump rate history; plan a string inspection
2026-05-01 07:48:00,WELL-003,drilling,1197.7997,115.3991,143.7048,12.1891,35.3534,65.1265,2093.2055,2116.1353,103.2828,1.2513,36.161,Washout,1,Washout,0.256,Medium,70,Compare pump pressure with pump rate history; plan a string inspection
2026-05-01 07:49:00,WELL-003,drilling,1198.4437,118.7463,145.7817,12.2421,35.4777,64.8372,2097.8575,2069.4293,103.3072,1.2484,40.0794,Washout,1,Washout,0.256,Medium,70,Compare pump pressure with pump rate history; plan a string inspection
2026-05-01 07:50:00,WELL-003,drilling,1199.0526,118.1739,145.3659,12.2229,37.5482,64.969,2105.1867,2157.9665,103.3303,1.2527,36.0506,Washout,1,Washout,0.256,Medium,70,Compare pump pressure with pump rate history; plan a string inspection
2026-05-01 07:51:00,WELL-003,drilling,1199.6187,114.1063,144.1459,11.9577,35.8711,65.1418,2103.8427,2132.9012,103.3197,1.2501,37.121,Washout,1,Washout,0.256,Medium,70,Compare pump pressure with pump rate history; plan a string inspection
2026-05-01 07:52:00,WELL-003,drilling,1200.2562,113.3525,144.2527,11.8337,35.5257,65.4784,2091.7426,2147.5783,103.372,1.2482,38.8142,Washout,1,Washout,0.256,Medium,70,Compare pump pressure with pump rate history; plan a string inspection
2026-05-01 07:53:00,WELL-003,drilling,1200.7995,112.0206,144.6822,11.6829,35.0252,65.5231,2094.9955,2111.5475,103.3182,1.2498,39.5424,Washout,1,Washout,0.256,Medium,70,Compare pump pressure with pump rate history; plan a string inspection
2026-05-01 07:54:00,WELL-003,drilling,1201.402,107.9536,144.1364,10.9282,33.2116,64.807,2103.6937,2118.326,103.3644,1.2478,38.1088,Washout,1,Lost Circulation|Washout,0.256,Medium,70,Compare pump pressure with pump rate history; plan a string inspection
2026-05-01 07:55:00,WELL-003,drilling,1201.9259,111.9932,144.4013,11.4827,34.1821,64.6474,2097.7215,2152.6511,103.2861,1.2499,37.5884,Washout,1,Lost Circulation|Washout,0.256,Medium,70,Compare pump pressure with pump rate history; plan a string inspection
2026-05-01 07:56:00,WELL-003,drilling,1202.4965,110.4811,144.1295,11.7373,31.3472,64.7339,2114.6234,2142.3836,103.3379,1.2477,36.1453,Washout,1,Lost Circulation|Washout,0.256,Medium,70,Compare pump pressure with pump rate history; plan a string inspection
2026-05-01 07:57:00,WELL-003,drilling,1202.9896,109.2821,143.7361,11.9431,29.996,64.7698,2099.8264,2088.2787,103.2838,1.2477,34.8993,Washout,1,Lost Circulation|Washout,0.256,Medium,70,Compare pump pressure with pump rate history; plan a string inspection
2026-05-01 07:58:00,WELL-003,drilling,1203.5401,110.7897,144.2415,12.6498,32.46,65.4428,2098.5525,2130.7146,103.2379,1.2506,35.8508,Washout,1,Lost Circulation|Washout,0.256,Medium,70,Compare pump pressure with pump rate history; plan a string inspection
2026-05-01 07:59:00,WELL-003,drilling,1204.0903,109.5005,145.0159,12.181,32.5405,65.2481,2104.4629,2103.9357,103.2204,1.2519,37.5219,Washout,1,Lost Circulation|Washout,0.256,Medium,70,Compare pump pressure with pump rate history; plan a string inspection
2026-05-01 08:00:00,WELL-003,drilling,1204.5798,106.3142,144.6627,12.2771,30.9169,65.0677,2107.7295,2115.1719,103.163,1.2513,36.9467,Washout,1,Lost Circulation|Washout,0.256,Medium,70,Compare pump pressure with pump rate history; plan a string inspection
2026-05-01 08:01:00,WELL-003,drilling,1205.0656,98.4702,144.6907,11.3714,29.1936,64.8247,2103.7681,2069.8708,103.0834,1.2496,37.0935,Washout,1,Lost Circulation|Washout,0.256,Medium,70,Compare pump pressure with pump rate history; plan a string inspection
2026-05-01 08:02:00,WELL-003,drilling,1205.5833,99.5699,143.8648,11.688,30.944,65.1209,2108.4252,2079.8359,103.0559,1.2506,34.7395,Washout,1,Lost Circulation|Washout,0.256,Medium,70,Compare pump pressure with pump rate history; plan a string inspection
2026-05-01 08:03:00,WELL-003,connection,1205.5597,0.0,0.0,0.065,0.0,29.7346,840.2537,1386.21,103.596,1.2488,34.4473,Washout,1,Lost Circulation|Washout,0.256,Medium,70,Compare pump pressure with pump rate history; plan a string inspection
2026-05-01 08:04:00,WELL-003,connection,1205.5576,0.7971,0.0,0.1153,0.4348,9.0566,0.0,621.7618,104.2616,1.248,36.9113,Washout,1,Lost Circulation|Washout,0.256,Medium,70,Compare pump pressure with pump rate history; plan a string inspection
2026-05-01 08:05:00,WELL-003,connection,1205.5516,0.0,0.1232,0.0116,0.2255,3.1114,0.0,273.6551,104.4719,1.2527,34.8087,Washout,1,Lost Circulation|Washout,0.256,Medium,70,Compare pump pressure with pump rate history; plan a string inspection
2026-05-01 08:06:00,WELL-003,connection,1205.5821,0.0,0.7292,0.0,0.0,1.0972,0.0,116.6639,104.6215,1.2513,35.449,Washout,1,Lost Circulation|Washout,0.256,Medium,70,Compare pump pressure with pump rate history; plan a string inspection
2026-05-01 08:07:00,WELL-003,connection,1205.5648,1.0433,0.0,0.0818,0.3569,0.3267,0.0,50.8577,104.6304,1.2517,35.2365,Washout,1,Lost Circulation|Washout,0.256,Medium,70,Compare pump pressure with pump rate history; plan a string inspection
2026-05-01 08:08:00,WELL-003,connection,1205.5935,0.2577,0.2961,0.0117,0.4958,0.7064,0.0,22.5537,104.6602,1.2503,37.3113,Washout,1,Lost Circulation|Washout,0.256,Medium,70,Compare pump pressure with pump rate history; plan a string inspection
2026-05-01 08:09:00,WELL-003,connection,1205.5442,1.3703,0.46,0.0228,0.0,12.8973,1049.1346,571.3037,104.1678,1.2497,38.2171,Washout,1,Lost Circulation|Washout,0.256,Medium,70,Compare pump pressure with pump rate history; plan a string inspection
2026-05-01 08:10:00,WELL-003,drilling,1205.72,36.0176,41.7303,6.1101,7.7163,47.1429,2113.3718,1368.2458,103.4098,1.249,38.2998,Washout,1,Lost Circulation|Washout,0.256,Medium,70,Compare pump pressure with pump rate history; plan a string inspection
2026-05-01 08:11:00,WELL-003,drilling,1206.0153,68.6012,82.2671,8.6154,18.799,58.1613,2112.3825,1734.583,103.0164,1.2501,37.4407,Washout,1,Lost Circulation|Washout,0.256,Medium,70,Compare pump pressure with pump rate history; plan a string inspection
2026-05-01 08:12:00,WELL-003,drilling,1206.5405,107.1023,124.1241,11.2704,29.6629,62.7082,2124.9842,1899.4898,102.8318,1.2505,37.3589,Washout,1,Lost Circulation|Washout,0.256,Medium,70,Compare pump pressure with pump rate history; plan a string inspection
2026-05-01 08:13:00,WELL-003,drilling,1206.9772,106.0193,123.7582,10.869,28.796,63.75,2121.8138,1983.8604,102.7273,1.247,36.9256,Washout,1,Lost Circulation|Washout,0.256,Medium,70,Compare pump pressure with pump rate history; plan a string inspection
2026-05-01 08:14:00,WELL-003,drilling,1207.4835,105.8539,123.8617,11.5056,29.7286,65.5453,2094.4928,1980.3636,102.5381,1.2461,35.4727,Lost Circulation,1,Lost Circulation|Washout,0.183,High,85,"Reduce pump rate, check returns and pit level, consider loss-control material"
2026-05-01 08:15:00,WELL-003,drilling,1207.9871,105.871,124.4981,11.4644,31.2679,67.1847,2117.3272,2005.2977,102.4419,1.2489,35.7025,Lost Circulation,1,Lost Circulation,0.191,High,85,"Reduce pump rate, check returns and pit level, consider loss-control material"
2026-05-01 08:16:00,WELL-003,drilling,1208.5392,99.4641,124.0841,10.6566,30.7997,68.3752,2126.7875,2024.1995,102.3167,1.2501,36.2836,Lost Circulation,1,Lost Circulation,0.2,High,85,"Reduce pump rate, check returns and pit level, consider loss-control material"
2026-05-01 08:17:00,WELL-003,drilling,1209.0195,99.5108,123.484,10.6315,28.6144,68.3719,2110.377,1994.7002,102.1901,1.248,34.9636,Lost Circulation,1,Lost Circulation,0.209,High,85,"Reduce pump rate, check returns and pit level, consider loss-control material"
2026-05-01 08:18:00,WELL-003,drilling,1209.4851,99.9857,123.1928,11.0002,28.9181,68.4239,2111.7838,1927.7707,101.9969,1.2523,33.8545,Lost Circulation,1,Lost Circulation,0.217,High,85,"Reduce pump rate, check returns and pit level, consider loss-control material"
2026-05-01 08:19:00,WELL-003,drilling,1210.0059,96.7399,124.3725,10.5213,30.5951,67.771,2107.6433,1989.9396,101.8666,1.2488,36.3899,Lost Circulation,1,Lost Circulation,0.226,High,85,"Reduce pump rate, check returns and pit level, consider loss-control material"
2026-05-01 08:20:00,WELL-003,drilling,1210.5306,95.6479,123.6293,10.9858,30.2515,67.9909,2099.82,1981.4806,101.8346,1.2525,51.9871,Lost Circulation,1,Lost Circulation,0.235,High,85,"Reduce pump rate, check returns and pit level, consider loss-control material"
2026-05-01 08:21:00,WELL-003,drilling,1211.0119,96.0894,122.6901,11.3015,29.7107,67.7176,2116.5682,1975.1618,101.6446,1.2515,50.1023,Lost Circulation,1,Lost Circulation,0.243,High,85,"Reduce pump rate, check returns and pit level, consider loss-control material"
2026-05-01 08:22:00,WELL-003,drilling,1211.5514,97.4811,125.3471,11.4358,31.3471,67.849,2097.71,1994.9405,101.5017,1.2495,54.3416,Lost Circulation,1,Lost Circulation,0.252,High,85,"Reduce pump rate, check returns and pit level, consider loss-control material"
2026-05-01 08:23:00,WELL-003,drilling,1212.0289,96.1129,124.3925,11.2543,29.9663,68.1504,2096.0545,1945.3577,101.3198,1.2509,55.2414,Lost Circulation,1,Lost Circulation,0.261,High,85,"Reduce pump rate, check returns and pit level, consider loss-control material"
2026-05-01 08:24:00,WELL-003,drilling,1212.531,95.2289,122.9975,11.5994,31.3903,67.9982,2086.4806,1978.8722,101.183,1.2469,55.5766,Lost Circulation,1,Lost Circulation,0.261,High,85,"Reduce pump rate, check returns and pit level, consider loss-control material"
2026-05-01 08:25:00,WELL-003,drilling,1213.0371,92.1093,123.8349,11.0473,30.5196,67.785,2102.711,1952.8887,101.0207,1.2476,53.4441,Lost Circulation,1,Lost Circulation,0.261,High,85,"Reduce pump rate, check returns and pit level, consider loss-control material"
2026-05-01 08:26:00,WELL-003,drilling,1213.5822,97.5082,123.832,10.9762,31.1984,68.0739,2096.076,1960.9693,100.8899,1.2494,40.2545,Lost Circulation,1,Lost Circulation,0.261,High,85,"Reduce pump rate, check returns and pit level, consider loss-control material"
2026-05-01 08:27:00,WELL-003,drilling,1214.0608,94.6184,124.7156,10.6824,31.0092,67.2085,2105.1589,1941.1212,100.7373,1.2484,41.042,Lost Circulation,1,Lost Circulation,0.261,High,85,"Reduce pump rate, check returns and pit level, consider loss-control material"
2026-05-01 08:28:00,WELL-003,drilling,1214.5893,94.6034,123.7831,10.9228,31.7583,67.5381,2102.109,1984.0902,100.6314,1.249,37.8168,Lost Circulation,1,Lost Circulation,0.261,High,85,"Reduce pump rate, check returns and pit level, consider loss-control material"
2026-05-01 08:29:00,WELL-003,drilling,1215.449,93.8198,124.1792,10.174,49.8607,67.5593,2092.4359,1949.6615,100.4777,1.2518,40.8478,Lost Circulation,1,Lost Circulation,0.261,High,85,"Reduce pump rate, check returns and pit level, consider loss-control material"
2026-05-01 08:30:00,WELL-003,drilling,1216.2326,92.2139,123.3078,10.0638,48.2119,67.6284,2101.4111,2009.2002,100.3169,1.2468,41.7481,Lost Circulation,1,Lost Circulation,0.261,High,85,"Reduce pump rate, check returns and pit level, consider loss-control material"
2026-05-01 08:31:00,WELL-003,drilling,1216.9574,92.3302,123.2139,10.1606,45.2129,67.7879,2104.4418,1946.2025,100.1653,1.2501,42.3797,Lost Circulation,1,Lost Circulation,0.261,High,85,"Reduce pump rate, check returns and pit level, consider loss-control material"
2026-05-01 08:32:00,WELL-003,drilling,1217.7879,96.7434,123.6059,10.4225,48.2156,67.6381,2099.3561,1951.1451,99.9576,1.249,41.5968,Lost Circulation,1,Lost Circulation,0.261,High,85,"Reduce pump rate, check returns and pit level, consider loss-control material"
2026-05-01 08:33:00,WELL-003,drilling,1218.6454,99.5641,121.8119,10.798,51.0837,67.9098,2103.1329,1944.28,99.9077,1.2466,41.8043,Lost Circulation,1,Lost Circulation,0.261,High,85,"Reduce pump rate, check returns and pit level, consider loss-control material"
2026-05-01 08:34:00,WELL-003,drilling,1219.4175,98.4383,123.0473,10.1014,47.1817,68.7485,2107.2572,1992.0673,99.728,1.2495,40.2916,Lost Circulation,1,Lost Circulation,0.261,High,85,"Reduce pump rate, check returns and pit level, consider loss-control material"
2026-05-01 08:35:00,WELL-003,drilling,1220.2264,105.4715,122.8208,11.0937,51.3974,68.073,2103.0994,1949.0059,99.6105,1.2494,38.8023,Lost Circulation,1,Lost Circulation,0.261,High,85,"Reduce pump rate, check returns and pit level, consider loss-control material"
2026-05-01 08:36:00,WELL-003,drilling,1221.0895,105.4292,122.3669,11.0667,48.9335,68.0596,2115.4854,1959.0321,99.4088,1.2524,41.7557,Lost Circulation,1,Lost Circulation,0.261,High,85,"Reduce pump rate, check returns and pit level, consider loss-control material"
2026-05-01 08:37:00,WELL-003,drilling,1221.9109,104.6834,124.5538,11.0235,48.8028,68.3149,2098.283,1964.6988,99.2657,1.2526,40.0403,Lost Circulation,1,Lost Circulation,0.261,High,85,"Reduce pump rate, check returns and pit level, consider loss-control material"
2026-05-01 08:38:00,WELL-003,drilling,1222.726,101.9489,122.3622,11.0327,49.2937,67.8116,2097.1999,1932.0802,99.1254,1.2516,44.9048,Lost Circulation,1,Lost Circulation,0.261,High,85,"Reduce pump rate, check returns and pit level, consider loss-control material"
2026-05-01 08:39:00,WELL-003,drilling,1223.467,101.9238,122.6965,10.8428,49.4834,68.1926,2101.4661,1992.6934,98.9422,1.2523,45.7735,Lost Circulation,1,Lost Circulation,0.261,High,85,"Reduce pump rate, check returns and pit level, consider loss-control material"
2026-05-01 08:40:00,WELL-003,drilling,1224.3757,103.0384,123.0148,11.1899,50.2152,67.824,2104.7463,1964.652,98.7904,1.248,47.4357,Lost Circulation,1,Lost Circulation,0.261,High,85,"Reduce pump rate, check returns and pit level, consider loss-control material"
2026-05-01 08:41:00,WELL-003,drilling,1225.1694,101.1762,125.798,10.9833,49.4194,68.6403,2104.8199,1969.3143,98.7076,1.2519,46.0728,Lost Circulation,1,Lost Circulation,0.261,High,85,"Reduce pump rate, check returns and pit level, consider loss-control material"
2026-05-01 08:42:00,WELL-003,drilling,1226.0036,100.5296,124.3385,11.1128,49.447,68.4483,2095.6131,1958.9654,98.5645,1.249,46.9144,Lost Circulation,1,Lost Circulation,0.261,High,85,"Reduce pump rate, check returns and pit level, consider loss-control material"
2026-05-01 08:43:00,WELL-003,drilling,1226.9299,104.7893,124.5223,11.5911,52.1941,68.7222,2106.4308,2021.2516,98.4441,1.2506,44.6356,Lost Circulation,1,Lost Circulation,0.261,High,85,"Reduce pump rate, check returns and pit level, consider loss-control material"
2026-05-01 08:44:00,WELL-003,drilling,1227.851,109.0751,123.9954,11.6559,55.5495,69.0487,2105.8239,1986.5453,98.3071,1.2466,43.8448,Lost Circulation,1,Lost Circulation,0.261,High,85,"Reduce pump rate, check returns and pit level, consider loss-control material"
2026-05-01 08:45:00,WELL-003,drilling,1228.7073,106.5747,124.0806,11.2094,52.6619,68.4726,2104.6505,1967.9701,98.1531,1.251,15.7519,Lost Circulation,1,Lost Circulation,0.261,High,85,"Reduce pump rate, check returns and pit level, consider loss-control material"
2026-05-01 08:46:00,WELL-003,drilling,1229.6039,110.2023,124.7572,11.1667,54.8716,68.8752,2105.0378,1947.0078,97.9939,1.2501,16.2553,Lost Circulation,1,Lost Circulation,0.261,High,85,"Reduce pump rate, check returns and pit level, consider loss-control material"
2026-05-01 08:47:00,WELL-003,drilling,1230.5927,116.3706,122.6718,11.5988,57.5321,68.4615,2102.6275,1928.1754,97.8114,1.2496,16.5767,Lost Circulation,1,Lost Circulation,0.261,High,85,"Reduce pump rate, check returns and pit level, consider loss-control material"
2026-05-01 08:48:00,WELL-003,drilling,1231.4979,115.317,123.66,11.584,55.037,67.6341,2118.8499,1943.8899,97.6891,1.2501,15.389,Lost Circulation,1,Lost Circulation,0.261,High,85,"Reduce pump rate, check returns and pit level, consider loss-control material"
2026-05-01 08:49:00,WELL-003,drilling,1232.439,113.1803,123.3719,11.6753,55.3871,68.3411,2095.9042,1955.664,97.5644,1.248,14.3414,Lost Circulation,1,Lost Circulation,0.261,High,85,"Reduce pump rate, check returns and pit level, consider loss-control material"
2026-05-01 08:50:00,WELL-003,drilling,1233.2592,113.6028,124.4012,11.2271,52.0881,68.4403,2098.7258,1962.7404,97.4152,1.2529,15.0735,Lost Circulation,1,Lost Circulation,0.261,High,85,"Reduce pump rate, check returns and pit level, consider loss-control material"
2026-05-01 08:51:00,WELL-003,drilling,1234.1835,116.0885,123.3661,11.428,51.7324,68.7217,2091.5651,1933.6088,97.2816,1.2506,14.7476,Lost Circulation,1,Lost Circulation,0.261,High,85,"Reduce pump rate, check returns and pit level, consider loss-control material"
2026-05-01 08:52:00,WELL-003,connection,1234.1654,0.0,0.0,0.1373,0.2698,32.086,842.4198,1366.5919,97.8081,1.2567,14.4886,Lost Circulation,1,Lost Circulation,0.261,High,85,"Reduce pump rate, check returns and pit level, consider loss-control material"
2026-05-01 08:53:00,WELL-003,connection,1234.1751,0.0,0.5884,0.0,0.66,10.6029,0.0,620.5668,98.366,1.257,14.3026,Lost Circulation,1,Lost Circulation,0.261,High,85,"Reduce pump rate, check returns and pit level, consider loss-control material"
2026-05-01 08:54:00,WELL-003,connection,1234.1677,0.0,0.0,0.0,0.4721,2.7954,0.0,264.0736,98.7007,1.2632,13.2349,Lost Circulation,1,Lost Circulation,0.261,High,85,"Reduce pump rate, check returns and pit level, consider loss-control material"
2026-05-01 08:55:00,WELL-003,connection,1234.151,0.0,0.0,0.1662,0.2689,0.1906,0.0,117.7858,98.779,1.263,12.5854,Lost Circulation,1,Lost Circulation,0.261,High,85,"Reduce pump rate, check returns and pit level, consider loss-control material"
2026-05-01 08:56:00,WELL-003,connection,1234.1715,0.0,0.0,0.0719,0.1161,0.9554,0.0,51.6481,98.8772,1.2608,12.8007,Lost Circulation,1,Lost Circulation,0.261,High,85,"Reduce pump rate, check returns and pit level, consider loss-control material"
2026-05-01 08:57:00,WELL-003,connection,1234.1612,0.1028,0.657,0.1731,0.1728,12.6414,1057.8213,532.2311,98.4629,1.2589,13.183,Lost Circulation,1,Lost Circulation,0.261,High,85,"Reduce pump rate, check returns and pit level, consider loss-control material"
2026-05-01 08:58:00,WELL-003,drilling,1234.4033,36.3945,40.5447,6.2168,13.2732,49.7188,2104.6153,1332.6453,97.5684,1.2579,13.5329,Lost Circulation,1,Lost Circulation,0.261,High,85,"Reduce pump rate, check returns and pit level, consider loss-control material"
2026-05-01 08:59:00,WELL-003,drilling,1234.9049,70.3858,82.5689,8.609,31.5275,62.9043,2110.6084,1683.013,97.1053,1.2573,14.9386,Lost Circulation,1,Lost Circulation,0.261,High,85,"Reduce pump rate, check returns and pit level, consider loss-control material"
2026-05-01 09:00:00,WELL-003,drilling,1235.8005,102.989,125.3688,10.8832,54.172,67.2086,2106.0619,1827.2606,96.9148,1.261,15.6134,Lost Circulation,1,Lost Circulation,0.261,High,85,"Reduce pump rate, check returns and pit level, consider loss-control material"
2026-05-01 09:01:00,WELL-003,drilling,1236.634,103.4097,124.9996,10.7464,51.5731,69.1538,2114.6221,1970.7157,96.7242,1.2582,15.4995,Lost Circulation,1,Lost Circulation,0.261,High,85,"Reduce pump rate, check returns and pit level, consider loss-control material"
2026-05-01 09:02:00,WELL-003,drilling,1237.4753,100.3341,125.1423,11.1337,47.8015,68.7837,2099.3622,1925.7577,96.5523,1.2605,15.114,Lost Circulation,1,Lost Circulation,0.261,High,85,"Reduce pump rate, check returns and pit level, consider loss-control material"
2026-05-01 09:03:00,WELL-003,drilling,1238.2675,101.2086,125.2551,11.6071,47.1336,68.1689,2119.2043,1967.4115,96.3714,1.2602,16.0255,Lost Circulation,1,Lost Circulation,0.261,High,85,"Reduce pump rate, check returns and pit level, consider loss-control material"
2026-05-01 09:04:00,WELL-003,drilling,1239.0499,100.428,124.4313,11.1491,46.3326,68.865,2094.5613,1990.2105,96.2698,1.2597,16.1603,Lost Circulation,1,Lost Circulation,0.261,High,85,"Reduce pump rate, check returns and pit level, consider loss-control material"
2026-05-01 09:05:00,WELL-003,drilling,1239.7989,95.604,124.9307,10.7636,45.4401,68.6624,2088.5169,1963.5053,96.0931,1.2587,16.7418,Lost Circulation,1,Lost Circulation,0.261,High,85,"Reduce pump rate, check returns and pit level, consider loss-control material"
2026-05-01 09:06:00,WELL-003,drilling,1240.5556,98.4331,124.5557,11.1334,45.5127,69.3233,2090.5137,1971.9745,95.9913,1.2586,17.177,Lost Circulation,1,Lost Circulation,0.261,High,85,"Reduce pump rate, check returns and pit level, consider loss-control material"
2026-05-01 09:07:00,WELL-003,drilling,1241.2772,96.334,126.0027,10.8941,44.1055,68.394,2096.9404,1912.1819,95.8688,1.2581,15.7787,Lost Circulation,1,Lost Circulation,0.261,High,85,"Reduce pump rate, check returns and pit level, consider loss-control material"
2026-05-01 09:08:00,WELL-003,drilling,1242.0647,95.6188,124.8153,10.7459,46.1787,68.954,2090.378,1960.9467,95.0823,1.2573,16.7694,Lost Circulation,1,Lost Circulation,0.261,High,85,"Reduce pump rate, check returns and pit level, consider loss-control material"
2026-05-01 09:09:00,WELL-003,drilling,1242.8895,95.4482,126.5078,10.7574,49.2342,67.7373,2104.6204,1976.9614,94.2457,1.2624,22.726,Lost Circulation,1,Lost Circulation,0.261,High,85,"Reduce pump rate, check returns and pit level, consider loss-control material"
2026-05-01 09:10:00,WELL-003,drilling,1243.6994,97.8812,125.638,11.1317,48.8622,68.7698,2108.5801,1994.0444,93.5175,1.2602,23.4119,Lost Circulation,1,Lost Circulation,0.261,High,85,"Reduce pump rate, check returns and pit level, consider loss-control material"
2026-05-01 09:11:00,WELL-003,drilling,1244.5547,100.4005,124.9308,11.0775,47.6911,68.6241,2095.0355,1978.3981,93.3421,1.2605,22.788,Lost Circulation,1,Lost Circulation,0.261,High,85,"Reduce pump rate, check returns and pit level, consider loss-control material"
2026-05-01 09:12:00,WELL-003,drilling,1245.3246,96.8907,124.3672,10.8534,47.8329,69.3605,2104.7054,1948.1546,93.1782,1.2613,21.7087,Lost Circulation,1,Lost Circulation,0.261,High,85,"Reduce pump rate, check returns and pit level, consider loss-control material"
2026-05-01 09:13:00,WELL-003,drilling,1246.032,94.2697,125.2155,10.3865,43.9323,68.7935,2085.9192,1958.4061,93.1356,1.2609,21.981,Lost Circulation,1,Lost Circulation,0.261,High,85,"Reduce pump rate, check returns and pit level, consider loss-control material"
2026-05-01 09:14:00,WELL-003,drilling,1246.7394,90.623,126.4936,10.0705,42.3343,68.1871,2097.2743,1950.5758,92.9498,1.2573,15.8543,Lost Circulation,1,Lost Circulation,0.261,High,85,"Reduce pump rate, check returns and pit level, consider loss-control material"
2026-05-01 09:15:00,WELL-003,drilling,1247.4674,96.1269,125.348,10.4079,43.8478,68.9672,2099.1255,1942.8714,92.8375,1.2574,15.3142,Lost Circulation,1,Lost Circulation,0.261,High,85,"Reduce pump rate, check returns and pit level, consider loss-control material"
2026-05-01 09:16:00,WELL-003,drilling,1248.3001,102.9036,123.415,11.099,47.9315,69.1808,2114.1604,2001.5976,92.7018,1.2632,15.2357,Lost Circulation,1,Lost Circulation,0.261,High,85,"Reduce pump rate, check returns and pit level, consider loss-control material"
2026-05-01 09:17:00,WELL-003,drilling,1249.0838,104.2882,125.1493,11.3858,49.9294,70.5512,2118.1818,1974.6126,92.634,1.2559,16.8514,Lost Circulation,1,Lost Circulation,0.261,High,85,"Reduce pump rate, check returns and pit level, consider loss-control material"
2026-05-01 09:18:00,WELL-003,drilling,1249.8864,103.0898,124.9716,11.1879,49.737,69.6381,2121.0547,1947.2416,92.4849,1.2587,17.0774,Lost Circulation,1,Lost Circulation,0.261,High,85,"Reduce pump rate, check returns and pit level, consider loss-control material"
2026-05-01 09:19:00,WELL-003,drilling,1250.6785,99.6613,123.8825,10.8802,47.1029,70.4499,2124.8728,1985.9157,92.2851,1.2622,17.1613,Lost Circulation,1,Lost Circulation,0.261,High,85,"Reduce pump rate, check returns and pit level, consider loss-control material"
2026-05-01 09:20:00,WELL-003,drilling,1251.4038,96.3879,124.0713,10.7466,44.6169,70.298,2114.0202,1977.3999,92.2205,1.2585,17.6576,Lost Circulation,1,Lost Circulation,0.261,High,85,"Reduce pump rate, check returns and pit level, consider loss-control material"
2026-05-01 09:21:00,WELL-003,drilling,1252.2259,96.9656,124.7045,10.7303,45.6638,70.611,2099.4481,1969.4212,92.0718,1.2583,18.0556,Lost Circulation,1,Lost Circulation,0.261,High,85,"Reduce pump rate, check returns and pit level, consider loss-control material"
2026-05-01 09:22:00,WELL-003,drilling,1252.9786,104.4047,126.5748,11.2646,49.3758,70.1381,2101.6109,1936.6226,91.9154,1.2597,18.2186,Lost Circulation,1,Lost Circulation,0.261,High,85,"Reduce pump rate, check returns and pit level, consider loss-control material"
2026-05-01 09:23:00,WELL-003,drilling,1253.8585,102.411,122.6534,11.338,50.4325,70.5141,2116.074,1987.9245,91.837,1.2604,17.6685,Lost Circulation,1,Lost Circulation,0.261,High,85,"Reduce pump rate, check returns and pit level, consider loss-control material"
2026-05-01 09:24:00,WELL-003,drilling,1254.6452,106.4532,124.5142,11.5919,48.9731,70.2735,2112.5625,1980.8412,91.6638,1.2553,17.9946,Lost Circulation,1,Lost Circulation,0.261,High,85,"Reduce pump rate, check returns and pit level, consider loss-control material"
2026-05-01 09:25:00,WELL-003,drilling,1255.4373,107.461,124.917,11.6614,49.0762,70.3023,2110.7553,1955.2478,91.5942,1.2604,17.5098,Lost Circulation,1,Lost Circulation,0.261,High,85,"Reduce pump rate, check returns and pit level, consider loss-control material"
2026-05-01 09:26:00,WELL-003,drilling,1256.2322,105.8916,124.5258,11.5531,44.8357,69.9851,2101.9121,1938.6033,91.4494,1.2612,16.3969,Lost Circulation,1,Lost Circulation,0.261,High,85,"Reduce pump rate, check returns and pit level, consider loss-control material"
2026-05-01 09:27:00,WELL-003,drilling,1257.0523,102.0626,125.3982,11.1751,47.2524,70.2165,2114.9083,2002.8859,91.3502,1.2589,15.441,Lost Circulation,1,Lost Circulation,0.261,High,85,"Reduce pump rate, check returns and pit level, consider loss-control material"
2026-05-01 09:28:00,WELL-003,drilling,1257.8435,104.7141,123.8365,11.4807,48.7895,70.3618,2117.9324,1906.2934,91.1788,1.2608,16.2009,Lost Circulation,1,Lost Circulation,0.261,High,85,"Reduce pump rate, check returns and pit level, consider loss-control material"
2026-05-01 09:29:00,WELL-003,drilling,1258.6721,103.7655,124.4847,11.9433,49.4129,70.3681,2116.6916,2029.6182,91.0626,1.26,17.0507,Lost Circulation,1,Lost Circulation,0.261,High,85,"Reduce pump rate, check returns and pit level, consider loss-control material"
2026-05-01 09:30:00,WELL-003,drilling,1259.4656,103.8503,124.9136,12.068,49.4733,70.5356,2122.2775,2000.0065,90.9476,1.2601,18.2541,Lost Circulation,1,Lost Circulation,0.261,High,85,"Reduce pump rate, check returns and pit level, consider loss-control material"
2026-05-01 09:31:00,WELL-003,drilling,1260.2987,104.0513,124.7598,12.1546,50.1451,70.0615,2120.1184,1996.5586,90.8497,1.258,18.2813,Lost Circulation,1,Lost Circulation,0.261,High,85,"Reduce pump rate, check returns and pit level, consider loss-control material"
2026-05-01 09:32:00,WELL-003,drilling,1261.1332,101.796,125.2373,11.8843,51.3983,70.3414,2115.4576,1977.7534,90.722,1.2572,17.2734,Lost Circulation,1,Lost Circulation,0.261,High,85,"Reduce pump rate, check returns and pit level, consider loss-control material"
2026-05-01 09:33:00,WELL-003,drilling,1262.0492,108.3403,124.6357,12.3294,54.0983,70.6805,2119.4966,1977.8784,90.601,1.259,17.8974,Lost Circulation,1,Lost Circulation,0.261,High,85,"Reduce pump rate, check returns and pit level, consider loss-control material"
2026-05-01 09:34:00,WELL-003,drilling,1262.9651,115.8197,123.9673,13.2165,55.6937,70.5621,2122.9816,1959.602,90.4972,1.2603,16.989,Lost Circulation,1,Lost Circulation,0.261,High,85,"Reduce pump rate, check returns and pit level, consider loss-control material"
2026-05-01 09:35:00,WELL-003,connection,1262.9786,0.3667,0.1,0.0,0.3459,32.4912,841.6986,1340.8043,90.9496,1.2597,17.4123,Lost Circulation,1,Lost Circulation,0.261,High,85,"Reduce pump rate, check returns and pit level, consider loss-control material"
2026-05-01 09:36:00,WELL-003,connection,1262.9648,0.0,0.0,0.0667,0.0,10.8901,0.0,624.8908,91.6115,1.2609,17.8943,Lost Circulation,1,Lost Circulation,0.261,High,85,"Reduce pump rate, check returns and pit level, consider loss-control material"
2026-05-01 09:37:00,WELL-003,connection,1263.0085,0.2038,0.2725,0.0,0.0,3.3066,0.0,266.9021,91.9717,1.2626,17.032,Lost Circulation,1,Lost Circulation,0.261,High,85,"Reduce pump rate, check returns and pit level, consider loss-control material"
2026-05-01 09:38:00,WELL-003,connection,1262.9922,0.0158,1.07,0.144,0.9848,1.3466,0.0,116.4691,92.0918,1.2586,17.4101,Lost Circulation,1,Lost Circulation,0.261,High,85,"Reduce pump rate, check returns and pit level, consider loss-control material"
2026-05-01 09:39:00,WELL-003,connection,1262.9738,0.7182,0.0,0.1223,0.0,13.892,1061.3369,566.5324,91.6659,1.2618,16.8695,Lost Circulation,1,Lost Circulation,0.261,High,85,"Reduce pump rate, check returns and pit level, consider loss-control material"
2026-05-01 09:40:00,WELL-003,drilling,1263.2171,37.1565,48.7818,7.0098,13.8395,51.583,2109.3874,1342.7672,90.8071,1.2593,15.7462,Lost Circulation,1,Lost Circulation,0.261,High,85,"Reduce pump rate, check returns and pit level, consider loss-control material"
2026-05-01 09:41:00,WELL-003,drilling,1263.7642,72.9914,95.0911,9.4062,33.5401,64.2694,2124.5431,1709.2312,90.447,1.2618,16.015,Lost Circulation,1,Lost Circulation,0.254,High,85,"Reduce pump rate, check returns and pit level, consider loss-control material"
2026-05-01 09:42:00,WELL-003,drilling,1264.7235,111.8816,145.2156,12.1382,53.7452,69.0427,2113.8638,1887.9125,90.1908,1.2618,16.5003,Lost Circulation,1,Lost Circulation,0.247,High,85,"Reduce pump rate, check returns and pit level, consider loss-control material"
2026-05-01 09:43:00,WELL-003,drilling,1265.6147,111.5098,142.0287,11.8872,57.9514,69.7326,2109.1415,1946.1145,90.0074,1.2626,16.4673,Lost Circulation,1,Lost Circulation,0.24,High,85,"Reduce pump rate, check returns and pit level, consider loss-control material"
2026-05-01 09:44:00,WELL-003,drilling,1266.5981,107.2957,142.828,11.7349,54.9823,71.5909,2102.5423,1944.579,89.9701,1.2596,16.9447,Lost Circulation,1,Lost Circulation,0.233,High,85,"Reduce pump rate, check returns and pit level, consider loss-control material"
2026-05-01 09:45:00,WELL-003,drilling,1267.4874,111.9155,144.4767,12.2434,52.9917,71.4209,2112.5506,2008.0501,89.9113,1.2593,16.6169,Lost Circulation,1,Lost Circulation,0.227,High,85,"Reduce pump rate, check returns and pit level, consider loss-control material"
2026-05-01 09:46:00,WELL-003,drilling,1268.3863,109.9991,143.163,12.06,56.6395,70.5236,2110.7525,1959.6912,89.7494,1.2599,15.3346,Lost Circulation,1,Lost Circulation,0.22,High,85,"Reduce pump rate, check returns and pit level, consider loss-control material"
2026-05-01 09:47:00,WELL-003,drilling,1269.3024,109.4719,142.6065,12.4238,56.0285,71.1657,2116.9923,2022.5785,89.653,1.26,15.0364,Lost Circulation,1,Lost Circulation,0.213,High,85,"Reduce pump rate, check returns and pit level, consider loss-control material"
2026-05-01 09:48:00,WELL-003,drilling,1270.1759,109.2727,144.297,12.2207,53.3677,71.3402,2137.6927,1990.7261,89.5643,1.2575,14.2555,Lost Circulation,1,Lost Circulation,0.206,High,85,"Reduce pump rate, check returns and pit level, consider loss-control material"
2026-05-01 09:49:00,WELL-003,drilling,1271.1137,111.5724,143.9023,11.6851,52.8994,71.7273,2109.2575,2028.3462,89.5106,1.2596,14.7983,Lost Circulation,1,Lost Circulation,0.199,High,85,"Reduce pump rate, check returns and pit level, consider loss-control material"
2026-05-01 09:50:00,WELL-003,drilling,1271.9664,107.0231,143.5643,11.4602,51.4439,71.4384,2119.4233,2045.3271,89.4131,1.2632,15.6379,Lost Circulation,1,Lost Circulation,0.192,High,85,"Reduce pump rate, check returns and pit level, consider loss-control material"
2026-05-01 09:51:00,WELL-003,drilling,1272.8817,110.1118,143.617,11.5931,56.6519,71.2957,2118.4979,2021.1809,89.2788,1.2608,16.5092,Lost Circulation,1,Lost Circulation,0.185,High,85,"Reduce pump rate, check returns and pit level, consider loss-control material"
2026-05-01 09:52:00,WELL-003,drilling,1273.812,114.8523,143.0622,12.0884,56.9536,70.8439,2129.4616,2042.0976,89.2582,1.2593,38.6911,Lost Circulation,1,Lost Circulation,0.178,High,85,"Reduce pump rate, check returns and pit level, consider loss-control material"
2026-05-01 09:53:00,WELL-003,drilling,1274.8121,118.5889,143.5514,12.0922,59.7396,72.4893,2119.703,2023.6715,89.2202,1.2568,37.4015,Lost Circulation,1,Lost Circulation,0.172,High,85,"Reduce pump rate, check returns and pit level, consider loss-control material"
2026-05-01 09:54:00,WELL-003,drilling,1275.7689,120.7592,144.6256,12.3586,59.5458,71.8795,2122.7674,2033.2902,89.1194,1.2584,36.7005,Lost Circulation,1,Lost Circulation,0.165,High,85,"Reduce pump rate, check returns and pit level, consider loss-control material"
2026-05-01 09:55:00,WELL-003,drilling,1276.824,124.2073,142.4525,12.9326,60.5956,71.9803,2105.5821,2061.6044,89.065,1.2632,36.2786,Lost Circulation,1,Lost Circulation,0.158,High,85,"Reduce pump rate, check returns and pit level, consider loss-control material"
2026-05-01 09:56:00,WELL-003,drilling,1277.8829,124.5534,143.3207,13.1545,63.8338,71.2393,2113.1827,2086.082,89.0444,1.2611,14.0398,Lost Circulation,1,Lost Circulation,0.151,High,85,"Reduce pump rate, check returns and pit level, consider loss-control material"
2026-05-01 09:57:00,WELL-003,drilling,1278.9656,124.2603,144.321,12.9906,65.7653,72.0879,2116.3239,2084.609,88.981,1.2611,14.717,Lost Circulation,1,Lost Circulation,0.144,High,85,"Reduce pump rate, check returns and pit level, consider loss-control material"
2026-05-01 09:58:00,WELL-003,drilling,1280.0596,120.8358,143.0838,12.9024,65.5888,71.628,2121.3224,2082.7,88.92,1.2573,15.6734,Lost Circulation,1,Lost Circulation,0.137,High,85,"Reduce pump rate, check returns and pit level, consider loss-control material"
2026-05-01 09:59:00,WELL-003,drilling,1281.1299,118.5498,142.7984,12.3807,64.7007,72.4211,2119.31,2092.1217,88.8231,1.2598,16.1757,Lost Circulation,1,Lost Circulation,0.13,High,85,"Reduce pump rate, check returns and pit level, consider loss-control material"
2026-05-01 10:00:00,WELL-003,drilling,1282.2395,115.803,143.5674,12.0549,64.4114,71.575,2110.0445,2069.2809,88.8552,1.257,15.6605,Lost Circulation,1,Lost Circulation,0.124,High,85,"Reduce pump rate, check returns and pit level, consider loss-control material"
2026-05-01 10:01:00,WELL-003,drilling,1283.2268,115.3251,142.7757,11.9766,61.9328,71.6668,2108.6672,1990.6002,88.8154,1.2621,14.6284,Lost Circulation,1,Lost Circulation,0.117,High,85,"Reduce pump rate, check returns and pit level, consider loss-control material"
2026-05-01 10:02:00,WELL-003,drilling,1284.1973,115.914,143.4129,12.2143,57.4182,72.8981,2112.8688,2080.1196,88.8508,1.2597,13.0458,Lost Circulation,1,Lost Circulation,0.11,High,85,"Reduce pump rate, check returns and pit level, consider loss-control material"
2026-05-01 10:03:00,WELL-003,drilling,1285.1791,116.2633,143.5621,12.4399,57.7956,71.8577,2126.192,2098.641,88.7634,1.2565,13.2124,Lost Circulation,1,Lost Circulation,0.103,High,85,"Reduce pump rate, check returns and pit level, consider loss-control material"
2026-05-01 10:04:00,WELL-003,drilling,1286.18,120.1995,143.5439,12.179,60.0169,72.3776,2122.1181,2087.4775,88.7877,1.2621,13.0343,Lost Circulation,1,Lost Circulation,0.096,High,85,"Reduce pump rate, check returns and pit level, consider loss-control material"
2026-05-01 10:05:00,WELL-003,drilling,1287.0643,115.0726,143.3519,11.5038,53.9731,72.5493,2134.2924,2080.4983,88.7613,1.2573,11.8416,Lost Circulation,1,Lost Circulation,0.089,High,85,"Reduce pump rate, check returns and pit level, consider loss-control material"
2026-05-01 10:06:00,WELL-003,drilling,1287.9954,116.6335,142.9455,11.5172,55.8059,72.8209,2136.9384,2071.5037,88.7548,1.2623,12.6689,Lost Circulation,1,Lost Circulation,0.082,High,85,"Reduce pump rate, check returns and pit level, consider loss-control material"
2026-05-01 10:07:00,WELL-003,drilling,1288.9808,117.9402,143.6643,11.681,60.4516,73.3609,2115.1679,2050.4081,88.7492,1.2598,13.1285,Lost Circulation,1,Lost Circulation,0.076,High,85,"Reduce pump rate, check returns and pit level, consider loss-control material"
2026-05-01 10:08:00,WELL-003,drilling,1289.9745,111.5577,143.5152,11.4501,58.2489,72.3201,2124.4884,2067.7251,88.7558,1.2643,14.1649,Lost Circulation,1,Lost Circulation,0.069,High,85,"Reduce pump rate, check returns and pit level, consider loss-control material"
2026-05-01 10:09:00,WELL-003,drilling,1290.9115,107.4998,144.3152,11.0124,56.8691,72.7866,2121.4261,2102.0553,88.7617,1.26,14.2476,Lost Circulation,1,Lost Circulation,0.062,High,85,"Reduce pump rate, check returns and pit level, consider loss-control material"
2026-05-01 10:10:00,WELL-003,connection,1290.9083,0.8628,0.0155,0.0,0.0,33.4973,846.1601,1391.7054,89.3286,1.2692,14.579,Lost Circulation,1,Lost Circulation,0.055,High,85,"Reduce pump rate, check returns and pit level, consider loss-control material"
2026-05-01 10:11:00,WELL-003,connection,1290.9049,1.2015,0.6338,0.0,0.0,11.0598,0.0,608.5085,90.0108,1.2701,13.9894,Lost Circulation,1,Lost Circulation,0.048,High,85,"Reduce pump rate, check returns and pit level, consider loss-control material"
2026-05-01 10:12:00,WELL-003,connection,1290.8948,0.2582,0.9708,0.1729,0.0,4.2918,0.0,268.0611,90.2669,1.2701,13.6557,Lost Circulation,1,Lost Circulation,0.041,High,85,"Reduce pump rate, check returns and pit level, consider loss-control material"
2026-05-01 10:13:00,WELL-003,connection,1290.9345,0.2196,0.0,0.2101,0.0148,14.8363,1055.4604,700.6463,89.9236,1.273,15.0805,Lost Circulation,1,Lost Circulation,0.034,High,85,"Reduce pump rate, check returns and pit level, consider loss-control material"
2026-05-01 10:14:00,WELL-003,drilling,1291.1386,32.3099,48.0965,6.1111,13.2768,53.931,2116.4524,1500.0472,89.4421,1.271,15.265,Lost Circulation,1,Lost Circulation,0.027,High,85,"Reduce pump rate, check returns and pit level, consider loss-control material"
2026-05-01 10:15:00,WELL-003,drilling,1291.6892,66.4088,93.9496,8.9705,31.0012,66.6358,2106.225,1855.5285,89.1244,1.2734,16.3896,Lost Circulation,1,Lost Circulation,0.021,High,85,"Reduce pump rate, check returns and pit level, consider loss-control material"
2026-05-01 10:16:00,WELL-003,drilling,1292.5479,102.9274,140.5178,11.3817,53.748,70.879,2112.3421,2012.6478,89.0739,1.2688,16.4003,Lost Circulation,1,Lost Circulation,0.014,High,85,"Reduce pump rate, check returns and pit level, consider loss-control material"
2026-05-01 10:17:00,WELL-003,drilling,1293.4259,99.0963,139.45,10.8694,51.788,72.7735,2098.537,2070.689,89.0329,1.2727,15.5319,Lost Circulation,1,Lost Circulation,0.007,High,85,"Reduce pump rate, check returns and pit level, consider loss-control material"
2026-05-01 10:18:00,WELL-003,drilling,1294.2638,100.2445,140.3279,11.172,50.1654,73.0604,2115.5602,2127.1572,89.078,1.2683,15.1961,Normal,0,,0.0,None,0,No Action Required
2026-05-01 10:19:00,WELL-003,drilling,1295.0246,99.5257,139.6841,11.0106,47.5093,73.3977,2113.8111,2091.1159,89.093,1.2705,15.447,Normal,0,,0.0,None,0,No Action Required
2026-05-01 10:20:00,WELL-003,drilling,1295.8711,97.7159,141.0542,11.065,47.4078,73.7305,2100.3237,2189.5901,89.1468,1.2696,14.7808,Normal,0,,0.0,None,0,No Action Required
2026-05-01 10:21:00,WELL-003,drilling,1296.6067,99.7097,141.2128,11.0559,48.6493,73.4183,2100.0874,2113.5818,89.2116,1.271,14.3805,Normal,0,,0.0,None,0,No Action Required
2026-05-01 10:22:00,WELL-003,drilling,1297.4469,99.7632,140.3139,11.1321,49.0101,73.3036,2114.7802,2119.7491,89.2127,1.271,13.3577,Normal,0,,0.0,None,0,No Action Required
2026-05-01 10:23:00,WELL-003,drilling,1298.3294,105.8352,141.0243,11.6455,49.8516,73.6128,2108.2304,2113.403,89.2521,1.2694,13.2375,Normal,0,,0.0,None,0,No Action Required
2026-05-01 10:24:00,WELL-003,drilling,1299.1298,102.7044,140.9716,11.6339,50.4503,73.2992,2110.6034,2149.9157,89.2804,1.2696,13.4648,Normal,0,,0.0,None,0,No Action Required
2026-05-01 10:25:00,WELL-003,drilling,1299.8773,100.5928,139.9992,11.1185,46.6397,73.1006,2106.0924,2147.8294,89.3138,1.269,13.1486,Normal,0,,0.0,None,0,No Action Required
2026-05-01 10:26:00,WELL-003,drilling,1300.6645,100.076,141.6161,10.7812,45.545,74.0304,2112.9268,2131.8677,89.3282,1.2713,13.0827,Normal,0,,0.0,None,0,No Action Required
2026-05-01 10:27:00,WELL-003,drilling,1301.4312,98.8509,140.6088,10.7947,43.9739,73.2548,2102.8633,2105.5947,89.4051,1.2665,33.7879,Normal,0,,0.0,None,0,No Action Required
2026-05-01 10:28:00,WELL-003,drilling,1302.2513,106.0423,140.2051,11.5379,49.5977,73.6258,2116.8187,2161.8258,89.4517,1.2706,34.3004,Normal,0,,0.0,None,0,No Action Required
2026-05-01 10:29:00,WELL-003,drilling,1302.9883,105.5279,139.8209,11.7059,48.3523,72.8607,2095.5373,2084.7582,89.5237,1.2701,33.7062,Normal,0,,0.0,None,0,No Action Required
2026-05-01 10:30:00,WELL-003,drilling,1303.831,105.0725,140.551,11.6257,49.5149,73.1428,2119.3768,2109.195,89.5163,1.2676,13.5441,Normal,0,,0.0,None,0,No Action Required
2026-05-01 10:31:00,WELL-003,drilling,1304.6904,102.8202,139.9912,11.4702,47.8599,74.389,2102.7611,2108.8235,89.5556,1.2688,13.8507,Normal,0,,0.0,None,0,No Action Required
2026-05-01 10:32:00,WELL-003,drilling,1305.4586,103.102,142.1609,11.4312,50.244,73.5262,2116.5838,2116.9306,89.5864,1.2677,13.0681,Normal,0,,0.0,None,0,No Action Required
2026-05-01 10:33:00,WELL-003,drilling,1306.3533,107.5182,140.7604,12.0832,51.4369,73.5514,2100.6889,2129.4081,89.5984,1.2733,13.1184,Normal,0,,0.0,None,0,No Action Required
2026-05-01 10:34:00,WELL-003,drilling,1307.1273,106.7771,140.3811,11.91,48.9334,73.5257,2116.4741,2137.0292,89.6707,1.2683,13.0286,Normal,0,,0.0,None,0,No Action Required
2026-05-01 10:35:00,WELL-003,drilling,1307.9664,102.1149,140.0088,11.37,48.4089,73.5168,2110.0397,2149.7018,89.7305,1.2713,12.51,Normal,0,,0.0,None,0,No Action Required
2026-05-01 10:36:00,WELL-003,drilling,1308.7321,103.5505,140.8057,11.6587,46.1177,73.505,2109.1021,2181.4292,89.7362,1.2686,13.3688,Normal,0,,0.0,None,0,No Action Required
2026-05-01 10:37:00,WELL-003,drilling,1309.5839,103.285,140.6361,11.2946,49.2685,74.1782,2092.5502,2096.1581,89.794,1.2682,12.8452,Normal,0,,0.0,None,0,No Action Required
2026-05-01 10:38:00,WELL-003,drilling,1310.4494,104.1273,141.1101,11.6053,50.5366,74.0716,2102.5846,2141.0471,89.8317,1.2677,14.4464,Normal,0,,0.0,None,0,No Action Required
2026-05-01 10:39:00,WELL-003,drilling,1311.248,100.961,140.8069,11.8705,48.5282,73.2894,2120.5735,2116.5013,89.8586,1.2688,14.6289,Normal,0,,0.0,None,0,No Action Required
2026-05-01 10:40:00,WELL-003,drilling,1312.087,106.3385,139.4872,12.3877,52.096,73.5936,2113.7989,2154.5826,89.8655,1.2686,14.7678,Normal,0,,0.0,None,0,No Action Required
2026-05-01 10:41:00,WELL-003,drilling,1312.9798,108.672,140.4554,12.3601,52.0097,73.8794,2105.358,2170.5149,89.8857,1.2722,15.1258,Normal,0,,0.0,None,0,No Action Required
2026-05-01 10:42:00,WELL-003,drilling,1313.855,107.8223,141.0514,12.0577,52.9527,73.4017,2086.5597,2094.6344,89.9287,1.2698,14.3617,Normal,0,,0.0,None,0,No Action Required
2026-05-01 10:43:00,WELL-003,drilling,1314.7462,107.0464,139.3544,11.953,53.7084,73.9325,2104.3861,2154.6484,90.0354,1.2706,13.6716,Normal,0,,0.0,None,0,No Action Required
2026-05-01 10:44:00,WELL-003,drilling,1315.6335,104.6901,141.2925,12.2067,53.2865,74.9155,2114.5542,2107.6807,90.089,1.2703,13.3093,Normal,0,,0.0,None,0,No Action Required
2026-05-01 10:45:00,WELL-003,drilling,1316.48,109.249,141.3672,12.1295,54.2142,75.2173,2120.8118,2110.6073,90.0994,1.2683,14.3527,Normal,0,,0.0,None,0,No Action Required
2026-05-01 10:46:00,WELL-003,drilling,1317.4085,107.3757,139.7716,12.0682,54.6149,75.1991,2102.6466,2138.9688,90.1295,1.2672,14.7041,Normal,0,,0.0,None,0,No Action Required
2026-05-01 10:47:00,WELL-003,drilling,1318.2824,104.1009,138.429,12.1208,53.7054,74.2415,2123.9355,2194.4673,90.1605,1.2691,15.6765,Normal,0,,0.0,None,0,No Action Required
2026-05-01 10:48:00,WELL-003,drilling,1319.1032,103.3159,139.9146,11.8008,50.3415,74.0756,2106.2204,2158.491,90.1922,1.273,14.7664,Normal,0,,0.0,None,0,No Action Required
2026-05-01 10:49:00,WELL-003,connection,1319.1274,0.2396,0.0,0.0,0.3176,34.2032,836.9998,1388.6751,90.7206,1.2706,14.4686,Normal,0,,0.0,None,0,No Action Required
2026-05-01 10:50:00,WELL-003,connection,1319.1466,0.0,0.0,0.0,0.277,11.8193,0.0,616.6759,91.4139,1.2689,13.7253,Normal,0,,0.0,None,0,No Action Required
2026-05-01 10:51:00,WELL-003,connection,1319.1472,0.0,1.1069,0.051,0.2873,3.9695,0.0,268.9319,91.7684,1.2737,14.2213,Normal,0,,0.0,None,0,No Action Required
2026-05-01 10:52:00,WELL-003,connection,1319.1073,0.0,0.3072,0.1964,0.6014,0.8698,0.0,117.1065,91.8567,1.2707,13.2303,Normal,0,,0.0,None,0,No Action Required
2026-05-01 10:53:00,WELL-003,connection,1319.1382,0.0,0.5638,0.1067,0.1894,0.6224,0.0,50.1975,92.0039,1.2713,14.1041,Normal,0,,0.0,None,0,No Action Required
2026-05-01 10:54:00,WELL-003,connection,1319.1516,1.0876,0.0,0.0,0.615,14.8135,1051.5724,623.9399,91.5508,1.2687,13.9414,Normal,0,,0.0,None,0,No Action Required
2026-05-01 10:55:00,WELL-003,drilling,1319.3818,32.7398,45.4441,6.5045,13.3102,54.3119,2116.3384,1479.3948,90.8303,1.2717,14.0334,Normal,0,,0.0,None,0,No Action Required
2026-05-01 10:56:00,WELL-003,drilling,1319.8469,65.6194,92.5047,8.2132,30.4129,67.5732,2111.9044,1814.8901,90.7043,1.2712,15.0639,Normal,0,,0.0,None,0,No Action Required
2026-05-01 10:57:00,WELL-003,drilling,1320.6381,94.8282,137.7262,10.3063,49.0864,71.8149,2115.8721,1986.4902,90.634,1.2715,15.2291,Normal,0,,0.0,None,0,No Action Required
2026-05-01 10:58:00,WELL-003,drilling,1321.4832,96.3213,138.5427,10.6192,48.5585,74.0267,2116.1501,2033.7602,90.6398,1.2701,15.5788,Normal,0,,0.0,None,0,No Action Required
2026-05-01 10:59:00,WELL-003,drilling,1322.3765,100.978,138.3383,10.5727,52.4618,73.6036,2113.1981,2130.9912,90.574,1.271,16.5929,Normal,0,,0.0,None,0,No Action Required
2026-05-01 11:00:00,WELL-003,drilling,1323.2382,103.6042,138.8105,10.7708,51.7354,74.7453,2106.4517,2080.9957,90.6333,1.2711,18.0984,Normal,0,,0.0,None,0,No Action Required
2026-05-01 11:01:00,WELL-003,drilling,1324.0248,102.8706,137.7616,10.7253,50.7579,74.6482,2099.5932,2157.0468,90.6487,1.2684,18.6145,Normal,0,,0.0,None,0,No Action Required
2026-05-01 11:02:00,WELL-003,drilling,1324.9138,98.0423,137.444,10.5095,51.207,74.1387,2105.0975,2140.3703,90.6831,1.2699,19.1722,Normal,0,,0.0,None,0,No Action Required
2026-05-01 11:03:00,WELL-003,drilling,1325.7627,97.6943,137.6993,10.7461,51.7329,74.2557,2120.7598,2114.1333,90.6852,1.2732,19.3746,Normal,0,,0.0,None,0,No Action Required
2026-05-01 11:04:00,WELL-003,drilling,1326.6934,102.7082,138.3343,10.5809,54.5842,74.7555,2111.8251,2139.4754,90.7178,1.2733,18.2533,Normal,0,,0.0,None,0,No Action Required
2026-05-01 11:05:00,WELL-003,drilling,1327.5717,100.2388,138.3626,10.5711,53.3007,74.4405,2119.6156,2111.9091,90.743,1.2736,17.5429,Normal,0,,0.0,None,0,No Action Required
2026-05-01 11:06:00,WELL-003,drilling,1328.523,104.622,136.7866,11.143,54.5421,74.73,2119.6929,2162.5132,90.7883,1.2743,30.2264,Normal,0,,0.0,None,0,No Action Required
2026-05-01 11:07:00,WELL-003,drilling,1329.4209,105.6928,137.4593,11.4289,56.3812,74.9905,2114.2987,2101.2251,90.8435,1.2731,30.4097,Normal,0,,0.0,None,0,No Action Required
2026-05-01 11:08:00,WELL-003,drilling,1330.2876,104.4866,137.1553,10.8816,51.5629,75.1616,2125.1949,2177.4554,90.8532,1.2699,29.9242,Normal,0,,0.0,None,0,No Action Required
2026-05-01 11:09:00,WELL-003,drilling,1331.1068,101.8611,138.3724,10.7481,50.081,74.0793,2113.5123,2103.103,91.0093,1.2744,30.4524,Normal,0,,0.0,None,0,No Action Required
2026-05-01 11:10:00,WELL-003,drilling,1331.9579,98.5591,137.6379,10.9447,50.7902,75.1316,2111.7769,2171.3644,90.9393,1.2715,30.6062,Normal,0,,0.0,None,0,No Action Required
2026-05-01 11:11:00,WELL-003,drilling,1332.8192,102.4639,137.2291,11.2311,52.5737,74.0875,2111.6744,2083.6562,90.9667,1.2682,17.6796,Normal,0,,0.0,None,0,No Action Required
2026-05-01 11:12:00,WELL-003,drilling,1333.7243,103.0337,139.0286,11.0913,53.0982,74.1423,2130.4128,2093.951,91.0672,1.269,16.7933,Normal,0,,0.0,None,0,No Action Required
2026-05-01 11:13:00,WELL-003,drilling,1334.5373,100.1103,138.5431,11.2802,51.531,74.5977,2107.1186,2183.6612,91.0878,1.2708,16.6558,Normal,0,,0.0,None,0,No Action Required
2026-05-01 11:14:00,WELL-003,drilling,1335.3912,96.2796,137.9953,11.0472,48.9113,75.3201,2110.1787,2156.518,91.0848,1.2717,17.1516,Normal,0,,0.0,None,0,No Action Required
2026-05-01 11:15:00,WELL-003,drilling,1336.211,100.5064,138.0796,11.6728,48.5343,75.0326,2134.2166,2117.2025,91.1037,1.2665,16.3492,Normal,0,,0.0,None,0,No Action Required
2026-05-01 11:16:00,WELL-003,drilling,1337.0209,100.2806,137.6509,11.8313,50.4496,74.582,2099.5648,2084.1888,91.1675,1.2666,16.198,Normal,0,,0.0,None,0,No Action Required
2026-05-01 11:17:00,WELL-003,drilling,1337.8488,99.7006,136.1448,11.5363,51.0758,74.4434,2123.3416,2113.5652,91.1265,1.2716,16.3603,Normal,0,,0.0,None,0,No Action Required
2026-05-01 11:18:00,WELL-003,drilling,1338.7388,100.9787,138.3761,11.673,52.637,75.2779,2122.4214,2124.667,91.2419,1.2721,17.7838,Normal,0,,0.0,None,0,No Action Required
2026-05-01 11:19:00,WELL-003,drilling,1339.6396,100.8681,140.0019,11.5513,52.2742,74.7962,2116.5013,2138.3108,91.2371,1.2691,17.1655,Normal,0,,0.0,None,0,No Action Required
2026-05-01 11:20:00,WELL-003,drilling,1340.4477,100.041,138.2631,11.5831,49.7486,75.5309,2117.9212,2141.702,91.3269,1.2699,19.1811,Normal,0,,0.0,None,0,No Action Required
2026-05-01 11:21:00,WELL-003,drilling,1341.3453,102.3057,136.8625,11.3619,51.8373,75.5347,2123.627,2162.9953,91.3008,1.2705,18.3732,Normal,0,,0.0,None,0,No Action Required
2026-05-01 11:22:00,WELL-003,drilling,1342.2366,102.8477,138.7248,11.3738,54.6439,75.6282,2121.9209,2124.9133,91.3142,1.271,17.5795,Normal,0,,0.0,None,0,No Action Required
2026-05-01 11:23:00,WELL-003,drilling,1343.2323,103.4559,137.298,11.7785,57.7724,75.5228,2114.5372,2172.7619,91.3882,1.2694,17.1383,Normal,0,,0.0,None,0,No Action Required
2026-05-01 11:24:00,WELL-003,drilling,1344.1827,108.7,138.1365,12.1463,57.562,75.4287,2114.8419,2138.0771,91.4556,1.2715,18.3177,Normal,0,,0.0,None,0,No Action Required
2026-05-01 11:25:00,WELL-003,drilling,1345.1436,107.5724,138.2185,11.669,58.0541,75.1087,2117.1431,2120.6968,91.4922,1.2714,17.1257,Normal,0,,0.0,None,0,No Action Required
2026-05-01 11:26:00,WELL-003,drilling,1346.0305,108.2998,137.8444,11.3251,54.057,75.4292,2107.7927,2103.6397,91.5056,1.272,16.6638,Normal,0,,0.0,None,0,No Action Required
2026-05-01 11:27:00,WELL-003,drilling,1346.9475,105.5558,137.6646,11.0724,53.1421,74.5635,2096.2093,2174.1519,91.5049,1.2672,15.8561,Normal,0,,0.0,None,0,No Action Required
2026-05-01 11:28:00,WELL-003,drilling,1347.8557,108.2859,138.6335,10.9614,53.9352,75.1543,2110.5146,2109.7697,91.5527,1.2704,15.933,Normal,0,,0.0,None,0,No Action Required
2026-05-01 11:29:00,WELL-003,connection,1347.8263,0.0,0.0,0.0431,0.0,34.6235,842.4216,1411.7899,92.1816,1.2813,16.1229,Normal,0,,0.0,None,0,No Action Required
2026-05-01 11:30:00,WELL-003,connection,1347.8997,0.0,0.0,0.0,0.0,11.9336,0.0,611.9139,92.7462,1.2784,16.7094,Normal,0,,0.0,None,0,No Action Required
2026-05-01 11:31:00,WELL-003,connection,1347.8195,0.0,0.8228,0.0,0.0,4.7336,0.0,272.8024,92.9916,1.279,16.9012,Normal,0,,0.0,None,0,No Action Required
2026-05-01 11:32:00,WELL-003,connection,1347.8332,0.0,0.2618,0.0,0.0408,1.5992,0.0,116.4255,93.2506,1.2784,17.1943,Normal,0,,0.0,None,0,No Action Required
2026-05-01 11:33:00,WELL-003,connection,1347.8505,0.0,0.2141,0.0342,0.0167,0.2884,0.0,51.6246,93.3267,1.2832,17.6505,Normal,0,,0.0,None,0,No Action Required
2026-05-01 11:34:00,WELL-003,connection,1347.7877,0.0,0.2618,0.0048,0.4109,0.0,0.0,21.6202,93.3334,1.2795,16.7877,Normal,0,,0.0,None,0,No Action Required
2026-05-01 11:35:00,WELL-003,connection,1347.8417,0.0,0.0,0.0,0.0,0.0,0.0,9.709,93.4186,1.2778,16.2745,Normal,0,,0.0,None,0,No Action Required
2026-05-01 11:36:00,WELL-003,connection,1347.8415,0.0,0.5002,0.0265,0.2044,14.5561,1051.3662,602.5992,92.9621,1.2815,16.7597,Normal,0,,0.0,None,0,No Action Required
2026-05-01 11:37:00,WELL-003,drilling,1348.1149,35.6846,43.1624,6.2041,14.9853,54.8007,2105.0561,1449.8121,92.2865,1.2793,15.5037,Normal,0,,0.0,None,0,No Action Required
2026-05-01 11:38:00,WELL-003,drilling,1348.6528,75.0924,87.8473,8.8399,35.3301,68.8703,2100.4037,1843.8673,92.0247,1.2813,14.1337,Normal,0,,0.0,None,0,No Action Required
2026-05-01 11:39:00,WELL-003,drilling,1349.6033,113.2776,131.2047,11.9056,56.6133,72.5363,2094.5852,1989.0194,91.9759,1.2811,13.5734,Normal,0,,0.0,None,0,No Action Required
2026-05-01 11:40:00,WELL-003,drilling,1350.5363,112.5645,132.8202,12.4114,58.3745,73.9556,2097.7484,2041.0396,92.8056,1.281,13.7269,Normal,0,,0.0,None,0,No Action Required
2026-05-01 11:41:00,WELL-003,drilling,1351.5378,112.7362,132.1912,12.1554,56.4824,75.0311,2102.5265,2114.3915,93.6407,1.28,13.3327,Normal,0,,0.0,None,0,No Action Required
2026-05-01 11:42:00,WELL-003,drilling,1352.4713,114.5901,132.3512,12.363,58.7689,75.0997,2109.8029,2175.2073,94.4522,1.281,12.9994,Normal,0,,0.0,None,0,No Action Required
2026-05-01 11:43:00,WELL-003,drilling,1353.4708,116.6621,131.8323,12.6316,58.2425,75.3244,2095.2436,2097.3597,94.4334,1.2802,13.9295,Normal,0,,0.0,None,0,No Action Required
2026-05-01 11:44:00,WELL-003,drilling,1354.4427,115.3914,132.241,12.505,58.4071,75.4344,2111.6451,2104.2253,94.4205,1.2748,15.3629,Normal,0,,0.0,None,0,No Action Required
2026-05-01 11:45:00,WELL-003,drilling,1355.4412,116.1742,131.8826,13.1082,59.3097,75.7208,2106.8534,2110.8365,94.483,1.2801,15.1885,Normal,0,,0.0,None,0,No Action Required
2026-05-01 11:46:00,WELL-003,drilling,1356.4162,115.3893,131.8184,12.7014,58.0459,75.5202,2107.627,2134.463,94.5043,1.2784,35.065,Normal,0,,0.0,None,0,No Action Required
2026-05-01 11:47:00,WELL-003,drilling,1357.3975,118.17,131.5908,12.7042,58.4706,76.082,2099.6474,2150.0013,94.5065,1.2828,33.8423,Normal,0,,0.0,None,0,No Action Required
2026-05-01 11:48:00,WELL-003,drilling,1358.3654,118.8129,132.942,13.031,60.9445,76.2169,2096.9008,2124.2276,94.5302,1.2764,32.9237,Normal,0,,0.0,None,0,No Action Required
2026-05-01 11:49:00,WELL-003,drilling,1359.3399,115.0623,132.0152,12.6628,53.7951,75.5688,2097.0125,2152.9127,94.6059,1.2791,32.446,Normal,0,,0.0,None,0,No Action Required
2026-05-01 11:50:00,WELL-003,drilling,1360.2365,114.1058,130.6152,12.8826,56.5862,75.5742,2110.4152,2144.5701,94.5833,1.2793,33.2122,Normal,0,,0.0,None,0,No Action Required
2026-05-01 11:51:00,WELL-003,drilling,1361.1462,111.9806,132.653,12.5364,55.576,76.27,2104.3615,2109.6104,94.5872,1.2803,32.7498,Normal,0,,0.0,None,0,No Action Required
2026-05-01 11:52:00,WELL-003,drilling,1362.0681,112.4522,129.7668,12.6082,54.3377,75.9716,2108.2964,2136.3611,94.6522,1.2786,32.8041,Normal,0,,0.0,None,0,No Action Required
2026-05-01 11:53:00,WELL-003,drilling,1363.0125,114.43,131.6531,13.1738,58.832,75.6374,2102.8338,2162.9731,94.6317,1.2802,13.4233,Normal,0,,0.0,None,0,No Action Required
2026-05-01 11:54:00,WELL-003,drilling,1363.9696,108.8349,131.6668,12.4383,55.2536,75.8634,2113.2942,2177.2339,94.6789,1.2795,12.9735,Normal,0,,0.0,None,0,No Action Required
2026-05-01 11:55:00,WELL-003,drilling,1364.959,107.649,132.2118,12.7315,57.6335,75.1347,2096.9514,2115.5419,94.6927,1.28,13.7573,Normal,0,,0.0,None,0,No Action Required
2026-05-01 11:56:00,WELL-003,drilling,1365.828,102.6908,131.6126,12.8084,53.7895,74.9418,2113.2429,2139.9982,94.7392,1.2803,12.3229,Normal,0,,0.0,None,0,No Action Required
2026-05-01 11:57:00,WELL-003,drilling,1366.7639,102.3659,132.2555,11.9646,55.2931,76.1803,2101.1874,2131.244,94.7665,1.2819,13.6244,Normal,0,,0.0,None,0,No Action Required
2026-05-01 11:58:00,WELL-003,drilling,1367.696,102.934,132.4177,12.4751,54.3978,75.7698,2116.977,2120.3787,94.803,1.2779,12.5248,Normal,0,,0.0,None,0,No Action Required
2026-05-01 11:59:00,WELL-003,drilling,1368.5651,106.9083,130.9217,12.7901,54.5495,76.1614,2098.501,2112.6185,94.7686,1.2798,13.8063,Normal,0,,0.0,None,0,No Action Required
2026-05-01 12:00:00,WELL-003,drilling,1369.4652,106.0876,131.2546,13.1903,56.2587,75.6046,2100.7002,2110.9673,94.8026,1.2804,14.7805,Normal,0,,0.0,None,0,No Action Required
2026-05-01 12:01:00,WELL-003,drilling,1370.3942,101.3977,131.0838,12.5594,54.1718,76.2457,2105.2463,2137.3885,94.8783,1.2794,12.8582,Normal,0,,0.0,None,0,No Action Required
2026-05-01 12:02:00,WELL-003,drilling,1371.2605,101.4186,132.8995,12.6019,49.6312,76.3534,2104.8153,2126.0562,94.8845,1.2823,13.7479,Normal,0,,0.0,None,0,No Action Required
2026-05-01 12:03:00,WELL-003,drilling,1372.068,102.359,131.2522,12.7154,48.5823,77.1841,2098.2533,2133.8681,94.9232,1.2814,13.3319,Normal,0,,0.0,None,0,No Action Required
2026-05-01 12:04:00,WELL-003,drilling,1372.8667,104.7947,131.0948,12.9319,49.4739,76.0949,2100.6416,2151.8558,94.9079,1.2813,12.0606,Normal,0,,0.0,None,0,No Action Required
2026-05-01 12:05:00,WELL-003,drilling,1373.7926,112.031,131.6405,13.3628,53.2067,77.0064,2105.6441,2173.0509,94.9565,1.2733,11.3597,Normal,0,,0.0,None,0,No Action Required
2026-05-01 12:06:00,WELL-003,drilling,1374.614,110.2151,132.3206,13.6455,53.7432,75.5045,2105.8672,2112.463,94.9697,1.2807,11.9275,Normal,0,,0.0,None,0,No Action Required
2026-05-01 12:07:00,WELL-003,drilling,1375.5124,112.4927,132.3772,13.3956,51.9151,76.69,2108.992,2129.0756,95.0067,1.2789,12.8293,Normal,0,,0.0,None,0,No Action Required
2026-05-01 12:08:00,WELL-003,drilling,1376.3963,115.5083,131.0454,13.2831,54.3809,76.374,2109.9314,2114.667,95.0562,1.2821,12.7595,Normal,0,,0.0,None,0,No Action Required
2026-05-01 12:09:00,WELL-003,connection,1376.3751,0.2755,0.0623,0.0,0.1744,35.729,840.4817,1409.4693,95.5911,1.2769,12.5243,Normal,0,,0.0,None,0,No Action Required
2026-05-01 12:10:00,WELL-003,connection,1376.3903,0.0202,0.0,0.0,0.0,11.7633,0.0,612.7078,96.2497,1.2786,11.8307,Normal,0,,0.0,None,0,No Action Required
2026-05-01 12:11:00,WELL-003,connection,1376.3829,0.6616,1.0528,0.0,0.0,5.0345,0.0,264.1099,96.5505,1.2822,12.2961,Normal,0,,0.0,None,0,No Action Required
2026-05-01 12:12:00,WELL-003,connection,1376.4034,0.1737,0.8736,0.0,0.1168,0.8365,0.0,116.021,96.6661,1.2811,10.9395,Normal,0,,0.0,None,0,No Action Required
2026-05-01 12:13:00,WELL-003,connection,1376.4265,0.3004,0.0,0.0,0.4524,15.8113,1052.5015,656.8903,96.2316,1.2801,12.0199,Normal,0,,0.0,None,0,No Action Required
2026-05-01 12:14:00,WELL-003,drilling,1376.6113,37.8619,40.2927,6.9405,13.4107,56.3099,2088.2192,1487.8458,95.677,1.2776,13.5128,Normal,0,,0.0,None,0,No Action Required
2026-05-01 12:15:00,WELL-003,drilling,1377.1615,76.5746,81.8753,9.8246,32.876,69.1774,2090.5854,1858.4265,95.342,1.2803,12.2254,Normal,0,,0.0,None,0,No Action Required
2026-05-01 12:16:00,WELL-003,drilling,1378.053,113.5233,123.0776,12.6132,51.1504,73.3337,2099.6,2037.511,95.3021,1.2813,13.7095,Normal,0,,0.0,None,0,No Action Required
2026-05-01 12:17:00,WELL-003,drilling,1378.958,111.0306,123.7802,12.8968,54.7566,74.7793,2103.5205,2045.7384,95.2707,1.2765,13.9644,Normal,0,,0.0,None,0,No Action Required
2026-05-01 12:18:00,WELL-003,drilling,1379.8498,110.2748,123.2101,12.4924,54.8284,75.1843,2107.0546,2087.5733,95.244,1.2765,14.667,Normal,0,,0.0,None,0,No Action Required
2026-05-01 12:19:00,WELL-003,drilling,1380.7647,115.1896,123.1498,13.0299,57.5961,76.2614,2098.7607,2125.1129,95.2317,1.2785,15.0592,Normal,0,,0.0,None,0,No Action Required
2026-05-01 12:20:00,WELL-003,drilling,1381.7803,119.8268,122.1307,13.2055,58.9475,76.0523,2100.8431,2109.1187,95.287,1.2809,15.8245,Normal,0,,0.0,None,0,No Action Required
2026-05-01 12:21:00,WELL-003,drilling,1382.759,119.7851,124.1435,12.9284,57.4978,76.3862,2096.6491,2105.9572,95.3588,1.2817,17.0545,Normal,0,,0.0,None,0,No Action Required
2026-05-01 12:22:00,WELL-003,drilling,1383.6935,119.2408,123.8371,13.1425,56.6186,75.8468,2105.408,2108.9039,95.3449,1.2791,15.1019,Normal,0,,0.0,None,0,No Action Required
2026-05-01 12:23:00,WELL-003,drilling,1384.6872,122.8738,123.8172,13.2281,58.8212,76.3333,2099.1718,2147.5533,95.3423,1.2778,16.2491,Normal,0,,0.0,None,0,No Action Required
2026-05-01 12:24:00,WELL-003,drilling,1385.6723,118.6697,123.6037,13.0591,59.4625,76.8666,2105.533,2097.9288,95.3836,1.2798,16.5638,Normal,0,,0.0,None,0,No Action Required
2026-05-01 12:25:00,WELL-003,drilling,1386.6231,119.4017,122.7316,13.1875,58.1561,76.0885,2097.4687,2138.5336,95.4004,1.2811,15.7715,Normal,0,,0.0,None,0,No Action Required
2026-05-01 12:26:00,WELL-003,drilling,1387.5901,121.5001,124.2478,13.0099,57.9435,76.3392,2114.743,2150.1759,95.4101,1.2794,32.3429,Normal,0,,0.0,None,0,No Action Required
2026-05-01 12:27:00,WELL-003,drilling,1388.5481,121.0637,123.2301,13.496,57.1035,76.9361,2099.5157,2088.6501,95.4227,1.2767,30.8964,Normal,0,,0.0,None,0,No Action Required
2026-05-01 12:28:00,WELL-003,drilling,1389.4749,117.4403,123.7659,12.936,55.6229,75.3998,2100.5001,2088.4703,95.4349,1.2805,31.1005,Normal,0,,0.0,None,0,No Action Required
2026-05-01 12:29:00,WELL-003,drilling,1390.3799,117.0531,124.0204,13.0862,54.6562,76.0637,2123.0764,2122.012,95.5028,1.2827,30.3611,Normal,0,,0.0,None,0,No Action Required
2026-05-01 12:30:00,WELL-003,drilling,1391.2705,115.9289,123.7165,13.1294,53.7683,76.8143,2108.3247,2113.693,95.5431,1.2843,13.4,Normal,0,,0.0,None,0,No Action Required
2026-05-01 12:31:00,WELL-003,drilling,1392.1422,110.7044,123.764,12.2408,51.3072,76.4163,2103.333,2121.7098,95.5588,1.285,13.0053,Normal,0,,0.0,None,0,No Action Required
2026-05-01 12:32:00,WELL-003,drilling,1392.936,109.1459,122.8858,12.112,48.9731,76.646,2107.344,2101.643,95.5671,1.2778,13.3221,Normal,0,,0.0,None,0,No Action Required
2026-05-01 12:33:00,WELL-003,drilling,1393.7405,102.9827,122.26,11.855,48.0879,76.3228,2101.762,2199.6483,95.6068,1.2786,12.3763,Normal,0,,0.0,None,0,No Action Required
2026-05-01 12:34:00,WELL-003,drilling,1394.5844,105.2237,123.2612,11.9269,48.8681,76.2231,2090.5154,2083.8797,95.5923,1.2805,13.3129,Normal,0,,0.0,None,0,No Action Required
2026-05-01 12:35:00,WELL-003,drilling,1395.3795,103.3484,122.1316,11.6244,47.4664,75.7059,2109.5368,2141.5432,95.5877,1.2787,12.7246,Normal,0,,0.0,None,0,No Action Required
2026-05-01 12:36:00,WELL-003,drilling,1396.2135,102.9702,122.5701,11.5238,50.1202,77.0552,2081.9231,2119.0519,95.6631,1.2823,13.3593,Normal,0,,0.0,None,0,No Action Required
2026-05-01 12:37:00,WELL-003,drilling,1397.0945,101.403,123.5116,11.7623,51.6679,76.6178,2109.8725,2155.194,95.6474,1.2818,13.259,Normal,0,,0.0,None,0,No Action Required
2026-05-01 12:38:00,WELL-003,drilling,1397.983,104.3823,122.4667,12.4142,53.3234,76.1747,2100.9211,2152.9012,95.7023,1.2788,12.6478,Normal,0,,0.0,None,0,No Action Required
2026-05-01 12:39:00,WELL-003,drilling,1398.8346,105.9225,123.9833,12.4845,52.2695,76.3876,2090.2007,2100.5767,95.7034,1.2794,12.2705,Normal,0,,0.0,None,0,No Action Required
2026-05-01 12:40:00,WELL-003,drilling,1399.7521,97.8733,123.9829,11.9919,54.0772,76.0973,2099.3475,2081.328,95.709,1.2812,13.776,Normal,0,,0.0,None,0,No Action Required
2026-05-01 12:41:00,WELL-003,drilling,1400.7086,106.2275,121.8889,12.5334,58.345,76.4304,2100.6663,2080.4505,95.7805,1.2815,13.1384,Normal,0,,0.0,None,0,No Action Required
2026-05-01 12:42:00,WELL-003,drilling,1401.6903,110.3162,122.6143,11.9646,59.0599,76.3701,2098.0759,2113.8669,95.8482,1.2823,13.9204,Normal,0,,0.0,None,0,No Action Required
2026-05-01 12:43:00,WELL-003,drilling,1402.6242,109.0578,122.3445,12.1385,55.7778,77.293,2083.269,2112.1308,95.7997,1.2774,14.1562,Normal,0,,0.0,None,0,No Action Required
2026-05-01 12:44:00,WELL-003,drilling,1403.4999,105.0387,123.6485,11.5942,51.9978,76.1543,2109.9114,2105.3196,95.8008,1.2793,14.0032,Normal,0,,0.0,None,0,No Action Required
2026-05-01 12:45:00,WELL-003,drilling,1404.3758,104.1756,124.6311,12.0873,51.7719,76.4448,2097.0219,2074.9955,95.8407,1.2813,14.8272,Normal,0,,0.0,None,0,No Action Required
2026-05-01 12:46:00,WELL-003,drilling,1405.1812,101.3667,122.6008,12.0716,48.805,77.325,2115.5028,2111.5842,95.8224,1.2768,14.4572,Normal,0,,0.0,None,0,No Action Required
2026-05-01 12:47:00,WELL-003,connection,1405.1729,0.0421,0.0,0.0,0.2036,35.6961,841.625,1405.9249,96.3799,1.2876,14.5821,Normal,0,,0.0,None,0,No Action Required
2026-05-01 12:48:00,WELL-003,connection,1405.1698,0.0,0.0,0.0,0.5753,11.7898,0.0,618.2802,97.0615,1.291,13.9998,Normal,0,,0.0,None,0,No Action Required
2026-05-01 12:49:00,WELL-003,connection,1405.1527,0.0,0.7813,0.135,0.0,4.5888,0.0,270.496,97.3114,1.2893,15.1471,Normal,0,,0.0,None,0,No Action Required
2026-05-01 12:50:00,WELL-003,connection,1405.1786,0.4253,0.0,0.0,0.0,16.0554,1053.0759,706.0061,97.0615,1.2911,14.4395,Normal,0,,0.0,None,0,No Action Required
2026-05-01 12:51:00,WELL-003,drilling,1405.3495,33.9055,42.0254,6.6431,13.2814,57.5283,2123.1791,1519.4551,96.4186,1.291,14.6847,Normal,0,,0.0,None,0,No Action Required
2026-05-01 12:52:00,WELL-003,drilling,1405.9124,66.6285,82.9247,9.4164,30.4553,70.4997,2095.9339,1867.8676,96.1698,1.2905,14.0302,Normal,0,,0.0,None,0,No Action Required
2026-05-01 12:53:00,WELL-003,drilling,1406.6909,96.2548,124.7046,11.615,48.3849,75.9013,2099.8405,2022.4546,96.0917,1.288,15.3229,Normal,0,,0.0,None,0,No Action Required
2026-05-01 12:54:00,WELL-003,drilling,1407.5894,102.4544,123.7149,12.144,52.2005,76.5129,2106.1493,2079.7194,96.0609,1.2914,14.896,Normal,0,,0.0,None,0,No Action Required
2026-05-01 12:55:00,WELL-003,drilling,1408.4635,102.5427,124.3018,12.6319,53.1602,76.728,2104.1919,2115.9271,96.0701,1.2855,15.8602,Normal,0,,0.0,None,0,No Action Required
2026-05-01 12:56:00,WELL-003,drilling,1409.3066,98.1389,124.1536,12.391,50.7705,77.661,2105.192,2075.954,96.0033,1.2894,16.7803,Normal,0,,0.0,None,0,No Action Required
2026-05-01 12:57:00,WELL-003,drilling,1410.0781,94.8469,124.2299,12.2384,48.0364,77.7492,2106.4629,2113.5988,96.0786,1.2898,16.1761,Normal,0,,0.0,None,0,No Action Required
2026-05-01 12:58:00,WELL-003,drilling,1410.826,94.5886,123.8076,12.087,45.0194,78.5207,2103.7319,2115.5027,96.0494,1.289,14.9278,Normal,0,,0.0,None,0,No Action Required
2026-05-01 12:59:00,WELL-003,drilling,1411.6116,100.6605,124.4185,12.4675,46.1987,78.2961,2110.4398,2096.5262,96.1223,1.2918,15.0827,Normal,0,,0.0,None,0,No Action Required
2026-05-01 13:00:00,WELL-003,drilling,1412.3997,99.691,124.4092,12.3752,47.8864,78.252,2111.6347,2100.5378,96.1221,1.294,14.7308,Normal,0,,0.0,None,0,No Action Required
2026-05-01 13:01:00,WELL-003,drilling,1413.2034,99.9897,124.2728,12.5127,48.4084,77.8782,2108.2731,2113.422,96.1896,1.2882,14.2272,Normal,0,,0.0,None,0,No Action Required
2026-05-01 13:02:00,WELL-003,drilling,1414.0762,101.9634,123.1185,12.2896,51.0356,77.7059,2090.4625,2155.601,96.1916,1.2932,15.4557,Normal,0,,0.0,None,0,No Action Required
2026-05-01 13:03:00,WELL-003,drilling,1414.8917,100.9171,125.0067,12.1542,49.912,77.3464,2100.5928,2100.1716,96.1462,1.2892,15.6026,Normal,0,,0.0,None,0,No Action Required
2026-05-01 13:04:00,WELL-003,drilling,1415.6944,97.9122,124.2866,12.0477,48.7156,78.3275,2106.5939,2098.7539,96.17,1.2942,19.5531,Normal,0,,0.0,None,0,No Action Required
2026-05-01 13:05:00,WELL-003,drilling,1416.4793,93.9704,123.9125,11.6355,47.656,77.3438,2099.4737,2095.4865,96.2594,1.2909,19.568,Normal,0,,0.0,None,0,No Action Required
2026-05-01 13:06:00,WELL-003,drilling,1417.2458,91.7174,125.1845,11.435,45.6561,77.6192,2102.6684,2172.8057,96.2855,1.291,19.1459,Normal,0,,0.0,None,0,No Action Required
2026-05-01 13:07:00,WELL-003,drilling,1418.0057,89.5313,124.3374,11.3794,45.2164,77.5578,2090.2974,2116.8523,96.2422,1.2883,13.7332,Normal,0,,0.0,None,0,No Action Required
2026-05-01 13:08:00,WELL-003,drilling,1418.8553,97.4871,123.4482,11.7961,49.0752,76.9968,2087.0552,2136.0675,96.2586,1.2892,12.9954,Normal,0,,0.0,None,0,No Action Required
2026-05-01 13:09:00,WELL-003,drilling,1419.559,95.1613,124.5239,11.2,46.1975,76.7029,2100.2274,2105.702,96.2397,1.2914,13.4475,Normal,0,,0.0,None,0,No Action Required
2026-05-01 13:10:00,WELL-003,drilling,1420.3946,96.1084,125.1848,11.2663,46.614,76.4253,2118.919,2078.7918,96.3211,1.2897,13.4629,Normal,0,,0.0,None,0,No Action Required
2026-05-01 13:11:00,WELL-003,drilling,1421.1674,93.2918,124.1,11.2315,45.5492,76.8734,2091.3438,2067.7249,96.3249,1.2871,14.5333,Normal,0,,0.0,None,0,No Action Required
2026-05-01 13:12:00,WELL-003,drilling,1421.8831,95.2142,124.1682,11.1658,44.0551,77.1691,2095.8232,2093.4092,96.3671,1.2939,14.6025,Normal,0,,0.0,None,0,No Action Required
2026-05-01 13:13:00,WELL-003,drilling,1422.6044,93.2631,123.93,11.1328,43.4428,76.9949,2099.2983,2132.3262,96.415,1.2914,14.1528,Normal,0,,0.0,None,0,No Action Required
2026-05-01 13:14:00,WELL-003,drilling,1423.3168,92.9533,124.0827,11.12,42.2017,77.1091,2080.7161,2096.3186,96.3973,1.2895,14.5445,Normal,0,,0.0,None,0,No Action Required
2026-05-01 13:15:00,WELL-003,drilling,1424.0349,92.4422,123.4261,11.2872,42.5832,76.5435,2098.515,2099.3351,96.4103,1.2928,13.3286,Normal,0,,0.0,None,0,No Action Required
2026-05-01 13:16:00,WELL-003,drilling,1424.7473,94.5212,124.6929,11.6303,44.2897,78.4939,2110.5467,2125.7176,96.4588,1.2912,13.1849,Normal,0,,0.0,None,0,No Action Required
2026-05-01 13:17:00,WELL-003,drilling,1425.5902,103.9359,122.5405,12.2076,50.8216,77.7827,2103.9203,2083.7886,96.4222,1.2885,13.6675,Normal,0,,0.0,None,0,No Action Required
2026-05-01 13:18:00,WELL-003,drilling,1426.4737,104.6886,124.2727,12.8146,50.9457,77.9358,2108.3672,2151.5078,96.5019,1.2896,14.631,Normal,0,,0.0,None,0,No Action Required
2026-05-01 13:19:00,WELL-003,drilling,1427.3713,106.6032,124.0222,12.6894,52.6306,78.2923,2107.3649,2158.2053,96.4223,1.2869,14.2745,Normal,0,,0.0,None,0,No Action Required
2026-05-01 13:20:00,WELL-003,drilling,1428.1668,103.8328,123.1648,13.0273,49.3053,78.5662,2097.118,2165.187,96.5072,1.2916,13.5177,Normal,0,,0.0,None,0,No Action Required
2026-05-01 13:21:00,WELL-003,drilling,1428.9574,102.1408,124.4507,12.679,48.3339,78.6629,2122.8937,2129.7697,96.5274,1.2903,13.6963,Normal,0,,0.0,None,0,No Action Required
2026-05-01 13:22:00,WELL-003,drilling,1429.8081,105.3773,125.3036,12.6333,50.9686,78.0992,2108.6026,2160.1393,96.5539,1.2883,13.6059,Normal,0,,0.0,None,0,No Action Required
2026-05-01 13:23:00,WELL-003,drilling,1430.6557,102.9373,123.3877,12.7161,50.0228,77.0779,2094.6449,2111.4727,96.578,1.2912,13.1304,Normal,0,,0.0,None,0,No Action Required
2026-05-01 13:24:00,WELL-003,drilling,1431.5726,110.4125,124.3234,12.7769,54.3959,77.6522,2116.8562,2117.7614,96.5832,1.2906,12.5976,Normal,0,,0.0,None,0,No Action Required
2026-05-01 13:25:00,WELL-003,drilling,1432.4217,108.3124,123.5606,12.7493,50.0246,77.0983,2111.4824,2111.2636,96.6004,1.2932,14.0358,Normal,0,,0.0,None,0,No Action Required
2026-05-01 13:26:00,WELL-003,drilling,1433.2779,106.7516,125.1686,12.5695,51.0451,77.2675,2104.8982,2102.1343,96.63,1.2866,13.7903,Normal,0,,0.0,None,0,No Action Required
2026-05-01 13:27:00,WELL-003,connection,1433.2597,0.0,0.0,0.0,0.0,35.8208,847.2255,1385.587,97.19,1.2873,14.4633,Normal,0,,0.0,None,0,No Action Required
2026-05-01 13:28:00,WELL-003,connection,1433.2522,0.0,0.0,0.0,0.0301,12.6459,0.0,615.0727,97.8272,1.2897,14.993,Normal,0,,0.0,None,0,No Action Required
2026-05-01 13:29:00,WELL-003,connection,1433.2464,0.3973,0.8022,0.0,0.0,4.2888,0.0,261.6394,98.1207,1.2895,14.1462,Normal,0,,0.0,None,0,No Action Required
2026-05-01 13:30:00,WELL-003,connection,1433.3048,0.0,0.0,0.0998,0.1651,0.9389,0.0,114.2694,98.2436,1.2942,14.2947,Normal,0,,0.0,None,0,No Action Required
2026-05-01 13:31:00,WELL-003,connection,1433.2699,0.3481,0.5156,0.0,0.0,0.0252,0.0,50.8709,98.3289,1.2931,14.1426,Normal,0,,0.0,None,0,No Action Required
2026-05-01 13:32:00,WELL-003,connection,1433.226,0.0,0.0,0.1826,0.0,14.759,1051.7185,614.0919,97.8538,1.2894,14.4288,Normal,0,,0.0,None,0,No Action Required
2026-05-01 13:33:00,WELL-003,drilling,1433.5472,34.2657,44.3729,6.4791,14.7454,58.1861,2111.524,1480.5715,97.2711,1.29,14.2913,Normal,0,,0.0,None,0,No Action Required
2026-05-01 13:34:00,WELL-003,drilling,1434.0699,71.671,88.5429,9.2372,34.2984,72.5794,2107.1411,1849.4993,96.9719,1.2925,14.3577,Normal,0,,0.0,None,0,No Action Required
2026-05-01 13:35:00,WELL-003,drilling,1435.031,106.5349,133.7558,12.2077,56.5301,77.1644,2081.5811,2019.246,96.8287,1.2932,13.8092,Normal,0,,0.0,None,0,No Action Required
2026-05-01 13:36:00,WELL-003,drilling,1435.9497,105.1065,132.5132,12.3607,57.0932,78.1867,2115.74,2097.9898,96.8899,1.2888,13.4566,Normal,0,,0.0,None,0,No Action Required
2026-05-01 13:37:00,WELL-003,drilling,1436.8654,103.0036,132.5519,11.9248,55.9803,78.9613,2128.1728,2088.5626,96.8292,1.2894,14.8167,Normal,0,,0.0,None,0,No Action Required
2026-05-01 13:38:00,WELL-003,drilling,1437.851,100.7602,134.2546,11.8047,57.2006,78.8971,2107.3258,2127.0888,96.7992,1.2899,16.7408,Normal,0,,0.0,None,0,No Action Required
2026-05-01 13:39:00,WELL-003,drilling,1438.7353,102.6722,133.4265,11.8223,53.0658,77.9953,2113.6003,2084.3274,96.8035,1.2923,15.305,Normal,0,,0.0,None,0,No Action Required
2026-05-01 13:40:00,WELL-003,drilling,1439.6185,101.411,133.3267,11.2827,54.6966,78.1181,2090.063,2127.7051,96.8561,1.2895,14.7212,Normal,0,,0.0,None,0,No Action Required
2026-05-01 13:41:00,WELL-003,drilling,1440.5849,106.141,133.3616,12.0356,54.2383,78.7117,2105.9279,2098.8668,96.798,1.2891,12.2856,Normal,0,,0.0,None,0,No Action Required
2026-05-01 13:42:00,WELL-003,drilling,1441.4904,109.8725,133.0439,12.3184,55.6707,78.666,2096.7891,2073.9164,96.9235,1.2892,11.7945,Normal,0,,0.0,None,0,No Action Required
2026-05-01 13:43:00,WELL-003,drilling,1442.4223,109.2323,133.6013,12.0187,56.4049,78.4706,2094.2275,2109.8421,96.9471,1.2897,11.7224,Normal,0,,0.0,None,0,No Action Required
2026-05-01 13:44:00,WELL-003,drilling,1443.4128,110.959,131.6203,11.8772,58.8277,78.4958,2106.8395,2177.0594,96.9358,1.2911,21.5976,Normal,0,,0.0,None,0,No Action Required
2026-05-01 13:45:00,WELL-003,drilling,1444.3084,110.9536,134.078,12.3173,55.4167,78.5086,2109.0934,2141.3993,96.9352,1.2876,23.0206,Normal,0,,0.0,None,0,No Action Required
2026-05-01 13:46:00,WELL-003,drilling,1445.2587,105.6861,133.6049,12.4443,56.321,78.48,2121.8891,2159.1914,96.9769,1.2911,22.8505,Normal,0,,0.0,None,0,No Action Required
2026-05-01 13:47:00,WELL-003,drilling,1446.1892,106.905,134.0564,12.0347,57.5121,79.2277,2109.1938,2118.9104,96.9353,1.29,23.6139,Normal,0,,0.0,None,0,No Action Required
2026-05-01 13:48:00,WELL-003,drilling,1447.1048,103.3933,132.7751,11.3434,53.7049,77.8384,2119.5302,2136.6397,96.9916,1.2878,23.1714,Normal,0,,0.0,None,0,No Action Required
2026-05-01 13:49:00,WELL-003,drilling,1448.0119,105.8605,134.154,11.5826,55.5203,79.0993,2107.592,2086.079,96.9764,1.2873,13.0095,Normal,0,,0.0,None,0,No Action Required
2026-05-01 13:50:00,WELL-003,drilling,1449.0191,109.2511,132.4378,12.0172,56.8625,78.9787,2097.6051,2136.2674,97.0364,1.2903,13.432,Normal,0,,0.0,None,0,No Action Required
2026-05-01 13:51:00,WELL-003,drilling,1449.9036,112.0716,134.7995,12.0994,54.9712,79.5845,2110.2278,2097.7441,97.072,1.2923,14.4743,Normal,0,,0.0,None,0,No Action Required
2026-05-01 13:52:00,WELL-003,drilling,1450.8533,114.2591,132.7504,12.7023,55.8997,79.3927,2090.7001,2175.1262,97.0996,1.2958,13.2508,Normal,0,,0.0,None,0,No Action Required
2026-05-01 13:53:00,WELL-003,drilling,1451.7728,115.8252,134.2204,12.9046,53.5844,78.9455,2094.409,2139.1004,97.0746,1.2907,14.5493,Normal,0,,0.0,None,0,No Action Required
2026-05-01 13:54:00,WELL-003,drilling,1452.6728,113.183,134.0055,12.5191,54.9672,78.7,2096.4034,2109.108,97.1414,1.2892,13.9875,Normal,0,,0.0,None,0,No Action Required
2026-05-01 13:55:00,WELL-003,drilling,1453.6173,114.0722,134.6154,12.316,55.9324,78.721,2096.6573,2105.5954,97.1319,1.2905,15.6205,Normal,0,,0.0,None,0,No Action Required
2026-05-01 13:56:00,WELL-003,drilling,1454.5328,115.1755,132.6859,12.3806,55.7111,78.5592,2103.3211,2133.7477,97.197,1.2892,14.6954,Normal,0,,0.0,None,0,No Action Required
2026-05-01 13:57:00,WELL-003,drilling,1455.4426,112.2361,134.0518,12.2536,55.8305,78.0424,2103.6315,2123.8823,97.1615,1.2869,13.8212,Normal,0,,0.0,None,0,No Action Required
2026-05-01 13:58:00,WELL-003,drilling,1456.4018,113.1097,132.9102,12.2811,56.6539,78.568,2094.3631,2100.791,97.1811,1.2876,13.1587,Normal,0,,0.0,None,0,No Action Required
2026-05-01 13:59:00,WELL-003,drilling,1457.2942,110.8106,132.9883,12.4231,52.291,79.0742,2112.861,2137.6688,97.2716,1.29,14.6716,Normal,0,,0.0,None,0,No Action Required
2026-05-01 14:00:00,WELL-003,drilling,1458.1817,112.8438,134.8132,12.7406,52.8136,78.3762,2113.1493,2182.8412,97.198,1.2921,12.9154,Normal,0,,0.0,None,0,No Action Required
2026-05-01 14:01:00,WELL-003,drilling,1459.0333,110.8873,133.4992,12.626,53.4035,79.0526,2094.5206,2109.4362,97.2615,1.2884,12.3936,Normal,0,,0.0,None,0,No Action Required
2026-05-01 14:02:00,WELL-003,drilling,1460.0505,113.6533,133.1509,12.4569,59.8548,79.1209,2093.2103,2116.2231,97.3014,1.2907,14.1653,Normal,0,,0.0,None,0,No Action Required
2026-05-01 14:03:00,WELL-003,drilling,1461.0907,109.7877,134.3813,12.6518,60.5107,79.5135,2106.5065,2183.9308,97.2848,1.286,14.7193,Normal,0,,0.0,None,0,No Action Required
2026-05-01 14:04:00,WELL-003,drilling,1462.0756,108.7336,133.2642,12.6298,60.693,79.0057,2121.3628,2114.2321,97.2713,1.29,14.0708,Normal,0,,0.0,None,0,No Action Required
2026-05-01 14:05:00,WELL-003,connection,1462.0578,0.0,0.7331,0.0427,0.1563,36.6398,848.8587,1380.9748,97.8549,1.2981,12.9594,Normal,0,,0.0,None,0,No Action Required
2026-05-01 14:06:00,WELL-003,connection,1462.0732,0.0,0.0,0.0631,0.1771,11.8196,0.0,610.0002,98.5146,1.2986,11.3555,Normal,0,,0.0,None,0,No Action Required
2026-05-01 14:07:00,WELL-003,connection,1462.0545,0.2455,0.0,0.0,0.247,4.3478,0.0,269.9998,98.7745,1.3001,11.4764,Normal,0,,0.0,None,0,No Action Required
2026-05-01 14:08:00,WELL-003,connection,1462.0636,0.0,0.6433,0.0329,0.2559,1.4071,0.0,115.3153,98.9119,1.3005,12.1751,Normal,0,,0.0,None,0,No Action Required
2026-05-01 14:09:00,WELL-003,connection,1462.0296,0.7001,0.6155,0.0555,0.0,0.0,0.0,51.897,98.9519,1.2971,11.4817,Normal,0,,0.0,None,0,No Action Required
2026-05-01 14:10:00,WELL-003,connection,1462.0557,0.0,1.0259,0.1342,0.2622,0.6378,0.0,22.3541,99.0264,1.2932,11.6119,Normal,0,,0.0,None,0,No Action Required
2026-05-01 14:11:00,WELL-003,connection,1462.0772,2.0309,0.0,0.0557,0.6995,0.3327,0.0,9.617,98.987,1.3004,10.3716,Normal,0,,0.0,None,0,No Action Required
2026-05-01 14:12:00,WELL-003,connection,1462.049,0.41,0.0997,0.1343,0.46,16.0116,1051.0402,623.3123,98.6177,1.2969,11.586,Normal,0,,0.0,None,0,No Action Required
2026-05-01 14:13:00,WELL-003,drilling,1462.3768,38.9392,40.7875,7.6329,17.3113,58.5241,2109.761,1474.578,97.8746,1.2982,11.5823,Normal,0,,0.0,None,0,No Action Required
2026-05-01 14:14:00,WELL-003,drilling,1463.0008,81.6735,85.4842,10.5789,39.2999,72.2148,2128.1569,1838.6199,97.6373,1.3023,13.8745,Normal,0,,0.0,None,0,No Action Required
2026-05-01 14:15:00,WELL-003,drilling,1464.0393,122.9542,126.8796,14.0426,60.9969,76.9457,2108.3876,2015.3971,97.6286,1.2974,14.1771,Normal,0,,0.0,None,0,No Action Required
2026-05-01 14:16:00,WELL-003,drilling,1465.0866,121.4036,126.2422,13.9672,59.9016,78.7552,2108.2833,2044.5158,97.5159,1.2987,13.6943,Normal,0,,0.0,None,0,No Action Required
2026-05-01 14:17:00,WELL-003,drilling,1466.0559,115.2689,126.1921,12.9178,59.149,79.3345,2105.813,2142.3811,97.5258,1.3016,12.1289,Normal,0,,0.0,None,0,No Action Required
2026-05-01 14:18:00,WELL-003,drilling,1467.0767,118.7528,127.5126,13.4293,61.6962,79.5382,2107.1003,2122.5116,97.4542,1.3032,12.1905,Normal,0,,0.0,None,0,No Action Required
2026-05-01 14:19:00,WELL-003,drilling,1468.0425,115.5593,126.7772,13.2834,57.4935,80.2724,2102.8757,2133.5191,97.5432,1.3002,12.4554,Normal,0,,0.0,None,0,No Action Required
2026-05-01 14:20:00,WELL-003,drilling,1468.9277,111.5598,125.3241,13.7399,52.9591,80.0893,2092.3755,2132.7908,97.595,1.3016,12.9102,Normal,0,,0.0,None,0,No Action Required
2026-05-01 14:21:00,WELL-003,drilling,1469.7721,108.6403,127.0691,13.0979,52.7689,79.3343,2093.1695,2089.3392,97.5677,1.2983,14.1599,Normal,0,,0.0,None,0,No Action Required
2026-05-01 14:22:00,WELL-003,drilling,1470.6888,103.572,125.9991,12.5984,50.9109,79.1799,2105.2542,2122.0113,97.5242,1.2989,23.8778,Normal,0,,0.0,None,0,No Action Required
2026-05-01 14:23:00,WELL-003,drilling,1471.5483,106.4035,126.7162,13.041,52.9126,78.8729,2095.253,2154.2318,97.581,1.2994,23.9204,Normal,0,,0.0,None,0,No Action Required
2026-05-01 14:24:00,WELL-003,drilling,1472.4562,105.7178,128.2273,12.5384,54.0188,78.8945,2090.5494,2122.1085,97.6047,1.2984,24.6813,Normal,0,,0.0,None,0,No Action Required
2026-05-01 14:25:00,WELL-003,drilling,1473.2941,103.5098,127.1076,12.5116,52.5019,79.2432,2108.3535,2130.5308,97.6106,1.2988,24.7298,Normal,0,,0.0,None,0,No Action Required
2026-05-01 14:26:00,WELL-003,drilling,1474.1608,100.8821,126.3635,12.0556,50.9398,79.5035,2071.1283,2126.8926,97.6307,1.3012,25.0824,Normal,0,,0.0,None,0,No Action Required
2026-05-01 14:27:00,WELL-003,drilling,1475.0127,104.0181,126.8483,12.2236,50.5162,79.4039,2088.2672,2100.395,97.656,1.3014,24.9128,Normal,0,,0.0,None,0,No Action Required
2026-05-01 14:28:00,WELL-003,drilling,1475.892,102.7443,127.2912,12.2987,52.3099,79.9767,2094.2434,2097.4026,97.6361,1.3012,26.5325,Normal,0,,0.0,None,0,No Action Required
2026-05-01 14:29:00,WELL-003,drilling,1476.8361,108.148,126.2288,13.0691,56.6529,79.6313,2092.4091,2100.0914,97.7088,1.3004,16.3239,Normal,0,,0.0,None,0,No Action Required
2026-05-01 14:30:00,WELL-003,drilling,1477.8166,106.7417,127.3751,12.7127,59.0742,79.3577,2094.4878,2117.5184,97.6775,1.301,15.8216,Normal,0,,0.0,None,0,No Action Required
2026-05-01 14:31:00,WELL-003,drilling,1478.8154,104.8389,126.5608,12.6935,57.5435,80.0855,2092.3672,2101.672,97.7418,1.2975,16.523,Normal,0,,0.0,None,0,No Action Required
2026-05-01 14:32:00,WELL-003,drilling,1479.7422,103.1883,127.2107,11.897,55.9467,79.2482,2107.6638,2165.6589,97.7233,1.3004,16.5922,Normal,0,,0.0,None,0,No Action Required
2026-05-01 14:33:00,WELL-003,drilling,1480.6815,104.9633,126.8239,12.1534,57.6557,78.8919,2104.0732,2093.606,97.765,1.3001,16.5228,Normal,0,,0.0,None,0,No Action Required
2026-05-01 14:34:00,WELL-003,drilling,1481.539,101.723,127.0065,11.7239,54.2447,79.8268,2082.5825,2117.4822,97.7471,1.2946,16.5253,Normal,0,,0.0,None,0,No Action Required
2026-05-01 14:35:00,WELL-003,drilling,1482.5474,107.339,126.7129,12.0499,58.3447,79.2414,2100.9032,2129.8345,97.7753,1.3007,16.8133,Normal,0,,0.0,None,0,No Action Required
2026-05-01 14:36:00,WELL-003,drilling,1483.4973,106.3004,125.703,11.8042,57.2638,79.8026,2102.935,2153.7719,97.7827,1.2987,16.1916,Normal,0,,0.0,None,0,No Action Required
2026-05-01 14:37:00,WELL-003,drilling,1484.4672,104.7976,127.3811,11.9725,57.2178,79.6533,2096.8518,2137.8732,97.7903,1.3031,17.3001,Normal,0,,0.0,None,0,No Action Required
2026-05-01 14:38:00,WELL-003,drilling,1485.372,105.8635,127.8468,12.0719,55.731,79.4555,2085.8983,2110.3765,97.8252,1.3004,16.256,Normal,0,,0.0,None,0,No Action Required
2026-05-01 14:39:00,WELL-003,drilling,1486.2946,104.4612,125.6218,11.869,55.5672,78.9139,2091.8179,2111.9344,97.8065,1.3001,15.1752,Normal,0,,0.0,None,0,No Action Required
2026-05-01 14:40:00,WELL-003,drilling,1487.2098,103.9173,126.7106,11.9604,56.1193,79.3084,2086.7495,2103.1279,97.873,1.2997,16.32,Normal,0,,0.0,None,0,No Action Required
2026-05-01 14:41:00,WELL-003,drilling,1488.1923,104.966,127.4804,12.1794,56.2693,79.5466,2089.1248,2132.1864,97.8549,1.2983,16.3986,Normal,0,,0.0,None,0,No Action Required
2026-05-01 14:42:00,WELL-003,drilling,1489.1218,107.2164,127.391,12.1703,55.7059,79.4891,2080.6774,2148.1694,97.8145,1.3005,16.6145,Normal,0,,0.0,None,0,No Action Required
2026-05-01 14:43:00,WELL-003,drilling,1490.0238,105.3696,126.1197,12.3394,54.4678,79.9084,2097.4293,2128.3822,97.8599,1.2946,16.7545,Normal,0,,0.0,None,0,No Action Required
2026-05-01 14:44:00,WELL-003,drilling,1490.899,103.0591,126.946,12.4352,53.6735,80.2619,2095.5281,2113.0162,97.8925,1.3004,16.1331,Normal,0,,0.0,None,0,No Action Required
2026-05-01 14:45:00,WELL-003,connection,1490.9169,0.985,0.6916,0.0,0.2149,36.1966,840.6733,1388.4677,98.4485,1.2968,15.3892,Normal,0,,0.0,None,0,No Action Required
2026-05-01 14:46:00,WELL-003,connection,1490.8877,0.0042,0.0,0.1261,0.0,12.1135,0.0,607.4153,99.0944,1.2987,15.4966,Normal,0,,0.0,None,0,No Action Required
2026-05-01 14:47:00,WELL-003,connection,1490.9254,1.2795,0.0,0.0838,0.602,3.7827,0.0,266.9064,99.3797,1.3005,14.8404,Normal,0,,0.0,None,0,No Action Required
2026-05-01 14:48:00,WELL-003,connection,1490.9281,0.0,0.0,0.0,0.0674,1.5396,0.0,115.0377,99.5322,1.2976,13.3874,Normal,0,,0.0,None,0,No Action Required
2026-05-01 14:49:00,WELL-003,connection,1490.9082,0.2093,0.0,0.0252,0.4939,15.7239,1060.7561,660.4256,99.1044,1.2993,14.4734,Normal,0,,0.0,None,0,No Action Required
2026-05-01 14:50:00,WELL-003,drilling,1491.1661,36.0238,42.4693,7.347,14.2364,58.9044,2115.3019,1450.1883,98.4447,1.298,14.2615,Normal,0,,0.0,None,0,No Action Required
2026-05-01 14:51:00,WELL-003,drilling,1491.6902,72.368,83.4451,9.6564,31.7962,73.8378,2099.9699,1833.816,98.2661,1.2993,13.3561,Normal,0,,0.0,None,0,No Action Required
2026-05-01 14:52:00,WELL-003,drilling,1492.5816,107.7677,124.0373,12.1029,55.6314,78.8878,2104.9265,1978.6118,98.0554,1.3015,13.3862,Normal,0,,0.0,None,0,No Action Required
2026-05-01 14:53:00,WELL-003,drilling,1493.4465,105.5655,124.2289,11.9253,51.2355,80.0716,2104.1046,2084.7394,98.0316,1.3038,13.3011,Normal,0,,0.0,None,0,No Action Required
2026-05-01 14:54:00,WELL-003,drilling,1494.3322,108.6688,124.2581,12.3663,51.2017,81.4696,2124.3438,2138.8629,98.0778,1.2979,13.749,Normal,0,,0.0,None,0,No Action Required
2026-05-01 14:55:00,WELL-003,drilling,1495.1544,106.894,125.3667,12.081,52.3476,80.2966,2107.5489,2121.3728,98.0957,1.299,13.081,Normal,0,,0.0,None,0,No Action Required
2026-05-01 14:56:00,WELL-003,drilling,1496.0731,99.7476,123.4971,11.7874,52.1781,80.658,2116.986,2145.2753,98.1144,1.2974,12.6174,Normal,0,,0.0,None,0,No Action Required
2026-05-01 14:57:00,WELL-003,drilling,1496.8902,101.2455,124.2768,11.8233,50.7212,80.9956,2117.1053,2109.2832,98.0622,1.3004,13.1715,Normal,0,,0.0,None,0,No Action Required
2026-05-01 14:58:00,WELL-003,drilling,1497.7524,102.9456,124.6904,12.0702,51.2765,80.6118,2116.5132,2104.679,98.101,1.2999,13.6695,Normal,0,,0.0,None,0,No Action Required
2026-05-01 14:59:00,WELL-003,drilling,1498.5981,105.1591,124.646,12.2427,50.4724,81.0372,2116.6304,2136.3973,98.0952,1.2992,13.2439,Normal,0,,0.0,None,0,No Action Required
2026-05-01 15:00:00,WELL-003,drilling,1499.4913,108.3163,124.5711,12.4299,53.1126,81.5594,2101.6,2112.1602,98.1374,1.3008,14.3926,Normal,0,,0.0,None,0,No Action Required
2026-05-01 15:01:00,WELL-003,drilling,1500.3382,108.2047,124.163,12.6618,52.2945,81.5314,2118.0441,2128.4666,98.1333,1.3021,13.397,Normal,0,,0.0,None,0,No Action Required
2026-05-01 15:02:00,WELL-003,drilling,1501.293,112.0054,123.4475,13.0794,54.0135,81.4496,2123.6559,2117.954,98.1419,1.296,32.3273,Normal,0,,0.0,None,0,No Action Required
2026-05-01 15:03:00,WELL-003,drilling,1502.1769,112.2262,125.2172,13.1299,54.012,80.7986,2112.5886,2162.079,98.148,1.2999,32.8169,Normal,0,,0.0,None,0,No Action Required
2026-05-01 15:04:00,WELL-003,drilling,1503.0525,109.7528,124.4943,12.8507,52.1606,81.9369,2135.5702,2156.6438,98.1848,1.3008,33.1854,Normal,0,,0.0,None,0,No Action Required
2026-05-01 15:05:00,WELL-003,drilling,1503.8545,110.3861,123.1129,12.7415,50.2436,81.9268,2103.7806,2132.6434,98.2188,1.2994,34.1934,Normal,0,,0.0,None,0,No Action Required
2026-05-01 15:06:00,WELL-003,drilling,1504.7124,112.9171,125.5212,13.0312,49.6411,82.1299,2107.8091,2124.9278,98.2479,1.3014,14.5772,Normal,0,,0.0,None,0,No Action Required
2026-05-01 15:07:00,WELL-003,drilling,1505.6002,111.7376,125.2485,12.5968,52.7322,81.8219,2115.1178,2131.3589,98.2681,1.3016,13.8238,Normal,0,,0.0,None,0,No Action Required
2026-05-01 15:08:00,WELL-003,drilling,1506.4768,118.2866,124.688,13.0301,53.5516,81.4929,2115.2194,2119.2814,98.2449,1.3019,14.7775,Normal,0,,0.0,None,0,No Action Required
2026-05-01 15:09:00,WELL-003,drilling,1507.3976,117.7235,124.6608,12.7892,52.9503,81.7941,2114.5005,2153.6185,98.2609,1.3011,14.9241,Normal,0,,0.0,None,0,No Action Required
2026-05-01 15:10:00,WELL-003,drilling,1508.2618,118.0277,125.1723,12.5995,54.0292,81.2067,2103.6795,2163.7312,98.2775,1.2967,14.5696,Normal,0,,0.0,None,0,No Action Required
2026-05-01 15:11:00,WELL-003,drilling,1509.1842,118.2635,123.9615,12.3883,56.007,81.1043,2109.6729,2139.7468,98.2691,1.2996,13.9067,Normal,0,,0.0,None,0,No Action Required
2026-05-01 15:12:00,WELL-003,drilling,1510.0955,120.0679,124.9578,12.3871,53.7774,82.5039,2107.8061,2156.2933,98.2684,1.2964,11.7697,Normal,0,,0.0,None,0,No Action Required
2026-05-01 15:13:00,WELL-003,drilling,1510.9785,114.3661,125.5947,12.1452,54.1621,81.4906,2101.7409,2165.1193,98.2789,1.3006,11.8692,Normal,0,,0.0,None,0,No Action Required
2026-05-01 15:14:00,WELL-003,drilling,1511.8762,115.529,124.1518,12.2774,52.5377,81.4116,2109.6537,2118.3995,98.3268,1.2981,11.502,Normal,0,,0.0,None,0,No Action Required
2026-05-01 15:15:00,WELL-003,drilling,1512.7667,109.7619,124.519,12.3615,52.7817,81.2703,2100.2693,2121.0116,98.3475,1.3005,11.3188,Normal,0,,0.0,None,0,No Action Required
2026-05-01 15:16:00,WELL-003,drilling,1513.6277,107.659,124.6546,12.0272,54.2316,80.6393,2102.1961,2158.1053,98.3245,1.3005,11.3522,Normal,0,,0.0,None,0,No Action Required
2026-05-01 15:17:00,WELL-003,drilling,1514.6174,106.6933,124.2431,11.8183,56.3186,81.1664,2100.868,2204.5365,98.3745,1.2998,10.6275,Normal,0,,0.0,None,0,No Action Required
2026-05-01 15:18:00,WELL-003,drilling,1515.5502,105.9558,125.3713,11.9572,57.0936,80.7272,2099.8346,2127.8399,98.4396,1.2973,11.5481,Normal,0,,0.0,None,0,No Action Required
2026-05-01 15:19:00,WELL-003,drilling,1516.473,108.8254,125.2724,12.0046,56.2023,80.9522,2108.6303,2146.1034,98.4932,1.2995,11.495,Normal,0,,0.0,None,0,No Action Required
2026-05-01 15:20:00,WELL-003,drilling,1517.4185,105.7559,124.5753,12.5502,57.8552,81.518,2105.8128,2112.0913,98.4825,1.2975,10.6165,Normal,0,,0.0,None,0,No Action Required
2026-05-01 15:21:00,WELL-003,drilling,1518.354,105.4231,124.5919,12.3645,55.593,81.6657,2108.0611,2122.2126,98.4221,1.3014,10.6781,Normal,0,,0.0,None,0,No Action Required
2026-05-01 15:22:00,WELL-003,drilling,1519.251,103.0666,125.5773,11.8928,54.0417,81.1346,2103.3898,2124.9207,98.4815,1.3004,9.5557,Normal,0,,0.0,None,0,No Action Required
2026-05-01 15:23:00,WELL-003,connection,1519.2355,0.0491,0.5634,0.12,0.0,37.3351,840.1909,1381.1858,99.0142,1.3085,10.7378,Normal,0,,0.0,None,0,No Action Required
2026-05-01 15:24:00,WELL-003,connection,1519.2652,0.0,0.2199,0.0011,0.1043,13.0976,0.0,611.7759,99.5737,1.3084,10.4252,Normal,0,,0.0,None,0,No Action Required
2026-05-01 15:25:00,WELL-003,connection,1519.2583,0.0,0.0,0.0331,0.7958,3.9068,0.0,263.0353,99.8841,1.3127,10.8006,Normal,0,,0.0,None,0,No Action Required
2026-05-01 15:26:00,WELL-003,connection,1519.2795,0.3739,0.0,0.0,0.4427,0.9879,0.0,116.2268,100.086,1.3106,10.8703,Normal,0,,0.0,None,0,No Action Required
2026-05-01 15:27:00,WELL-003,connection,1519.2407,0.05,0.0,0.0,0.0,0.2764,0.0,51.5776,100.0878,1.309,12.0698,Normal,0,,0.0,None,0,No Action Required
2026-05-01 15:28:00,WELL-003,connection,1519.2965,1.4047,0.0,0.0,0.0,0.0,0.0,22.5291,100.1275,1.3067,12.4047,Normal,0,,0.0,None,0,No Action Required
2026-05-01 15:29:00,WELL-003,connection,1519.2481,0.0,0.5184,0.0,0.0407,0.0,0.0,9.5582,100.1418,1.3112,10.9763,Normal,0,,0.0,None,0,No Action Required
2026-05-01 15:30:00,WELL-003,connection,1519.253,0.0,0.9138,0.0,0.0,16.0881,1052.1947,597.4412,99.6617,1.3119,11.9972,Normal,0,,0.0,None,0,No Action Required
2026-05-01 15:31:00,WELL-003,drilling,1519.5265,31.8208,44.4554,6.8134,14.174,60.3169,2092.3466,1466.2255,99.0514,1.3114,11.99,Normal,0,,0.0,None,0,No Action Required
2026-05-01 15:32:00,WELL-003,drilling,1520.0659,70.8397,89.9827,9.5496,34.023,74.5129,2087.9045,1815.7812,98.7686,1.3112,11.658,Normal,0,,0.0,None,0,No Action Required
2026-05-01 15:33:00,WELL-003,drilling,1520.9609,107.144,135.9216,12.0309,55.119,78.9368,2095.1546,1976.7014,98.6676,1.3125,12.271,Normal,0,,0.0,None,0,No Action Required
2026-05-01 15:34:00,WELL-003,drilling,1521.9135,108.6764,133.9634,11.9411,56.5442,80.5138,2101.0873,2068.6794,98.6346,1.3103,12.3693,Normal,0,,0.0,None,0,No Action Required
2026-05-01 15:35:00,WELL-003,drilling,1522.907,106.2667,134.8605,12.046,58.6364,80.072,2073.5966,2096.1421,98.5945,1.3097,12.5285,Normal,0,,0.0,None,0,No Action Required
2026-05-01 15:36:00,WELL-003,drilling,1523.863,101.815,134.7348,11.5521,56.8039,79.7233,2072.3649,2105.2099,98.5849,1.3089,13.2102,Normal,0,,0.0,None,0,No Action Required
2026-05-01 15:37:00,WELL-003,drilling,1524.7676,101.6503,134.2117,11.1681,54.9838,80.3163,2090.2066,2078.3418,98.5786,1.3116,13.9335,Normal,0,,0.0,None,0,No Action Required
2026-05-01 15:38:00,WELL-003,drilling,1525.6955,102.9081,135.8651,11.754,55.9473,80.952,2087.5497,2093.2737,98.6743,1.3076,13.3032,Normal,0,,0.0,None,0,No Action Required
2026-05-01 15:39:00,WELL-003,drilling,1526.6773,103.3171,134.4185,11.4034,57.3703,81.2172,2106.9731,2098.6866,98.7289,1.3107,14.0915,Normal,0,,0.0,None,0,No Action Required
2026-05-01 15:40:00,WELL-003,drilling,1527.6277,108.7329,134.2754,11.73,59.7968,80.9687,2093.4231,2113.012,98.685,1.3064,24.8286,Normal,0,,0.0,None,0,No Action Required
2026-05-01 15:41:00,WELL-003,drilling,1528.6175,110.7629,134.9626,11.9664,56.5443,81.5467,2093.4186,2105.126,98.6723,1.3093,25.1531,Normal,0,,0.0,None,0,No Action Required
2026-05-01 15:42:00,WELL-003,drilling,1529.5038,103.8318,134.0297,11.3257,53.8656,81.766,2101.6851,2125.923,98.6442,1.3066,26.3068,Normal,0,,0.0,None,0,No Action Required
2026-05-01 15:43:00,WELL-003,drilling,1530.4431,102.539,135.3375,11.034,55.1322,82.0951,2101.0671,2144.7202,98.7279,1.309,25.8493,Normal,0,,0.0,None,0,No Action Required
2026-05-01 15:44:00,WELL-003,drilling,1531.4059,101.1426,133.8504,10.835,58.7305,82.3201,2100.836,2140.2404,98.664,1.3114,25.5448,Normal,0,,0.0,None,0,No Action Required
2026-05-01 15:45:00,WELL-003,drilling,1532.3725,105.4786,134.6927,11.4343,60.712,82.6053,2100.3753,2136.1682,98.6718,1.3101,26.2809,Normal,0,,0.0,None,0,No Action Required
2026-05-01 15:46:00,WELL-003,drilling,1533.405,103.512,134.4922,11.4571,61.2179,83.0394,2112.9553,2153.3004,98.7418,1.3096,26.324,Normal,0,,0.0,None,0,No Action Required
2026-05-01 15:47:00,WELL-003,drilling,1534.3996,103.3961,133.7967,11.5394,61.4066,82.2803,2098.331,2149.0988,98.7965,1.3108,15.6381,Normal,0,,0.0,None,0,No Action Required
2026-05-01 15:48:00,WELL-003,drilling,1535.4116,104.1366,134.099,11.2756,58.1939,81.9527,2109.2652,2120.7143,98.7869,1.3102,15.6339,Normal,0,,0.0,None,0,No Action Required
2026-05-01 15:49:00,WELL-003,drilling,1536.3768,108.5092,135.7612,12.3119,57.7919,81.742,2114.91,2139.0974,98.7647,1.3078,15.5688,Normal,0,,0.0,None,0,No Action Required
2026-05-01 15:50:00,WELL-003,drilling,1537.3825,111.1123,133.7301,11.996,60.2606,82.7104,2109.6134,2114.9848,98.7448,1.3097,14.385,Normal,0,,0.0,None,0,No Action Required
2026-05-01 15:51:00,WELL-003,drilling,1538.3034,106.7771,136.0947,12.0312,56.2237,82.1594,2122.0627,2184.5566,98.8017,1.3133,14.0681,Normal,0,,0.0,None,0,No Action Required
2026-05-01 15:52:00,WELL-003,drilling,1539.3349,112.9161,135.1974,12.2507,60.8426,83.52,2104.2335,2144.7063,98.8327,1.3081,14.2021,Normal,0,,0.0,None,0,No Action Required
2026-05-01 15:53:00,WELL-003,drilling,1540.3073,114.508,134.0883,12.236,58.7576,81.8656,2120.8853,2110.5774,98.8252,1.3086,15.1733,Normal,0,,0.0,None,0,No Action Required
2026-05-01 15:54:00,WELL-003,drilling,1541.2198,110.7333,134.4382,12.7947,55.6594,82.4269,2111.8514,2140.2264,98.8055,1.3109,14.4604,Normal,0,,0.0,None,0,No Action Required
2026-05-01 15:55:00,WELL-003,drilling,1542.24,110.4292,135.3242,12.6065,58.8668,83.0156,2093.0342,2146.2155,98.8378,1.3111,14.5841,Normal,0,,0.0,None,0,No Action Required
2026-05-01 15:56:00,WELL-003,drilling,1543.1627,109.2366,135.1279,12.882,56.7855,82.3917,2103.6834,2068.1816,98.8441,1.3107,14.2374,Normal,0,,0.0,None,0,No Action Required
2026-05-01 15:57:00,WELL-003,drilling,1544.0899,103.7772,135.2774,12.504,55.3463,82.5574,2119.9571,2140.5588,98.8921,1.3079,14.2748,Normal,0,,0.0,None,0,No Action Required
2026-05-01 15:58:00,WELL-003,drilling,1544.9929,107.1036,136.3138,12.7201,55.6392,82.675,2127.5375,2127.4399,98.899,1.3086,13.9867,Normal,0,,0.0,None,0,No Action Required
2026-05-01 15:59:00,WELL-003,drilling,1545.986,107.7752,134.3097,12.6691,56.4426,82.3582,2111.1186,2162.0601,98.9041,1.3133,12.3933,Normal,0,,0.0,None,0,No Action Required
2026-05-01 16:00:00,WELL-003,drilling,1546.8584,106.3645,134.1235,12.7064,55.4261,83.7984,2115.1761,2149.6286,98.8488,1.3079,12.0895,Normal,0,,0.0,None,0,No Action Required
2026-05-01 16:01:00,WELL-003,drilling,1547.7773,102.2053,135.0178,12.5012,54.4392,82.8895,2102.3863,2136.1928,98.8724,1.3117,12.5558,Normal,0,,0.0,None,0,No Action Required
2026-05-01 16:02:00,WELL-003,connection,1547.7947,0.0,0.5987,0.0,0.0,38.7068,840.8547,1407.4778,99.5207,1.3102,13.3548,Normal,0,,0.0,None,0,No Action Required
2026-05-01 16:03:00,WELL-003,connection,1547.8211,0.0,0.0,0.0,0.7403,12.5336,0.0,624.2546,100.1045,1.3086,12.2405,Normal,0,,0.0,None,0,No Action Required
2026-05-01 16:04:00,WELL-003,connection,1547.7955,0.4306,0.0,0.0,0.0,4.3306,0.0,267.548,100.3684,1.3121,12.3253,Normal,0,,0.0,None,0,No Action Required
2026-05-01 16:05:00,WELL-003,connection,1547.8134,0.0,0.0,0.0,0.0,1.0881,0.0,116.2366,100.4747,1.3101,11.6612,Normal,0,,0.0,None,0,No Action Required
2026-05-01 16:06:00,WELL-003,connection,1547.7969,0.0,0.0,0.0,0.1441,0.4996,0.0,49.9052,100.52,1.3103,11.2369,Normal,0,,0.0,None,0,No Action Required
2026-05-01 16:07:00,WELL-003,connection,1547.8154,0.0,0.0,0.0,0.0,16.0452,1050.078,606.1702,100.0602,1.3081,12.5192,Normal,0,,0.0,None,0,No Action Required
2026-05-01 16:08:00,WELL-003,drilling,1548.0666,33.3136,42.5171,7.241,14.7446,59.9585,2106.8397,1458.3468,99.5198,1.3111,12.245,Normal,0,,0.0,None,0,No Action Required
2026-05-01 16:09:00,WELL-003,drilling,1548.6332,68.5284,86.6568,9.8506,34.8972,75.373,2096.4941,1876.9103,99.1671,1.3117,11.9727,Normal,0,,0.0,None,0,No Action Required
2026-05-01 16:10:00,WELL-003,drilling,1549.5912,102.0641,129.468,12.4388,56.8995,79.0811,2105.3916,2048.9849,99.0891,1.3113,12.7796,Normal,0,,0.0,None,0,No Action Required
2026-05-01 16:11:00,WELL-003,drilling,1550.4816,103.9718,129.6786,12.4103,55.0491,81.6605,2117.4986,2076.1118,98.995,1.3117,13.2671,Normal,0,,0.0,None,0,No Action Required
2026-05-01 16:12:00,WELL-003,drilling,1551.3911,102.9932,128.4132,12.4326,52.6382,82.0586,2098.756,2083.5927,99.0311,1.3102,12.4234,Normal,0,,0.0,None,0,No Action Required
2026-05-01 16:13:00,WELL-003,drilling,1552.335,106.7269,130.0235,12.3049,56.4889,82.41,2108.3676,2115.6565,99.0519,1.3117,13.1037,Normal,0,,0.0,None,0,No Action Required
2026-05-01 16:14:00,WELL-003,drilling,1553.2756,110.8696,130.05,12.5376,55.8586,83.1154,2117.3289,2101.9608,99.115,1.3054,11.6894,Normal,0,,0.0,None,0,No Action Required
2026-05-01 16:15:00,WELL-003,drilling,1554.2108,109.6287,129.1816,12.9836,58.0918,83.6243,2106.7586,2090.3043,99.1179,1.3077,12.1421,Normal,0,,0.0,None,0,No Action Required
2026-05-01 16:16:00,WELL-003,drilling,1555.1389,107.6528,129.8926,12.889,56.5146,83.3051,2100.3499,2121.543,99.0918,1.3103,12.3956,Normal,0,,0.0,None,0,No Action Required
2026-05-01 16:17:00,WELL-003,drilling,1556.1171,108.9937,129.4522,12.4597,56.7021,83.4983,2110.4886,2118.1645,99.0576,1.309,12.8311,Normal,0,,0.0,None,0,No Action Required
2026-05-01 16:18:00,WELL-003,drilling,1556.9818,107.7114,130.0525,12.4667,53.6414,83.8686,2103.3406,2142.2429,99.0899,1.3104,13.0923,Normal,0,,0.0,None,0,No Action Required
2026-05-01 16:19:00,WELL-003,drilling,1557.8573,108.3462,130.0922,12.2819,52.071,83.6719,2114.1807,2114.7751,99.1424,1.31,30.3934,Normal,0,,0.0,None,0,No Action Required
2026-05-01 16:20:00,WELL-003,drilling,1558.6601,105.226,130.3929,11.7104,49.1318,83.5592,2109.1638,2151.5304,99.1331,1.3103,30.3823,Normal,0,,0.0,None,0,No Action Required
2026-05-01 16:21:00,WELL-003,drilling,1559.5018,101.2612,130.5168,12.106,48.02,83.546,2090.89,2138.729,99.1189,1.3122,30.33,Normal,0,,0.0,None,0,No Action Required
2026-05-01 16:22:00,WELL-003,drilling,1560.3248,106.5966,129.7274,12.1943,51.5458,83.3959,2097.487,2101.8676,99.1469,1.3075,30.3536,Normal,0,,0.0,None,0,No Action Required
2026-05-01 16:23:00,WELL-003,drilling,1561.1674,103.0547,130.8218,12.0049,49.4747,83.525,2087.5153,2132.1464,99.2087,1.3114,30.157,Normal,0,,0.0,None,0,No Action Required
2026-05-01 16:24:00,WELL-003,drilling,1561.9217,98.9002,129.9357,12.0025,48.4189,83.3184,2100.834,2140.5707,99.1474,1.309,11.9493,Normal,0,,0.0,None,0,No Action Required
2026-05-01 16:25:00,WELL-003,drilling,1562.7425,99.6256,128.7726,12.0048,46.8499,83.9635,2096.4226,2177.5821,99.2354,1.3119,13.4241,Normal,0,,0.0,None,0,No Action Required
2026-05-01 16:26:00,WELL-003,drilling,1563.5648,97.4596,129.8278,11.3709,48.1507,83.2788,2116.093,2153.0807,99.2018,1.3098,13.4096,Normal,0,,0.0,None,0,No Action Required
2026-05-01 16:27:00,WELL-003,drilling,1564.3491,97.1548,129.6525,11.5037,48.2682,83.0882,2089.2173,2089.8747,99.2005,1.3104,13.3422,Normal,0,,0.0,None,0,No Action Required
2026-05-01 16:28:00,WELL-003,drilling,1565.1357,96.7814,129.0599,11.1078,47.0312,83.8232,2117.5455,2085.0933,99.2097,1.3095,13.5757,Normal,0,,0.0,None,0,No Action Required
2026-05-01 16:29:00,WELL-003,drilling,1565.9132,95.4695,129.6902,10.9726,45.4852,83.8647,2115.6687,2127.811,99.2762,1.3138,13.2084,Normal,0,,0.0,None,0,No Action Required
2026-05-01 16:30:00,WELL-003,drilling,1566.7865,100.9315,129.9631,11.3941,50.7525,83.4369,2124.3693,2120.7824,99.2595,1.3116,14.9725,Normal,0,,0.0,None,0,No Action Required
2026-05-01 16:31:00,WELL-003,drilling,1567.6005,101.7276,128.6594,11.3446,52.0486,83.5642,2104.741,2129.5103,99.2454,1.3062,14.133,Normal,0,,0.0,None,0,No Action Required
2026-05-01 16:32:00,WELL-003,drilling,1568.4541,101.2783,129.3981,11.4227,50.0392,83.8085,2110.2949,2118.7895,99.2608,1.309,14.2708,Normal,0,,0.0,None,0,No Action Required
2026-05-01 16:33:00,WELL-003,drilling,1569.2716,99.637,130.1067,11.0847,50.671,83.8458,2109.0092,2082.7125,99.303,1.3125,14.5362,Normal,0,,0.0,None,0,No Action Required
2026-05-01 16:34:00,WELL-003,drilling,1570.1593,101.9719,130.0445,10.9407,49.8434,83.8519,2123.4399,2131.7894,99.2844,1.3108,14.1207,Normal,0,,0.0,None,0,No Action Required
2026-05-01 16:35:00,WELL-003,drilling,1570.9538,100.9611,128.7561,11.362,47.7768,83.9624,2121.7355,2110.5133,99.3016,1.307,13.7093,Normal,0,,0.0,None,0,No Action Required
2026-05-01 16:36:00,WELL-003,drilling,1571.7824,102.6684,129.9638,11.3106,50.2186,83.6938,2116.5635,2097.3327,99.3232,1.3096,13.482,Normal,0,,0.0,None,0,No Action Required
2026-05-01 16:37:00,WELL-003,drilling,1572.6183,104.52,129.1405,11.7728,51.276,83.3915,2103.3283,2110.1118,99.2897,1.3136,15.2108,Normal,0,,0.0,None,0,No Action Required
2026-05-01 16:38:00,WELL-003,drilling,1573.5226,104.8525,129.4562,11.7209,53.2262,83.3265,2092.9018,2110.917,99.3564,1.31,14.5458,Normal,0,,0.0,None,0,No Action Required
2026-05-01 16:39:00,WELL-003,drilling,1574.4301,105.907,130.221,11.9916,53.4332,83.7274,2106.6051,2169.9347,99.3565,1.3097,15.1989,Normal,0,,0.0,None,0,No Action Required
2026-05-01 16:40:00,WELL-003,drilling,1575.3288,103.054,130.1004,11.4794,52.7313,84.3213,2110.5543,2139.3553,99.3856,1.3077,15.271,Normal,0,,0.0,None,0,No Action Required
2026-05-01 16:41:00,WELL-003,drilling,1576.1271,100.3365,129.2497,10.6516,50.2783,83.617,2099.329,2085.2698,99.3866,1.3092,15.0784,Normal,0,,0.0,None,0,No Action Required
2026-05-01 16:42:00,WELL-003,connection,1576.1413,0.0,0.0712,0.0,0.6502,39.0717,844.0432,1401.5798,99.9543,1.3189,15.8244,Normal,0,,0.0,None,0,No Action Required
2026-05-01 16:43:00,WELL-003,connection,1576.1586,0.1121,0.0,0.0,0.0482,13.4929,0.0,614.5277,100.5014,1.3192,14.0338,Normal,0,,0.0,None,0,No Action Required
2026-05-01 16:44:00,WELL-003,connection,1576.1561,0.2181,0.1658,0.0,0.0,4.9772,0.0,264.0398,100.8685,1.32,13.7852,Normal,0,,0.0,None,0,No Action Required
2026-05-01 16:45:00,WELL-003,connection,1576.1341,0.0237,0.0,0.1584,0.0092,17.7095,1051.3299,712.5761,100.5119,1.3232,14.7594,Normal,0,,0.0,None,0,No Action Required
2026-05-01 16:46:00,WELL-003,drilling,1576.3516,31.3771,42.6971,6.5319,12.6127,62.5922,2110.1115,1533.8595,99.9129,1.3251,13.9766,Normal,0,,0.0,None,0,No Action Required
2026-05-01 16:47:00,WELL-003,drilling,1576.8723,63.3444,83.8155,8.623,29.1981,77.7499,2112.1106,1828.9109,99.6488,1.32,13.7725,Normal,0,,0.0,None,0,No Action Required
2026-05-01 16:48:00,WELL-003,drilling,1577.6592,98.5892,127.0135,11.3474,49.7631,82.4534,2098.4402,2001.9387,99.4784,1.3211,14.5842,Normal,0,,0.0,None,0,No Action Required
2026-05-01 16:49:00,WELL-003,drilling,1578.4716,98.9308,127.0455,11.6565,49.5325,83.2358,2085.2598,2070.0409,99.4626,1.3215,14.3351,Normal,0,,0.0,None,0,No Action Required
2026-05-01 16:50:00,WELL-003,drilling,1579.3072,95.6146,126.0481,11.5353,49.5925,83.8912,2105.1002,2111.0955,99.4549,1.3202,14.2122,Normal,0,,0.0,None,0,No Action Required
2026-05-01 16:51:00,WELL-003,drilling,1580.1405,94.3612,127.7849,11.4102,46.9216,84.3278,2110.6972,2122.8595,99.4785,1.3204,13.7746,Normal,0,,0.0,None,0,No Action Required
2026-05-01 16:52:00,WELL-003,drilling,1580.874,93.3849,126.4285,11.3673,45.8574,84.0494,2093.4664,2150.7433,99.4603,1.3183,14.5395,Normal,0,,0.0,None,0,No Action Required
2026-05-01 16:53:00,WELL-003,drilling,1581.7094,96.7103,126.74,11.7376,49.3991,83.9375,2117.9823,2126.863,99.4918,1.3209,14.6021,Normal,0,,0.0,None,0,No Action Required
2026-05-01 16:54:00,WELL-003,drilling,1582.5137,99.6483,126.5762,11.992,48.6744,83.3961,2095.2602,2118.089,99.5294,1.3193,14.4644,Normal,0,,0.0,None,0,No Action Required
2026-05-01 16:55:00,WELL-003,drilling,1583.3694,99.7294,125.7385,11.7235,50.9221,84.5719,2104.5711,2099.9471,99.5365,1.3179,13.9704,Normal,0,,0.0,None,0,No Action Required
2026-05-01 16:56:00,WELL-003,drilling,1584.3013,102.1458,127.4926,12.0814,55.3417,83.6879,2097.4184,2114.8534,99.5003,1.3199,14.1243,Normal,0,,0.0,None,0,No Action Required
2026-05-01 16:57:00,WELL-003,drilling,1585.1628,101.9965,126.2604,12.0652,52.4187,84.2419,2119.1432,2076.8202,99.5562,1.3184,14.2233,Normal,0,,0.0,None,0,No Action Required
2026-05-01 16:58:00,WELL-003,drilling,1585.9621,102.8896,127.1018,11.5419,49.9135,84.7015,2100.7133,2166.3269,99.5645,1.3193,13.8387,Normal,0,,0.0,None,0,No Action Required
2026-05-01 16:59:00,WELL-003,drilling,1586.8491,102.1863,126.9668,11.4433,50.5077,84.4013,2098.1669,2091.6878,99.5653,1.3188,21.0225,Normal,0,,0.0,None,0,No Action Required
2026-05-01 17:00:00,WELL-003,drilling,1587.694,100.6631,127.5933,11.3776,50.2336,84.3715,2094.55,2140.062,99.5914,1.3167,21.6238,Normal,0,,0.0,None,0,No Action Required
2026-05-01 17:01:00,WELL-003,drilling,1588.5638,108.8501,125.9634,12.4958,53.805,84.1328,2096.4528,2131.5906,99.6644,1.316,19.5318,Normal,0,,0.0,None,0,No Action Required
2026-05-01 17:02:00,WELL-003,drilling,1589.4628,107.106,126.2721,12.754,54.2302,84.3751,2124.2848,2116.4521,99.5489,1.3217,13.4174,Normal,0,,0.0,None,0,No Action Required
2026-05-01 17:03:00,WELL-003,drilling,1590.3916,109.5105,126.9109,12.3359,54.011,84.7421,2101.9099,2120.3749,99.6021,1.3206,14.1951,Normal,0,,0.0,None,0,No Action Required
2026-05-01 17:04:00,WELL-003,drilling,1591.2436,106.8441,127.0615,12.1538,54.4811,84.3552,2092.4301,2145.0023,99.6108,1.3201,14.373,Normal,0,,0.0,None,0,No Action Required
2026-05-01 17:05:00,WELL-003,drilling,1592.1162,108.056,127.5624,12.089,52.5119,84.4854,2114.1797,2101.8047,99.6169,1.3191,13.0308,Normal,0,,0.0,None,0,No Action Required
2026-05-01 17:06:00,WELL-003,drilling,1593.0179,106.545,125.2457,12.4378,50.5501,84.4116,2112.0976,2084.0028,99.6768,1.322,12.8452,Normal,0,,0.0,None,0,No Action Required
2026-05-01 17:07:00,WELL-003,drilling,1593.8093,110.7224,127.1404,12.7794,52.4296,84.8591,2106.3928,2168.6397,99.6272,1.3225,12.321,Normal,0,,0.0,None,0,No Action Required
2026-05-01 17:08:00,WELL-003,drilling,1594.7246,108.0116,126.6025,12.717,54.3478,84.9946,2094.7915,2080.6803,99.6515,1.3238,11.7459,Normal,0,,0.0,None,0,No Action Required
2026-05-01 17:09:00,WELL-003,drilling,1595.6717,111.4324,127.333,12.1925,54.4082,84.3521,2107.1386,2077.391,99.7072,1.3189,12.4209,Normal,0,,0.0,None,0,No Action Required
2026-05-01 17:10:00,WELL-003,drilling,1596.6016,115.046,125.9925,12.7724,55.4949,84.6828,2102.9667,2112.7569,99.6742,1.3189,13.2088,Normal,0,,0.0,None,0,No Action Required
2026-05-01 17:11:00,WELL-003,drilling,1597.5283,111.5741,126.8666,12.4832,56.4214,84.2188,2121.2876,2086.392,99.6616,1.3204,13.541,Normal,0,,0.0,None,0,No Action Required
2026-05-01 17:12:00,WELL-003,drilling,1598.5171,112.5877,127.2773,12.7535,57.8451,85.4106,2104.1225,2132.9748,99.7414,1.319,13.7512,Normal,0,,0.0,None,0,No Action Required
2026-05-01 17:13:00,WELL-003,drilling,1599.3818,103.5047,126.4326,12.1748,53.4486,84.9084,2098.3254,2105.3411,99.7019,1.3227,14.5281,Normal,0,,0.0,None,0,No Action Required
2026-05-01 17:14:00,WELL-003,drilling,1600.1773,97.0621,127.4273,11.8141,48.2129,84.7934,2104.2232,2172.7337,99.7148,1.3199,15.5487,Normal,0,,0.0,None,0,No Action Required
2026-05-01 17:15:00,WELL-003,drilling,1601.1697,96.9071,127.0887,11.7783,58.2766,85.3403,2106.4878,2126.1641,99.7277,1.3186,15.7736,Normal,0,,0.0,None,0,No Action Required
2026-05-01 17:16:00,WELL-003,drilling,1602.1679,102.8272,125.7086,12.4065,61.006,85.5947,2094.5244,2125.2772,99.7272,1.3194,15.8802,Normal,0,,0.0,None,0,No Action Required
2026-05-01 17:17:00,WELL-003,drilling,1603.1806,104.6011,129.0351,12.315,62.3253,85.0751,2115.8161,2150.6832,99.7601,1.3176,16.1207,Normal,0,,0.0,None,0,No Action Required
2026-05-01 17:18:00,WELL-003,drilling,1604.2536,102.6266,125.9486,12.3061,63.4251,85.3218,2113.938,2152.4281,99.8082,1.3206,16.2869,Normal,0,,0.0,None,0,No Action Required
2026-05-01 17:19:00,WELL-003,connection,1604.2432,0.0433,0.0,0.1054,0.0,39.0352,848.0154,1387.1247,100.2931,1.3208,15.2942,Normal,0,,0.0,None,0,No Action Required
2026-05-01 17:20:00,WELL-003,connection,1604.2323,0.0,1.2593,0.0868,0.0,13.4224,0.0,600.2373,100.9565,1.3245,16.5739,Normal,0,,0.0,None,0,No Action Required
2026-05-01 17:21:00,WELL-003,connection,1604.2328,0.0371,0.0,0.0141,0.4415,5.1957,0.0,267.8861,101.1642,1.3221,16.1674,Normal,0,,0.0,None,0,No Action Required
2026-05-01 17:22:00,WELL-003,connection,1604.269,1.9448,0.0,0.0,0.0,2.0392,0.0,117.2507,101.2922,1.3191,16.4708,Normal,0,,0.0,None,0,No Action Required
2026-05-01 17:23:00,WELL-003,connection,1604.2296,0.639,0.0,0.0701,0.0,0.5179,0.0,51.0534,101.3394,1.3184,15.4203,Normal,0,,0.0,None,0,No Action Required
2026-05-01 17:24:00,WELL-003,connection,1604.2131,0.8348,0.0,0.0,0.0,0.0,0.0,22.2527,101.4378,1.3214,15.0978,Normal,0,,0.0,None,0,No Action Required
2026-05-01 17:25:00,WELL-003,connection,1604.2337,0.8928,0.0,0.0,0.5501,0.0,0.0,9.8717,101.4371,1.3198,14.656,Normal,0,,0.0,None,0,No Action Required
2026-05-01 17:26:00,WELL-003,connection,1604.2596,0.4268,0.0,0.0,0.0,0.2288,0.0,4.2608,101.4771,1.3205,13.2112,Normal,0,,0.0,None,0,No Action Required
2026-05-01 17:27:00,WELL-003,connection,1604.269,0.0,0.7473,0.0,0.2724,16.6265,1055.9885,608.2303,101.0179,1.32,12.6373,Normal,0,,0.0,None,0,No Action Required
2026-05-01 17:28:00,WELL-003,drilling,1604.5533,36.8265,45.2989,6.7184,18.2849,63.2418,2123.4355,1460.5706,100.3202,1.3194,10.8789,Normal,0,,0.0,None,0,No Action Required
2026-05-01 17:29:00,WELL-003,drilling,1605.1964,71.5883,91.1261,9.1793,39.5529,78.6753,2117.3318,1845.6474,100.0301,1.3204,11.3939,Normal,0,,0.0,None,0,No Action Required
2026-05-01 17:30:00,WELL-003,drilling,1606.2855,108.416,136.2549,11.9887,62.7804,83.2828,2121.9472,2004.018,99.864,1.3197,11.5938,Normal,0,,0.0,None,0,No Action Required
2026-05-01 17:31:00,WELL-003,drilling,1607.3522,107.9955,136.235,11.7326,66.3078,84.3691,2107.9825,2056.6831,99.916,1.3141,17.8968,Normal,0,,0.0,None,0,No Action Required
2026-05-01 17:32:00,WELL-003,drilling,1608.5108,111.3047,136.3122,11.9983,67.8546,86.0704,2117.7909,2097.6533,99.9052,1.3189,17.2472,Normal,0,,0.0,None,0,No Action Required
2026-05-01 17:33:00,WELL-003,drilling,1609.6327,108.3865,136.5811,12.1572,68.0345,86.1378,2119.8772,2134.3287,99.8498,1.3191,16.6662,Normal,0,,0.0,None,0,No Action Required
2026-05-01 17:34:00,WELL-003,drilling,1610.6955,108.7564,137.414,12.4744,65.3277,85.6873,2101.5635,2084.7407,99.9018,1.3183,17.4805,Normal,0,,0.0,None,0,No Action Required
2026-05-01 17:35:00,WELL-003,drilling,1611.7696,103.6625,135.4757,12.2614,63.3659,85.8771,2112.1223,2116.0435,99.9008,1.3151,16.7184,Normal,0,,0.0,None,0,No Action Required
2026-05-01 17:36:00,WELL-003,drilling,1612.84,101.8669,137.161,11.58,62.1613,85.3179,2107.2062,2137.3862,99.8974,1.3195,28.2974,Normal,0,,0.0,None,0,No Action Required
2026-05-01 17:37:00,WELL-003,drilling,1613.9729,102.7668,136.0753,11.7027,67.4302,86.0364,2091.0904,2156.6625,99.9188,1.3178,29.1053,Normal,0,,0.0,None,0,No Action Required
2026-05-01 17:38:00,WELL-003,drilling,1615.1604,104.5697,136.2473,12.0121,70.5622,85.4431,2115.8618,2136.4056,99.9349,1.3225,27.8716,Normal,0,,0.0,None,0,No Action Required
2026-05-01 17:39:00,WELL-003,drilling,1616.3464,107.6771,136.6424,12.479,72.3225,85.8645,2108.0297,2112.2069,99.9404,1.3186,27.7904,Normal,0,,0.0,None,0,No Action Required
2026-05-01 17:40:00,WELL-003,drilling,1617.5304,108.1066,135.9873,12.1856,72.9698,86.5422,2122.7623,2089.7278,99.9741,1.3198,26.4028,Normal,0,,0.0,None,0,No Action Required
2026-05-01 17:41:00,WELL-003,drilling,1618.8556,109.6263,136.6668,12.6757,77.1129,85.5951,2107.4253,2108.6526,100.0108,1.3204,24.7593,Normal,0,,0.0,None,0,No Action Required
2026-05-01 17:42:00,WELL-003,drilling,1620.1166,114.8587,138.1195,12.5862,77.6623,85.7162,2113.306,2132.0824,99.9379,1.3217,26.3225,Normal,0,,0.0,None,0,No Action Required
2026-05-01 17:43:00,WELL-003,drilling,1621.3444,108.9124,136.7414,12.4326,70.4502,86.1247,2106.8293,2095.7311,100.0576,1.3199,26.3826,Normal,0,,0.0,None,0,No Action Required
2026-05-01 17:44:00,WELL-003,drilling,1622.3465,103.5647,135.8068,12.1585,61.5436,85.712,2109.5608,2117.6859,99.9844,1.3195,15.1313,Normal,0,,0.0,None,0,No Action Required
2026-05-01 17:45:00,WELL-003,drilling,1623.3565,102.9864,134.8519,12.0383,61.3143,85.5971,2115.7181,2132.6113,100.0031,1.3189,14.4237,Normal,0,,0.0,None,0,No Action Required
2026-05-01 17:46:00,WELL-003,drilling,1624.4572,102.9564,135.9827,12.3366,65.2597,85.4567,2105.7754,2112.9458,99.9869,1.3196,15.6207,Normal,0,,0.0,None,0,No Action Required
2026-05-01 17:47:00,WELL-003,drilling,1625.5284,103.7907,136.2453,12.1193,65.8081,85.6571,2097.9125,2105.5229,99.9741,1.3182,16.7612,Normal,0,,0.0,None,0,No Action Required
2026-05-01 17:48:00,WELL-003,drilling,1626.6386,106.3532,136.132,12.6175,66.7774,84.9331,2098.67,2139.944,99.9758,1.3194,15.4598,Normal,0,,0.0,None,0,No Action Required
2026-05-01 17:49:00,WELL-003,drilling,1627.7851,105.6673,136.6387,12.6919,65.4974,85.5323,2118.0342,2131.1207,100.0808,1.3182,15.4728,Normal,0,,0.0,None,0,No Action Required
2026-05-01 17:50:00,WELL-003,drilling,1628.8356,105.2808,135.9568,12.7629,65.2286,85.3723,2088.4581,2127.3218,100.0323,1.3195,16.3376,Normal,0,,0.0,None,0,No Action Required
2026-05-01 17:51:00,WELL-003,drilling,1629.9874,107.2963,137.2961,13.0691,69.2514,86.1819,2118.6871,2128.681,100.05,1.3207,18.7794,Normal,0,,0.0,None,0,No Action Required
2026-05-01 17:52:00,WELL-003,drilling,1631.1092,106.9473,137.2611,13.4491,67.4198,85.5611,2102.2282,2130.2587,100.0177,1.3184,18.2287,Normal,0,,0.0,None,0,No Action Required
2026-05-01 17:53:00,WELL-003,drilling,1632.2361,105.1734,137.0269,13.3237,66.8043,85.1344,2094.0377,2108.5554,100.092,1.3203,18.1314,Normal,0,,0.0,None,0,No Action Required
2026-05-01 17:54:00,WELL-003,drilling,1633.3777,107.1576,135.9426,13.4952,64.9169,86.0183,2104.6309,2080.005,100.0697,1.32,19.0576,Normal,0,,0.0,None,0,No Action Required
2026-05-01 17:55:00,WELL-003,connection,1633.3342,0.1213,0.0,0.1211,0.1626,38.6861,844.1301,1430.6759,100.6487,1.3328,19.8601,Normal,0,,0.0,None,0,No Action Required
2026-05-01 17:56:00,WELL-003,connection,1633.3201,0.0,0.0,0.0,0.0,13.6495,0.0,600.8708,101.1871,1.3288,19.1812,Normal,0,,0.0,None,0,No Action Required
2026-05-01 17:57:00,WELL-003,connection,1633.3262,1.2404,0.5326,0.0284,0.0,4.4146,0.0,273.2182,101.559,1.329,18.6874,Normal,0,,0.0,None,0,No Action Required
2026-05-01 17:58:00,WELL-003,connection,1633.3608,0.0,0.7167,0.0668,0.0,1.3003,0.0,115.9803,101.7082,1.3297,18.0654,Normal,0,,0.0,None,0,No Action Required
2026-05-01 17:59:00,WELL-003,connection,1633.34,0.0,0.0,0.0,0.0591,16.3721,1043.809,659.8208,101.258,1.3314,17.7404,Normal,0,,0.0,None,0,No Action Required
2026-05-01 18:00:00,WELL-003,drilling,1633.66,37.44,46.3377,7.9745,19.1713,62.716,2101.8828,1483.0957,100.5932,1.3292,17.2014,Normal,0,,0.0,None,0,No Action Required
2026-05-01 18:01:00,WELL-003,drilling,1634.4039,73.6811,92.6177,11.2511,41.3656,78.0262,2091.0197,1836.919,100.3272,1.3287,15.7355,Normal,0,,0.0,None,0,No Action Required
2026-05-01 18:02:00,WELL-003,drilling,1635.4325,106.0877,138.6455,13.9563,64.806,83.069,2093.5778,1974.4119,100.2161,1.3331,16.7973,Normal,0,,0.0,None,0,No Action Required
2026-05-01 18:03:00,WELL-003,drilling,1636.4841,110.2182,139.0038,14.2876,63.3781,84.0457,2100.4588,2038.8291,100.1828,1.3322,17.1674,Normal,0,,0.0,None,0,No Action Required
2026-05-01 18:04:00,WELL-003,drilling,1637.5846,111.5781,138.9427,14.2347,63.3348,84.3759,2111.3288,2114.676,100.1341,1.3291,16.0316,Normal,0,,0.0,None,0,No Action Required
2026-05-01 18:05:00,WELL-003,drilling,1638.5542,108.6866,139.5593,14.0829,60.508,85.2572,2092.4005,2129.4832,100.2391,1.3309,15.5176,Normal,0,,0.0,None,0,No Action Required
2026-05-01 18:06:00,WELL-003,drilling,1639.6583,106.8168,139.2905,13.8026,65.08,84.9389,2096.9491,2106.0011,100.2267,1.3298,16.5987,Normal,0,,0.0,None,0,No Action Required
2026-05-01 18:07:00,WELL-003,drilling,1640.6568,102.7905,139.8922,13.2153,62.4693,85.8281,2108.3696,2108.6666,100.2081,1.3305,17.7973,Normal,0,,0.0,None,0,No Action Required
2026-05-01 18:08:00,WELL-003,drilling,1641.6989,98.4827,138.9215,12.9953,60.6187,86.7991,2098.3651,2102.2025,100.191,1.33,18.1249,Normal,0,,0.0,None,0,No Action Required
2026-05-01 18:09:00,WELL-003,drilling,1642.7102,95.3044,139.9687,12.1807,61.5762,86.7466,2091.753,2175.7933,100.1666,1.3311,18.1524,Normal,0,,0.0,None,0,No Action Required
2026-05-01 18:10:00,WELL-003,drilling,1643.6925,91.0473,139.1792,11.7456,59.1382,86.9401,2097.7145,2160.6017,100.1912,1.3274,17.2901,Normal,0,,0.0,None,0,No Action Required
2026-05-01 18:11:00,WELL-003,drilling,1644.6943,91.9071,139.344,11.8294,58.7986,86.9617,2106.1529,2150.7383,100.2128,1.3325,15.7822,Normal,0,,0.0,None,0,No Action Required
2026-05-01 18:12:00,WELL-003,drilling,1645.6817,94.734,138.9187,11.4224,59.6118,87.1772,2099.492,2106.9849,100.1574,1.3327,36.0464,Normal,0,,0.0,None,0,No Action Required
2026-05-01 18:13:00,WELL-003,drilling,1646.6614,93.6889,139.8355,11.1203,58.2227,86.6218,2094.4043,2143.6365,100.21,1.3332,36.362,Normal,0,,0.0,None,0,No Action Required
2026-05-01 18:14:00,WELL-003,drilling,1647.6507,93.6874,138.4957,11.2609,59.9265,86.2336,2115.9307,2131.2705,100.2891,1.3284,37.7314,Normal,0,,0.0,None,0,No Action Required
2026-05-01 18:15:00,WELL-003,drilling,1648.6963,95.5766,139.9007,10.8789,61.9051,86.4582,2094.4118,2160.5987,100.2874,1.3328,37.1904,Normal,0,,0.0,None,0,No Action Required
2026-05-01 18:16:00,WELL-003,drilling,1649.749,91.7715,138.0804,10.8305,62.6001,86.2902,2100.5838,2130.9292,100.2054,1.3297,18.4211,Normal,0,,0.0,None,0,No Action Required
2026-05-01 18:17:00,WELL-003,drilling,1650.8567,96.0293,139.5805,11.0822,66.3005,87.0262,2111.8816,2089.4905,100.2757,1.331,20.0618,Normal,0,,0.0,None,0,No Action Required
2026-05-01 18:18:00,WELL-003,drilling,1651.9352,96.0593,138.9449,10.9216,65.4741,85.75,2089.1774,2112.203,100.273,1.3299,19.9855,Normal,0,,0.0,None,0,No Action Required
2026-05-01 18:19:00,WELL-003,drilling,1653.053,98.2547,139.3231,10.9584,68.1284,86.1705,2097.707,2170.5906,100.2626,1.3318,20.0933,Normal,0,,0.0,None,0,No Action Required
2026-05-01 18:20:00,WELL-003,drilling,1654.1619,98.8087,139.5703,11.1268,66.3536,85.8357,2093.1088,2119.7707,100.324,1.3293,18.9358,Normal,0,,0.0,None,0,No Action Required
2026-05-01 18:21:00,WELL-003,drilling,1655.2656,101.791,138.9075,11.1794,63.7188,86.3611,2108.5724,2152.323,100.2844,1.3291,18.842,Normal,0,,0.0,None,0,No Action Required
2026-05-01 18:22:00,WELL-003,drilling,1656.3467,98.6544,139.4774,11.0429,65.9719,86.5339,2096.3699,2164.378,100.3112,1.334,18.3143,Normal,0,,0.0,None,0,No Action Required
2026-05-01 18:23:00,WELL-003,drilling,1657.4603,100.5934,137.1556,11.3774,67.297,86.9329,2097.6583,2120.8502,100.3693,1.3272,17.2395,Normal,0,,0.0,None,0,No Action Required
2026-05-01 18:24:00,WELL-003,drilling,1658.5815,104.5658,140.0098,11.6439,67.5204,86.4567,2092.6211,2102.7392,100.3298,1.329,18.6876,Normal,0,,0.0,None,0,No Action Required
2026-05-01 18:25:00,WELL-003,drilling,1659.6981,101.6567,140.4012,11.8299,65.2049,86.9789,2092.9507,2113.7625,100.3458,1.3297,18.5299,Normal,0,,0.0,None,0,No Action Required
2026-05-01 18:26:00,WELL-003,drilling,1660.7449,102.9836,139.2671,11.9913,64.13,87.7358,2089.3117,2116.5289,100.374,1.3296,19.4265,Normal,0,,0.0,None,0,No Action Required
2026-05-01 18:27:00,WELL-003,drilling,1661.8636,101.8786,140.719,12.1829,65.7841,87.5408,2095.1372,2119.1726,100.3934,1.327,20.3554,Normal,0,,0.0,None,0,No Action Required
2026-05-01 18:28:00,WELL-003,connection,1661.8293,0.0,0.4422,0.1286,0.0172,40.9353,840.0846,1398.1894,100.8662,1.3317,19.4726,Normal,0,,0.0,None,0,No Action Required
2026-05-01 18:29:00,WELL-003,connection,1661.8188,0.8829,0.1628,0.0,0.2798,13.3599,0.0,611.113,101.5415,1.3305,17.2476,Normal,0,,0.0,None,0,No Action Required
2026-05-01 18:30:00,WELL-003,connection,1661.871,1.2012,0.0,0.0,0.6751,4.1219,0.0,267.6097,101.8361,1.3302,17.9153,Normal,0,,0.0,None,0,No Action Required
2026-05-01 18:31:00,WELL-003,connection,1661.8695,0.0,0.1559,0.0,0.0,1.7447,0.0,116.8765,101.885,1.3283,18.8832,Normal,0,,0.0,None,0,No Action Required
2026-05-01 18:32:00,WELL-003,connection,1661.8642,0.0,0.0,0.0779,0.0,0.368,0.0,50.4912,101.9441,1.3265,18.215,Normal,0,,0.0,None,0,No Action Required
2026-05-01 18:33:00,WELL-003,connection,1661.8757,0.0708,0.1738,0.0177,0.1074,1.229,0.0,22.0523,102.0134,1.3306,18.4499,Normal,0,,0.0,None,0,No Action Required
2026-05-01 18:34:00,WELL-003,connection,1661.8379,0.0,0.0,0.0,0.3379,16.4557,1053.8433,603.4488,101.511,1.3292,19.63,Normal,0,,0.0,None,0,No Action Required
2026-05-01 18:35:00,WELL-003,drilling,1662.1593,39.1774,40.1078,7.4343,16.9436,63.8627,2114.7688,1452.8499,100.8839,1.3297,20.7808,Normal,0,,0.0,None,0,No Action Required
2026-05-01 18:36:00,WELL-003,drilling,1662.7618,76.0113,81.6821,10.1886,39.005,79.3982,2099.7705,1809.566,100.646,1.3306,21.147,Normal,0,,0.0,None,0,No Action Required
2026-05-01 18:37:00,WELL-003,drilling,1663.832,113.2644,121.8743,13.2593,63.9174,84.5383,2096.1181,1984.6967,100.5316,1.3311,20.7033,Normal,0,,0.0,None,0,No Action Required
2026-05-01 18:38:00,WELL-003,drilling,1664.8892,112.5808,121.6817,13.2022,61.6822,86.7951,2107.6111,2073.5309,100.4269,1.3269,20.5403,Normal,0,,0.0,None,0,No Action Required
2026-05-01 18:39:00,WELL-003,drilling,1665.969,116.8601,122.0799,13.4525,63.979,86.9156,2088.7577,2115.4407,100.4544,1.3293,19.2803,Normal,0,,0.0,None,0,No Action Required
2026-05-01 18:40:00,WELL-003,drilling,1667.0055,118.6853,120.9773,13.3212,65.3043,88.0612,2110.065,2134.2674,100.3935,1.3305,19.2528,Normal,0,,0.0,None,0,No Action Required
2026-05-01 18:41:00,WELL-003,drilling,1668.1471,115.381,120.9464,13.3081,66.5149,87.5333,2112.5834,2149.8778,100.4246,1.33,18.2258,Normal,0,,0.0,None,0,No Action Required
2026-05-01 18:42:00,WELL-003,drilling,1669.3037,115.7157,122.0728,13.1525,68.2302,87.7159,2106.6939,2151.4675,100.507,1.3307,20.2777,Normal,0,,0.0,None,0,No Action Required
2026-05-01 18:43:00,WELL-003,drilling,1670.4279,117.4299,121.0159,12.5914,68.7554,87.855,2097.6684,2172.4062,100.4484,1.3325,20.5586,Normal,0,,0.0,None,0,No Action Required
2026-05-01 18:44:00,WELL-003,drilling,1671.6368,117.0548,120.6633,13.1213,70.262,87.8407,2118.6017,2148.0797,100.4335,1.3288,19.6741,Normal,0,,0.0,None,0,No Action Required
2026-05-01 18:45:00,WELL-003,drilling,1672.7601,116.0189,120.8067,12.865,70.1116,88.295,2112.2244,2158.3308,100.5117,1.3281,37.0207,Normal,0,,0.0,None,0,No Action Required
2026-05-01 18:46:00,WELL-003,drilling,1673.8996,114.4328,121.8416,12.7294,66.9742,87.5894,2113.8757,2092.5154,100.5049,1.3308,37.4314,Normal,0,,0.0,None,0,No Action Required
2026-05-01 18:47:00,WELL-003,drilling,1675.0111,113.9069,121.4617,12.3762,67.8966,87.2647,2105.9949,2128.6492,100.5311,1.3323,38.6756,Normal,0,,0.0,None,0,No Action Required
2026-05-01 18:48:00,WELL-003,drilling,1676.1649,112.6065,120.0918,13.0086,65.9399,87.5542,2118.5481,2098.4413,100.5464,1.3267,38.3058,Normal,0,,0.0,None,0,No Action Required
2026-05-01 18:49:00,WELL-003,drilling,1677.2529,112.9339,122.1998,13.2787,67.4667,87.7271,2102.0022,2100.2881,100.4816,1.329,37.915,Normal,0,,0.0,None,0,No Action Required
2026-05-01 18:50:00,WELL-003,drilling,1678.3287,113.2717,122.3186,13.298,66.9622,87.246,2113.8898,2151.4192,100.5155,1.3296,37.7157,Normal,0,,0.0,None,0,No Action Required
2026-05-01 18:51:00,WELL-003,drilling,1679.4736,110.9294,121.3419,13.2289,66.664,87.7039,2115.4748,2190.0437,100.5681,1.3303,20.6924,Normal,0,,0.0,None,0,No Action Required
2026-05-01 18:52:00,WELL-003,drilling,1680.6553,113.8694,121.3106,13.5162,70.9536,88.445,2115.4163,2117.6377,100.5599,1.3331,20.3677,Normal,0,,0.0,None,0,No Action Required
2026-05-01 18:53:00,WELL-003,drilling,1681.8289,110.4491,121.7787,13.4318,69.2589,88.195,2105.2512,2152.3078,100.5597,1.3278,21.791,Normal,0,,0.0,None,0,No Action Required
2026-05-01 18:54:00,WELL-003,drilling,1682.9398,110.6614,122.0936,13.3273,67.1787,87.3697,2106.782,2076.7273,100.5127,1.3306,22.6986,Normal,0,,0.0,None,0,No Action Required
2026-05-01 18:55:00,WELL-003,drilling,1684.0543,110.2711,120.7355,13.2582,67.54,87.9482,2094.8393,2136.2039,100.5341,1.3287,25.0489,Normal,0,,0.0,None,0,No Action Required
2026-05-01 18:56:00,WELL-003,drilling,1685.128,102.8886,122.2219,12.5813,63.9832,88.1905,2100.6828,2091.0064,100.4947,1.3315,24.3407,Normal,0,,0.0,None,0,No Action Required
2026-05-01 18:57:00,WELL-003,drilling,1686.109,100.2951,121.4829,12.3374,59.3606,88.4484,2095.0014,2129.2362,100.5678,1.3279,25.2338,Normal,0,,0.0,None,0,No Action Required
2026-05-01 18:58:00,WELL-003,drilling,1687.1171,102.28,123.4329,12.6203,58.9762,87.1525,2117.6399,2094.6863,100.5842,1.3266,23.6945,Normal,0,,0.0,None,0,No Action Required
2026-05-01 18:59:00,WELL-003,drilling,1688.0674,102.6032,121.8307,12.3139,58.5274,88.2778,2112.6824,2143.2249,100.632,1.3291,21.4904,Normal,0,,0.0,None,0,No Action Required
2026-05-01 19:00:00,WELL-003,drilling,1689.0793,98.5507,121.9528,12.0177,58.5546,87.5689,2094.3681,2146.1813,100.5696,1.3332,19.7065,Normal,0,,0.0,None,0,No Action Required
2026-05-01 19:01:00,WELL-003,drilling,1690.057,102.6186,121.6631,12.3742,59.8408,87.5034,2120.1044,2107.8211,100.6515,1.3306,20.4741,Normal,0,,0.0,None,0,No Action Required
2026-05-01 19:02:00,WELL-003,connection,1690.0954,0.8819,0.0,0.0,0.0,40.7132,840.0514,1422.3819,101.2092,1.3435,19.1735,Normal,0,,0.0,None,0,No Action Required
2026-05-01 19:03:00,WELL-003,connection,1690.0506,0.0703,0.0,0.053,0.0,13.6322,0.0,611.1805,101.7914,1.3409,19.8832,Normal,0,,0.0,None,0,No Action Required
2026-05-01 19:04:00,WELL-003,connection,1690.023,0.0,0.2735,0.027,0.0,4.806,0.0,263.6171,102.0254,1.3417,19.3337,Normal,0,,0.0,None,0,No Action Required
2026-05-01 19:05:00,WELL-003,connection,1690.0675,0.8554,0.0,0.0,0.0,18.0121,1048.4691,714.1233,101.7321,1.3388,20.0365,Normal,0,,0.0,None,0,No Action Required
2026-05-01 19:06:00,WELL-003,drilling,1690.35,32.5843,41.3252,7.1894,15.3964,65.2858,2104.4336,1487.6579,101.1735,1.3382,20.3801,Normal,0,,0.0,None,0,No Action Required
2026-05-01 19:07:00,WELL-003,drilling,1690.8676,62.9958,85.0979,9.3193,34.3211,81.0836,2087.0029,1853.4774,100.8664,1.3375,21.7588,Normal,0,,0.0,None,0,No Action Required
2026-05-01 19:08:00,WELL-003,drilling,1691.7784,92.6193,127.7583,11.4846,52.8307,86.0238,2107.7984,2004.9362,100.7461,1.3371,22.0887,Normal,0,,0.0,None,0,No Action Required
2026-05-01 19:09:00,WELL-003,drilling,1692.7367,96.3171,126.7365,11.3781,57.2238,87.6397,2090.9356,2043.4526,100.7088,1.3409,21.5327,Normal,0,,0.0,None,0,No Action Required
2026-05-01 19:10:00,WELL-003,drilling,1693.697,98.6118,126.5607,11.7734,58.5839,89.3416,2101.717,2087.862,100.6684,1.3414,21.4268,Normal,0,,0.0,None,0,No Action Required
2026-05-01 19:11:00,WELL-003,drilling,1694.6183,96.3818,127.4839,11.5902,57.5395,89.2387,2091.9045,2119.6257,100.6624,1.3418,24.6581,Normal,0,,0.0,None,0,No Action Required
2026-05-01 19:12:00,WELL-003,drilling,1695.6165,99.8181,126.8304,11.922,58.1703,89.4086,2123.4602,2108.0753,100.6493,1.341,24.9307,Normal,0,,0.0,None,0,No Action Required
2026-05-01 19:13:00,WELL-003,drilling,1696.5709,99.901,127.1429,11.8168,57.2989,88.9271,2104.0863,2163.2662,100.6782,1.3434,23.313,Normal,0,,0.0,None,0,No Action Required
2026-05-01 19:14:00,WELL-003,drilling,1697.5453,98.4401,127.0889,11.4603,56.8724,88.731,2116.9395,2107.2217,100.7232,1.3421,23.1684,Normal,0,,0.0,None,0,No Action Required
2026-05-01 19:15:00,WELL-003,drilling,1698.4893,96.0037,127.2097,11.3035,56.1868,89.5431,2101.1992,2093.0025,100.7176,1.3384,23.0512,Normal,0,,0.0,None,0,No Action Required
2026-05-01 19:16:00,WELL-003,drilling,1699.4808,98.1047,127.1356,11.7137,56.5403,89.531,2128.8659,2090.9731,100.6806,1.3385,25.0636,Normal,0,,0.0,None,0,No Action Required
2026-05-01 19:17:00,WELL-003,drilling,1700.3754,94.4334,126.3488,11.599,54.0281,89.4274,2091.2671,2151.7108,100.746,1.3409,21.9466,Normal,0,,0.0,None,0,No Action Required
2026-05-01 19:18:00,WELL-003,drilling,1701.2804,96.1801,128.2981,11.8352,55.9007,89.7339,2119.4424,2102.0696,100.7951,1.3374,22.2804,Normal,0,,0.0,None,0,No Action Required
2026-05-01 19:19:00,WELL-003,drilling,1702.2726,105.3727,126.1468,12.6326,61.5624,89.2334,2118.9776,2142.0089,100.739,1.3383,35.7178,Normal,0,,0.0,None,0,No Action Required
2026-05-01 19:20:00,WELL-003,drilling,1703.3369,106.2363,127.7063,12.7877,60.4914,89.6279,2105.1327,2106.3613,100.7248,1.341,35.9037,Normal,0,,0.0,None,0,No Action Required
2026-05-01 19:21:00,WELL-003,drilling,1704.3834,107.5471,127.5102,12.2579,63.8974,89.5097,2098.0351,2096.4678,100.7022,1.3409,37.6014,Normal,0,,0.0,None,0,No Action Required
2026-05-01 19:22:00,WELL-003,drilling,1705.4711,111.9197,128.1675,13.0801,66.0284,88.5274,2105.875,2173.5781,100.7595,1.3389,23.9266,Normal,0,,0.0,None,0,No Action Required
2026-05-01 19:23:00,WELL-003,drilling,1706.5455,109.1839,126.4484,12.6965,62.1572,88.7976,2096.4685,2103.6318,100.713,1.3406,24.4108,Normal,0,,0.0,None,0,No Action Required
2026-05-01 19:24:00,WELL-003,drilling,1707.6036,109.7169,127.4276,12.458,64.2454,89.4837,2089.6085,2114.1206,100.7394,1.3421,24.0267,Normal,0,,0.0,None,0,No Action Required
2026-05-01 19:25:00,WELL-003,drilling,1708.6712,105.165,128.2178,12.5379,62.0106,88.997,2091.9586,2135.567,100.7982,1.3381,23.998,Normal,0,,0.0,None,0,No Action Required
2026-05-01 19:26:00,WELL-003,drilling,1709.6835,103.9447,127.3192,12.3567,62.8071,89.9645,2105.1176,2102.9605,100.7537,1.3418,25.3398,Normal,0,,0.0,None,0,No Action Required
2026-05-01 19:27:00,WELL-003,drilling,1710.7716,106.5849,127.2475,12.159,65.6127,89.3927,2117.8627,2145.0173,100.7695,1.3404,24.9,Normal,0,,0.0,None,0,No Action Required
2026-05-01 19:28:00,WELL-003,drilling,1711.8642,102.2787,128.0219,12.1333,64.9017,89.5339,2111.3532,2147.9901,100.7873,1.3422,24.6694,Normal,0,,0.0,None,0,No Action Required
2026-05-01 19:29:00,WELL-003,drilling,1712.9132,97.9844,127.3919,11.4096,63.3384,89.3486,2092.0435,2125.179,100.7879,1.3407,22.9991,Normal,0,,0.0,None,0,No Action Required
2026-05-01 19:30:00,WELL-003,drilling,1713.9603,94.5883,127.0753,11.1763,60.4557,88.7444,2093.4971,2082.7863,100.8519,1.3407,22.5932,Normal,0,,0.0,None,0,No Action Required
2026-05-01 19:31:00,WELL-003,drilling,1714.8637,93.8204,126.5353,11.1383,57.7854,88.6554,2106.7468,2163.9753,100.787,1.3381,21.5619,Normal,0,,0.0,None,0,No Action Required
2026-05-01 19:32:00,WELL-003,drilling,1715.8201,88.5298,127.7546,10.5782,57.5213,88.7949,2104.0785,2100.3376,100.8888,1.3361,22.7217,Normal,0,,0.0,None,0,No Action Required
2026-05-01 19:33:00,WELL-003,drilling,1716.7882,92.679,126.0939,10.8759,56.7676,89.7297,2088.0039,2041.3141,100.7692,1.3404,21.9869,Normal,0,,0.0,None,0,No Action Required
2026-05-01 19:34:00,WELL-003,drilling,1717.7085,91.6707,127.4262,10.8457,54.4908,88.1265,2084.235,2080.1185,100.8827,1.3396,22.9813,Normal,0,,0.0,None,0,No Action Required
2026-05-01 19:35:00,WELL-003,drilling,1718.6473,92.53,126.9885,11.1894,59.3832,89.6936,2112.1446,2087.3639,100.8776,1.3388,22.5328,Normal,0,,0.0,None,0,No Action Required
2026-05-01 19:36:00,WELL-003,connection,1718.6389,0.2584,0.0,0.0595,0.0,41.429,835.4079,1395.5023,101.4473,1.3388,22.6701,Normal,0,,0.0,None,0,No Action Required
2026-05-01 19:37:00,WELL-003,connection,1718.6518,1.6493,0.8354,0.0,0.0,13.2461,0.0,605.8742,101.9986,1.3358,22.865,Normal,0,,0.0,None,0,No Action Required
2026-05-01 19:38:00,WELL-003,connection,1718.6856,0.0,0.5304,0.1202,0.0,4.8516,0.0,264.2337,102.2761,1.3409,24.0528,Normal,0,,0.0,None,0,No Action Required
2026-05-01 19:39:00,WELL-003,connection,1718.6545,0.3197,0.0,0.0,0.0,2.7199,0.0,116.942,102.4089,1.3419,23.1042,Normal,0,,0.0,None,0,No Action Required
2026-05-01 19:40:00,WELL-003,connection,1718.6593,0.6464,0.0,0.1306,0.0,1.1141,0.0,51.7939,102.4474,1.3415,23.2712,Normal,0,,0.0,None,0,No Action Required
2026-05-01 19:41:00,WELL-003,connection,1718.7096,0.1525,0.0,0.0,0.0,0.0,0.0,22.4947,102.4352,1.3393,24.3335,Normal,0,,0.0,None,0,No Action Required
2026-05-01 19:42:00,WELL-003,connection,1718.6738,0.1643,1.0307,0.0,0.1892,0.0,0.0,9.8428,102.4692,1.3423,24.0439,Normal,0,,0.0,None,0,No Action Required
2026-05-01 19:43:00,WELL-003,connection,1718.6754,0.2996,0.0,0.0091,0.5162,0.1605,0.0,4.141,102.4751,1.3417,24.5576,Normal,0,,0.0,None,0,No Action Required
2026-05-01 19:44:00,WELL-003,connection,1718.6693,1.0102,0.0,0.0,0.0,17.4378,1054.0762,600.4554,102.0183,1.3405,24.5496,Normal,0,,0.0,None,0,No Action Required
2026-05-01 19:45:00,WELL-003,drilling,1718.9322,36.3487,41.9225,7.4509,16.8806,65.3386,2093.9298,1472.5479,101.4055,1.3389,23.9684,Normal,0,,0.0,None,0,No Action Required
2026-05-01 19:46:00,WELL-003,drilling,1719.597,73.3818,81.8862,10.114,40.283,81.0395,2112.2103,1835.0937,101.1211,1.3412,24.0097,Normal,0,,0.0,None,0,No Action Required
2026-05-01 19:47:00,WELL-003,drilling,1720.6811,106.02,123.3162,12.9726,66.6876,86.5029,2092.9708,1999.817,101.0243,1.3415,24.0652,Normal,0,,0.0,None,0,No Action Required
2026-05-01 19:48:00,WELL-003,drilling,1721.8132,106.8201,122.9012,13.02,64.0102,89.0688,2088.872,2029.5629,100.9139,1.3424,23.8488,Normal,0,,0.0,None,0,No Action Required
2026-05-01 19:49:00,WELL-003,drilling,1722.8416,105.2235,123.3043,13.0956,62.5414,88.7792,2107.7132,2066.0893,100.9509,1.3406,22.907,Normal,0,,0.0,None,0,No Action Required
2026-05-01 19:50:00,WELL-003,drilling,1723.8418,104.8509,123.4504,12.6176,60.9983,90.1346,2098.1843,2105.7337,100.921,1.3416,22.5175,Normal,0,,0.0,None,0,No Action Required
2026-05-01 19:51:00,WELL-003,drilling,1724.8785,101.5286,122.7585,12.6069,61.1836,89.7803,2108.2852,2145.5633,100.9253,1.3403,22.2126,Normal,0,,0.0,None,0,No Action Required
2026-05-01 19:52:00,WELL-003,drilling,1725.8977,99.9403,123.2942,12.501,61.8092,90.0821,2120.6687,2086.4585,100.9181,1.3379,21.0663,Normal,0,,0.0,None,0,No Action Required
2026-05-01 19:53:00,WELL-003,drilling,1726.9511,102.6697,122.8776,12.8219,63.8807,90.5728,2102.3361,2095.7224,100.8968,1.3405,44.8254,Normal,0,,0.0,None,0,No Action Required
2026-05-01 19:54:00,WELL-003,drilling,1727.9514,100.9493,123.7585,12.5406,61.9453,90.3173,2089.3321,2113.8144,100.964,1.3409,43.8971,Normal,0,,0.0,None,0,No Action Required
2026-05-01 19:55:00,WELL-003,drilling,1729.0926,106.404,124.2212,12.517,65.7227,90.1267,2105.3392,2120.5079,100.9653,1.3394,45.0395,Normal,0,,0.0,None,0,No Action Required
2026-05-01 19:56:00,WELL-003,drilling,1730.1377,101.913,121.2868,12.3336,64.402,89.8263,2101.9315,2109.8848,100.9576,1.341,46.0352,Normal,0,,0.0,None,0,No Action Required
2026-05-01 19:57:00,WELL-003,drilling,1731.2156,102.8344,123.5283,12.3249,64.8568,90.9633,2119.816,2139.8991,100.9519,1.3426,45.5718,Normal,0,,0.0,None,0,No Action Required
2026-05-01 19:58:00,WELL-003,drilling,1732.3533,104.4796,122.3943,12.5679,68.5137,90.952,2107.6606,2168.062,100.9185,1.3394,45.4345,Normal,0,,0.0,None,0,No Action Required
2026-05-01 19:59:00,WELL-003,drilling,1733.5027,107.7006,123.3423,13.2901,67.2172,90.6475,2096.0828,2146.0214,100.9643,1.3405,46.491,Normal,0,,0.0,None,0,No Action Required
2026-05-01 20:00:00,WELL-003,drilling,1734.5634,108.8944,122.8866,13.3985,63.916,90.1935,2114.9421,2115.0089,101.0387,1.3419,45.3013,Normal,0,,0.0,None,0,No Action Required
2026-05-01 20:01:00,WELL-003,drilling,1735.6944,110.477,122.6297,13.1292,67.6076,90.7585,2108.8141,2100.4796,101.0737,1.3441,21.7583,Normal,0,,0.0,None,0,No Action Required
2026-05-01 20:02:00,WELL-003,drilling,1736.7567,104.6239,122.4317,13.1176,64.3499,90.3163,2108.9584,2164.8887,100.9921,1.3412,21.8261,Normal,0,,0.0,None,0,No Action Required
2026-05-01 20:03:00,WELL-003,drilling,1737.7591,106.5356,124.1828,13.3953,63.221,90.5152,2121.2134,2120.4747,101.0081,1.3366,23.314,Normal,0,,0.0,None,0,No Action Required
2026-05-01 20:04:00,WELL-003,drilling,1738.7676,99.0491,124.102,12.608,59.608,91.2786,2114.3926,2131.9349,100.9765,1.3403,24.8927,Normal,0,,0.0,None,0,No Action Required
2026-05-01 20:05:00,WELL-003,drilling,1739.7189,96.9649,122.037,12.0307,55.124,91.0363,2110.6401,2136.8894,101.0467,1.3415,24.893,Normal,0,,0.0,None,0,No Action Required
2026-05-01 20:06:00,WELL-003,drilling,1740.6632,101.6374,122.6465,12.2107,57.8798,91.1516,2107.7178,2111.3611,101.0643,1.3411,25.3398,Normal,0,,0.0,None,0,No Action Required
2026-05-01 20:07:00,WELL-003,drilling,1741.6092,103.1839,121.1513,12.3401,56.3841,91.1925,2121.8182,2126.4827,101.0206,1.3411,24.9357,Normal,0,,0.0,None,0,No Action Required
2026-05-01 20:08:00,WELL-003,drilling,1742.5578,101.2532,122.5247,12.1003,56.6237,90.7271,2113.0219,2124.1947,101.0327,1.3407,23.8207,Normal,0,,0.0,None,0,No Action Required
2026-05-01 20:09:00,WELL-003,drilling,1743.4413,95.73,123.0095,11.5011,52.7294,90.4493,2116.228,2167.0852,101.0659,1.3443,23.3584,Normal,0,,0.0,None,0,No Action Required
2026-05-01 20:10:00,WELL-003,drilling,1744.3967,99.8671,123.5515,11.902,57.1235,90.7164,2104.3915,2109.2024,101.0448,1.3405,25.4031,Normal,0,,0.0,None,0,No Action Required
2026-05-01 20:11:00,WELL-003,drilling,1745.3714,105.4469,122.8557,12.4711,60.7446,91.137,2093.8284,2078.4613,101.1124,1.3406,25.3047,Normal,0,,0.0,None,0,No Action Required
2026-05-01 20:12:00,WELL-003,drilling,1746.4856,108.2835,124.0321,12.6649,64.7119,91.0879,2101.6643,2111.9695,101.041,1.3388,26.3212,Normal,0,,0.0,None,0,No Action Required
2026-05-01 20:13:00,WELL-003,drilling,1747.5773,105.2567,122.3763,12.5242,66.6396,90.8995,2095.5418,2091.4166,101.1209,1.3379,26.3375,Normal,0,,0.0,None,0,No Action Required
2026-05-01 20:14:00,WELL-003,connection,1747.5661,0.0,0.7773,0.0052,0.2408,41.5136,841.8724,1396.8519,101.63,1.3483,24.7699,Normal,0,,0.0,None,0,No Action Required
2026-05-01 20:15:00,WELL-003,connection,1747.5634,0.0,0.1325,0.0,0.0,14.3712,0.0,599.731,102.2103,1.3493,23.3345,Normal,0,,0.0,None,0,No Action Required
2026-05-01 20:16:00,WELL-003,connection,1747.5784,0.7428,0.0963,0.0,0.0,5.3533,0.0,267.9043,102.5009,1.3497,22.9093,Normal,0,,0.0,None,0,No Action Required
2026-05-01 20:17:00,WELL-003,connection,1747.6006,0.7216,0.0,0.0,0.0,1.5508,0.0,114.2042,102.6291,1.3499,21.9469,Normal,0,,0.0,None,0,No Action Required
2026-05-01 20:18:00,WELL-003,connection,1747.5718,0.0,0.2423,0.0,0.0,1.2727,0.0,50.7249,102.6417,1.3513,22.469,Normal,0,,0.0,None,0,No Action Required
2026-05-01 20:19:00,WELL-003,connection,1747.5852,0.041,0.0,0.0214,0.163,16.5117,1052.5949,602.243,102.299,1.3503,22.1132,Normal,0,,0.0,None,0,No Action Required
2026-05-01 20:20:00,WELL-003,drilling,1747.877,35.2732,44.6669,7.4951,17.7505,66.4894,2105.6582,1504.4632,101.5928,1.3535,22.2614,Normal,0,,0.0,None,0,No Action Required
2026-05-01 20:21:00,WELL-003,drilling,1748.5758,72.0876,90.6247,9.9833,42.6011,82.1495,2099.876,1826.3158,101.3363,1.3513,21.9453,Normal,0,,0.0,None,0,No Action Required
2026-05-01 20:22:00,WELL-003,drilling,1749.7688,111.8635,134.8094,12.8617,70.7379,88.5981,2103.4584,1981.8867,101.2376,1.3486,21.0122,Normal,0,,0.0,None,0,No Action Required
2026-05-01 20:23:00,WELL-003,drilling,1750.9599,111.3686,135.7295,12.9135,70.6602,90.0892,2092.3947,2090.9827,101.1181,1.3525,20.0759,Normal,0,,0.0,None,0,No Action Required
2026-05-01 20:24:00,WELL-003,drilling,1752.1519,111.171,134.4904,12.4439,71.7551,91.2743,2104.3115,2167.9855,101.1635,1.3504,22.0392,Normal,0,,0.0,None,0,No Action Required
2026-05-01 20:25:00,WELL-003,drilling,1753.4034,114.593,135.2794,12.6928,76.3999,91.9477,2098.4868,2124.6564,101.1775,1.3515,21.3498,Normal,0,,0.0,None,0,No Action Required
2026-05-01 20:26:00,WELL-003,drilling,1754.715,114.1643,135.9716,12.7113,78.5965,91.5526,2109.12,2126.291,101.1746,1.3488,20.6989,Normal,0,,0.0,None,0,No Action Required
2026-05-01 20:27:00,WELL-003,drilling,1755.9994,114.9783,135.0897,12.8916,77.7328,91.0241,2107.0776,2113.1266,101.1153,1.3501,22.1264,Normal,0,,0.0,None,0,No Action Required
2026-05-01 20:28:00,WELL-003,drilling,1757.3237,116.3318,135.0275,12.7576,77.9504,92.3373,2101.2293,2165.7219,101.0676,1.3508,20.8916,Normal,0,,0.0,None,0,No Action Required
2026-05-01 20:29:00,WELL-003,drilling,1758.6366,119.8166,134.8207,13.0458,78.6223,91.8313,2099.7933,2118.0351,101.2116,1.3511,21.9732,Normal,0,,0.0,None,0,No Action Required
2026-05-01 20:30:00,WELL-003,drilling,1759.9396,119.8722,135.9945,13.0292,78.0358,91.9285,2100.5192,2090.9552,101.1521,1.3491,21.0503,Normal,0,,0.0,None,0,No Action Required
2026-05-01 20:31:00,WELL-003,drilling,1761.2263,120.8132,135.2608,13.1429,78.6593,92.2306,2104.6386,2143.4305,101.2046,1.3465,35.4936,Normal,0,,0.0,None,0,No Action Required
2026-05-01 20:32:00,WELL-003,drilling,1762.5453,124.8412,135.1529,13.8122,78.9388,92.654,2110.4766,2143.0253,101.1103,1.3476,36.129,Normal,0,,0.0,None,0,No Action Required
2026-05-01 20:33:00,WELL-003,drilling,1763.8229,120.6148,134.5875,13.808,73.3217,92.0707,2106.023,2145.5303,101.2148,1.3474,34.0073,Normal,0,,0.0,None,0,No Action Required
2026-05-01 20:34:00,WELL-003,drilling,1765.0232,115.7645,135.2033,13.5481,71.5031,92.664,2123.9599,2128.0412,101.1794,1.3512,36.009,Normal,0,,0.0,None,0,No Action Required
2026-05-01 20:35:00,WELL-003,drilling,1766.0892,111.4543,134.3848,13.1709,65.278,92.2236,2105.4714,2129.7262,101.2631,1.3457,34.6906,Normal,0,,0.0,None,0,No Action Required
2026-05-01 20:36:00,WELL-003,drilling,1767.1146,107.7244,134.4084,13.3712,63.5799,92.4051,2119.5031,2153.1365,101.2088,1.3486,22.3151,Normal,0,,0.0,None,0,No Action Required
2026-05-01 20:37:00,WELL-003,drilling,1768.2376,106.2575,134.4268,13.2766,66.6071,93.5516,2127.5396,2125.9201,101.2072,1.3526,21.778,Pack-off,1,Pack-off,0.069,High,80,"Reduce flow rate, avoid pressure spikes, work the string and restore circulation"
2026-05-01 20:38:00,WELL-003,drilling,1769.2979,105.0531,135.9339,13.3659,60.2324,95.6036,2114.3027,2064.3295,101.1003,1.352,20.8491,Pack-off,1,Pack-off,0.139,High,80,"Reduce flow rate, avoid pressure spikes, work the string and restore circulation"
2026-05-01 20:39:00,WELL-003,drilling,1770.2283,108.4236,134.7568,13.8606,60.4913,97.8232,2108.8206,2082.7368,101.0817,1.3507,19.9447,Pack-off,1,Pack-off,0.208,High,80,"Reduce flow rate, avoid pressure spikes, work the string and restore circulation"
2026-05-01 20:40:00,WELL-003,drilling,1771.2753,111.5787,136.4512,14.1468,61.5473,99.7924,2098.5829,2047.429,100.933,1.3501,20.5095,Pack-off,1,Pack-off,0.278,High,80,"Reduce flow rate, avoid pressure spikes, work the string and restore circulation"
2026-05-01 20:41:00,WELL-003,drilling,1772.3431,113.942,135.6579,15.4202,61.7026,103.0026,2119.3347,1977.561,100.8276,1.3479,20.3736,Pack-off,1,Pack-off,0.347,High,80,"Reduce flow rate, avoid pressure spikes, work the string and restore circulation"
2026-05-01 20:42:00,WELL-003,drilling,1773.2474,114.1269,134.7013,15.5043,57.6186,104.6318,2108.8681,1929.3941,100.6305,1.3548,19.4585,Pack-off,1,Pack-off,0.417,High,80,"Reduce flow rate, avoid pressure spikes, work the string and restore circulation"
2026-05-01 20:43:00,WELL-003,drilling,1774.2128,112.4501,134.384,14.6597,54.7897,107.5284,2115.5298,1927.785,100.393,1.3516,20.3294,Pack-off,1,Pack-off,0.486,High,80,"Reduce flow rate, avoid pressure spikes, work the string and restore circulation"
2026-05-01 20:44:00,WELL-003,drilling,1775.0313,115.1786,135.3405,16.9028,51.7684,109.1363,2108.3926,1899.7297,100.1966,1.3471,17.9759,Pack-off,1,Pack-off,0.556,High,80,"Reduce flow rate, avoid pressure spikes, work the string and restore circulation"
2026-05-01 20:45:00,WELL-003,drilling,1775.8284,115.6259,134.3798,16.6178,49.424,111.515,2100.0903,1850.048,99.9155,1.3485,18.1822,Pack-off,1,Pack-off,0.625,High,80,"Reduce flow rate, avoid pressure spikes, work the string and restore circulation"
2026-05-01 20:46:00,WELL-003,connection,1775.8521,0.0488,0.8777,0.0,0.0967,50.8823,841.4536,1218.0959,100.3226,1.3532,17.2192,Pack-off,1,Pack-off,0.625,High,80,"Reduce flow rate, avoid pressure spikes, work the string and restore circulation"
2026-05-01 20:47:00,WELL-003,connection,1775.8323,0.5085,0.0727,0.1069,0.0,17.0348,0.0,538.759,100.8756,1.351,15.9075,Pack-off,1,Pack-off,0.625,High,80,"Reduce flow rate, avoid pressure spikes, work the string and restore circulation"
2026-05-01 20:48:00,WELL-003,connection,1775.8755,0.0,0.5723,0.1462,0.0,6.0255,0.0,234.4182,101.1386,1.3456,17.3189,Pack-off,1,Pack-off,0.625,High,80,"Reduce flow rate, avoid pressure spikes, work the string and restore circulation"
2026-05-01 20:49:00,WELL-003,connection,1775.8604,0.0,0.502,0.0687,0.4777,23.1516,1054.5186,637.0007,100.7025,1.3514,17.7327,Pack-off,1,Pack-off,0.625,High,80,"Reduce flow rate, avoid pressure spikes, work the string and restore circulation"
2026-05-01 20:50:00,WELL-003,drilling,1776.0767,39.3151,45.2013,9.7412,12.9077,82.718,2115.7612,1309.4779,99.8918,1.3484,17.6309,Pack-off,1,Pack-off,0.625,High,80,"Reduce flow rate, avoid pressure spikes, work the string and restore circulation"
2026-05-01 20:51:00,WELL-003,drilling,1776.5389,72.8871,90.4121,14.421,28.4261,103.2501,2111.338,1606.1948,99.3993,1.3482,18.3217,Pack-off,1,Pack-off,0.625,High,80,"Reduce flow rate, avoid pressure spikes, work the string and restore circulation"
2026-05-01 20:52:00,WELL-003,drilling,1777.3285,108.5108,133.9134,15.2232,48.1101,108.4991,2110.0374,1767.895,99.105,1.3497,19.0132,Pack-off,1,Pack-off,0.625,High,80,"Reduce flow rate, avoid pressure spikes, work the string and restore circulation"
2026-05-01 20:53:00,WELL-003,drilling,1778.1755,104.6784,132.2249,15.6846,49.3059,110.8165,2099.2657,1828.3058,98.717,1.3493,20.7393,Pack-off,1,Pack-off,0.625,High,80,"Reduce flow rate, avoid pressure spikes, work the string and restore circulation"
2026-05-01 20:54:00,WELL-003,drilling,1779.0313,103.6342,133.7941,16.6854,49.9799,111.7831,2107.962,1853.2045,98.5317,1.3476,18.3381,Pack-off,1,Pack-off,0.625,High,80,"Reduce flow rate, avoid pressure spikes, work the string and restore circulation"
2026-05-01 20:55:00,WELL-003,drilling,1779.8611,105.1895,134.1853,15.3873,49.5605,111.418,2085.7911,1829.7424,98.2045,1.3517,19.3671,Pack-off,1,Pack-off,0.625,High,80,"Reduce flow rate, avoid pressure spikes, work the string and restore circulation"
2026-05-01 20:56:00,WELL-003,drilling,1780.676,107.6519,135.0008,14.6426,49.6673,111.7219,2100.6164,1833.9619,97.99,1.3494,19.9693,Pack-off,1,Pack-off,0.625,High,80,"Reduce flow rate, avoid pressure spikes, work the string and restore circulation"
2026-05-01 20:57:00,WELL-003,drilling,1781.5238,106.8265,135.3415,15.4219,50.1497,112.5391,2101.4489,1849.5317,97.7551,1.3487,21.7753,Pack-off,1,Pack-off,0.625,High,80,"Reduce flow rate, avoid pressure spikes, work the string and restore circulation"
2026-05-01 20:58:00,WELL-003,drilling,1782.3406,109.2451,133.6844,14.4724,50.1532,112.7275,2113.7369,1854.9865,97.4733,1.3485,20.9299,Pack-off,1,Pack-off,0.625,High,80,"Reduce flow rate, avoid pressure spikes, work the string and restore circulation"
2026-05-01 20:59:00,WELL-003,drilling,1783.1295,108.1457,135.0201,15.9836,49.2269,111.9694,2128.9485,1852.9621,97.2525,1.3507,20.4223,Pack-off,1,Pack-off,0.556,High,80,"Reduce flow rate, avoid pressure spikes, work the string and restore circulation"
2026-05-01 21:00:00,WELL-003,drilling,1783.9764,104.6221,134.4758,15.9402,49.5226,108.9205,2128.0162,1932.5537,97.052,1.3487,19.365,Pack-off,1,Pack-off,0.486,High,80,"Reduce flow rate, avoid pressure spikes, work the string and restore circulation"
2026-05-01 21:01:00,WELL-003,drilling,1784.7962,104.7468,133.7739,14.858,49.5406,107.9267,2105.6154,1974.2628,96.9138,1.3529,20.4654,Pack-off,1,Pack-off,0.417,High,80,"Reduce flow rate, avoid pressure spikes, work the string and restore circulation"
2026-05-01 21:02:00,WELL-003,drilling,1785.1886,105.4884,133.1883,12.3298,23.9897,106.1019,2108.4966,1982.317,96.7867,1.3475,20.2095,Pack-off,1,Pack-off,0.347,High,80,"Reduce flow rate, avoid pressure spikes, work the string and restore circulation"
2026-05-01 21:03:00,WELL-003,drilling,1785.5977,104.7366,133.5034,11.7326,24.6192,103.2179,2110.5851,2016.1662,96.7028,1.3508,39.0146,Pack-off,1,Pack-off,0.278,High,80,"Reduce flow rate, avoid pressure spikes, work the string and restore circulation"
2026-05-01 21:04:00,WELL-003,drilling,1786.0399,108.823,134.7541,11.9396,25.3579,101.0546,2102.2095,2012.1347,96.6429,1.3501,39.6406,Pack-off,1,Pack-off,0.208,High,80,"Reduce flow rate, avoid pressure spikes, work the string and restore circulation"
2026-05-01 21:05:00,WELL-003,drilling,1786.4385,106.3092,133.8742,11.2734,27.0481,98.3052,2102.2695,2101.5367,96.6222,1.3501,38.861,Pack-off,1,Pack-off,0.139,High,80,"Reduce flow rate, avoid pressure spikes, work the string and restore circulation"
2026-05-01 21:06:00,WELL-003,drilling,1786.921,107.047,133.2077,10.7223,27.1091,96.0539,2121.7393,2119.5187,96.5911,1.3493,19.0491,Pack-off,1,Pack-off,0.069,High,80,"Reduce flow rate, avoid pressure spikes, work the string and restore circulation"
2026-05-01 21:07:00,WELL-003,drilling,1787.4127,103.1435,133.6166,10.7475,28.0454,94.5602,2122.7952,2177.4986,96.5924,1.3517,19.2201,Normal,0,,0.0,None,0,No Action Required
2026-05-01 21:08:00,WELL-003,drilling,1787.8269,105.552,134.1917,10.8166,26.4051,92.7789,2108.1319,2129.3368,96.6484,1.3518,19.0506,Normal,0,,0.0,None,0,No Action Required
2026-05-01 21:09:00,WELL-003,drilling,1788.297,104.9845,134.4184,10.6602,28.261,93.3175,2107.8632,2156.9585,96.6118,1.3491,18.6212,Normal,0,,0.0,None,0,No Action Required
2026-05-01 21:10:00,WELL-003,drilling,1788.7883,107.2031,134.0329,10.7886,28.1304,93.3131,2103.8109,2169.5378,96.6621,1.3484,19.4386,Normal,0,,0.0,None,0,No Action Required
2026-05-01 21:11:00,WELL-003,drilling,1789.2712,109.0106,133.4195,10.4062,28.2354,92.9196,2113.2194,2145.7331,96.6999,1.3495,19.5959,Normal,0,,0.0,None,0,No Action Required
2026-05-01 21:12:00,WELL-003,drilling,1789.7459,111.0761,133.4398,10.6932,28.6825,92.9798,2102.0883,2133.8784,96.7325,1.3481,19.8936,Normal,0,,0.0,None,0,No Action Required
2026-05-01 21:13:00,WELL-003,drilling,1790.2241,104.545,133.7527,10.476,27.7155,92.1678,2103.3399,2123.2892,96.7675,1.3513,19.5015,Normal,0,,0.0,None,0,No Action Required
2026-05-01 21:14:00,WELL-003,drilling,1790.7312,101.0213,133.7141,10.1869,29.6241,92.9457,2097.8423,2148.2278,96.7114,1.3516,20.1065,Normal,0,,0.0,None,0,No Action Required
2026-05-01 21:15:00,WELL-003,drilling,1791.2154,100.5529,134.7219,10.1716,29.1144,92.6776,2110.7325,2168.5364,96.778,1.3474,19.6709,Normal,0,,0.0,None,0,No Action Required
2026-05-01 21:16:00,WELL-003,drilling,1791.6894,104.6605,134.1535,10.3977,29.9594,92.5239,2091.6435,2096.5157,96.7453,1.3508,18.5784,Normal,0,,0.0,None,0,No Action Required
2026-05-01 21:17:00,WELL-003,drilling,1792.165,103.2235,133.8644,10.1069,29.9312,93.1322,2100.1857,2135.8367,96.7631,1.3512,18.361,Normal,0,,0.0,None,0,No Action Required
2026-05-01 21:18:00,WELL-003,drilling,1792.7124,108.6152,133.622,11.0865,30.8261,92.1324,2105.6827,2089.7239,96.8788,1.35,8.0603,Normal,0,,0.0,None,0,No Action Required
2026-05-01 21:19:00,WELL-003,drilling,1793.1703,107.7946,134.7866,10.9126,29.8399,94.0153,2112.826,2121.7051,96.7939,1.3505,8.3245,Normal,0,,0.0,None,0,No Action Required
2026-05-01 21:20:00,WELL-003,drilling,1793.6595,107.4724,133.5416,10.201,28.5462,92.5877,2113.3087,2084.9267,96.8291,1.3565,8.463,Normal,0,,0.0,None,0,No Action Required
2026-05-01 21:21:00,WELL-003,drilling,1794.1425,100.7311,132.8361,10.2349,27.3213,92.7405,2117.429,2100.2235,96.8683,1.3519,7.9119,Normal,0,,0.0,None,0,No Action Required
2026-05-01 21:22:00,WELL-003,drilling,1794.6389,96.0872,135.0354,10.0137,28.5871,92.6196,2101.3433,2118.1081,96.8459,1.3521,7.4418,Normal,0,,0.0,None,0,No Action Required
2026-05-01 21:23:00,WELL-003,drilling,1795.066,99.1308,134.2877,10.3157,28.0176,92.8751,2102.3596,2120.6039,96.8746,1.3508,7.8636,Normal,0,,0.0,None,0,No Action Required
2026-05-01 21:24:00,WELL-003,drilling,1795.5418,103.821,133.9542,10.6789,29.2254,92.6077,2107.8117,2149.3552,96.9093,1.3505,8.4841,Normal,0,,0.0,None,0,No Action Required
2026-05-01 21:25:00,WELL-003,drilling,1796.0807,100.3692,134.88,10.7024,30.142,92.8703,2108.2268,2124.4534,96.9386,1.3495,8.3334,Normal,0,,0.0,None,0,No Action Required
2026-05-01 21:26:00,WELL-003,drilling,1796.6042,99.2134,135.1479,10.229,27.8935,92.7686,2103.8708,2175.3953,96.9761,1.3481,8.1834,Normal,0,,0.0,None,0,No Action Required
2026-05-01 21:27:00,WELL-003,drilling,1796.9972,101.7453,134.1023,10.4689,28.1125,92.3541,2101.7872,2124.9917,96.9416,1.3495,7.9292,Normal,0,,0.0,None,0,No Action Required
2026-05-01 21:28:00,WELL-003,drilling,1797.5012,101.8295,133.5349,10.6618,26.9058,93.2047,2098.509,2113.8223,96.9404,1.3494,7.4622,Normal,0,,0.0,None,0,No Action Required
2026-05-01 21:29:00,WELL-003,drilling,1797.9695,104.5402,135.0337,10.8691,28.9884,92.977,2111.448,2120.8789,96.9925,1.348,8.1251,Normal,0,,0.0,None,0,No Action Required
2026-05-01 21:30:00,WELL-003,drilling,1798.4634,104.7853,133.934,11.1404,29.9762,92.9365,2105.1022,2121.8414,97.0405,1.3474,7.4417,Normal,0,,0.0,None,0,No Action Required
2026-05-01 21:31:00,WELL-003,drilling,1798.9332,105.0306,133.8258,11.2919,30.261,93.0013,2094.7574,2100.6882,97.0391,1.3477,7.965,Normal,0,,0.0,None,0,No Action Required
2026-05-01 21:32:00,WELL-003,drilling,1799.4711,107.6797,134.2592,11.2048,31.1999,93.6982,2108.5909,2146.9001,97.0304,1.3527,7.7407,Normal,0,,0.0,None,0,No Action Required
2026-05-01 21:33:00,WELL-003,drilling,1800.0441,108.5169,132.6907,11.0758,31.954,93.3857,2105.0088,2123.5206,97.0883,1.3489,6.5537,Normal,0,,0.0,None,0,No Action Required
2026-05-01 21:34:00,WELL-003,drilling,1800.5358,105.7171,133.3127,11.0693,31.352,92.8876,2122.6029,2198.4243,97.0655,1.3485,7.4201,Normal,0,,0.0,None,0,No Action Required
2026-05-01 21:35:00,WELL-003,drilling,1801.1073,106.3769,133.9817,11.0733,31.3451,93.2867,2105.139,2157.6687,97.0986,1.3518,6.8775,Normal,0,,0.0,None,0,No Action Required
2026-05-01 21:36:00,WELL-003,drilling,1801.644,109.7766,133.1899,11.2158,31.8166,94.1053,2114.8862,2123.6742,97.1278,1.3529,7.0735,Normal,0,,0.0,None,0,No Action Required
2026-05-01 21:37:00,WELL-003,drilling,1802.1041,105.7674,133.1946,11.1297,31.0687,94.4779,2115.0307,2119.4432,97.1195,1.3492,6.4487,Normal,0,,0.0,None,0,No Action Required
2026-05-01 21:38:00,WELL-003,drilling,1802.6408,104.2045,134.3699,10.8925,29.8312,94.4084,2126.9637,2161.5855,97.1255,1.3539,7.5846,Normal,0,,0.0,None,0,No Action Required
2026-05-01 21:39:00,WELL-003,drilling,1803.125,109.1811,133.2748,11.0206,30.319,93.5461,2106.8381,2134.5333,97.1831,1.3505,6.9792,Normal,0,,0.0,None,0,No Action Required
2026-05-01 21:40:00,WELL-003,drilling,1803.654,111.1698,133.6594,10.8058,29.7492,94.6155,2123.5724,2150.3929,97.2342,1.3466,7.2135,Normal,0,,0.0,None,0,No Action Required
2026-05-01 21:41:00,WELL-003,connection,1803.6684,1.2774,0.0,0.0,0.0169,43.0319,847.4927,1391.9042,97.7373,1.3589,6.3522,Normal,0,,0.0,None,0,No Action Required
2026-05-01 21:42:00,WELL-003,connection,1803.6243,0.9687,0.0,0.0,0.0,14.7636,0.0,612.8544,98.3886,1.36,6.8941,Normal,0,,0.0,None,0,No Action Required
2026-05-01 21:43:00,WELL-003,connection,1803.6466,0.0,0.5255,0.0,0.0467,5.7327,0.0,271.9076,98.6601,1.3564,6.6497,Normal,0,,0.0,None,0,No Action Required
2026-05-01 21:44:00,WELL-003,connection,1803.6295,2.0715,0.0,0.0654,0.3504,1.3469,0.0,117.8527,98.7679,1.3624,6.5676,Normal,0,,0.0,None,0,No Action Required
2026-05-01 21:45:00,WELL-003,connection,1803.6177,0.2692,0.3645,0.0953,0.0,18.4276,1058.6533,657.4555,98.3941,1.3583,6.712,Normal,0,,0.0,None,0,No Action Required
2026-05-01 21:46:00,WELL-003,drilling,1803.7464,36.4266,43.683,6.5756,7.6791,69.3863,2095.7441,1505.1325,97.7365,1.3588,7.7726,Normal,0,,0.0,None,0,No Action Required
2026-05-01 21:47:00,WELL-003,drilling,1804.0644,72.281,86.8563,9.1027,17.2528,86.2859,2099.321,1881.0237,97.4807,1.3577,6.554,Normal,0,,0.0,None,0,No Action Required
2026-05-01 21:48:00,WELL-003,drilling,1804.5219,108.1288,131.631,11.2356,29.7096,91.1441,2121.2259,1985.6451,97.4008,1.3596,6.6436,Normal,0,,0.0,None,0,No Action Required
2026-05-01 21:49:00,WELL-003,drilling,1805.0386,109.6445,131.5537,11.0142,29.6246,93.1709,2107.9792,2076.1948,97.3627,1.3574,5.7634,Normal,0,,0.0,None,0,No Action Required
2026-05-01 21:50:00,WELL-003,drilling,1805.5446,105.5835,129.5046,10.7954,29.693,94.395,2111.019,2106.9068,97.3508,1.3627,6.477,Normal,0,,0.0,None,0,No Action Required
2026-05-01 21:51:00,WELL-003,drilling,1805.9999,106.6889,132.2263,10.5187,28.5806,93.9086,2108.6655,2139.2094,97.4042,1.3577,6.5274,Normal,0,,0.0,None,0,No Action Required
2026-05-01 21:52:00,WELL-003,drilling,1806.5053,109.0299,130.7506,10.642,29.8841,93.253,2113.1369,2176.1878,97.4122,1.3588,6.1414,Normal,0,,0.0,None,0,No Action Required
2026-05-01 21:53:00,WELL-003,drilling,1806.9533,107.246,129.3491,11.3016,27.6811,93.8138,2095.6418,2137.2286,97.4377,1.366,7.164,Normal,0,,0.0,None,0,No Action Required
2026-05-01 21:54:00,WELL-003,drilling,1807.4658,112.8973,130.2913,11.4185,28.6915,94.2096,2130.9565,2118.9742,97.4054,1.3606,6.6072,Normal,0,,0.0,None,0,No Action Required
2026-05-01 21:55:00,WELL-003,drilling,1807.9286,113.0678,131.0347,11.2117,29.1126,94.3394,2096.9109,2121.9775,97.4788,1.3624,8.0546,Normal,0,,0.0,None,0,No Action Required
2026-05-01 21:56:00,WELL-003,drilling,1808.4275,116.7374,131.1616,11.2147,28.0086,93.6526,2106.9599,2087.5505,97.4638,1.3605,8.8763,Normal,0,,0.0,None,0,No Action Required
2026-05-01 21:57:00,WELL-003,drilling,1808.9434,116.8406,131.1506,11.1809,30.6657,93.5194,2113.1326,2101.8263,97.4314,1.3578,7.3421,Normal,0,,0.0,None,0,No Action Required
2026-05-01 21:58:00,WELL-003,drilling,1809.4629,117.372,130.7857,11.6904,31.5699,93.2479,2117.1169,2101.2067,97.5111,1.3586,26.5242,Normal,0,,0.0,None,0,No Action Required
2026-05-01 21:59:00,WELL-003,drilling,1810.0146,119.2402,130.1575,12.2156,32.4853,94.2892,2100.6261,2139.6326,97.4736,1.357,26.0111,Normal,0,,0.0,None,0,No Action Required
2026-05-01 22:00:00,WELL-003,drilling,1810.476,118.2489,130.68,12.282,31.2088,94.4304,2115.1959,2131.4059,97.4849,1.3615,27.0871,Normal,0,,0.0,None,0,No Action Required
2026-05-01 22:01:00,WELL-003,drilling,1810.9817,113.3638,130.8481,11.712,29.5384,94.2237,2102.9954,2141.8,97.5364,1.3613,27.989,Normal,0,,0.0,None,0,No Action Required
2026-05-01 22:02:00,WELL-003,drilling,1811.5207,113.9842,131.0468,11.7967,30.1894,93.6526,2107.8292,2148.127,97.5743,1.3586,9.9191,Normal,0,,0.0,None,0,No Action Required
2026-05-01 22:03:00,WELL-003,drilling,1812.0286,111.6989,131.1563,11.2792,30.3375,94.9339,2103.2098,2140.5079,97.5857,1.3615,10.0085,Normal,0,,0.0,None,0,No Action Required
2026-05-01 22:04:00,WELL-003,drilling,1812.523,107.2936,130.7818,11.2535,28.9633,93.9524,2107.8731,2179.3097,97.6038,1.3608,11.2109,Normal,0,,0.0,None,0,No Action Required
2026-05-01 22:05:00,WELL-003,drilling,1813.0186,103.6438,130.6141,10.8444,29.1848,94.8418,2121.5114,2176.1876,97.5439,1.3607,9.8493,Normal,0,,0.0,None,0,No Action Required
2026-05-01 22:06:00,WELL-003,drilling,1813.483,103.2473,129.8734,10.9934,28.6367,94.6537,2096.3465,2126.2948,97.5945,1.358,9.9651,Normal,0,,0.0,None,0,No Action Required
2026-05-01 22:07:00,WELL-003,drilling,1813.9477,102.5671,131.3351,11.0701,28.7421,94.1405,2104.5356,2177.1555,97.5898,1.3581,9.8332,Normal,0,,0.0,None,0,No Action Required
2026-05-01 22:08:00,WELL-003,drilling,1814.4708,105.9335,130.1619,11.0772,28.0504,94.2955,2107.35,2063.0036,97.6785,1.3626,9.5056,Normal,0,,0.0,None,0,No Action Required
2026-05-01 22:09:00,WELL-003,drilling,1814.8706,97.828,130.7862,10.3697,26.8693,94.0837,2104.9038,2120.4092,97.6719,1.3606,10.007,Normal,0,,0.0,None,0,No Action Required
2026-05-01 22:10:00,WELL-003,drilling,1815.2999,100.9956,131.6638,10.5773,26.2084,94.4588,2103.4124,2120.2784,97.6331,1.3601,9.6991,Normal,0,,0.0,None,0,No Action Required
2026-05-01 22:11:00,WELL-003,drilling,1815.7508,102.0111,130.2255,10.5598,27.3776,93.8379,2104.3853,2151.9363,97.7241,1.3609,10.1507,Normal,0,,0.0,None,0,No Action Required
2026-05-01 22:12:00,WELL-003,drilling,1816.2462,104.7257,131.0441,10.4781,28.2533,94.5763,2102.7238,2116.9213,97.7721,1.3606,10.1086,Normal,0,,0.0,None,0,No Action Required
2026-05-01 22:13:00,WELL-003,drilling,1816.7047,108.4717,130.0987,11.1988,29.5872,94.2179,2095.5752,2103.2707,97.7793,1.3607,8.0309,Normal,0,,0.0,None,0,No Action Required
2026-05-01 22:14:00,WELL-003,drilling,1817.2167,108.4237,131.9312,10.9853,30.7698,93.9084,2104.5911,2121.0654,97.6985,1.3611,9.103,Normal,0,,0.0,None,0,No Action Required
2026-05-01 22:15:00,WELL-003,drilling,1817.7584,106.5584,130.3903,11.1854,29.5445,93.2162,2110.7398,2104.4677,97.7509,1.358,8.9786,Normal,0,,0.0,None,0,No Action Required
2026-05-01 22:16:00,WELL-003,drilling,1818.2043,104.6603,130.9382,10.9496,28.9728,92.8915,2103.0036,2145.3874,97.8307,1.3609,9.3302,Normal,0,,0.0,None,0,No Action Required
2026-05-01 22:17:00,WELL-003,drilling,1818.6905,103.6136,132.6765,10.9604,30.1917,93.2542,2098.8769,2136.1422,97.7718,1.3585,8.9488,Normal,0,,0.0,None,0,No Action Required
2026-05-01 22:18:00,WELL-003,drilling,1819.2262,107.7511,130.0731,11.3704,31.0954,92.5547,2094.5734,2104.1598,97.837,1.36,8.7389,Normal,0,,0.0,None,0,No Action Required
2026-05-01 22:19:00,WELL-003,drilling,1819.7014,105.6322,129.9518,10.9737,28.3422,92.9825,2095.149,2040.0015,97.885,1.361,8.2644,Normal,0,,0.0,None,0,No Action Required
2026-05-01 22:20:00,WELL-003,drilling,1820.1746,106.2491,130.0971,11.1539,28.2297,93.8311,2097.0387,2125.7085,97.8916,1.3592,8.686,Normal,0,,0.0,None,0,No Action Required
2026-05-01 22:21:00,WELL-003,drilling,1820.5819,96.6802,130.5094,10.4145,25.1777,93.2314,2097.3898,2146.1591,97.8818,1.3604,7.3634,Normal,0,,0.0,None,0,No Action Required
2026-05-01 22:22:00,WELL-003,drilling,1821.0047,98.5208,130.9254,10.7093,25.027,93.4815,2091.5791,2140.088,97.873,1.3593,8.7709,Normal,0,,0.0,None,0,No Action Required
2026-05-01 22:23:00,WELL-003,drilling,1821.4503,98.1099,130.8727,10.3401,25.7307,93.5638,2093.3387,2094.1427,97.898,1.3612,8.9886,Normal,0,,0.0,None,0,No Action Required
2026-05-01 22:24:00,WELL-003,drilling,1821.8252,97.9963,131.5235,10.5784,26.0604,93.059,2097.1004,2095.813,97.9112,1.3617,9.203,Normal,0,,0.0,None,0,No Action Required
2026-05-01 22:25:00,WELL-003,drilling,1822.3307,98.5979,131.2099,10.6424,27.9137,93.5646,2097.8752,2156.0074,97.9085,1.3603,9.0402,Normal,0,,0.0,None,0,No Action Required
2026-05-01 22:26:00,WELL-003,drilling,1822.7723,96.3378,129.9998,10.5051,24.8941,93.4774,2102.6001,2149.9154,97.9048,1.3592,8.8999,Normal,0,,0.0,None,0,No Action Required
2026-05-01 22:27:00,WELL-003,drilling,1823.1427,91.6337,130.5542,10.2008,25.381,93.4193,2097.0335,2134.5111,97.9638,1.3596,9.3244,Normal,0,,0.0,None,0,No Action Required
2026-05-01 22:28:00,WELL-003,drilling,1823.5964,92.7922,131.3839,9.8593,26.612,93.4523,2105.2941,2117.0923,97.9915,1.3585,8.9328,Normal,0,,0.0,None,0,No Action Required
2026-05-01 22:29:00,WELL-003,drilling,1824.0178,90.2243,130.5957,9.4843,25.8983,94.0816,2099.3075,2143.7457,97.9451,1.3648,8.8632,Normal,0,,0.0,None,0,No Action Required
2026-05-01 22:30:00,WELL-003,drilling,1824.4411,87.1605,132.1789,9.4875,24.7914,93.7313,2109.1109,2102.0323,98.018,1.3599,7.9241,Normal,0,,0.0,None,0,No Action Required
2026-05-01 22:31:00,WELL-003,drilling,1824.797,80.5962,131.0668,9.7835,23.9884,94.2565,2104.6717,2121.0819,98.0018,1.3576,8.9481,Normal,0,,0.0,None,0,No Action Required
2026-05-01 22:32:00,WELL-003,drilling,1825.2746,89.3882,131.2663,9.9158,25.0462,94.0319,2102.6758,2101.8921,97.9945,1.3598,9.2281,Normal,0,,0.0,None,0,No Action Required
2026-05-01 22:33:00,WELL-003,drilling,1825.6632,89.8689,130.9701,9.9018,26.0489,94.413,2118.7308,2168.9888,98.0346,1.3614,9.275,Normal,0,,0.0,None,0,No Action Required
2026-05-01 22:34:00,WELL-003,drilling,1826.1048,88.3066,130.8749,10.038,25.9743,95.2376,2113.8278,2130.5113,98.0483,1.3597,9.3726,Normal,0,,0.0,None,0,No Action Required
2026-05-01 22:35:00,WELL-003,drilling,1826.5364,88.7394,130.8229,10.1871,26.4055,95.3466,2128.8786,2149.9822,98.0827,1.3581,8.96,Normal,0,,0.0,None,0,No Action Required
2026-05-01 22:36:00,WELL-003,drilling,1826.9729,87.899,130.4945,10.2228,26.4524,95.1328,2116.281,2114.1255,98.1075,1.3606,8.3341,Normal,0,,0.0,None,0,No Action Required
2026-05-01 22:37:00,WELL-003,drilling,1827.4269,90.9719,131.276,10.5497,27.63,95.5498,2128.7448,2135.7033,98.0524,1.36,9.3033,Normal,0,,0.0,None,0,No Action Required
2026-05-01 22:38:00,WELL-003,drilling,1827.8933,89.9619,130.3978,10.3699,26.4142,95.0731,2106.0968,2109.804,98.1416,1.36,9.2227,Normal,0,,0.0,None,0,No Action Required
2026-05-01 22:39:00,WELL-003,drilling,1828.3245,88.7195,131.1326,10.0698,27.0605,95.3372,2115.5027,2177.0152,98.1135,1.3592,9.377,Normal,0,,0.0,None,0,No Action Required
2026-05-01 22:40:00,WELL-003,drilling,1828.762,85.2722,130.6028,9.8681,26.4276,95.4192,2102.8541,2122.6031,98.1379,1.3582,9.2599,Normal,0,,0.0,None,0,No Action Required
2026-05-01 22:41:00,WELL-003,drilling,1829.1806,86.0499,130.6527,10.248,26.0296,95.2864,2122.999,2182.3141,98.1238,1.3648,9.0589,Normal,0,,0.0,None,0,No Action Required
2026-05-01 22:42:00,WELL-003,drilling,1829.6383,86.3473,130.5526,10.5554,26.1922,95.5994,2126.0412,2124.8573,98.206,1.3616,9.6733,Normal,0,,0.0,None,0,No Action Required
2026-05-01 22:43:00,WELL-003,drilling,1830.0819,88.3686,129.9805,10.7405,25.8805,95.5734,2122.0852,2145.2649,98.1862,1.3612,9.9724,Normal,0,,0.0,None,0,No Action Required
2026-05-01 22:44:00,WELL-003,drilling,1830.5127,93.3611,131.45,10.6109,27.2,95.1314,2120.3718,2199.8735,98.2323,1.363,9.5987,Normal,0,,0.0,None,0,No Action Required
2026-05-01 22:45:00,WELL-003,drilling,1831.0092,88.2499,131.3042,10.5689,25.6229,95.3947,2116.0578,2182.3875,98.1974,1.3601,9.2907,Normal,0,,0.0,None,0,No Action Required
2026-05-01 22:46:00,WELL-003,drilling,1831.3864,87.671,129.9894,10.5562,26.4224,96.0614,2109.4128,2199.8671,98.1748,1.3592,9.6062,Normal,0,,0.0,None,0,No Action Required
2026-05-01 22:47:00,WELL-003,drilling,1831.8359,90.3392,131.6407,10.207,26.3568,95.766,2113.1586,2185.9531,98.1743,1.3593,9.0677,Normal,0,,0.0,None,0,No Action Required
2026-05-01 22:48:00,WELL-003,drilling,1832.2249,87.8781,129.6263,10.3312,24.8406,95.5582,2123.0064,2158.6072,98.2518,1.3582,9.5507,Normal,0,,0.0,None,0,No Action Required
2026-05-01 22:49:00,WELL-003,connection,1832.2414,1.3538,0.3904,0.1617,0.0,43.2887,843.6766,1425.1,98.8507,1.3607,8.3055,Normal,0,,0.0,None,0,No Action Required
2026-05-01 22:50:00,WELL-003,connection,1832.2009,1.2799,0.1372,0.0839,0.0,15.0298,0.0,608.9546,99.4471,1.3624,7.6074,Normal,0,,0.0,None,0,No Action Required
2026-05-01 22:51:00,WELL-003,connection,1832.2293,0.2064,0.0,0.0,0.2683,4.9317,0.0,268.8389,99.6972,1.358,8.1733,Normal,0,,0.0,None,0,No Action Required
2026-05-01 22:52:00,WELL-003,connection,1832.2807,0.8518,0.513,0.0,1.026,1.7209,0.0,117.5574,99.8087,1.3604,8.6545,Normal,0,,0.0,None,0,No Action Required
2026-05-01 22:53:00,WELL-003,connection,1832.2619,0.0,0.1185,0.1348,0.1254,0.7795,0.0,51.4257,99.906,1.358,8.3013,Normal,0,,0.0,None,0,No Action Required
2026-05-01 22:54:00,WELL-003,connection,1832.229,1.0309,0.0,0.0,0.0,0.0,0.0,22.3033,99.8799,1.3627,8.938,Normal,0,,0.0,None,0,No Action Required
2026-05-01 22:55:00,WELL-003,connection,1832.2192,0.0,0.936,0.0,0.1789,0.8593,0.0,9.6795,99.9145,1.3609,8.782,Normal,0,,0.0,None,0,No Action Required
2026-05-01 22:56:00,WELL-003,connection,1832.2321,1.0672,0.0,0.0,0.2719,17.7808,1047.9992,612.8166,99.5387,1.3579,9.1711,Normal,0,,0.0,None,0,No Action Required
2026-05-01 22:57:00,WELL-003,drilling,1832.3966,31.5512,40.8685,6.7852,7.0909,68.839,2106.5666,1442.0062,98.8435,1.3609,8.9577,Normal,0,,0.0,None,0,No Action Required
2026-05-01 22:58:00,WELL-003,drilling,1832.6534,66.2492,83.3908,9.279,15.6315,85.8809,2110.6403,1846.1246,98.6055,1.3555,9.3495,Normal,0,,0.0,None,0,No Action Required
2026-05-01 22:59:00,WELL-003,drilling,1833.0493,99.8501,124.0794,10.881,26.5335,92.46,2117.3675,1980.1587,98.4984,1.3615,8.2169,Normal,0,,0.0,None,0,No Action Required
2026-05-01 23:00:00,WELL-003,drilling,1833.5036,105.9649,124.7457,11.0526,27.2697,93.4261,2105.2293,2077.3257,98.4505,1.3615,8.5355,Normal,0,,0.0,None,0,No Action Required
2026-05-01 23:01:00,WELL-003,drilling,1833.9939,107.3839,123.3011,11.6088,27.528,94.4025,2111.3604,2106.679,98.465,1.3564,9.4763,Normal,0,,0.0,None,0,No Action Required
2026-05-01 23:02:00,WELL-003,drilling,1834.4114,106.9784,124.1455,11.814,27.5807,94.834,2104.403,2112.2568,98.3822,1.362,8.1374,Normal,0,,0.0,None,0,No Action Required
2026-05-01 23:03:00,WELL-003,drilling,1834.9302,107.2406,124.6606,11.5476,28.8632,94.3603,2109.2479,2145.1008,98.3919,1.3617,9.3784,Normal,0,,0.0,None,0,No Action Required
2026-05-01 23:04:00,WELL-003,drilling,1835.4353,109.8541,123.9457,11.7965,30.4378,94.6747,2116.8558,2135.9003,98.4355,1.3595,9.6931,Normal,0,,0.0,None,0,No Action Required
2026-05-01 23:05:00,WELL-003,drilling,1835.9625,111.8525,124.3671,11.7719,30.9757,94.89,2109.3531,2121.3931,98.4519,1.3567,10.1584,Normal,0,,0.0,None,0,No Action Required
2026-05-01 23:06:00,WELL-003,drilling,1836.4501,112.2038,123.6455,12.0238,30.0969,95.5249,2107.62,2077.2581,98.4262,1.3646,27.9198,Normal,0,,0.0,None,0,No Action Required
2026-05-01 23:07:00,WELL-003,drilling,1836.9473,106.9316,123.6573,11.6368,28.7248,95.3113,2109.7575,2131.1535,98.5138,1.3608,28.6589,Normal,0,,0.0,None,0,No Action Required
2026-05-01 23:08:00,WELL-003,drilling,1837.4141,103.7297,123.4611,11.7737,27.0647,95.5363,2100.9464,2126.0404,98.4925,1.3572,29.9923,Normal,0,,0.0,None,0,No Action Required
2026-05-01 23:09:00,WELL-003,drilling,1837.8372,100.1215,124.0477,11.707,27.6134,95.0604,2129.9699,2132.4961,98.4957,1.3583,28.4923,Normal,0,,0.0,None,0,No Action Required
2026-05-01 23:10:00,WELL-003,drilling,1838.3553,100.3541,124.3132,11.6498,27.9457,95.8793,2111.2097,2133.567,98.5635,1.3595,28.565,Normal,0,,0.0,None,0,No Action Required
2026-05-01 23:11:00,WELL-003,drilling,1838.7665,103.0968,124.73,11.8322,26.4967,95.6326,2121.7475,2133.2704,98.5338,1.3547,29.7507,Normal,0,,0.0,None,0,No Action Required
2026-05-01 23:12:00,WELL-003,drilling,1839.2378,102.5009,122.9114,11.828,28.4427,95.6361,2115.3883,2141.0402,98.5621,1.3596,29.0936,Normal,0,,0.0,None,0,No Action Required
2026-05-01 23:13:00,WELL-003,drilling,1839.7061,101.4402,123.4149,11.4958,26.9257,95.4104,2107.8634,2121.1563,98.5988,1.3587,12.2391,Normal,0,,0.0,None,0,No Action Required
2026-05-01 23:14:00,WELL-003,drilling,1840.1699,99.6343,125.3668,11.0965,26.3617,96.4281,2096.5144,2170.3104,98.5917,1.3587,12.8508,Normal,0,,0.0,None,0,No Action Required
2026-05-01 23:15:00,WELL-003,drilling,1840.5567,95.1305,122.6556,10.4882,26.5215,96.2288,2115.6409,2157.9981,98.5959,1.3579,12.1717,Normal,0,,0.0,None,0,No Action Required
2026-05-01 23:16:00,WELL-003,drilling,1841.0561,96.3185,124.3953,10.5372,26.7678,95.3909,2119.8068,2128.3862,98.5917,1.3595,12.905,Normal,0,,0.0,None,0,No Action Required
2026-05-01 23:17:00,WELL-003,drilling,1841.4853,98.1827,124.4104,10.8353,27.9765,96.0306,2107.4872,2085.8286,98.644,1.3601,11.6715,Normal,0,,0.0,None,0,No Action Required
2026-05-01 23:18:00,WELL-003,drilling,1842.0116,101.1878,123.4104,11.0289,27.8797,95.4496,2116.0968,2116.9454,98.632,1.3569,12.397,Normal,0,,0.0,None,0,No Action Required
2026-05-01 23:19:00,WELL-003,drilling,1842.4013,101.1979,122.7393,11.1228,26.7309,94.7909,2114.4521,2119.3144,98.6597,1.361,11.627,Normal,0,,0.0,None,0,No Action Required
2026-05-01 23:20:00,WELL-003,drilling,1842.8327,104.6436,124.2231,10.7913,25.9142,94.5788,2111.1464,2097.9383,98.6888,1.3608,11.924,Normal,0,,0.0,None,0,No Action Required
2026-05-01 23:21:00,WELL-003,drilling,1843.2944,104.0837,123.1277,11.0263,25.8739,94.2385,2102.6289,2158.7489,98.6488,1.3599,11.7544,Normal,0,,0.0,None,0,No Action Required
2026-05-01 23:22:00,WELL-003,drilling,1843.7169,108.678,123.5248,11.2279,27.3011,94.8058,2102.1957,2136.9361,98.6928,1.3626,11.4981,Normal,0,,0.0,None,0,No Action Required
2026-05-01 23:23:00,WELL-003,drilling,1844.2331,108.285,123.3991,11.4244,28.7917,94.086,2105.5758,2115.5635,98.7196,1.36,11.8413,Normal,0,,0.0,None,0,No Action Required
2026-05-01 23:24:00,WELL-003,drilling,1844.6498,103.6319,123.4841,11.0498,27.5114,94.2316,2102.0546,2101.1973,98.7287,1.3587,11.4035,Normal,0,,0.0,None,0,No Action Required
2026-05-01 23:25:00,WELL-003,drilling,1845.0879,104.2396,123.0467,11.3683,26.5079,95.2228,2109.6229,2136.5415,98.7105,1.36,11.6308,Normal,0,,0.0,None,0,No Action Required
2026-05-01 23:26:00,WELL-003,drilling,1845.4579,102.6457,122.5804,11.1734,24.5433,94.5375,2095.5999,2119.3082,98.7827,1.3581,12.3248,Normal,0,,0.0,None,0,No Action Required
2026-05-01 23:27:00,WELL-003,drilling,1845.948,103.55,125.1097,11.4448,26.3015,95.1404,2112.0755,2122.5024,98.7681,1.3602,12.0095,Normal,0,,0.0,None,0,No Action Required
2026-05-01 23:28:00,WELL-003,drilling,1846.3703,98.4728,123.1344,10.9297,26.5627,94.8738,2110.3438,2100.8411,98.7854,1.3602,12.8254,Normal,0,,0.0,None,0,No Action Required
2026-05-01 23:29:00,WELL-003,drilling,1846.864,100.9518,124.615,11.2448,26.5817,94.8745,2089.6744,2099.9126,98.7924,1.3564,12.0437,Normal,0,,0.0,None,0,No Action Required
2026-05-01 23:30:00,WELL-003,drilling,1847.2912,96.4766,123.4016,10.5848,25.428,94.1052,2080.4098,2047.8562,98.7436,1.3633,12.9892,Normal,0,,0.0,None,0,No Action Required
2026-05-01 23:31:00,WELL-003,drilling,1847.6899,93.6575,124.0903,10.1119,25.1334,93.292,2088.6369,2102.7742,98.8275,1.3622,12.2295,Normal,0,,0.0,None,0,No Action Required
2026-05-01 23:32:00,WELL-003,drilling,1848.1116,96.491,123.6121,10.5169,24.5602,93.7798,2102.4761,2111.3081,98.8252,1.359,12.7795,Normal,0,,0.0,None,0,No Action Required
2026-05-01 23:33:00,WELL-003,drilling,1848.5481,101.1858,123.6148,10.7324,27.6691,94.5607,2094.4187,2095.9538,98.8281,1.3603,12.2967,Normal,0,,0.0,None,0,No Action Required
2026-05-01 23:34:00,WELL-003,drilling,1849.0366,104.2251,123.8389,11.1895,26.7816,94.5168,2097.3195,2124.6333,98.8251,1.3597,11.8229,Normal,0,,0.0,None,0,No Action Required
2026-05-01 23:35:00,WELL-003,drilling,1849.4888,102.8261,123.6489,11.4149,28.0273,94.8188,2086.1236,2105.7244,98.9155,1.3622,11.4792,Normal,0,,0.0,None,0,No Action Required
2026-05-01 23:36:00,WELL-003,drilling,1850.012,104.9603,122.9386,11.5735,29.5347,93.6491,2104.2317,2119.1796,98.8572,1.3581,11.0078,Normal,0,,0.0,None,0,No Action Required
2026-05-01 23:37:00,WELL-003,drilling,1850.5074,107.2514,123.2846,11.3399,32.0029,93.1449,2106.0932,2093.8884,98.9203,1.357,11.8626,Normal,0,,0.0,None,0,No Action Required
2026-05-01 23:38:00,WELL-003,drilling,1850.9829,103.5964,123.6023,11.0088,29.677,93.9889,2103.4363,2147.4963,98.9065,1.3616,11.373,Normal,0,,0.0,None,0,No Action Required
2026-05-01 23:39:00,WELL-003,drilling,1851.4703,100.7606,123.4089,10.8502,30.2503,94.0199,2105.4909,2126.1181,98.9239,1.3598,11.3846,Normal,0,,0.0,None,0,No Action Required
2026-05-01 23:40:00,WELL-003,drilling,1851.9504,95.8525,123.5332,10.5254,29.0978,93.8775,2091.1055,2096.067,98.9124,1.3619,11.4117,Normal,0,,0.0,None,0,No Action Required
2026-05-01 23:41:00,WELL-003,drilling,1852.427,95.8008,122.8812,10.8069,27.521,94.0892,2101.7533,2130.9092,98.9625,1.3599,11.4055,Normal,0,,0.0,None,0,No Action Required
2026-05-01 23:42:00,WELL-003,drilling,1852.8748,94.786,124.4825,10.7597,27.6509,93.7672,2090.9083,2124.4385,98.9378,1.3597,10.1344,Normal,0,,0.0,None,0,No Action Required
2026-05-01 23:43:00,WELL-003,drilling,1853.3355,92.5664,123.6139,10.706,25.9574,94.1538,2095.9951,2104.4494,99.0226,1.3595,11.4604,Normal,0,,0.0,None,0,No Action Required
2026-05-01 23:44:00,WELL-003,drilling,1853.7082,93.8619,122.2196,10.6618,26.5611,93.9099,2088.8619,2143.7483,99.0078,1.3639,10.8649,Normal,0,,0.0,None,0,No Action Required
2026-05-01 23:45:00,WELL-003,drilling,1854.1301,92.6309,123.7214,10.8673,24.4325,94.4241,2096.7868,2110.166,99.0068,1.3587,11.1308,Normal,0,,0.0,None,0,No Action Required
2026-05-01 23:46:00,WELL-003,drilling,1854.5866,93.2925,123.3595,11.1579,25.3531,94.0073,2098.1828,2111.9308,98.9998,1.3589,9.8888,Normal,0,,0.0,None,0,No Action Required
2026-05-01 23:47:00,WELL-003,drilling,1854.9868,91.3716,123.396,10.7645,23.2902,93.4992,2101.0305,2131.2765,99.0557,1.3611,10.4125,Normal,0,,0.0,None,0,No Action Required
2026-05-01 23:48:00,WELL-003,drilling,1855.4179,92.7002,122.6424,10.5916,25.8698,93.5508,2087.0967,2087.1793,99.0151,1.3618,11.0397,Normal,0,,0.0,None,0,No Action Required
2026-05-01 23:49:00,WELL-003,drilling,1855.7996,89.3956,124.3944,10.2324,24.9306,94.2504,2080.0548,2139.8161,99.0395,1.3588,9.8547,Normal,0,,0.0,None,0,No Action Required
2026-05-01 23:50:00,WELL-003,drilling,1856.216,89.9651,122.7476,10.5986,24.6345,94.519,2106.7256,2101.5061,99.0966,1.3605,11.0673,Normal,0,,0.0,None,0,No Action Required
2026-05-01 23:51:00,WELL-003,drilling,1856.6335,89.3901,123.4974,10.4417,22.4296,94.8062,2085.3458,2136.2353,99.0343,1.3574,10.6496,Normal,0,,0.0,None,0,No Action Required
2026-05-01 23:52:00,WELL-003,drilling,1857.0475,94.1807,123.539,10.7156,25.2432,93.8237,2094.2347,2087.8856,99.0929,1.3632,10.3674,Normal,0,,0.0,None,0,No Action Required
2026-05-01 23:53:00,WELL-003,drilling,1857.5125,95.1267,124.7321,10.824,29.0426,94.7385,2088.6888,2118.4048,99.1209,1.3652,9.9915,Normal,0,,0.0,None,0,No Action Required
2026-05-01 23:54:00,WELL-003,drilling,1857.981,93.0275,123.3581,10.8599,27.4068,94.6848,2100.2507,2139.1498,99.0768,1.3601,10.3933,Normal,0,,0.0,None,0,No Action Required
2026-05-01 23:55:00,WELL-003,drilling,1858.4178,94.2208,123.5482,10.9267,27.682,94.0935,2090.3157,2116.5897,99.1216,1.3578,10.7055,Normal,0,,0.0,None,0,No Action Required
2026-05-01 23:56:00,WELL-003,drilling,1858.9322,96.8882,123.993,10.764,27.9634,93.7394,2088.4595,2075.2968,99.0454,1.3571,9.3981,Normal,0,,0.0,None,0,No Action Required
2026-05-01 23:57:00,WELL-003,drilling,1859.3637,97.5753,123.7163,10.9122,27.546,94.5259,2091.0805,2151.3395,99.1616,1.3583,9.8584,Normal,0,,0.0,None,0,No Action Required
2026-05-01 23:58:00,WELL-003,drilling,1859.7732,97.5368,124.012,10.2077,27.1803,94.1009,2096.3913,2153.6624,99.1478,1.3605,9.6538,Normal,0,,0.0,None,0,No Action Required
2026-05-01 23:59:00,WELL-003,drilling,1860.2219,96.466,124.9999,10.2487,25.9098,93.9751,2081.3634,2120.7565,99.1795,1.3615,10.4249,Normal,0,,0.0,None,0,No Action Required
