timestamp,well_id,pressure_psi,temperature_c,flow_rate_bpd,vibration,gas_ratio,mud_density,pump_rpm,torque,rop,anomaly_type,anomaly_flag,severity,priority_score,recommended_response,pressure_change,temperature_change,flow_change,vibration_change,rolling_pressure_mean,rolling_temperature_mean,rolling_flow_mean,rolling_vibration_mean,health_score,iso_prediction,predicted_anomaly,predicted_risk_score
2026-05-01 00:00:00,WELL-001,3232.59,94.12,810.12,2.47,17.24,9.99,115.12,6022.79,28.03,Normal,0,0,0,No Action Required,0.0,0.0,0.0,0.0,3232.59,94.12,810.12,2.47,100,1,Normal,5
2026-05-01 00:05:00,WELL-001,3246.94,93.47,807.01,2.35,16.72,10.01,110.88,6123.99,28.66,Normal,0,0,0,No Action Required,14.349999999999907,-0.6500000000000057,-3.1100000000000136,-0.1200000000000001,3239.7650000000003,93.795,808.565,2.41,100,1,Normal,5
2026-05-01 00:10:00,WELL-001,3184.87,93.61,811.42,2.14,17.81,10.04,115.07,6042.13,28.04,Normal,0,0,0,No Action Required,-62.07000000000016,0.1400000000000005,4.409999999999968,-0.2099999999999999,3221.4666666666667,93.73333333333332,809.5166666666668,2.3200000000000003,100,1,Normal,5
2026-05-01 00:15:00,WELL-001,3221.83,96.15,818.34,2.41,17.43,10.05,117.69,6136.8,28.24,Normal,0,0,0,No Action Required,36.96000000000004,2.5400000000000063,6.920000000000073,0.27,3221.5575,94.3375,811.7225,2.3425,100,1,Normal,5
2026-05-01 00:20:00,WELL-001,3218.63,94.25,803.1,2.46,16.84,10.01,114.37,6135.44,28.03,Normal,0,0,0,No Action Required,-3.199999999999818,-1.9000000000000057,-15.240000000000007,0.0499999999999998,3220.972,94.32,809.9979999999999,2.366,100,1,Normal,5
2026-05-01 00:25:00,WELL-001,3220.55,95.05,798.11,2.25,17.01,10.02,110.19,6193.83,27.85,Normal,0,0,0,No Action Required,1.9200000000000728,0.7999999999999972,-4.990000000000009,-0.2099999999999999,3220.901666666666,94.44166666666666,808.0166666666668,2.3466666666666667,100,1,Normal,5
2026-05-01 00:30:00,WELL-001,3228.76,93.44,807.27,2.21,17.69,9.97,110.77,6336.43,28.44,Normal,0,0,0,No Action Required,8.210000000000036,-1.6099999999999994,9.159999999999968,-0.04,3222.024285714286,94.29857142857144,807.91,2.327142857142857,100,1,Normal,5
2026-05-01 00:35:00,WELL-001,3242.05,94.47,804.18,2.24,17.24,9.97,111.07,5940.21,28.26,Normal,0,0,0,No Action Required,13.289999999999964,1.0300000000000011,-3.090000000000032,0.0300000000000002,3224.5275,94.32,807.44375,2.31625,100,1,Normal,5
2026-05-01 00:40:00,WELL-001,3253.05,94.57,806.95,2.39,16.27,10.0,110.05,6111.97,28.11,Normal,0,0,0,No Action Required,11.0,0.0999999999999943,2.7700000000000955,0.1499999999999999,3227.6966666666667,94.34777777777778,807.3888888888889,2.3244444444444445,100,1,Normal,5
2026-05-01 00:45:00,WELL-001,3209.08,94.13,808.62,2.58,17.58,10.03,111.01,5991.18,28.46,Normal,0,0,0,No Action Required,-43.970000000000255,-0.4399999999999977,1.669999999999959,0.1899999999999999,3225.835,94.326,807.512,2.35,100,1,Normal,5
2026-05-01 00:50:00,WELL-001,3221.12,94.26,815.62,2.22,17.83,10.07,108.8,6333.84,28.35,Normal,0,0,0,No Action Required,12.039999999999964,0.1300000000000096,7.0,-0.3599999999999999,3225.406363636364,94.32,808.2490909090909,2.3381818181818184,100,1,Normal,5
2026-05-01 00:55:00,WELL-001,3216.11,94.53,799.98,2.46,17.06,10.12,113.02,6163.51,27.9,Normal,0,0,0,No Action Required,-5.009999999999764,0.269999999999996,-15.639999999999986,0.2399999999999997,3224.6316666666667,94.3375,807.56,2.348333333333333,100,1,Normal,5
2026-05-01 01:00:00,WELL-001,3247.19,94.52,795.99,2.37,18.02,10.06,112.15,5911.61,27.89,Normal,0,0,0,No Action Required,31.079999999999927,-0.0100000000000051,-3.990000000000009,-0.0899999999999998,3225.848333333334,94.37083333333332,806.3825,2.3400000000000003,100,1,Normal,5
2026-05-01 01:05:00,WELL-001,3207.17,92.69,813.57,2.41,17.97,9.97,112.9,5959.11,27.98,Normal,0,0,0,No Action Required,-40.01999999999998,-1.8299999999999983,17.58000000000004,0.04,3222.534166666667,94.30583333333334,806.9291666666668,2.345,100,1,Normal,5
2026-05-01 01:10:00,WELL-001,3228.49,94.16,807.71,2.51,17.64,9.98,112.84,6177.94,28.63,Normal,0,0,0,No Action Required,21.31999999999971,1.4699999999999989,-5.860000000000014,0.0999999999999996,3226.1691666666666,94.35166666666667,806.62,2.375833333333333,100,1,Normal,5
2026-05-01 01:15:00,WELL-001,3220.59,95.24,809.94,2.27,17.62,10.03,109.42,6069.14,28.23,Normal,0,0,0,No Action Required,-7.899999999999636,1.0799999999999983,2.230000000000018,-0.2399999999999997,3226.0658333333336,94.27583333333337,805.9200000000001,2.3641666666666667,100,1,Normal,5
2026-05-01 01:20:00,WELL-001,3221.58,95.76,817.4,2.35,17.17,10.01,112.5,6039.28,26.74,Normal,0,0,0,No Action Required,0.9899999999997816,0.5200000000000102,7.459999999999923,0.08,3226.3116666666665,94.40166666666669,807.1116666666667,2.355,100,1,Normal,5
2026-05-01 01:25:00,WELL-001,3264.08,94.53,805.86,2.44,17.31,10.0,110.89,5914.67,27.68,Normal,0,0,0,No Action Required,42.5,-1.230000000000004,-11.539999999999964,0.0899999999999998,3229.9391666666666,94.35833333333332,807.7575,2.370833333333333,100,1,Normal,5
2026-05-01 01:30:00,WELL-001,3212.39,95.18,813.08,2.29,16.41,10.02,112.06,6053.9,28.6,Normal,0,0,0,No Action Required,-51.690000000000055,0.6500000000000057,7.220000000000027,-0.1499999999999999,3228.5750000000003,94.50333333333332,808.2416666666667,2.3775,100,1,Normal,5
2026-05-01 01:35:00,WELL-001,3234.98,93.56,797.64,2.37,17.02,10.01,114.96,5960.55,28.25,Normal,0,0,0,No Action Required,22.590000000000146,-1.6200000000000043,-15.440000000000056,0.08,3227.9858333333336,94.4275,807.6966666666667,2.388333333333333,100,1,Normal,5
2026-05-01 01:40:00,WELL-001,3248.96,94.45,813.06,2.36,17.4,10.04,111.76,6297.6,28.45,Normal,0,0,0,No Action Required,13.980000000000018,0.8900000000000006,15.41999999999996,-0.0100000000000002,3227.645,94.4175,808.2058333333333,2.3858333333333333,100,1,Normal,5
2026-05-01 01:45:00,WELL-001,3255.94,95.6,809.9,2.56,17.41,9.98,112.93,5997.91,27.38,Normal,0,0,0,No Action Required,6.980000000000018,1.1499999999999917,-3.159999999999968,0.2000000000000001,3231.5500000000006,94.54,808.3125,2.3841666666666668,100,1,Normal,5
2026-05-01 01:50:00,WELL-001,3217.14,94.6,815.78,2.3,17.69,9.96,111.07,6243.44,28.24,Normal,0,0,0,No Action Required,-38.80000000000018,-1.0,5.879999999999996,-0.2600000000000002,3231.2183333333337,94.56833333333331,808.3258333333333,2.390833333333333,100,1,Normal,5
2026-05-01 01:55:00,WELL-001,3229.36,94.77,797.64,2.36,17.34,10.08,109.56,6274.83,28.17,Normal,0,0,0,No Action Required,12.220000000000256,0.1700000000000017,-18.139999999999983,0.06,3232.3225,94.58833333333332,808.1308333333335,2.3825,100,1,Normal,5
2026-05-01 02:00:00,WELL-001,3219.73,93.72,807.97,2.24,17.14,10.01,115.19,6200.37,27.96,Normal,0,0,0,No Action Required,-9.63000000000011,-1.0499999999999972,10.33000000000004,-0.1199999999999996,3230.0341666666664,94.52166666666666,809.1291666666667,2.3716666666666666,100,1,Normal,5
2026-05-01 02:05:00,WELL-001,3235.9,93.42,789.48,2.25,17.73,10.06,113.67,5952.77,27.93,Normal,0,0,0,No Action Required,16.170000000000073,-0.2999999999999971,-18.49000000000001,0.0099999999999997,3232.4283333333333,94.5825,807.1216666666666,2.3583333333333334,100,1,Normal,5
2026-05-01 02:10:00,WELL-001,3224.28,94.85,803.96,2.28,17.46,10.03,111.45,6128.96,28.67,Normal,0,0,0,No Action Required,-11.61999999999989,1.4299999999999926,14.480000000000018,0.0299999999999998,3232.0775,94.64,806.8091666666668,2.339166666666667,100,1,Normal,5
2026-05-01 02:15:00,WELL-001,3265.43,95.5,809.48,2.37,17.7,9.96,114.73,6069.77,28.82,Normal,0,0,0,No Action Required,41.14999999999964,0.6500000000000057,5.519999999999982,0.0900000000000003,3235.8141666666666,94.66166666666663,806.7708333333334,2.3475,100,1,Normal,5
2026-05-01 02:20:00,WELL-001,3250.31,94.95,803.9,2.46,17.51,10.0,113.09,6188.17,27.67,Normal,0,0,0,No Action Required,-15.11999999999989,-0.5499999999999972,-5.580000000000041,0.0899999999999998,3238.208333333333,94.59416666666664,805.6458333333334,2.356666666666667,100,1,Normal,5
2026-05-01 02:25:00,WELL-001,3252.79,95.54,815.28,2.31,17.34,10.03,114.38,6141.44,27.72,Normal,0,0,0,No Action Required,2.480000000000018,0.5900000000000034,11.379999999999995,-0.1499999999999999,3237.2675,94.67833333333331,806.4308333333333,2.345833333333333,100,1,Normal,5
2026-05-01 02:30:00,WELL-001,3244.96,97.02,810.68,2.59,17.71,10.09,113.52,6150.71,28.32,Normal,0,0,0,No Action Required,-7.829999999999927,1.4799999999999898,-4.600000000000023,0.2799999999999998,3239.9816666666666,94.83166666666666,806.2308333333334,2.370833333333333,100,1,Normal,5
2026-05-01 02:35:00,WELL-001,3239.8,95.76,801.62,2.62,17.02,10.06,115.66,6080.87,27.77,Normal,0,0,0,No Action Required,-5.159999999999855,-1.259999999999991,-9.059999999999944,0.0300000000000002,3240.383333333333,95.015,806.5625,2.3916666666666666,100,1,Normal,5
2026-05-01 02:40:00,WELL-001,3260.52,95.22,812.29,2.38,17.95,9.91,113.66,6232.7,28.26,Normal,0,0,0,No Action Required,20.7199999999998,-0.5400000000000063,10.66999999999996,-0.2400000000000002,3241.3466666666664,95.07916666666664,806.4983333333334,2.393333333333333,100,1,Normal,5
2026-05-01 02:45:00,WELL-001,3245.17,94.58,805.95,2.2,17.09,9.98,114.24,6041.39,28.0,Normal,0,0,0,No Action Required,-15.349999999999907,-0.6400000000000006,-6.339999999999918,-0.1799999999999997,3240.449166666667,94.99416666666669,806.1691666666666,2.3633333333333333,100,1,Normal,5
2026-05-01 02:50:00,WELL-001,3232.92,94.27,807.94,2.44,17.63,10.05,114.01,6065.63,28.06,Normal,0,0,0,No Action Required,-12.25,-0.3100000000000023,1.990000000000009,0.2399999999999997,3241.7641666666664,94.96666666666668,805.5158333333334,2.375,100,1,Normal,5
2026-05-01 02:55:00,WELL-001,3224.04,94.13,807.34,2.31,17.85,10.02,115.91,6155.71,27.91,Normal,0,0,0,No Action Required,-8.88000000000011,-0.1400000000000005,-0.6000000000000227,-0.1299999999999999,3241.320833333333,94.91333333333334,806.3241666666667,2.3708333333333336,100,1,Normal,5
2026-05-01 03:00:00,WELL-001,3244.82,93.76,804.93,2.32,16.95,10.09,114.97,6198.83,28.53,Normal,0,0,0,No Action Required,20.7800000000002,-0.3699999999999903,-2.410000000000082,0.0099999999999997,3243.411666666667,94.91666666666669,806.0708333333333,2.3775,100,1,Normal,5
2026-05-01 03:05:00,WELL-001,3223.71,95.03,800.69,2.19,17.15,9.99,113.16,6351.77,28.21,Normal,0,0,0,No Action Required,-21.110000000000127,1.269999999999996,-4.239999999999895,-0.1299999999999999,3242.395833333333,95.05083333333332,807.0050000000001,2.3725,100,1,Normal,5
2026-05-01 03:10:00,WELL-001,3248.21,95.18,809.31,2.27,18.0,10.01,112.11,6195.53,27.86,Normal,0,0,0,No Action Required,24.5,0.1500000000000056,8.61999999999989,0.08,3244.39,95.07833333333332,807.4508333333333,2.3716666666666666,100,1,Normal,5
2026-05-01 03:15:00,WELL-001,3258.88,96.83,801.47,2.64,17.57,10.05,115.64,6261.6,28.32,Normal,0,0,0,No Action Required,10.670000000000073,1.6499999999999917,-7.839999999999918,0.3700000000000001,3243.8441666666663,95.18916666666668,806.7833333333333,2.3941666666666666,100,1,Normal,5
2026-05-01 03:20:00,WELL-001,3260.28,96.82,794.11,2.19,17.32,9.93,112.28,6129.97,28.11,Normal,0,0,0,No Action Required,1.400000000000091,-0.0100000000000051,-7.360000000000014,-0.4500000000000002,3244.6750000000006,95.345,805.9675000000001,2.3716666666666666,100,1,Normal,5
2026-05-01 03:25:00,WELL-001,3243.39,94.43,809.71,2.27,16.6,10.01,114.73,6106.51,27.75,Normal,0,0,0,No Action Required,-16.890000000000327,-2.3899999999999864,15.600000000000025,0.08,3243.891666666667,95.2525,805.5033333333332,2.3683333333333336,100,1,Normal,5
2026-05-01 03:30:00,WELL-001,3247.77,95.87,804.13,2.37,17.51,9.93,111.12,5968.01,28.76,Normal,0,0,0,No Action Required,4.380000000000109,1.4399999999999975,-5.580000000000041,0.1,3244.125833333333,95.15666666666668,804.9575,2.35,100,1,Normal,5
2026-05-01 03:35:00,WELL-001,3258.75,95.61,791.8,2.49,17.83,10.05,112.83,6161.7,28.33,Normal,0,0,0,No Action Required,10.980000000000018,-0.2600000000000051,-12.33000000000004,0.1200000000000001,3245.705,95.14416666666666,804.1391666666667,2.339166666666667,100,1,Normal,5
2026-05-01 03:40:00,WELL-001,3262.61,96.33,801.64,2.32,17.2,10.05,112.23,6023.48,28.22,Normal,0,0,0,No Action Required,3.8600000000001273,0.7199999999999989,9.840000000000032,-0.1700000000000003,3245.879166666667,95.23666666666668,803.2516666666666,2.334166666666667,100,1,Normal,5
2026-05-01 03:45:00,WELL-001,3265.87,95.56,801.19,2.44,17.37,9.92,114.3,6139.27,28.23,Normal,0,0,0,No Action Required,3.2599999999997635,-0.769999999999996,-0.4499999999999318,0.1200000000000001,3247.6041666666665,95.31833333333331,802.855,2.3541666666666665,100,1,Normal,5
2026-05-01 03:50:00,WELL-001,3265.06,96.64,809.79,2.3,17.05,10.07,109.15,6083.64,28.39,Normal,0,0,0,No Action Required,-0.8099999999999454,1.0799999999999983,8.599999999999909,-0.1400000000000001,3250.2825,95.51583333333332,803.0091666666667,2.3425,100,1,Normal,5
2026-05-01 03:55:00,WELL-001,3214.43,95.66,811.04,2.22,17.92,9.97,114.05,6090.17,28.25,Normal,0,0,0,No Action Required,-50.63000000000011,-0.980000000000004,1.25,-0.0799999999999996,3249.4816666666666,95.64333333333332,803.3175,2.335,100,1,Normal,5
2026-05-01 04:00:00,WELL-001,3227.6,97.01,802.9,2.59,16.9,10.01,113.32,6104.57,28.49,Normal,0,0,0,No Action Required,13.170000000000073,1.3500000000000083,-8.139999999999986,0.3699999999999996,3248.0466666666666,95.91416666666667,803.1483333333332,2.3575000000000004,100,1,Normal,5
2026-05-01 04:05:00,WELL-001,3247.21,97.87,800.62,2.05,17.37,10.08,111.06,5999.85,27.88,Normal,0,0,0,No Action Required,19.610000000000127,0.8599999999999994,-2.2799999999999727,-0.54,3250.005,96.15083333333337,803.1425,2.345833333333333,100,1,Normal,5
2026-05-01 04:10:00,WELL-001,3231.33,95.27,807.57,2.58,16.49,10.0,113.51,6118.8,28.98,Normal,0,0,0,No Action Required,-15.88000000000011,-2.6000000000000085,6.9500000000000455,0.5300000000000002,3248.5983333333334,96.15833333333336,802.9975,2.3716666666666666,100,1,Normal,5
2026-05-01 04:15:00,WELL-001,3214.51,93.16,816.8,2.49,17.14,10.03,113.39,6038.98,28.28,Normal,0,0,0,No Action Required,-16.81999999999971,-2.1099999999999994,9.229999999999905,-0.0899999999999998,3244.9008333333336,95.8525,804.275,2.359166666666667,100,1,Normal,5
2026-05-01 04:20:00,WELL-001,3257.09,97.76,808.01,2.61,16.87,10.0,113.39,5906.42,28.69,Normal,0,0,0,No Action Required,42.57999999999993,4.6000000000000085,-8.789999999999964,0.1199999999999996,3244.635,95.93083333333333,805.4333333333333,2.3941666666666666,100,1,Normal,5
2026-05-01 04:25:00,WELL-001,3262.26,95.38,798.83,2.55,17.06,10.08,112.4,6174.13,28.25,Normal,0,0,0,No Action Required,5.170000000000073,-2.3800000000000097,-9.17999999999995,-0.06,3246.2075,96.01,804.5266666666666,2.4175,100,1,Normal,5
2026-05-01 04:30:00,WELL-001,3290.9,94.86,795.71,2.22,16.96,10.05,116.1,6181.18,28.22,Normal,0,0,0,No Action Required,28.63999999999988,-0.519999999999996,-3.1200000000000045,-0.3299999999999996,3249.8016666666667,95.92583333333332,803.8249999999999,2.405,100,1,Normal,5
2026-05-01 04:35:00,WELL-001,3234.62,96.64,792.71,2.24,17.23,9.92,110.14,6287.13,27.59,Normal,0,0,0,No Action Required,-56.2800000000002,1.7800000000000011,-3.0,0.02,3247.790833333333,96.01166666666668,803.9008333333333,2.3841666666666668,100,1,Normal,5
2026-05-01 04:40:00,WELL-001,3229.32,95.82,801.29,2.37,16.64,10.06,112.02,6220.57,27.96,Normal,0,0,0,No Action Required,-5.299999999999727,-0.8200000000000074,8.579999999999927,0.1299999999999999,3245.0166666666664,95.96916666666664,803.8716666666668,2.388333333333333,100,1,Normal,5
2026-05-01 04:45:00,WELL-001,3268.39,97.04,796.56,2.5,16.88,10.03,115.35,6150.38,29.18,Normal,0,0,0,No Action Required,39.06999999999971,1.220000000000013,-4.730000000000018,0.1299999999999999,3245.226666666667,96.0925,803.4858333333333,2.393333333333333,100,1,Normal,5
2026-05-01 04:50:00,WELL-001,3261.04,95.38,823.02,2.59,16.78,9.98,110.83,6163.09,28.45,Normal,0,0,0,No Action Required,-7.349999999999909,-1.6600000000000108,26.46000000000004,0.0899999999999998,3244.8916666666664,95.9875,804.5883333333333,2.4175,100,1,Normal,5
2026-05-01 04:55:00,WELL-001,3260.85,94.12,795.19,2.38,16.7,9.97,115.62,5943.12,28.8,Normal,0,0,0,No Action Required,-0.1900000000000545,-1.259999999999991,-27.829999999999927,-0.2099999999999999,3248.76,95.85916666666668,803.2675,2.430833333333333,100,1,Normal,5
2026-05-01 05:00:00,WELL-001,3273.34,95.66,791.49,2.5,17.06,9.98,112.86,5885.51,27.64,Normal,0,0,0,No Action Required,12.490000000000236,1.539999999999992,-3.7000000000000455,0.1200000000000001,3252.5716666666667,95.74666666666668,802.3166666666667,2.4233333333333333,100,1,Normal,5
2026-05-01 05:05:00,WELL-001,3248.02,96.42,790.27,2.37,16.78,10.07,113.34,6129.38,28.41,Normal,0,0,0,No Action Required,-25.320000000000164,0.7600000000000051,-1.2200000000000273,-0.1299999999999999,3252.639166666668,95.62583333333332,801.4541666666668,2.45,100,1,Normal,5
2026-05-01 05:10:00,WELL-001,3255.11,95.46,805.72,2.42,17.28,10.02,112.84,6080.95,28.4,Normal,0,0,0,No Action Required,7.0900000000001455,-0.960000000000008,15.450000000000044,0.0499999999999998,3254.620833333333,95.64166666666664,801.3000000000001,2.436666666666667,100,1,Normal,5
2026-05-01 05:15:00,WELL-001,3236.86,95.08,801.15,2.38,17.68,10.04,111.8,6156.04,28.7,Normal,0,0,0,No Action Required,-18.25,-0.3799999999999954,-4.57000000000005,-0.04,3256.483333333333,95.80166666666668,799.9958333333333,2.4275,100,1,Normal,5
2026-05-01 05:20:00,WELL-001,3261.75,96.61,795.31,2.52,17.14,10.04,118.04,6152.42,28.05,Normal,0,0,0,No Action Required,24.88999999999988,1.5300000000000011,-5.840000000000032,0.1400000000000001,3256.8716666666664,95.70583333333332,798.9375,2.42,100,1,Normal,5
2026-05-01 05:25:00,WELL-001,3246.08,95.87,803.49,2.42,17.11,9.99,113.21,6102.77,28.4,Normal,0,0,0,No Action Required,-15.670000000000073,-0.7399999999999949,8.180000000000064,-0.1,3255.523333333333,95.74666666666668,799.3258333333333,2.4091666666666667,100,1,Normal,5
2026-05-01 05:30:00,WELL-001,3270.22,98.67,784.98,2.48,17.37,9.93,115.4,6140.65,28.54,Normal,0,0,0,No Action Required,24.13999999999988,2.799999999999997,-18.50999999999999,0.06,3253.8,96.06416666666668,798.4316666666667,2.430833333333333,100,1,Normal,5
2026-05-01 05:35:00,WELL-001,3223.11,95.73,788.05,2.66,17.74,9.98,109.83,6117.93,28.66,Normal,0,0,0,No Action Required,-47.10999999999967,-2.9399999999999977,3.0699999999999363,0.1800000000000001,3252.8408333333336,95.98833333333332,798.0433333333334,2.4658333333333333,100,1,Normal,5
2026-05-01 05:40:00,WELL-001,3222.47,95.01,787.84,2.5,17.21,10.0,113.25,6010.7,27.64,Normal,0,0,0,No Action Required,-0.6400000000003274,-0.7199999999999989,-0.2099999999999227,-0.1600000000000001,3252.2700000000004,95.92083333333332,796.9225,2.4766666666666666,100,1,Normal,5
2026-05-01 05:45:00,WELL-001,3278.36,97.41,798.12,2.43,17.78,10.03,112.07,6102.46,28.78,Normal,0,0,0,No Action Required,55.89000000000033,2.3999999999999915,10.279999999999973,-0.0699999999999998,3253.1008333333334,95.95166666666668,797.0525000000001,2.470833333333333,100,1,Normal,5
2026-05-01 05:50:00,WELL-001,3254.66,95.28,797.86,2.48,17.53,10.05,111.25,6175.54,28.23,Normal,0,0,0,No Action Required,-23.70000000000028,-2.1299999999999955,-0.2599999999999909,0.0499999999999998,3252.5691666666667,95.94333333333331,794.9558333333333,2.4616666666666664,100,1,Normal,5
2026-05-01 05:55:00,WELL-001,3240.89,96.71,793.05,2.21,16.99,10.01,114.06,6012.12,28.12,Normal,0,0,0,No Action Required,-13.769999999999982,1.4299999999999926,-4.810000000000059,-0.27,3250.905833333333,96.15916666666668,794.7775,2.4475,100,1,Normal,5
2026-05-01 06:00:00,WELL-001,3232.83,97.0,806.54,2.59,17.68,10.06,108.76,6116.25,28.02,Normal,0,0,0,No Action Required,-8.059999999999945,0.2900000000000062,13.490000000000007,0.3799999999999999,3247.53,96.27083333333331,796.0316666666666,2.455,100,1,Normal,5
2026-05-01 06:05:00,WELL-001,3270.57,93.48,794.34,2.37,17.73,10.1,111.05,6010.16,28.31,Normal,0,0,0,No Action Required,37.74000000000024,-3.519999999999996,-12.199999999999932,-0.2199999999999997,3249.4091666666664,96.02583333333332,796.3708333333333,2.455,100,1,Normal,5
2026-05-01 06:10:00,WELL-001,3285.93,96.07,782.56,2.33,17.41,10.03,111.5,6035.95,27.83,Normal,0,0,0,No Action Required,15.359999999999673,2.589999999999989,-11.780000000000086,-0.04,3251.9775000000004,96.07666666666664,794.4408333333332,2.4475,100,1,Normal,5
2026-05-01 06:15:00,WELL-001,3275.27,95.18,789.08,2.34,16.78,9.98,115.36,5977.6,27.83,Normal,0,0,0,No Action Required,-10.659999999999854,-0.8899999999999864,6.520000000000096,0.0099999999999997,3255.1783333333333,96.085,793.435,2.4441666666666664,100,1,Normal,5
2026-05-01 06:20:00,WELL-001,3230.74,95.92,807.88,2.38,17.36,9.98,112.78,6221.43,28.28,Normal,0,0,0,No Action Required,-44.5300000000002,0.7399999999999949,18.799999999999955,0.04,3252.594166666667,96.02750000000002,794.4825000000001,2.4325,100,1,Normal,5
2026-05-01 06:25:00,WELL-001,3293.1,97.27,792.11,2.39,17.91,10.03,115.72,6298.82,28.14,Normal,0,0,0,No Action Required,62.36000000000013,1.3499999999999943,-15.769999999999982,0.0100000000000002,3256.5125000000003,96.14416666666666,793.5341666666667,2.43,100,1,Normal,5
2026-05-01 06:30:00,WELL-001,3261.06,96.99,798.94,2.49,16.87,9.98,111.91,6219.97,27.72,Normal,0,0,0,No Action Required,-32.039999999999964,-0.2800000000000011,6.830000000000041,0.1,3255.7491666666665,96.00416666666668,794.6974999999999,2.4308333333333336,100,1,Normal,5
2026-05-01 06:35:00,WELL-001,3282.14,96.79,802.03,2.29,17.37,10.03,113.41,6128.09,28.11,Normal,0,0,0,No Action Required,21.079999999999927,-0.1999999999999886,3.089999999999918,-0.2000000000000001,3260.668333333333,96.09250000000002,795.8625000000001,2.4,100,1,Normal,5
2026-05-01 06:40:00,WELL-001,3257.16,97.05,783.47,2.58,17.68,9.97,113.67,6188.68,27.72,Normal,0,0,0,No Action Required,-24.98000000000001,0.2599999999999909,-18.559999999999945,0.29,3263.5591666666664,96.2625,795.4983333333333,2.4066666666666667,100,1,Normal,5
2026-05-01 06:45:00,WELL-001,3255.48,95.94,787.63,2.41,17.13,10.09,111.65,6177.73,27.56,Normal,0,0,0,No Action Required,-1.6799999999998363,-1.1099999999999994,4.159999999999968,-0.1699999999999999,3261.6525,96.14,794.6241666666666,2.405,100,1,Normal,5
2026-05-01 06:50:00,WELL-001,3251.81,96.03,791.24,2.35,17.11,10.06,114.9,6090.31,27.78,Normal,0,0,0,No Action Required,-3.6700000000000728,0.0900000000000034,3.6100000000000136,-0.06,3261.4150000000004,96.2025,794.0725000000001,2.3941666666666666,100,1,Normal,5
2026-05-01 06:55:00,WELL-001,3287.02,95.13,781.12,2.16,17.38,10.01,114.97,6159.64,28.34,Normal,0,0,0,No Action Required,35.21000000000004,-0.9000000000000057,-10.120000000000005,-0.1899999999999999,3265.2591666666667,96.07083333333333,793.0783333333333,2.39,100,1,Normal,5
2026-05-01 07:00:00,WELL-001,3248.82,97.06,803.85,2.52,17.18,10.06,112.1,5988.02,27.86,Normal,0,0,0,No Action Required,-38.19999999999982,1.9300000000000068,22.73000000000001,0.3599999999999999,3266.5916666666667,96.07583333333334,792.8541666666666,2.3841666666666668,100,-1,Normal,5
2026-05-01 07:05:00,WELL-001,3247.25,96.05,805.4,2.29,17.8,10.0,108.87,6047.96,28.69,Normal,0,0,0,No Action Required,-1.5700000000001637,-1.0100000000000051,1.5499999999999543,-0.2299999999999999,3264.648333333333,96.29,793.7758333333333,2.3775,100,1,Normal,5
2026-05-01 07:10:00,WELL-001,3259.91,96.35,799.54,2.27,16.97,9.91,114.66,6154.78,28.51,Normal,0,0,0,No Action Required,12.659999999999854,0.2999999999999971,-5.860000000000014,-0.02,3262.48,96.31333333333332,795.1908333333334,2.3725,100,1,Normal,5
2026-05-01 07:15:00,WELL-001,3232.41,94.34,778.36,2.29,17.88,10.07,111.99,6128.45,27.95,Normal,0,0,0,No Action Required,-27.5,-2.009999999999991,-21.17999999999995,0.02,3258.9083333333333,96.24333333333334,794.2975000000001,2.3683333333333336,100,1,Normal,5
2026-05-01 07:20:00,WELL-001,3260.26,94.81,794.92,2.3,17.62,10.0,111.32,6259.83,28.29,Normal,0,0,0,No Action Required,27.850000000000364,0.4699999999999988,16.559999999999945,0.0099999999999997,3261.3683333333333,96.15083333333332,793.2175000000001,2.361666666666667,100,1,Normal,5
2026-05-01 07:25:00,WELL-001,3247.9,96.7,778.2,2.53,17.29,10.05,109.81,6060.29,28.22,Normal,0,0,0,No Action Required,-12.360000000000127,1.8900000000000008,-16.719999999999914,0.2299999999999999,3257.601666666667,96.10333333333334,792.0583333333333,2.373333333333333,100,1,Normal,5
2026-05-01 07:30:00,WELL-001,3272.25,96.63,785.78,2.44,17.78,10.01,112.29,5909.56,28.11,Normal,0,0,0,No Action Required,24.34999999999991,-0.0700000000000073,7.579999999999927,-0.0899999999999998,3258.534166666667,96.07333333333332,790.9616666666667,2.369166666666666,100,1,Normal,5
2026-05-01 07:35:00,WELL-001,3222.39,95.83,796.82,2.14,17.77,10.0,112.85,6048.29,27.53,Normal,0,0,0,No Action Required,-49.86000000000013,-0.7999999999999972,11.040000000000076,-0.2999999999999998,3253.5550000000003,95.99333333333333,790.5275,2.356666666666667,100,1,Normal,5
2026-05-01 07:40:00,WELL-001,3239.61,98.04,780.15,2.21,17.39,10.01,112.26,6099.97,28.48,Normal,0,0,0,No Action Required,17.220000000000255,2.210000000000008,-16.670000000000073,0.0699999999999998,3252.0925,96.07583333333334,790.2508333333334,2.325833333333333,100,1,Normal,5
2026-05-01 07:45:00,WELL-001,3243.13,96.14,797.11,2.28,16.53,10.05,117.91,6097.79,28.3,Normal,0,0,0,No Action Required,3.519999999999982,-1.9000000000000057,16.960000000000036,0.0699999999999998,3251.063333333333,96.0925,791.0408333333334,2.315,100,1,Normal,5
2026-05-01 07:50:00,WELL-001,3248.38,97.53,788.29,2.38,17.66,9.99,110.33,6186.76,27.98,Normal,0,0,0,No Action Required,5.25,1.3900000000000006,-8.82000000000005,0.1,3250.7775,96.2175,790.795,2.3175000000000003,100,1,Normal,5
2026-05-01 07:55:00,WELL-001,3236.14,98.05,787.49,2.46,17.35,9.97,114.28,6129.99,27.96,Normal,0,0,0,No Action Required,-12.240000000000236,0.519999999999996,-0.7999999999999545,0.08,3246.5375,96.46083333333335,791.3258333333333,2.3425,100,1,Normal,5
2026-05-01 08:00:00,WELL-001,3258.5,95.23,776.46,2.25,17.43,10.0,115.91,6094.23,27.9,Normal,0,0,0,No Action Required,22.360000000000127,-2.819999999999993,-11.029999999999973,-0.2099999999999999,3247.344166666667,96.30833333333332,789.0433333333334,2.32,100,1,Normal,5
2026-05-01 08:05:00,WELL-001,3253.55,94.45,784.62,2.44,17.41,10.08,118.1,6165.67,28.69,Normal,0,0,0,No Action Required,-4.949999999999818,-0.7800000000000011,8.159999999999968,0.1899999999999999,3247.869166666667,96.175,787.3116666666668,2.3325,100,1,Normal,5
2026-05-01 08:10:00,WELL-001,3296.49,94.74,786.34,2.34,17.64,10.03,111.27,6099.62,28.64,Normal,0,0,0,No Action Required,42.9399999999996,0.289999999999992,1.7200000000000273,-0.1,3250.9175,96.04083333333334,786.2116666666667,2.3383333333333334,100,1,Normal,5
2026-05-01 08:15:00,WELL-001,3227.24,94.95,777.72,2.44,17.77,9.92,113.09,6006.11,28.62,Normal,0,0,0,No Action Required,-69.25,0.2100000000000079,-8.620000000000005,0.1,3250.486666666667,96.09166666666664,786.1583333333333,2.3508333333333336,100,1,Normal,5
2026-05-01 08:20:00,WELL-001,3246.44,95.88,785.29,2.53,18.06,9.96,111.0,6130.68,27.89,Normal,0,0,0,No Action Required,19.20000000000028,0.9299999999999926,7.569999999999936,0.0899999999999998,3249.335,96.18083333333334,785.3558333333332,2.37,100,1,Normal,5
2026-05-01 08:25:00,WELL-001,3267.51,96.84,780.92,2.31,17.24,10.02,113.53,5873.25,27.83,Normal,0,0,0,No Action Required,21.070000000000164,0.960000000000008,-4.3700000000000045,-0.2199999999999997,3250.9691666666663,96.1925,785.5825,2.3516666666666666,100,1,Normal,5
2026-05-01 08:30:00,WELL-001,3243.43,94.95,762.38,2.17,16.88,10.01,112.03,6035.37,28.54,Normal,0,0,0,No Action Required,-24.080000000000386,-1.8900000000000008,-18.539999999999964,-0.1400000000000001,3248.5675,96.0525,783.6325,2.3291666666666666,100,1,Normal,5
2026-05-01 08:35:00,WELL-001,3265.04,95.9,786.26,2.3,17.08,9.93,112.4,6177.1,28.76,Normal,0,0,0,No Action Required,21.610000000000127,0.9500000000000028,23.879999999999995,0.1299999999999999,3252.1216666666664,96.05833333333334,782.7525,2.3425,100,1,Normal,5
2026-05-01 08:40:00,WELL-001,3246.3,96.24,762.45,2.35,17.18,10.09,113.69,6147.95,28.4,Normal,0,0,0,No Action Required,-18.73999999999978,0.3399999999999892,-23.809999999999945,0.0500000000000002,3252.6791666666663,95.90833333333332,781.2775,2.3541666666666665,100,1,Normal,5
2026-05-01 08:45:00,WELL-001,3251.52,97.28,766.86,2.42,17.74,9.92,114.58,6022.41,28.26,Normal,0,0,0,No Action Required,5.2199999999998,1.0400000000000065,4.409999999999968,0.0699999999999998,3253.3783333333336,96.00333333333332,778.7566666666667,2.365833333333333,100,1,Normal,5
2026-05-01 08:50:00,WELL-001,3236.66,96.71,782.99,2.5,17.49,9.98,113.91,6032.17,28.24,Normal,0,0,0,No Action Required,-14.860000000000127,-0.5700000000000074,16.129999999999995,0.08,3252.401666666666,95.935,778.315,2.375833333333333,100,1,Normal,5
2026-05-01 08:55:00,WELL-001,3245.19,96.65,789.62,2.39,17.1,9.95,113.18,6035.3,27.47,Normal,0,0,0,No Action Required,8.5300000000002,-0.059999999999988,6.629999999999996,-0.1099999999999998,3253.155833333333,95.81833333333334,778.4925000000002,2.37,100,1,Normal,5
2026-05-01 09:00:00,WELL-001,3222.0,97.05,776.91,2.53,17.22,10.08,115.24,6015.96,27.42,Normal,0,0,0,No Action Required,-23.19000000000005,0.3999999999999915,-12.710000000000036,0.1399999999999996,3250.1141666666663,95.97,778.5300000000001,2.393333333333333,100,1,Normal,5
2026-05-01 09:05:00,WELL-001,3211.68,94.62,797.31,2.35,17.39,10.08,113.12,6106.12,28.47,Normal,0,0,0,No Action Required,-10.320000000000164,-2.4299999999999926,20.399999999999977,-0.1799999999999997,3246.625,95.98416666666668,779.5875,2.3858333333333333,100,1,Normal,5
2026-05-01 09:10:00,WELL-001,3251.14,95.33,776.42,2.41,17.72,10.11,113.49,6174.04,28.33,Normal,0,0,0,No Action Required,39.46000000000004,0.7099999999999937,-20.889999999999983,0.06,3242.8458333333333,96.03333333333336,778.7608333333333,2.3916666666666666,100,1,Normal,5
2026-05-01 09:15:00,WELL-001,3244.37,95.94,791.71,2.29,16.83,9.99,113.33,6185.52,27.82,Normal,0,0,0,No Action Required,-6.769999999999982,0.6099999999999994,15.290000000000076,-0.1200000000000001,3244.273333333333,96.11583333333334,779.9266666666666,2.3791666666666664,100,1,Normal,5
2026-05-01 09:20:00,WELL-001,3201.14,94.92,780.64,2.26,17.08,10.06,113.06,6133.09,28.08,Normal,0,0,0,No Action Required,-43.23000000000002,-1.019999999999996,-11.07000000000005,-0.0300000000000002,3240.498333333333,96.03583333333334,779.5391666666668,2.356666666666667,100,1,Normal,5
2026-05-01 09:25:00,WELL-001,3232.36,95.07,786.18,2.22,17.92,10.05,111.83,6179.87,28.71,Normal,0,0,0,No Action Required,31.22000000000025,0.1499999999999914,5.539999999999964,-0.0399999999999995,3237.5691666666667,95.88833333333332,779.9775,2.349166666666666,100,1,Normal,5
2026-05-01 09:30:00,WELL-001,3239.99,95.21,794.14,2.65,17.35,9.96,111.96,6201.83,27.81,Normal,0,0,0,No Action Required,7.629999999999654,0.1400000000000005,7.960000000000036,0.4299999999999997,3237.2825,95.90999999999998,782.6241666666666,2.3891666666666667,100,1,Normal,5
2026-05-01 09:35:00,WELL-001,3242.19,95.72,774.81,2.53,17.58,10.12,114.47,6002.44,28.43,Normal,0,0,0,No Action Required,2.200000000000273,0.5100000000000051,-19.33000000000004,-0.1200000000000001,3235.3783333333336,95.895,781.67,2.408333333333333,100,1,Normal,5
2026-05-01 09:40:00,WELL-001,3263.72,96.47,775.98,2.29,16.94,10.1,114.15,6016.41,28.27,Normal,0,0,0,No Action Required,21.529999999999745,0.75,1.1700000000000728,-0.2399999999999997,3236.8300000000004,95.91416666666667,782.7975,2.4033333333333333,100,1,Normal,5
2026-05-01 09:45:00,WELL-001,3243.71,94.46,782.48,2.42,18.02,9.99,109.49,5993.63,27.86,Normal,0,0,0,No Action Required,-20.009999999999764,-2.010000000000005,6.5,0.1299999999999999,3236.179166666667,95.67916666666667,784.0991666666667,2.4033333333333333,100,1,Normal,5
2026-05-01 09:50:00,WELL-001,3238.25,94.38,788.77,2.26,17.35,10.12,114.01,6143.6,28.96,Normal,0,0,0,No Action Required,-5.460000000000036,-0.0799999999999983,6.289999999999964,-0.1600000000000001,3236.311666666667,95.485,784.5808333333333,2.3833333333333333,100,1,Normal,5
2026-05-01 09:55:00,WELL-001,3268.36,95.99,779.71,2.4,17.32,10.0,113.33,6133.6,27.72,Normal,0,0,0,No Action Required,30.110000000000127,1.6099999999999994,-9.059999999999944,0.1400000000000001,3238.2425000000003,95.43,783.755,2.3841666666666668,100,1,Normal,5
2026-05-01 10:00:00,WELL-001,3269.1,95.42,777.7,2.42,17.67,9.95,112.69,5979.94,29.28,Normal,0,0,0,No Action Required,0.7399999999997817,-0.5699999999999932,-2.009999999999991,0.02,3242.1675,95.29416666666668,783.8208333333332,2.375,100,1,Normal,5
2026-05-01 10:05:00,WELL-001,3242.21,93.84,808.6,2.33,17.27,10.01,111.21,6123.26,27.33,Normal,0,0,0,No Action Required,-26.88999999999988,-1.5799999999999983,30.899999999999977,-0.0899999999999998,3244.7116666666666,95.22916666666664,784.7616666666667,2.373333333333333,100,1,Normal,5
2026-05-01 10:10:00,WELL-001,3259.27,93.89,776.48,2.49,17.27,10.01,110.88,6308.09,28.43,Normal,0,0,0,No Action Required,17.059999999999945,0.0499999999999971,-32.120000000000005,0.1600000000000001,3245.3891666666664,95.10916666666668,784.7666666666668,2.38,100,1,Normal,5
2026-05-01 10:15:00,WELL-001,3220.23,95.19,770.58,2.6,17.41,9.97,114.3,6070.72,27.7,Normal,0,0,0,No Action Required,-39.03999999999997,1.2999999999999972,-5.899999999999977,0.1099999999999998,3243.3775,95.04666666666668,783.0058333333335,2.4058333333333333,100,1,Normal,5
2026-05-01 10:20:00,WELL-001,3246.58,95.37,788.91,2.41,17.38,10.03,116.09,6067.52,28.41,Normal,0,0,0,No Action Required,26.34999999999991,0.1800000000000068,18.329999999999927,-0.1899999999999999,3247.164166666667,95.08416666666666,783.695,2.418333333333333,100,1,Normal,5
2026-05-01 10:25:00,WELL-001,3250.83,95.36,777.02,2.41,17.31,10.12,111.99,6007.27,28.22,Normal,0,0,0,No Action Required,4.25,-0.0100000000000051,-11.889999999999986,0.0,3248.703333333333,95.10833333333336,782.9316666666665,2.4341666666666666,100,1,Normal,5
2026-05-01 10:30:00,WELL-001,3238.34,95.21,776.15,2.41,17.39,10.06,113.09,6108.78,28.43,Normal,0,0,0,No Action Required,-12.489999999999782,-0.1500000000000056,-0.8700000000000045,0.0,3248.5658333333336,95.10833333333332,781.4325,2.414166666666667,100,1,Normal,5
2026-05-01 10:35:00,WELL-001,3255.34,94.03,769.79,2.6,17.59,10.01,112.94,6059.27,28.3,Normal,0,0,0,No Action Required,17.0,-1.1799999999999926,-6.360000000000014,0.1899999999999999,3249.6616666666664,94.96750000000002,781.0141666666667,2.42,100,1,Normal,5
2026-05-01 10:40:00,WELL-001,3222.23,95.85,781.21,2.42,17.03,10.04,111.16,6029.31,28.25,Normal,0,0,0,No Action Required,-33.11000000000013,1.8199999999999927,11.420000000000073,-0.1800000000000001,3246.204166666667,94.91583333333334,781.4500000000002,2.4308333333333336,100,1,Normal,5
2026-05-01 10:45:00,WELL-001,3284.86,95.19,759.26,2.32,17.58,9.96,114.57,6114.41,28.62,Normal,0,0,0,No Action Required,62.63000000000011,-0.6599999999999966,-21.950000000000045,-0.1,3249.633333333333,94.97666666666667,779.5149999999999,2.4225,100,1,Normal,5
2026-05-01 10:50:00,WELL-001,3229.66,94.38,784.33,2.4,17.32,10.1,114.11,5899.54,28.54,Normal,0,0,0,No Action Required,-55.20000000000027,-0.8100000000000023,25.07000000000005,0.08,3248.9175,94.97666666666667,779.1450000000001,2.4341666666666666,100,1,Normal,5
2026-05-01 10:55:00,WELL-001,3252.31,96.2,772.29,2.44,17.38,9.97,114.8,6074.37,28.68,Normal,0,0,0,No Action Required,22.65000000000009,1.820000000000008,-12.040000000000076,0.04,3247.58,94.99416666666669,778.5266666666666,2.4375,100,1,Normal,5
2026-05-01 11:00:00,WELL-001,3219.12,93.07,776.37,2.43,17.15,9.87,113.67,6136.43,28.49,Normal,0,0,0,No Action Required,-33.190000000000055,-3.1300000000000097,4.080000000000041,-0.0099999999999997,3243.4149999999995,94.79833333333332,778.4158333333335,2.438333333333333,100,1,Normal,5
2026-05-01 11:05:00,WELL-001,3225.64,94.1,789.83,2.21,17.25,10.03,114.12,6115.51,27.85,Normal,0,0,0,No Action Required,6.519999999999982,1.0300000000000011,13.460000000000036,-0.2200000000000002,3242.0341666666664,94.82,776.8516666666668,2.428333333333333,100,1,Normal,5
2026-05-01 11:10:00,WELL-001,3253.51,94.53,764.96,2.42,17.51,10.12,113.72,5950.33,27.64,Normal,0,0,0,No Action Required,27.870000000000346,0.4300000000000068,-24.870000000000005,0.2099999999999999,3241.554166666667,94.87333333333332,775.8916666666668,2.4225,100,1,Normal,5
2026-05-01 11:15:00,WELL-001,3255.15,93.73,765.91,2.52,17.17,10.07,111.07,6245.91,28.57,Normal,0,0,0,No Action Required,1.639999999999873,-0.7999999999999972,0.9499999999999318,0.1,3244.464166666666,94.75166666666668,775.5024999999999,2.415833333333333,100,1,Normal,5
2026-05-01 11:20:00,WELL-001,3219.48,92.87,796.75,2.37,17.07,10.09,114.8,6216.81,28.18,Normal,0,0,0,No Action Required,-35.67000000000007,-0.8599999999999994,30.840000000000032,-0.1499999999999999,3242.205833333333,94.54333333333334,776.1558333333332,2.4125,100,1,Normal,5
2026-05-01 11:25:00,WELL-001,3266.35,93.22,773.89,2.44,17.75,10.05,112.74,6051.01,28.69,Normal,0,0,0,No Action Required,46.86999999999989,0.3499999999999943,-22.860000000000014,0.0699999999999998,3243.499166666667,94.365,775.8950000000001,2.415,100,1,Normal,5
2026-05-01 11:30:00,WELL-001,3246.25,93.66,771.07,2.33,17.1,10.07,113.78,6154.31,28.3,Normal,0,0,0,No Action Required,-20.09999999999991,0.4399999999999977,-2.8199999999999363,-0.1099999999999998,3244.1583333333333,94.23583333333336,775.4716666666667,2.408333333333333,100,1,Normal,5
2026-05-01 11:35:00,WELL-001,3236.79,92.95,784.66,2.33,17.33,9.99,113.2,6155.84,27.82,Normal,0,0,0,No Action Required,-9.460000000000036,-0.7099999999999937,13.589999999999918,0.0,3242.6125000000006,94.14583333333331,776.7108333333334,2.3858333333333333,100,1,Normal,5
2026-05-01 11:40:00,WELL-001,3237.04,94.08,788.88,2.26,16.99,10.0,111.05,6076.09,28.01,Normal,0,0,0,No Action Required,0.25,1.1299999999999957,4.220000000000027,-0.0700000000000002,3243.8466666666664,93.99833333333332,777.3499999999999,2.3725,100,1,Normal,5
2026-05-01 11:45:00,WELL-001,3234.08,95.54,778.88,2.42,16.97,10.01,112.06,6166.69,27.91,Normal,0,0,0,No Action Required,-2.9600000000000364,1.460000000000008,-10.0,0.1600000000000001,3239.615,94.0275,778.9850000000001,2.3808333333333334,100,1,Normal,5
2026-05-01 11:50:00,WELL-001,3217.0,94.85,794.15,2.38,17.4,10.07,113.92,6150.18,28.18,Normal,0,0,0,No Action Required,-17.079999999999927,-0.6900000000000119,15.269999999999982,-0.04,3238.56,94.06666666666666,779.8033333333334,2.379166666666667,100,1,Normal,5
2026-05-01 11:55:00,WELL-001,3231.13,93.78,782.2,2.45,17.59,9.99,114.56,6211.86,27.73,Normal,0,0,0,No Action Required,14.13000000000011,-1.0699999999999932,-11.949999999999932,0.0700000000000002,3236.795,93.865,780.6291666666666,2.38,100,1,Normal,5
2026-05-01 12:00:00,WELL-001,3219.38,95.19,772.6,2.46,17.34,10.03,112.98,6173.15,27.81,Normal,0,0,0,No Action Required,-11.75,1.4099999999999966,-9.600000000000025,0.0099999999999997,3236.816666666667,94.04166666666669,780.3149999999999,2.3825,100,1,Normal,5
2026-05-01 12:05:00,WELL-001,3208.28,95.48,794.6,2.4,17.94,9.98,111.84,6244.28,28.54,Normal,0,0,0,No Action Required,-11.099999999999907,0.2900000000000062,22.0,-0.06,3235.3700000000003,94.15666666666664,780.7125,2.398333333333333,100,1,Normal,5
2026-05-01 12:10:00,WELL-001,3253.64,94.48,769.7,2.42,17.76,10.01,112.33,6146.91,28.0,Normal,0,0,0,No Action Required,45.35999999999967,-1.0,-24.899999999999977,0.02,3235.380833333333,94.1525,781.1075000000001,2.398333333333333,100,1,Normal,5
2026-05-01 12:15:00,WELL-001,3230.04,94.08,773.87,2.52,17.57,10.0,112.87,6071.4,27.96,Normal,0,0,0,No Action Required,-23.59999999999991,-0.4000000000000057,4.169999999999959,0.1,3233.2883333333334,94.18166666666666,781.7708333333334,2.398333333333333,100,1,Normal,5
2026-05-01 12:20:00,WELL-001,3194.16,93.53,772.81,2.41,17.49,9.98,113.65,6002.9,28.17,Normal,0,0,0,No Action Required,-35.88000000000011,-0.5499999999999972,-1.0600000000000591,-0.1099999999999998,3231.1783333333333,94.23666666666668,779.7758333333335,2.401666666666667,100,1,Normal,5
2026-05-01 12:25:00,WELL-001,3213.88,94.76,778.73,2.38,17.12,10.0,116.56,6048.42,28.41,Normal,0,0,0,No Action Required,19.72000000000025,1.230000000000004,5.920000000000073,-0.0300000000000002,3226.8058333333333,94.365,780.1791666666668,2.3966666666666665,100,1,Normal,5
2026-05-01 12:30:00,WELL-001,3222.7,94.47,784.49,2.36,17.59,10.16,114.04,6259.89,28.41,Normal,0,0,0,No Action Required,8.819999999999709,-0.2900000000000062,5.759999999999991,-0.02,3224.843333333333,94.4325,781.2975,2.3991666666666664,100,1,Normal,5
2026-05-01 12:35:00,WELL-001,3207.95,94.29,775.15,2.33,17.31,10.01,110.78,6369.37,28.54,Normal,0,0,0,No Action Required,-14.75,-0.1799999999999926,-9.340000000000032,-0.0299999999999998,3222.44,94.54416666666668,780.505,2.3991666666666664,100,1,Normal,5
2026-05-01 12:40:00,WELL-001,3229.12,94.1,787.42,2.65,17.58,10.02,115.85,6112.76,28.39,Normal,0,0,0,No Action Required,21.17000000000008,-0.1900000000000119,12.269999999999982,0.3199999999999998,3221.78,94.54583333333332,780.3833333333333,2.431666666666666,100,1,Normal,5
2026-05-01 12:45:00,WELL-001,3242.74,93.63,761.19,2.35,17.61,10.05,115.59,6058.85,28.85,Normal,0,0,0,No Action Required,13.61999999999989,-0.4699999999999988,-26.229999999999905,-0.2999999999999998,3222.501666666667,94.38666666666668,778.9091666666667,2.4258333333333333,100,1,Normal,5
2026-05-01 12:50:00,WELL-001,3228.06,94.62,785.03,2.23,16.99,9.97,115.05,6067.98,29.03,Normal,0,0,0,No Action Required,-14.679999999999836,0.9900000000000092,23.83999999999992,-0.1200000000000001,3223.4233333333336,94.3675,778.1491666666666,2.4133333333333336,100,1,Normal,5
2026-05-01 12:55:00,WELL-001,3224.78,92.54,772.42,2.41,17.52,9.97,114.04,6182.08,27.96,Normal,0,0,0,No Action Required,-3.2799999999997453,-2.0799999999999983,-12.610000000000014,0.1800000000000001,3222.8941666666665,94.26416666666668,777.3341666666666,2.41,100,1,Normal,5
2026-05-01 13:00:00,WELL-001,3252.4,92.96,770.31,2.21,17.77,10.02,111.95,5951.11,28.06,Normal,0,0,0,No Action Required,27.61999999999989,0.4199999999999875,-2.1100000000000136,-0.2000000000000001,3225.645833333333,94.07833333333332,777.1433333333334,2.3891666666666667,100,1,Normal,5
2026-05-01 13:05:00,WELL-001,3259.83,91.35,773.26,2.61,17.78,9.99,113.31,6144.82,28.27,Normal,0,0,0,No Action Required,7.429999999999836,-1.6099999999999994,2.950000000000045,0.3999999999999999,3229.941666666667,93.73416666666668,775.3649999999999,2.4066666666666667,100,1,Normal,5
2026-05-01 13:10:00,WELL-001,3249.08,93.84,787.39,2.42,16.63,9.96,110.93,6073.6,29.05,Normal,0,0,0,No Action Required,-10.75,2.490000000000009,14.129999999999995,-0.1899999999999999,3229.5616666666665,93.68083333333334,776.8391666666666,2.4066666666666667,100,1,Normal,5
2026-05-01 13:15:00,WELL-001,3223.48,93.39,788.22,2.22,17.17,9.99,113.7,6188.11,28.41,Normal,0,0,0,No Action Required,-25.59999999999991,-0.4500000000000028,0.8300000000000409,-0.1999999999999997,3229.015,93.62333333333332,778.035,2.3816666666666664,100,1,Normal,5
2026-05-01 13:20:00,WELL-001,3225.73,93.14,780.87,2.3,17.58,9.99,110.66,6102.31,27.45,Normal,0,0,0,No Action Required,2.25,-0.25,-7.350000000000023,0.0799999999999996,3231.645833333333,93.59083333333332,778.7066666666668,2.3725,100,1,Normal,5
2026-05-01 13:25:00,WELL-001,3243.5,94.29,781.0,2.2,17.1,10.02,112.38,5929.67,27.69,Normal,0,0,0,No Action Required,17.769999999999982,1.1500000000000057,0.1299999999999954,-0.0999999999999996,3234.1141666666663,93.55166666666666,778.8958333333334,2.3575,100,1,Normal,5
2026-05-01 13:30:00,WELL-001,3211.86,92.21,789.28,2.46,17.06,10.08,114.84,6127.42,28.2,Normal,0,0,0,No Action Required,-31.63999999999988,-2.0800000000000125,8.279999999999973,0.2599999999999998,3233.210833333333,93.36333333333334,779.295,2.365833333333333,100,1,Normal,5
2026-05-01 13:35:00,WELL-001,3211.59,92.96,767.61,2.58,17.16,10.02,111.08,6072.58,29.36,Normal,0,0,0,No Action Required,-0.2699999999999818,0.75,-21.66999999999996,0.1200000000000001,3233.5141666666664,93.2525,778.6666666666666,2.3866666666666667,100,1,Normal,5
2026-05-01 13:40:00,WELL-001,3203.89,94.95,778.09,2.48,17.78,10.03,112.2,6079.92,28.16,Normal,0,0,0,No Action Required,-7.700000000000273,1.990000000000009,10.480000000000018,-0.1,3231.411666666667,93.32333333333334,777.8891666666667,2.3725,100,1,Normal,5
2026-05-01 13:45:00,WELL-001,3250.52,92.01,764.14,2.19,17.03,10.05,114.43,6037.78,28.21,Normal,0,0,0,No Action Required,46.63000000000011,-2.9399999999999977,-13.950000000000044,-0.29,3232.0599999999995,93.18833333333332,778.1349999999999,2.3591666666666664,100,1,Normal,5
2026-05-01 13:50:00,WELL-001,3196.87,92.47,782.95,2.52,17.17,10.1,114.84,6257.7,28.1,Normal,0,0,0,No Action Required,-53.65000000000009,0.4599999999999937,18.81000000000006,0.33,3229.460833333333,93.00916666666669,777.9616666666667,2.3833333333333333,100,1,Normal,5
2026-05-01 13:55:00,WELL-001,3244.33,95.68,775.01,2.38,17.01,9.96,110.64,6017.38,28.33,Normal,0,0,0,No Action Required,47.46000000000004,3.210000000000008,-7.940000000000055,-0.1400000000000001,3231.09,93.27083333333331,778.1775000000001,2.3808333333333334,100,1,Normal,5
2026-05-01 14:00:00,WELL-001,3195.88,93.26,781.93,2.34,17.32,9.99,112.28,6017.64,28.25,Normal,0,0,0,No Action Required,-48.44999999999982,-2.4200000000000017,6.919999999999959,-0.04,3226.38,93.29583333333332,779.1458333333334,2.3916666666666666,100,1,Normal,5
2026-05-01 14:05:00,WELL-001,3198.91,91.85,784.55,2.47,17.73,9.97,111.94,6121.58,28.02,Normal,0,0,0,No Action Required,3.0299999999997453,-1.4100000000000108,2.6200000000000045,0.1300000000000003,3221.3033333333333,93.33750000000002,780.0866666666667,2.38,100,1,Normal,5
2026-05-01 14:10:00,WELL-001,3220.0,93.51,783.64,2.57,17.57,10.03,112.52,6086.14,27.79,Normal,0,0,0,No Action Required,21.090000000000146,1.6600000000000108,-0.9099999999999682,0.0999999999999996,3218.880000000001,93.31,779.7741666666666,2.3925,100,1,Normal,5
2026-05-01 14:15:00,WELL-001,3177.94,93.48,789.6,2.36,17.9,10.01,109.0,6190.35,28.03,Normal,0,0,0,No Action Required,-42.059999999999945,-0.0300000000000011,5.960000000000036,-0.2099999999999999,3215.085,93.3175,779.8891666666667,2.404166666666667,100,1,Normal,5
2026-05-01 14:20:00,WELL-001,3227.88,91.74,783.1,2.3,17.41,10.06,113.97,6105.47,27.67,Normal,0,0,0,No Action Required,49.940000000000055,-1.740000000000009,-6.5,-0.06,3215.2641666666664,93.20083333333334,780.0749999999999,2.404166666666667,100,1,Normal,5
2026-05-01 14:25:00,WELL-001,3222.87,94.05,771.46,2.29,17.72,10.01,111.16,6125.78,27.96,Normal,0,0,0,No Action Required,-5.010000000000218,2.3100000000000023,-11.639999999999986,-0.0099999999999997,3213.545,93.18083333333334,779.2799999999999,2.411666666666666,100,1,Normal,5
2026-05-01 14:30:00,WELL-001,3212.62,92.6,777.19,2.53,16.48,10.05,114.8,6036.33,28.59,Normal,0,0,0,No Action Required,-10.25,-1.4500000000000028,5.730000000000018,0.2399999999999997,3213.6083333333336,93.21333333333332,778.2725,2.4175,100,1,Normal,5
2026-05-01 14:35:00,WELL-001,3192.46,92.35,773.61,2.51,16.73,10.1,112.29,6160.02,28.43,Normal,0,0,0,No Action Required,-20.15999999999985,-0.25,-3.580000000000041,-0.02,3212.0141666666664,93.1625,778.7725,2.411666666666666,100,1,Normal,5
2026-05-01 14:40:00,WELL-001,3212.45,92.41,789.75,2.34,17.08,10.06,113.2,6234.31,28.19,Normal,0,0,0,No Action Required,19.98999999999978,0.0600000000000022,16.139999999999986,-0.1699999999999999,3212.7274999999995,92.95083333333334,779.7441666666667,2.4,100,1,Normal,5
2026-05-01 14:45:00,WELL-001,3198.01,93.29,776.23,2.32,17.63,10.11,112.41,6001.05,28.16,Normal,0,0,0,No Action Required,-14.4399999999996,0.8800000000000097,-13.519999999999982,-0.02,3208.351666666667,93.0575,780.7516666666667,2.410833333333333,100,1,Normal,5
2026-05-01 14:50:00,WELL-001,3218.99,93.27,789.36,2.48,16.95,9.99,110.14,6213.0,27.42,Normal,0,0,0,No Action Required,20.979999999999563,-0.0200000000000102,13.129999999999995,0.1600000000000001,3210.195,93.12416666666668,781.2858333333334,2.4075,100,1,Normal,5
2026-05-01 14:55:00,WELL-001,3186.62,92.5,784.32,2.34,17.21,10.0,113.25,5976.48,27.84,Normal,0,0,0,No Action Required,-32.36999999999989,-0.769999999999996,-5.039999999999964,-0.1400000000000001,3205.3858333333333,92.85916666666668,782.0616666666666,2.4041666666666663,100,1,Normal,5
2026-05-01 15:00:00,WELL-001,3233.77,93.0,788.28,2.4,17.29,10.04,114.36,6183.14,28.17,Normal,0,0,0,No Action Required,47.15000000000009,0.5,3.959999999999922,0.06,3208.543333333333,92.8375,782.5908333333333,2.4091666666666662,100,1,Normal,5
2026-05-01 15:05:00,WELL-001,3220.71,90.13,789.33,2.35,17.53,9.99,110.25,6132.5,27.62,Normal,0,0,0,No Action Required,-13.059999999999944,-2.8700000000000045,1.0500000000000682,-0.0499999999999998,3210.36,92.69416666666666,782.9891666666667,2.3991666666666664,100,1,Normal,5
2026-05-01 15:10:00,WELL-001,3196.32,91.79,780.79,2.49,17.17,10.03,114.38,6037.8,27.98,Normal,0,0,0,No Action Required,-24.38999999999988,1.6600000000000108,-8.540000000000077,0.1400000000000001,3208.3866666666668,92.55083333333334,782.7516666666667,2.3925,100,1,Normal,5
2026-05-01 15:15:00,WELL-001,3228.16,92.52,786.26,2.46,16.92,9.98,113.65,5891.8,28.13,Normal,0,0,0,No Action Required,31.83999999999969,0.7299999999999898,5.470000000000027,-0.0300000000000002,3212.5716666666667,92.47083333333336,782.4733333333334,2.4008333333333334,100,1,Normal,5
2026-05-01 15:20:00,WELL-001,3187.94,93.71,784.96,2.54,17.33,10.01,112.29,6048.22,29.29,Normal,0,0,0,No Action Required,-40.2199999999998,1.1899999999999975,-1.2999999999999543,0.08,3209.2433333333333,92.635,782.6283333333334,2.420833333333333,100,1,Normal,5
2026-05-01 15:25:00,WELL-001,3218.04,91.53,803.31,2.35,17.45,10.07,109.83,6015.8,28.88,Normal,0,0,0,No Action Required,30.09999999999991,-2.1799999999999926,18.34999999999991,-0.1899999999999999,3208.8408333333336,92.425,785.2825000000001,2.4258333333333333,100,1,Normal,5
2026-05-01 15:30:00,WELL-001,3199.46,93.6,778.56,2.39,17.97,10.04,112.21,6030.19,27.98,Normal,0,0,0,No Action Required,-18.579999999999927,2.069999999999993,-24.75,0.04,3207.744166666667,92.50833333333333,785.3966666666666,2.4141666666666666,100,1,Normal,5
2026-05-01 15:35:00,WELL-001,3225.86,93.37,773.0,2.41,17.32,10.03,111.7,6208.31,28.22,Normal,0,0,0,No Action Required,26.40000000000009,-0.2299999999999897,-5.559999999999945,0.02,3210.5275,92.59333333333332,785.3458333333333,2.4058333333333333,100,1,Normal,5
2026-05-01 15:40:00,WELL-001,3210.23,91.82,776.32,2.72,17.97,10.01,115.97,6219.8,27.97,Normal,0,0,0,No Action Required,-15.63000000000011,-1.5500000000000114,3.32000000000005,0.31,3210.3425,92.54416666666668,784.2266666666666,2.4375,100,1,Normal,5
2026-05-01 15:45:00,WELL-001,3190.46,93.27,784.27,2.35,17.59,9.95,113.13,5974.64,27.74,Normal,0,0,0,No Action Required,-19.769999999999985,1.4500000000000028,7.949999999999932,-0.3700000000000001,3209.7133333333336,92.5425,784.8966666666666,2.44,100,1,Normal,5
2026-05-01 15:50:00,WELL-001,3190.79,92.96,776.79,2.25,17.51,10.09,114.18,6278.71,28.78,Normal,0,0,0,No Action Required,0.3299999999999272,-0.3100000000000023,-7.480000000000018,-0.1,3207.363333333333,92.51666666666668,783.8491666666665,2.4208333333333334,100,1,Normal,5
2026-05-01 15:55:00,WELL-001,3194.74,93.23,781.46,2.53,17.31,9.98,115.65,6130.31,27.95,Normal,0,0,0,No Action Required,3.949999999999818,0.2700000000000102,4.670000000000073,0.2799999999999998,3208.0400000000004,92.5775,783.6108333333333,2.436666666666667,100,1,Normal,5
2026-05-01 16:00:00,WELL-001,3189.77,91.61,777.28,2.34,17.47,10.02,112.03,6248.08,27.41,Normal,0,0,0,No Action Required,-4.9699999999998,-1.6200000000000043,-4.180000000000064,-0.1899999999999999,3204.373333333333,92.46166666666666,782.6941666666667,2.431666666666666,100,1,Normal,5
2026-05-01 16:05:00,WELL-001,3204.25,92.14,777.54,2.44,17.26,10.08,114.64,6289.14,28.03,Normal,0,0,0,No Action Required,14.480000000000018,0.5300000000000011,0.2599999999999909,0.1,3203.0016666666666,92.62916666666666,781.7116666666666,2.4391666666666665,100,1,Normal,5
2026-05-01 16:10:00,WELL-001,3223.88,91.12,784.41,2.34,17.55,10.05,111.1,6164.35,28.07,Normal,0,0,0,No Action Required,19.63000000000011,-1.019999999999996,6.8700000000000045,-0.1,3205.2983333333336,92.57333333333334,782.0133333333333,2.4266666666666667,100,1,Normal,5
2026-05-01 16:15:00,WELL-001,3184.04,92.27,773.48,2.51,17.32,10.02,112.73,6263.21,28.83,Normal,0,0,0,No Action Required,-39.84000000000015,1.1499999999999917,-10.92999999999995,0.1699999999999999,3201.6216666666664,92.5525,780.9483333333333,2.4308333333333336,100,1,Normal,5
2026-05-01 16:20:00,WELL-001,3223.06,92.2,776.37,2.4,17.45,10.06,113.53,5995.88,28.0,Normal,0,0,0,No Action Required,39.01999999999998,-0.0699999999999931,2.8899999999999864,-0.1099999999999998,3204.5483333333336,92.42666666666666,780.2325,2.419166666666667,100,1,Normal,5
2026-05-01 16:25:00,WELL-001,3187.47,92.82,789.81,2.48,17.45,9.92,109.45,6084.51,28.26,Normal,0,0,0,No Action Required,-35.590000000000146,0.6199999999999903,13.43999999999994,0.08,3202.000833333333,92.53416666666668,779.1075,2.43,100,1,Normal,5
2026-05-01 16:30:00,WELL-001,3221.31,92.36,777.49,2.48,17.33,10.0,109.67,6107.05,28.31,Normal,0,0,0,No Action Required,33.840000000000146,-0.4599999999999937,-12.319999999999936,0.0,3203.8216666666667,92.43083333333334,779.0183333333333,2.4375,100,1,Normal,5
2026-05-01 16:35:00,WELL-001,3180.81,93.03,790.54,2.4,17.34,10.07,113.64,6028.3,28.14,Normal,0,0,0,No Action Required,-40.5,0.6700000000000017,13.049999999999956,-0.08,3200.0675,92.4025,780.48,2.4366666666666665,100,1,Normal,5
2026-05-01 16:40:00,WELL-001,3208.77,90.25,777.85,2.48,17.76,10.07,114.69,6111.5,27.81,Normal,0,0,0,No Action Required,27.96000000000004,-2.780000000000001,-12.68999999999994,0.08,3199.9458333333337,92.27166666666666,780.6075000000001,2.4166666666666665,100,1,Normal,5
2026-05-01 16:45:00,WELL-001,3195.2,90.29,795.7,2.3,17.15,10.07,109.67,5979.59,28.33,Normal,0,0,0,No Action Required,-13.570000000000164,0.0400000000000062,17.850000000000023,-0.1800000000000001,3200.340833333333,92.02333333333333,781.56,2.4125,100,1,Normal,5
2026-05-01 16:50:00,WELL-001,3208.11,92.21,784.98,2.55,17.56,10.04,114.46,6068.47,29.09,Normal,0,0,0,No Action Required,12.91000000000031,1.9199999999999875,-10.720000000000027,0.25,3201.784166666667,91.96083333333333,782.2425,2.4375,100,1,Normal,5
2026-05-01 16:55:00,WELL-001,3157.21,93.74,792.51,2.43,17.37,10.01,115.11,6094.54,27.93,Normal,0,0,0,No Action Required,-50.90000000000009,1.5300000000000011,7.529999999999973,-0.1199999999999996,3198.6566666666663,92.00333333333332,783.1633333333333,2.4291666666666667,100,1,Normal,5
2026-05-01 17:00:00,WELL-001,3211.98,93.67,773.5,2.68,16.98,9.97,110.41,6098.61,27.71,Normal,0,0,0,No Action Required,54.76999999999998,-0.0699999999999931,-19.00999999999999,0.25,3200.5075,92.175,782.8483333333332,2.4575,100,1,Normal,5
2026-05-01 17:05:00,WELL-001,3174.9,91.39,790.02,2.43,17.77,10.08,114.95,6072.37,27.48,Normal,0,0,0,No Action Required,-37.07999999999993,-2.280000000000001,16.519999999999982,-0.25,3198.0616666666665,92.1125,783.8883333333333,2.4566666666666666,100,1,Normal,5
2026-05-01 17:10:00,WELL-001,3162.21,93.1,795.67,2.32,16.84,9.97,113.25,6116.18,28.64,Normal,0,0,0,No Action Required,-12.690000000000056,1.7099999999999935,5.649999999999977,-0.1100000000000003,3192.9225000000006,92.2775,784.8266666666667,2.455,100,1,Normal,5
2026-05-01 17:15:00,WELL-001,3187.64,91.84,797.92,2.14,17.45,10.0,114.33,6149.79,27.94,Normal,0,0,0,No Action Required,25.42999999999984,-1.259999999999991,2.25,-0.1799999999999997,3193.2225000000003,92.24166666666667,786.8633333333333,2.424166666666667,100,1,Normal,5
2026-05-01 17:20:00,WELL-001,3186.61,89.78,794.92,2.43,17.83,10.0,114.73,5991.54,27.14,Normal,0,0,0,No Action Required,-1.0299999999997451,-2.0600000000000023,-3.0,0.29,3190.185,92.04,788.4091666666667,2.4266666666666667,100,1,Normal,5
2026-05-01 17:25:00,WELL-001,3194.05,91.52,780.51,2.51,17.76,10.02,112.54,6104.8,27.96,Normal,0,0,0,No Action Required,7.440000000000055,1.7399999999999949,-14.409999999999968,0.0799999999999996,3190.733333333333,91.93166666666669,787.6341666666667,2.4291666666666667,100,1,Normal,5
2026-05-01 17:30:00,WELL-001,3205.87,90.54,780.33,2.3,17.53,10.0,115.62,6178.86,27.9,Normal,0,0,0,No Action Required,11.819999999999707,-0.9799999999999898,-0.1799999999999499,-0.2099999999999999,3189.4466666666667,91.78000000000002,787.8708333333334,2.4141666666666666,100,1,Normal,5
2026-05-01 17:35:00,WELL-001,3207.15,91.67,792.7,2.5,17.73,10.03,116.1,6142.66,28.27,Normal,0,0,0,No Action Required,1.2800000000002,1.1299999999999957,12.370000000000005,0.2000000000000001,3191.641666666667,91.66666666666669,788.0508333333333,2.4225,100,1,Normal,5
2026-05-01 17:40:00,WELL-001,3190.3,91.45,792.27,2.41,17.43,10.04,113.42,6299.86,28.01,Normal,0,0,0,No Action Required,-16.84999999999991,-0.2199999999999988,-0.4300000000000636,-0.0899999999999998,3190.1024999999995,91.76666666666668,789.2524999999999,2.4166666666666665,100,1,Normal,5
2026-05-01 17:45:00,WELL-001,3203.53,91.85,769.22,2.37,17.01,10.02,112.85,6137.06,28.01,Normal,0,0,0,No Action Required,13.230000000000018,0.3999999999999915,-23.049999999999955,-0.04,3190.7966666666666,91.89666666666666,787.0458333333335,2.4225,100,1,Normal,5
2026-05-01 17:50:00,WELL-001,3188.45,92.78,782.44,2.18,17.4,10.07,114.28,6116.08,28.72,Normal,0,0,0,No Action Required,-15.080000000000382,0.9300000000000068,13.220000000000027,-0.1899999999999999,3189.1583333333333,91.94416666666666,786.8341666666665,2.391666666666667,100,1,Normal,5
2026-05-01 17:55:00,WELL-001,3215.22,91.75,790.9,2.43,17.31,10.08,112.6,6048.5,27.18,Normal,0,0,0,No Action Required,26.769999999999985,-1.0300000000000011,8.459999999999923,0.25,3193.9925000000003,91.77833333333336,786.7000000000002,2.3916666666666666,100,1,Normal,5
2026-05-01 18:00:00,WELL-001,3180.35,90.7,792.47,2.25,17.55,10.07,112.84,6000.13,28.33,Normal,0,0,0,No Action Required,-34.86999999999989,-1.0499999999999972,1.57000000000005,-0.1800000000000001,3191.3566666666666,91.53083333333332,788.2808333333334,2.355833333333333,100,1,Normal,5
2026-05-01 18:05:00,WELL-001,3228.81,93.6,781.55,2.22,16.75,9.96,113.41,6042.86,27.88,Normal,0,0,0,No Action Required,48.46000000000004,2.8999999999999915,-10.920000000000073,-0.0299999999999998,3195.849166666667,91.715,787.5749999999999,2.3383333333333334,100,1,Normal,5
2026-05-01 18:10:00,WELL-001,3213.43,92.54,779.16,2.52,17.52,10.04,111.76,6079.8,27.43,Normal,0,0,0,No Action Required,-15.38000000000011,-1.059999999999988,-2.3899999999999864,0.2999999999999998,3200.1175,91.66833333333334,786.1991666666667,2.355,100,1,Normal,5
2026-05-01 18:15:00,WELL-001,3210.33,91.02,785.83,2.29,17.97,9.98,114.79,6096.13,27.89,Normal,0,0,0,No Action Required,-3.099999999999909,-1.5200000000000102,6.670000000000073,-0.2299999999999999,3202.008333333333,91.6,785.1916666666666,2.3675,100,1,Normal,5
2026-05-01 18:20:00,WELL-001,3176.54,91.39,792.2,2.47,17.18,9.99,111.14,5979.12,27.71,Normal,0,0,0,No Action Required,-33.789999999999964,0.3700000000000045,6.3700000000000045,0.1800000000000001,3201.169166666667,91.73416666666668,784.965,2.370833333333333,100,1,Normal,5
2026-05-01 18:25:00,WELL-001,3212.51,91.49,789.28,2.32,17.23,10.04,111.93,6116.6,28.79,Normal,0,0,0,No Action Required,35.970000000000255,0.0999999999999943,-2.9200000000000728,-0.1500000000000003,3202.7075,91.73166666666668,785.6958333333333,2.355,100,1,Normal,5
2026-05-01 18:30:00,WELL-001,2754.09,91.57,599.15,2.58,16.91,9.93,112.9,6088.14,28.5,Leak Risk,1,High,90,Inspect within 2 hours,-458.4200000000001,0.0799999999999983,-190.13,0.2600000000000002,3165.0591666666664,91.8175,770.5975,2.3783333333333334,35,-1,Leak Risk,90
2026-05-01 18:35:00,WELL-001,2774.0,91.33,605.04,2.25,17.33,9.95,110.67,6269.47,27.49,Leak Risk,1,High,90,Inspect within 2 hours,19.90999999999985,-0.2399999999999948,5.889999999999986,-0.33,3128.963333333333,91.78916666666667,754.9591666666666,2.3575,35,1,Leak Risk,90
2026-05-01 18:40:00,WELL-001,2891.26,92.19,620.66,2.4,17.71,10.04,111.75,6210.08,28.03,Leak Risk,1,High,90,Inspect within 2 hours,117.26000000000022,0.8599999999999994,15.620000000000005,0.1499999999999999,3104.043333333333,91.85083333333334,740.6583333333333,2.356666666666667,35,1,Leak Risk,90
2026-05-01 18:45:00,WELL-001,2832.33,92.12,595.78,2.47,17.37,10.07,112.93,5969.48,27.62,Leak Risk,1,High,90,Inspect within 2 hours,-58.93000000000029,-0.0699999999999931,-24.879999999999995,0.0700000000000002,3073.11,91.87333333333332,726.205,2.365,35,1,Leak Risk,90
2026-05-01 18:50:00,WELL-001,2918.69,95.0,602.39,2.37,16.75,10.1,115.33,6167.01,28.22,Leak Risk,1,High,90,Inspect within 2 hours,86.36000000000013,2.8799999999999955,6.610000000000014,-0.1,3050.63,92.05833333333334,711.2008333333333,2.3808333333333334,35,1,Leak Risk,90
2026-05-01 18:55:00,WELL-001,2942.3,92.97,620.28,2.46,17.3,10.04,112.88,6089.27,28.23,Leak Risk,1,High,90,Inspect within 2 hours,23.610000000000127,-2.030000000000001,17.889999999999986,0.0899999999999998,3027.8866666666668,92.16,696.9825000000001,2.3833333333333333,35,1,Leak Risk,90
2026-05-01 19:00:00,WELL-001,3249.04,92.88,817.37,2.4,17.23,9.96,116.11,6008.01,28.94,Normal,0,0,0,No Action Required,306.7399999999998,-0.0900000000000034,197.09000000000003,-0.06,3033.6108333333336,92.34166666666664,699.0575,2.395833333333333,100,1,Normal,5
2026-05-01 19:05:00,WELL-001,3177.45,92.97,783.95,2.34,17.35,9.99,112.57,6082.07,28.54,Normal,0,0,0,No Action Required,-71.59000000000015,0.0900000000000034,-33.41999999999996,-0.06,3029.330833333333,92.28916666666667,699.2575,2.4058333333333333,100,1,Normal,5
2026-05-01 19:10:00,WELL-001,3158.18,91.52,806.72,2.47,17.79,10.06,110.74,6164.62,28.26,Normal,0,0,0,No Action Required,-19.269999999999985,-1.4500000000000028,22.769999999999985,0.1300000000000003,3024.726666666667,92.20416666666668,701.5541666666667,2.401666666666667,100,1,Normal,5
2026-05-01 19:15:00,WELL-001,3236.57,92.88,800.87,2.48,17.5,10.04,112.37,6152.08,28.6,Normal,0,0,0,No Action Required,78.39000000000033,1.3599999999999994,-5.850000000000023,0.0099999999999997,3026.9133333333334,92.35916666666668,702.8075,2.4175,100,1,Normal,5
2026-05-01 19:20:00,WELL-001,3214.83,93.02,808.74,2.53,17.56,9.96,110.62,6073.71,28.24,Normal,0,0,0,No Action Required,-21.74000000000024,0.1400000000000005,7.870000000000003,0.0499999999999998,3030.1041666666665,92.495,704.1858333333333,2.4225,100,1,Normal,5
2026-05-01 19:25:00,WELL-001,3220.91,89.3,788.41,2.37,16.99,9.98,111.91,6003.95,27.91,Normal,0,0,0,No Action Required,6.079999999999927,-3.719999999999999,-20.33000000000004,-0.1599999999999997,3030.804166666667,92.3125,704.1133333333333,2.4266666666666667,100,1,Normal,5
2026-05-01 19:30:00,WELL-001,3220.28,92.7,802.79,2.39,17.69,10.06,114.1,6033.11,28.04,Normal,0,0,0,No Action Required,-0.6299999999996544,3.4000000000000057,14.379999999999995,0.02,3069.653333333333,92.40666666666668,721.0833333333334,2.410833333333333,100,1,Normal,5
2026-05-01 19:35:00,WELL-001,3214.79,91.57,786.37,2.33,17.89,9.99,113.56,6036.96,28.52,Normal,0,0,0,No Action Required,-5.4900000000002365,-1.1300000000000097,-16.41999999999996,-0.06,3106.3858333333333,92.42666666666666,736.1941666666667,2.4175,100,1,Normal,5
2026-05-01 19:40:00,WELL-001,3205.41,90.59,798.82,2.2,17.15,10.02,116.6,6130.32,27.91,Normal,0,0,0,No Action Required,-9.38000000000011,-0.9799999999999898,12.450000000000044,-0.1299999999999999,3132.565,92.29333333333334,751.0408333333334,2.4008333333333334,100,1,Normal,5
2026-05-01 19:45:00,WELL-001,3190.04,93.01,790.65,2.53,17.16,9.97,111.92,5936.9,27.35,Normal,0,0,0,No Action Required,-15.36999999999989,2.4200000000000017,-8.170000000000073,0.3299999999999996,3162.374166666667,92.3675,767.2799999999999,2.4058333333333333,100,1,Normal,5
2026-05-01 19:50:00,WELL-001,3194.26,92.02,798.73,2.39,18.16,10.03,110.15,5986.54,28.22,Normal,0,0,0,No Action Required,4.220000000000255,-0.9900000000000092,8.080000000000041,-0.1399999999999996,3185.338333333333,92.11916666666666,783.6416666666668,2.4075,100,1,Normal,5
2026-05-01 19:55:00,WELL-001,3187.91,90.85,796.21,2.39,17.9,9.97,112.07,6257.79,28.35,Normal,0,0,0,No Action Required,-6.350000000000364,-1.1700000000000017,-2.519999999999982,0.0,3205.8058333333333,91.9425,798.3025000000001,2.401666666666667,100,1,Normal,5
2026-05-01 20:00:00,WELL-001,3182.15,91.57,790.58,2.41,17.7,10.1,109.93,6185.44,28.28,Normal,0,0,0,No Action Required,-5.759999999999764,0.7199999999999989,-5.629999999999996,0.02,3200.2316666666666,91.83333333333331,796.07,2.4025000000000003,100,1,Normal,5
2026-05-01 20:05:00,WELL-001,3194.03,91.86,784.93,2.47,16.88,9.98,113.74,5916.86,27.69,Normal,0,0,0,No Action Required,11.88000000000011,0.2900000000000062,-5.650000000000091,0.06,3201.613333333333,91.74083333333331,796.1516666666666,2.4133333333333336,100,1,Normal,5
2026-05-01 20:10:00,WELL-001,3220.68,92.4,795.0,2.41,17.57,10.07,110.68,5996.04,28.46,Normal,0,0,0,No Action Required,26.64999999999964,0.5400000000000063,10.07000000000005,-0.06,3206.8216666666667,91.81416666666668,795.1750000000001,2.4083333333333337,100,1,Normal,5
2026-05-01 20:15:00,WELL-001,3210.27,90.94,792.4,2.37,17.35,10.02,110.19,6102.71,27.93,Normal,0,0,0,No Action Required,-10.409999999999854,-1.460000000000008,-2.6000000000000227,-0.04,3204.63,91.6525,794.4691666666666,2.399166666666667,100,1,Normal,5
2026-05-01 20:20:00,WELL-001,3177.75,92.27,799.39,2.49,17.04,10.03,109.77,6071.04,28.4,Normal,0,0,0,No Action Required,-32.51999999999998,1.3299999999999983,6.990000000000009,0.1200000000000001,3201.5399999999995,91.59,793.6899999999999,2.395833333333333,100,1,Normal,5
2026-05-01 20:25:00,WELL-001,3208.61,92.84,806.73,2.34,17.51,10.11,111.97,6236.55,28.57,Normal,0,0,0,No Action Required,30.860000000000127,0.5700000000000074,7.340000000000032,-0.1500000000000003,3200.515,91.885,795.2166666666667,2.393333333333333,100,1,Normal,5
2026-05-01 20:30:00,WELL-001,3193.95,92.1,801.24,2.5,17.48,9.99,108.74,6165.75,27.45,Normal,0,0,0,No Action Required,-14.66000000000031,-0.7400000000000091,-5.490000000000009,0.1600000000000001,3198.3208333333337,91.835,795.0875000000001,2.4025,100,1,Normal,5
2026-05-01 20:35:00,WELL-001,3174.16,91.88,790.58,2.44,17.24,10.06,109.69,6032.34,28.22,Normal,0,0,0,No Action Required,-19.789999999999964,-0.2199999999999988,-10.659999999999968,-0.06,3194.935,91.86083333333332,795.4383333333334,2.411666666666666,100,1,Normal,5
2026-05-01 20:40:00,WELL-001,3199.51,92.98,792.98,2.34,17.52,9.91,113.67,6174.92,27.69,Normal,0,0,0,No Action Required,25.350000000000364,1.1000000000000083,2.3999999999999773,-0.1,3194.443333333333,92.06,794.9516666666667,2.4233333333333333,100,1,Normal,5
2026-05-01 20:45:00,WELL-001,3193.07,93.77,805.58,2.45,17.69,10.11,112.94,6057.81,28.61,Normal,0,0,0,No Action Required,-6.440000000000055,0.789999999999992,12.600000000000025,0.1100000000000003,3194.695833333333,92.12333333333332,796.1958333333333,2.4166666666666665,100,1,Normal,5
2026-05-01 20:50:00,WELL-001,3195.37,91.35,795.98,2.44,17.18,10.0,110.85,6242.07,28.08,Normal,0,0,0,No Action Required,2.299999999999727,-2.4200000000000017,-9.600000000000025,-0.0100000000000002,3194.788333333334,92.0675,795.9666666666666,2.4208333333333334,100,1,Normal,5
2026-05-01 20:55:00,WELL-001,3185.94,91.68,806.72,2.47,17.16,10.02,113.46,6028.12,27.6,Normal,0,0,0,No Action Required,-9.429999999999836,0.3300000000000125,10.740000000000007,0.0300000000000002,3194.6241666666665,92.13666666666666,796.8425000000001,2.4275,100,1,Normal,5
2026-05-01 21:00:00,WELL-001,3212.78,91.95,806.93,2.44,17.36,10.0,111.64,5984.69,27.97,Normal,0,0,0,No Action Required,26.840000000000146,0.269999999999996,0.2099999999999227,-0.0300000000000002,3197.1766666666663,92.16833333333334,798.205,2.43,100,1,Normal,5
2026-05-01 21:05:00,WELL-001,3213.75,94.0,813.41,2.42,17.83,10.0,110.32,6290.62,28.43,Normal,0,0,0,No Action Required,0.9699999999998,2.049999999999997,6.480000000000018,-0.02,3198.82,92.34666666666668,800.5783333333334,2.4258333333333333,100,1,Normal,5
2026-05-01 21:10:00,WELL-001,3175.89,94.16,797.46,2.33,17.7,10.09,110.9,6245.63,28.57,Normal,0,0,0,No Action Required,-37.86000000000013,0.1599999999999966,-15.949999999999932,-0.0899999999999998,3195.0875,92.49333333333334,800.7833333333333,2.419166666666667,100,1,Normal,5
2026-05-01 21:15:00,WELL-001,3189.12,92.35,815.53,2.21,17.82,10.06,113.92,6111.7,29.01,Normal,0,0,0,No Action Required,13.230000000000018,-1.8100000000000025,18.069999999999936,-0.1200000000000001,3193.3250000000003,92.61083333333332,802.7108333333334,2.4058333333333333,100,1,Normal,5
2026-05-01 21:20:00,WELL-001,3241.63,91.98,808.3,2.62,17.07,10.03,114.91,5897.04,28.55,Normal,0,0,0,No Action Required,52.51000000000022,-0.3699999999999903,-7.230000000000018,0.4100000000000001,3198.648333333333,92.58666666666666,803.4533333333334,2.4166666666666665,100,1,Normal,5
2026-05-01 21:25:00,WELL-001,3183.92,92.79,812.56,2.11,17.62,10.12,111.84,6156.2,28.75,Normal,0,0,0,No Action Required,-57.71000000000004,0.8100000000000023,4.259999999999991,-0.5100000000000002,3196.5908333333336,92.5825,803.9391666666666,2.3975000000000004,100,1,Normal,5
2026-05-01 21:30:00,WELL-001,3174.84,93.36,811.59,2.47,17.37,9.97,115.69,6101.98,27.86,Normal,0,0,0,No Action Required,-9.079999999999927,0.5699999999999932,-0.9699999999999136,0.3600000000000003,3194.998333333333,92.6875,804.8016666666666,2.395,100,1,Normal,5
2026-05-01 21:35:00,WELL-001,3197.79,92.97,790.91,2.4,17.19,10.09,109.15,6192.4,28.79,Normal,0,0,0,No Action Required,22.94999999999981,-0.3900000000000005,-20.680000000000064,-0.0700000000000002,3196.9675,92.77833333333336,804.8291666666665,2.3916666666666666,100,1,Normal,5
2026-05-01 21:40:00,WELL-001,3170.44,90.88,817.69,2.29,18.42,9.93,113.24,6096.19,28.14,Normal,0,0,0,No Action Required,-27.34999999999991,-2.0900000000000034,26.780000000000086,-0.1099999999999998,3194.545,92.60333333333334,806.8883333333333,2.3875,100,1,Normal,5
2026-05-01 21:45:00,WELL-001,3211.84,93.12,802.06,2.28,17.71,10.05,113.13,6158.17,28.53,Normal,0,0,0,No Action Required,41.40000000000009,2.240000000000009,-15.63000000000011,-0.0100000000000002,3196.1091666666666,92.54916666666668,806.5949999999999,2.373333333333333,100,1,Normal,5
2026-05-01 21:50:00,WELL-001,3189.8,93.16,798.98,2.49,17.27,10.05,112.04,6164.9,27.83,Normal,0,0,0,No Action Required,-22.039999999999964,0.039999999999992,-3.0799999999999272,0.2100000000000004,3195.6450000000004,92.7,806.8450000000001,2.3775,100,1,Normal,5
2026-05-01 21:55:00,WELL-001,3204.16,93.58,807.14,2.42,17.97,10.07,114.62,6164.33,28.53,Normal,0,0,0,No Action Required,14.359999999999673,0.4200000000000017,8.159999999999968,-0.0700000000000002,3197.1633333333334,92.85833333333332,806.88,2.373333333333333,100,1,Normal,5
2026-05-01 22:00:00,WELL-001,3239.55,92.6,813.86,2.44,17.21,10.01,113.34,6012.53,28.56,Normal,0,0,0,No Action Required,35.39000000000033,-0.980000000000004,6.720000000000027,0.02,3199.394166666667,92.9125,807.4575,2.373333333333333,100,1,Normal,5
2026-05-01 22:05:00,WELL-001,3207.87,93.1,816.65,2.41,17.88,9.99,110.71,6069.53,27.09,Normal,0,0,0,No Action Required,-31.68000000000029,0.5,2.789999999999964,-0.0299999999999998,3198.904166666667,92.8375,807.7275,2.3725,100,1,Normal,5
2026-05-01 22:10:00,WELL-001,3226.03,91.98,800.85,2.48,17.38,10.0,108.83,6228.61,28.51,Normal,0,0,0,No Action Required,18.16000000000031,-1.1199999999999903,-15.799999999999956,0.0699999999999998,3203.0825000000004,92.65583333333332,808.0100000000001,2.385,100,1,Normal,5
2026-05-01 22:15:00,WELL-001,3246.73,92.42,794.15,2.52,17.27,10.05,116.14,6137.34,28.29,Normal,0,0,0,No Action Required,20.69999999999981,0.4399999999999977,-6.7000000000000455,0.04,3207.883333333333,92.66166666666668,806.2283333333334,2.410833333333333,100,1,Normal,5
2026-05-01 22:20:00,WELL-001,3213.86,91.38,814.65,2.54,17.53,9.94,112.66,6242.38,27.99,Normal,0,0,0,No Action Required,-32.86999999999989,-1.0400000000000065,20.5,0.02,3205.5691666666667,92.61166666666666,806.7575,2.404166666666667,100,1,Normal,5
2026-05-01 22:25:00,WELL-001,3231.04,93.07,811.49,2.35,17.37,10.04,110.74,6125.92,27.14,Normal,0,0,0,No Action Required,17.179999999999836,1.6899999999999975,-3.159999999999968,-0.1899999999999999,3209.495833333333,92.635,806.6683333333334,2.424166666666667,100,1,Normal,5
2026-05-01 22:30:00,WELL-001,3198.9,93.56,814.75,2.45,16.85,10.07,110.63,6159.95,27.78,Normal,0,0,0,No Action Required,-32.13999999999987,0.4900000000000091,3.259999999999991,0.1,3211.500833333333,92.65166666666666,806.9316666666667,2.4225,100,1,Normal,5
2026-05-01 22:35:00,WELL-001,3195.81,92.06,806.9,2.37,17.52,10.02,109.87,6126.11,27.51,Normal,0,0,0,No Action Required,-3.090000000000145,-1.5,-7.850000000000023,-0.08,3211.335833333333,92.57583333333334,808.2641666666667,2.4200000000000004,100,1,Normal,5
2026-05-01 22:40:00,WELL-001,3193.81,92.65,802.32,2.2,17.82,10.1,117.41,6213.29,28.06,Normal,0,0,0,No Action Required,-2.0,0.5900000000000034,-4.579999999999927,-0.1699999999999999,3213.2833333333333,92.72333333333334,806.9833333333332,2.4125,100,1,Normal,5
2026-05-01 22:45:00,WELL-001,3202.3,92.55,821.67,2.38,17.78,10.08,113.28,5953.36,28.18,Normal,0,0,0,No Action Required,8.490000000000236,-0.1000000000000085,19.34999999999991,0.1799999999999997,3212.488333333333,92.67583333333332,808.6175,2.4208333333333334,100,1,Normal,5
2026-05-01 22:50:00,WELL-001,3212.37,94.29,805.94,2.25,17.69,10.01,107.81,6131.03,28.42,Normal,0,0,0,No Action Required,10.069999999999707,1.740000000000009,-15.729999999999905,-0.1299999999999999,3214.369166666667,92.77,809.1974999999999,2.4008333333333334,100,1,Normal,5
2026-05-01 22:55:00,WELL-001,3194.55,92.82,811.05,2.44,16.79,10.08,116.32,6047.51,27.46,Normal,0,0,0,No Action Required,-17.81999999999971,-1.470000000000013,5.1099999999999,0.1899999999999999,3213.568333333334,92.70666666666666,809.5233333333334,2.4025000000000003,100,1,Normal,5
2026-05-01 23:00:00,WELL-001,3230.84,92.82,811.57,2.66,16.8,9.98,112.52,6227.7,29.64,Normal,0,0,0,No Action Required,36.28999999999997,0.0,0.5200000000000955,0.2200000000000002,3212.8425,92.725,809.3325,2.4208333333333334,100,1,Normal,5
2026-05-01 23:05:00,WELL-001,3221.41,91.86,804.52,2.31,17.59,10.04,110.82,6015.18,28.07,Normal,0,0,0,No Action Required,-9.430000000000293,-0.9599999999999936,-7.050000000000068,-0.3500000000000001,3213.970833333333,92.62166666666668,808.3216666666667,2.4125,100,1,Normal,5
2026-05-01 23:10:00,WELL-001,3212.65,93.45,807.68,2.55,17.2,9.99,110.23,6076.14,28.32,Normal,0,0,0,No Action Required,-8.759999999999764,1.5900000000000034,3.159999999999968,0.2399999999999997,3212.855833333333,92.74416666666669,808.8908333333333,2.418333333333333,100,1,Normal,5
2026-05-01 23:15:00,WELL-001,3185.93,93.15,816.57,2.48,17.47,10.05,111.76,6027.84,28.73,Normal,0,0,0,No Action Required,-26.72000000000025,-0.2999999999999971,8.8900000000001,-0.0699999999999998,3207.789166666667,92.805,810.7591666666667,2.415,100,1,Normal,5
2026-05-01 23:20:00,WELL-001,3231.88,92.75,792.26,2.31,17.53,9.99,113.56,6240.51,28.18,Normal,0,0,0,No Action Required,45.95000000000027,-0.4000000000000057,-24.31000000000006,-0.1699999999999999,3209.290833333334,92.91916666666668,808.8933333333333,2.395833333333333,100,1,Normal,5
2026-05-01 23:25:00,WELL-001,3221.17,94.18,798.63,2.31,17.59,10.02,113.15,6101.86,28.61,Normal,0,0,0,No Action Required,-10.710000000000036,1.4300000000000068,6.3700000000000045,0.0,3208.4683333333337,93.01166666666668,807.8216666666667,2.3925,100,1,Normal,5
2026-05-01 23:30:00,WELL-001,3224.8,93.95,817.06,2.59,18.13,9.99,117.84,5988.85,28.99,Normal,0,0,0,No Action Required,3.630000000000109,-0.2300000000000039,18.42999999999995,0.2799999999999998,3210.626666666667,93.04416666666668,808.0141666666667,2.404166666666667,100,1,Normal,5
2026-05-01 23:35:00,WELL-001,3205.55,93.43,807.44,2.29,17.37,9.98,110.43,6094.66,28.85,Normal,0,0,0,No Action Required,-19.25,-0.519999999999996,-9.61999999999989,-0.2999999999999998,3211.438333333333,93.15833333333336,808.0591666666668,2.3975,100,1,Normal,5
2026-05-01 23:40:00,WELL-001,3212.39,94.44,800.52,2.24,17.5,10.11,113.32,6181.19,28.82,Normal,0,0,0,No Action Required,6.839999999999691,1.009999999999991,-6.920000000000073,-0.0499999999999998,3212.986666666666,93.3075,807.9091666666667,2.4008333333333334,100,1,Normal,5
2026-05-01 23:45:00,WELL-001,3216.3,93.34,811.06,2.48,16.85,10.03,112.9,6019.58,28.19,Normal,0,0,0,No Action Required,3.910000000000309,-1.0999999999999943,10.539999999999964,0.2399999999999997,3214.1533333333336,93.37333333333332,807.0250000000001,2.4091666666666667,100,1,Normal,5
2026-05-01 23:50:00,WELL-001,3195.98,91.99,807.82,2.51,17.22,9.97,111.29,6153.42,28.89,Normal,0,0,0,No Action Required,-20.320000000000164,-1.3500000000000083,-3.2399999999998954,0.0299999999999998,3212.7875,93.18166666666669,807.1816666666667,2.4308333333333336,100,1,Normal,5
2026-05-01 23:55:00,WELL-001,3230.83,94.8,798.91,2.39,17.7,9.95,111.59,6192.73,28.32,Normal,0,0,0,No Action Required,34.84999999999991,2.8100000000000023,-8.910000000000082,-0.1199999999999996,3215.810833333333,93.34666666666668,806.17,2.4266666666666663,100,1,Normal,5
2026-05-02 00:00:00,WELL-001,3207.35,92.38,818.5,2.15,17.56,9.99,115.0,5994.31,29.26,Normal,0,0,0,No Action Required,-23.48000000000001,-2.4200000000000017,19.590000000000032,-0.2400000000000002,3213.853333333333,93.31,806.7475,2.3841666666666668,100,1,Normal,5
2026-05-02 00:05:00,WELL-001,3231.97,94.58,801.61,2.38,17.3,10.11,113.71,6152.91,28.43,Normal,0,0,0,No Action Required,24.61999999999989,2.200000000000003,-16.889999999999986,0.2299999999999999,3214.7333333333336,93.53666666666668,806.5050000000001,2.39,100,1,Normal,5
2026-05-02 00:10:00,WELL-001,3236.04,92.62,824.19,2.29,17.33,10.09,116.77,6179.12,28.02,Normal,0,0,0,No Action Required,4.070000000000164,-1.9599999999999933,22.58000000000004,-0.0899999999999998,3216.6825000000003,93.4675,807.8808333333333,2.368333333333333,100,1,Normal,5
2026-05-02 00:15:00,WELL-001,3227.02,94.18,809.42,2.25,17.78,10.03,111.46,6048.69,28.33,Normal,0,0,0,No Action Required,-9.019999999999982,1.5600000000000025,-14.770000000000095,-0.04,3220.1066666666666,93.55333333333334,807.285,2.349166666666666,100,1,Normal,5
2026-05-02 00:20:00,WELL-001,3199.47,94.89,809.68,2.59,17.37,9.96,110.51,6059.46,28.1,Normal,0,0,0,No Action Required,-27.550000000000185,0.7099999999999937,0.2599999999999909,0.3399999999999998,3217.405833333333,93.73166666666668,808.7366666666667,2.3725,100,1,Normal,5
2026-05-02 00:25:00,WELL-001,3214.51,94.14,803.06,2.43,17.16,10.05,112.28,6223.15,28.48,Normal,0,0,0,No Action Required,15.040000000000418,-0.75,-6.6200000000000045,-0.1599999999999997,3216.8508333333334,93.72833333333334,809.1058333333334,2.3825,100,1,Normal,5
2026-05-02 00:30:00,WELL-001,3228.21,93.81,795.65,2.57,17.1,10.02,113.59,6080.18,28.76,Normal,0,0,0,No Action Required,13.699999999999818,-0.3299999999999983,-7.409999999999968,0.1399999999999996,3217.135,93.71666666666664,807.3216666666667,2.3808333333333334,100,1,Normal,5
2026-05-02 00:35:00,WELL-001,3202.74,95.75,813.17,2.37,17.26,9.91,111.21,6063.14,28.29,Normal,0,0,0,No Action Required,-25.47000000000025,1.9399999999999973,17.519999999999982,-0.1999999999999997,3216.900833333333,93.91,807.7991666666667,2.3875,100,1,Normal,5
2026-05-02 00:40:00,WELL-001,3247.4,96.05,809.98,2.42,17.17,9.93,111.69,6077.98,28.61,Normal,0,0,0,No Action Required,44.66000000000031,0.2999999999999971,-3.189999999999941,0.0499999999999998,3219.818333333333,94.04416666666668,808.5875,2.4025000000000003,100,1,Normal,5
2026-05-02 00:45:00,WELL-001,3234.08,94.24,803.15,2.16,16.67,9.94,112.32,6197.93,28.61,Normal,0,0,0,No Action Required,-13.320000000000164,-1.8100000000000025,-6.830000000000041,-0.2599999999999998,3221.3,94.11916666666669,807.9283333333333,2.375833333333333,100,1,Normal,5
2026-05-02 00:50:00,WELL-001,3239.01,93.5,816.95,2.29,17.64,9.93,110.55,6263.79,28.14,Normal,0,0,0,No Action Required,4.930000000000291,-0.7399999999999949,13.800000000000068,0.1299999999999999,3224.8858333333337,94.245,808.6891666666667,2.3575,100,1,Normal,5
2026-05-02 00:55:00,WELL-001,3212.47,95.12,817.54,2.35,17.44,10.03,107.25,5958.94,28.6,Normal,0,0,0,No Action Required,-26.54000000000042,1.6200000000000043,0.5899999999999181,0.06,3223.355833333333,94.27166666666666,810.2416666666667,2.3541666666666665,100,1,Normal,5
2026-05-02 01:00:00,WELL-001,3217.5,95.06,809.39,2.54,16.86,10.04,112.77,6019.55,27.9,Normal,0,0,0,No Action Required,5.0300000000002,-0.0600000000000022,-8.149999999999977,0.1899999999999999,3224.2016666666664,94.495,809.4825000000001,2.3866666666666667,100,1,Normal,5
2026-05-02 01:05:00,WELL-001,3236.58,95.16,807.8,2.41,17.17,10.0,111.32,6046.67,28.46,Normal,0,0,0,No Action Required,19.079999999999927,0.0999999999999943,-1.5900000000000318,-0.1299999999999999,3224.585833333333,94.54333333333334,809.9983333333333,2.3891666666666667,100,1,Normal,5
2026-05-02 01:10:00,WELL-001,3245.2,93.26,800.11,2.31,17.32,9.93,111.15,5959.97,28.38,Normal,0,0,0,No Action Required,8.61999999999989,-1.899999999999992,-7.689999999999941,-0.1,3225.349166666667,94.59666666666668,807.9916666666668,2.3908333333333336,100,1,Normal,5
2026-05-02 01:15:00,WELL-001,3231.95,94.07,798.78,2.34,17.14,10.1,114.9,6029.46,28.29,Normal,0,0,0,No Action Required,-13.25,0.8099999999999881,-1.330000000000041,0.0299999999999998,3225.76,94.5875,807.105,2.398333333333333,100,1,Normal,5
2026-05-02 01:20:00,WELL-001,3249.48,93.84,795.95,2.18,17.79,10.01,113.49,6041.1,27.71,Normal,0,0,0,No Action Required,17.5300000000002,-0.2299999999999897,-2.8299999999999272,-0.1599999999999997,3229.9275,94.5,805.9608333333334,2.3641666666666667,100,1,Normal,5
2026-05-02 01:25:00,WELL-001,3213.03,93.19,814.09,2.58,17.35,9.94,113.9,6225.03,28.61,Normal,0,0,0,No Action Required,-36.44999999999982,-0.6500000000000057,18.139999999999983,0.3999999999999999,3229.804166666667,94.42083333333332,806.8800000000001,2.3766666666666665,100,-1,Normal,5
2026-05-02 01:30:00,WELL-001,3231.96,94.3,806.99,2.55,17.61,10.0,112.08,6050.36,27.79,Normal,0,0,0,No Action Required,18.92999999999984,1.1099999999999994,-7.100000000000023,-0.0300000000000002,3230.116666666667,94.46166666666666,807.8249999999999,2.375,100,1,Normal,5
2026-05-02 01:35:00,WELL-001,3256.82,93.74,811.21,2.32,17.17,10.01,113.99,6072.61,27.76,Normal,0,0,0,No Action Required,24.860000000000127,-0.5600000000000023,4.220000000000027,-0.2299999999999999,3234.623333333333,94.29416666666668,807.6616666666665,2.370833333333333,100,1,Normal,5
2026-05-02 01:40:00,WELL-001,3232.83,93.77,819.64,2.37,17.11,10.12,114.38,6008.85,27.9,Normal,0,0,0,No Action Required,-23.99000000000024,0.0300000000000011,8.42999999999995,0.0500000000000002,3233.409166666667,94.10416666666669,808.4666666666667,2.3666666666666667,100,1,Normal,5
2026-05-02 01:45:00,WELL-001,3241.02,94.58,814.41,2.32,17.59,9.91,112.6,6036.81,28.04,Normal,0,0,0,No Action Required,8.190000000000055,0.8100000000000023,-5.230000000000018,-0.0500000000000002,3233.9875,94.1325,809.4050000000001,2.38,100,1,Normal,5
2026-05-02 01:50:00,WELL-001,3230.64,95.67,798.05,2.14,16.98,10.07,109.61,6041.33,28.55,Normal,0,0,0,No Action Required,-10.38000000000011,1.0900000000000034,-16.360000000000014,-0.1799999999999997,3233.2899999999995,94.31333333333332,807.8299999999999,2.3675,100,1,Normal,5
2026-05-02 01:55:00,WELL-001,3231.44,95.66,791.01,2.36,17.81,9.96,114.97,6074.96,28.39,Normal,0,0,0,No Action Required,0.8000000000001819,-0.0100000000000051,-7.039999999999964,0.2199999999999997,3234.870833333333,94.35833333333332,805.6191666666667,2.3683333333333336,100,1,Normal,5
2026-05-02 02:00:00,WELL-001,3262.49,95.44,801.06,2.47,17.11,10.03,110.4,6101.44,28.69,Normal,0,0,0,No Action Required,31.049999999999727,-0.2199999999999988,10.049999999999956,0.1100000000000003,3238.6199999999994,94.39,804.9250000000001,2.3625,100,1,Normal,5
2026-05-02 02:05:00,WELL-001,3234.35,96.11,830.54,2.39,17.56,10.04,113.35,6177.32,28.12,Normal,0,0,0,No Action Required,-28.13999999999988,0.6700000000000017,29.48000000000001,-0.08,3238.4341666666664,94.46916666666664,806.82,2.3608333333333333,100,1,Normal,5
2026-05-02 02:10:00,WELL-001,3227.8,93.49,803.05,2.51,17.01,10.03,112.66,6036.46,27.48,Normal,0,0,0,No Action Required,-6.549999999999727,-2.6200000000000045,-27.49000000000001,0.1199999999999996,3236.9841666666666,94.48833333333332,807.0649999999999,2.3775,100,1,Normal,5
2026-05-02 02:15:00,WELL-001,3264.26,95.53,827.11,2.53,17.81,9.93,109.37,6102.76,27.76,Normal,0,0,0,No Action Required,36.46000000000004,2.0400000000000063,24.06000000000006,0.02,3239.6766666666667,94.61,809.4258333333333,2.393333333333333,100,1,Normal,5
2026-05-02 02:20:00,WELL-001,3227.46,97.54,815.31,2.29,16.51,9.97,111.79,6066.4,27.71,Normal,0,0,0,No Action Required,-36.80000000000018,2.010000000000005,-11.800000000000068,-0.2399999999999997,3237.8416666666667,94.91833333333334,811.0391666666666,2.4025000000000003,100,1,Normal,5
2026-05-02 02:25:00,WELL-001,3260.06,94.3,810.98,2.4,17.67,10.01,111.05,6038.67,27.99,Normal,0,0,0,No Action Required,32.59999999999991,-3.240000000000009,-4.329999999999927,0.1099999999999998,3241.7608333333333,95.01083333333334,810.7799999999999,2.3875,100,1,Normal,5
2026-05-02 02:30:00,WELL-001,3276.89,104.12,805.83,2.5,17.34,10.07,112.16,6051.16,27.83,Sensor Drift,1,Low,40,Calibrate sensor during next maintenance,16.829999999999927,9.820000000000007,-5.149999999999977,0.1,3245.505,95.82916666666664,810.6833333333333,2.3833333333333333,80,1,Sensor Drift,30
2026-05-02 02:35:00,WELL-001,3273.02,108.1,805.66,2.36,17.4,10.08,113.98,6104.14,27.78,Sensor Drift,1,Low,40,Calibrate sensor during next maintenance,-3.869999999999891,3.9799999999999898,-0.1700000000000727,-0.1400000000000001,3246.855,97.02583333333332,810.2208333333333,2.3866666666666667,80,1,Sensor Drift,30
2026-05-02 02:40:00,WELL-001,3226.93,108.38,811.04,2.16,16.98,10.03,109.49,6067.28,28.03,Sensor Drift,1,Low,40,Calibrate sensor during next maintenance,-46.09000000000015,0.2800000000000011,5.379999999999996,-0.1999999999999997,3246.363333333333,98.24333333333333,809.5041666666666,2.369166666666666,80,1,Sensor Drift,30
2026-05-02 02:45:00,WELL-001,3255.52,108.28,801.64,2.68,17.41,10.09,111.82,5967.39,27.3,Sensor Drift,1,Low,40,Calibrate sensor during next maintenance,28.590000000000146,-0.0999999999999943,-9.399999999999975,0.52,3247.5716666666667,99.385,808.4399999999999,2.3991666666666664,80,1,Sensor Drift,30
2026-05-02 02:50:00,WELL-001,3248.35,108.04,816.42,2.26,17.55,10.03,113.77,6198.42,28.68,Sensor Drift,1,Low,40,Calibrate sensor during next maintenance,-7.170000000000073,-0.2399999999999948,14.779999999999973,-0.4200000000000004,3249.0475,100.41583333333334,809.9708333333333,2.4091666666666667,80,1,Sensor Drift,30
2026-05-02 02:55:00,WELL-001,3227.92,109.32,807.17,2.55,17.64,10.07,111.93,6081.29,27.53,Sensor Drift,1,Low,40,Calibrate sensor during next maintenance,-20.42999999999984,1.279999999999987,-9.25,0.29,3248.754166666666,101.55416666666667,811.3175,2.4250000000000003,80,1,Sensor Drift,30
2026-05-02 03:00:00,WELL-001,3231.35,94.84,806.3,2.63,16.75,10.02,112.73,6052.88,28.19,Normal,0,0,0,No Action Required,3.4299999999998363,-14.47999999999999,-0.8700000000000045,0.08,3246.159166666667,101.50416666666666,811.7541666666666,2.438333333333333,100,1,Normal,5
2026-05-02 03:05:00,WELL-001,3236.18,96.67,814.14,2.41,17.29,9.99,113.08,6283.31,28.18,Normal,0,0,0,No Action Required,4.829999999999927,1.8299999999999983,7.840000000000032,-0.2199999999999997,3246.311666666667,101.55083333333334,810.3874999999999,2.44,100,1,Normal,5
2026-05-02 03:10:00,WELL-001,3230.83,95.03,809.43,2.31,17.33,10.04,111.62,5922.09,27.79,Normal,0,0,0,No Action Required,-5.349999999999909,-1.6400000000000006,-4.710000000000036,-0.1,3246.5641666666666,101.67916666666667,810.9191666666667,2.4233333333333333,100,1,Normal,5
2026-05-02 03:15:00,WELL-001,3230.48,95.2,803.76,2.5,16.91,10.05,112.16,5919.97,28.22,Normal,0,0,0,No Action Required,-0.349999999999909,0.1700000000000017,-5.669999999999959,0.1899999999999999,3243.7491666666665,101.65166666666666,808.9733333333334,2.4208333333333334,100,1,Normal,5
2026-05-02 03:20:00,WELL-001,3269.63,96.31,802.79,2.53,17.41,10.07,109.58,5973.56,28.51,Normal,0,0,0,No Action Required,39.15000000000009,1.1099999999999994,-0.9700000000000272,0.0299999999999998,3247.263333333333,101.54916666666666,807.93,2.4408333333333334,100,1,Normal,5
2026-05-02 03:25:00,WELL-001,3273.64,95.85,799.43,2.3,17.23,10.08,112.22,6203.3,28.48,Normal,0,0,0,No Action Required,4.009999999999764,-0.4600000000000079,-3.3600000000000136,-0.2299999999999999,3248.395,101.67833333333331,806.9675000000001,2.4325,100,1,Normal,5
2026-05-02 03:30:00,WELL-001,3276.79,95.63,803.01,2.53,17.01,10.0,109.54,5973.1,28.99,Normal,0,0,0,No Action Required,3.150000000000091,-0.2199999999999988,3.580000000000041,0.2299999999999999,3248.3866666666668,100.97083333333336,806.7325000000001,2.435,100,1,Normal,5
2026-05-02 03:35:00,WELL-001,3258.4,94.06,812.96,2.31,17.56,10.05,116.23,6044.76,27.92,Normal,0,0,0,No Action Required,-18.38999999999988,-1.5699999999999932,9.950000000000044,-0.2199999999999997,3247.168333333333,99.80083333333332,807.3408333333333,2.4308333333333336,100,1,Normal,5
2026-05-02 03:40:00,WELL-001,3197.53,95.31,809.21,2.5,17.78,10.03,113.91,6105.34,28.5,Normal,0,0,0,No Action Required,-60.86999999999989,1.25,-3.75,0.1899999999999999,3244.718333333333,98.71166666666666,807.1883333333334,2.4591666666666665,100,1,Normal,5
2026-05-02 03:45:00,WELL-001,3229.12,94.02,796.77,2.42,16.89,9.99,111.7,6176.71,28.48,Normal,0,0,0,No Action Required,31.58999999999969,-1.2900000000000065,-12.440000000000056,-0.08,3242.518333333333,97.52333333333335,806.7824999999999,2.4375,100,1,Normal,5
2026-05-02 03:50:00,WELL-001,3247.21,95.88,807.17,2.35,17.15,10.1,107.93,6024.4,28.14,Normal,0,0,0,No Action Required,18.090000000000146,1.86,10.399999999999975,-0.0699999999999998,3242.4233333333336,96.51,806.0116666666667,2.445,100,1,Normal,5
2026-05-02 03:55:00,WELL-001,3256.02,96.56,818.26,2.39,17.33,10.04,111.84,5980.1,28.18,Normal,0,0,0,No Action Required,8.809999999999945,0.6800000000000068,11.090000000000032,0.04,3244.765,95.44666666666666,806.9358333333333,2.431666666666666,100,1,Normal,5
2026-05-02 04:00:00,WELL-001,3264.12,95.5,803.61,2.17,17.35,10.0,110.35,6164.25,28.96,Normal,0,0,0,No Action Required,8.099999999999909,-1.0600000000000025,-14.649999999999975,-0.2200000000000002,3247.495833333333,95.50166666666668,806.7116666666667,2.393333333333333,100,1,Normal,5
2026-05-02 04:05:00,WELL-001,3268.52,96.8,806.0,2.48,16.71,10.01,113.92,6151.67,28.73,Normal,0,0,0,No Action Required,4.400000000000091,1.2999999999999972,2.3899999999999864,0.31,3250.1908333333326,95.5125,806.0333333333333,2.3991666666666664,100,1,Normal,5
2026-05-02 04:10:00,WELL-001,3232.12,96.35,791.78,2.37,17.32,10.06,114.39,6110.56,27.36,Normal,0,0,0,No Action Required,-36.40000000000009,-0.4500000000000028,-14.220000000000027,-0.1099999999999998,3250.2983333333336,95.6225,804.5625,2.404166666666667,100,1,Normal,5
2026-05-02 04:15:00,WELL-001,3258.71,95.48,811.43,2.54,17.01,10.05,114.11,6151.45,28.38,Normal,0,0,0,No Action Required,26.590000000000146,-0.8699999999999903,19.649999999999977,0.1699999999999999,3252.650833333333,95.64583333333331,805.2016666666667,2.4075,100,1,Normal,5
2026-05-02 04:20:00,WELL-001,3262.05,97.25,795.89,2.29,17.61,9.92,114.21,6146.22,27.28,Normal,0,0,0,No Action Required,3.340000000000145,1.769999999999996,-15.539999999999964,-0.25,3252.019166666667,95.72416666666668,804.6266666666667,2.3875,100,1,Normal,5
2026-05-02 04:25:00,WELL-001,3239.25,97.32,788.64,2.42,16.99,9.98,116.74,6110.87,28.43,Normal,0,0,0,No Action Required,-22.800000000000185,0.0699999999999931,-7.25,0.1299999999999999,3249.1533333333336,95.84666666666668,803.7275,2.3975000000000004,100,1,Normal,5
2026-05-02 04:30:00,WELL-001,3248.68,94.23,790.82,2.54,17.39,9.98,112.86,6164.69,28.4,Normal,0,0,0,No Action Required,9.429999999999836,-3.089999999999989,2.180000000000064,0.1200000000000001,3246.810833333333,95.73,802.7116666666666,2.398333333333333,100,1,Normal,5
2026-05-02 04:35:00,WELL-001,3236.85,94.17,797.04,2.53,17.64,10.04,112.56,6046.85,28.16,Normal,0,0,0,No Action Required,-11.829999999999927,-0.0600000000000022,6.219999999999914,-0.0100000000000002,3245.015,95.73916666666668,801.3850000000001,2.4166666666666665,100,1,Normal,5
2026-05-02 04:40:00,WELL-001,3264.78,96.76,798.2,2.7,17.37,10.0,115.86,5894.7,28.41,Normal,0,0,0,No Action Required,27.93000000000029,2.5900000000000034,1.160000000000082,0.1700000000000003,3250.619166666667,95.86,800.4674999999999,2.433333333333333,100,1,Normal,5
2026-05-02 04:45:00,WELL-001,3249.39,97.19,805.14,2.41,17.57,9.97,114.84,5964.07,28.36,Normal,0,0,0,No Action Required,-15.390000000000327,0.4299999999999926,6.939999999999941,-0.29,3252.308333333333,96.12416666666668,801.1650000000001,2.4325,100,1,Normal,5
2026-05-02 04:50:00,WELL-001,3251.35,93.98,800.85,2.43,17.11,9.97,113.89,6134.76,28.31,Normal,0,0,0,No Action Required,1.9600000000000364,-3.2099999999999937,-4.289999999999964,0.02,3252.653333333333,95.96583333333332,800.6383333333333,2.4391666666666665,100,1,Normal,5
2026-05-02 04:55:00,WELL-001,3250.86,95.18,818.48,2.36,17.04,10.02,112.54,6066.38,28.97,Normal,0,0,0,No Action Required,-0.4899999999997817,1.2000000000000028,17.629999999999995,-0.0700000000000002,3252.2233333333334,95.85083333333334,800.6566666666668,2.436666666666667,100,1,Normal,5
2026-05-02 05:00:00,WELL-001,3233.37,95.98,788.18,2.33,17.95,10.03,113.44,6004.58,28.05,Normal,0,0,0,No Action Required,-17.490000000000236,0.7999999999999972,-30.300000000000068,-0.0299999999999998,3249.6608333333334,95.89083333333332,799.3708333333334,2.45,100,1,Normal,5
2026-05-02 05:05:00,WELL-001,3286.52,96.45,793.96,2.45,17.43,9.98,112.17,6323.98,28.38,Normal,0,0,0,No Action Required,53.15000000000009,0.4699999999999988,5.780000000000086,0.1200000000000001,3251.1608333333334,95.86166666666668,798.3675,2.4475,100,1,Normal,5
2026-05-02 05:10:00,WELL-001,3225.46,96.46,807.1,2.29,17.18,10.09,112.97,6084.24,27.68,Normal,0,0,0,No Action Required,-61.059999999999945,0.0099999999999909,13.139999999999986,-0.1600000000000001,3250.605833333333,95.87083333333334,799.6441666666666,2.4408333333333334,100,1,Normal,5
2026-05-02 05:15:00,WELL-001,3272.97,95.76,779.31,2.21,17.14,9.96,111.07,6333.0,28.5,Normal,0,0,0,No Action Required,47.50999999999976,-0.6999999999999886,-27.79000000000008,-0.08,3251.7941666666666,95.89416666666666,796.9675000000001,2.4133333333333336,100,1,Normal,5
2026-05-02 05:20:00,WELL-001,3207.31,95.63,795.96,2.22,17.53,9.92,115.1,6242.68,29.16,Normal,0,0,0,No Action Required,-65.65999999999985,-0.1300000000000096,16.65000000000009,0.0100000000000002,3247.2325,95.75916666666666,796.9733333333334,2.4075,100,1,Normal,5
2026-05-02 05:25:00,WELL-001,3225.36,94.58,802.22,2.54,17.62,10.07,115.66,6118.75,28.13,Normal,0,0,0,No Action Required,18.050000000000185,-1.0499999999999972,6.259999999999991,0.3199999999999998,3246.0750000000003,95.53083333333336,798.105,2.4175,100,1,Normal,5
2026-05-02 05:30:00,WELL-001,3229.07,95.65,795.52,2.28,17.33,9.97,115.13,6141.11,28.04,Normal,0,0,0,No Action Required,3.710000000000037,1.0700000000000074,-6.7000000000000455,-0.2600000000000002,3244.4408333333336,95.64916666666666,798.4966666666668,2.395833333333333,100,1,Normal,5
2026-05-02 05:35:00,WELL-001,3257.1,94.84,788.65,2.32,17.27,10.03,113.19,5966.65,28.19,Normal,0,0,0,No Action Required,28.029999999999745,-0.8100000000000023,-6.8700000000000045,0.04,3246.1283333333336,95.705,797.7975,2.3783333333333334,100,1,Normal,5
2026-05-02 05:40:00,WELL-001,3238.98,92.54,821.28,2.3,17.08,9.95,110.79,6079.66,28.76,Normal,0,0,0,No Action Required,-18.11999999999989,-2.299999999999997,32.629999999999995,-0.02,3243.978333333333,95.35333333333334,799.7208333333334,2.345,100,1,Normal,5
2026-05-02 05:45:00,WELL-001,3250.2,95.62,806.28,2.34,17.35,9.97,116.27,6203.38,28.16,Normal,0,0,0,No Action Required,11.2199999999998,3.0799999999999983,-15.0,0.04,3244.0458333333336,95.2225,799.8158333333332,2.339166666666667,100,1,Normal,5
2026-05-02 05:50:00,WELL-001,3246.51,95.91,795.57,2.21,17.72,10.01,116.7,6140.71,27.21,Normal,0,0,0,No Action Required,-3.6899999999996,0.289999999999992,-10.709999999999924,-0.1299999999999999,3243.6425000000004,95.38333333333334,799.3758333333334,2.3208333333333333,100,1,Normal,5
2026-05-02 05:55:00,WELL-001,3230.63,93.8,786.33,2.2,17.43,10.0,114.39,6094.72,28.12,Normal,0,0,0,No Action Required,-15.88000000000011,-2.1099999999999994,-9.240000000000007,-0.0099999999999997,3241.956666666667,95.26833333333332,796.6966666666666,2.3075,100,1,Normal,5
2026-05-02 06:00:00,WELL-001,3290.78,96.24,792.15,2.3,16.93,10.06,114.33,6255.69,28.41,Normal,0,0,0,No Action Required,60.15000000000009,2.4399999999999977,5.819999999999936,0.0999999999999996,3246.7408333333333,95.29,797.0275000000001,2.305,100,1,Normal,5
2026-05-02 06:05:00,WELL-001,3247.65,96.53,792.16,2.5,17.81,10.01,116.42,6217.36,28.23,Normal,0,0,0,No Action Required,-43.13000000000011,0.2900000000000062,0.0099999999999909,0.2000000000000001,3243.501666666667,95.29666666666668,796.8775,2.3091666666666666,100,1,Normal,5
2026-05-02 06:10:00,WELL-001,3266.8,96.32,792.97,2.63,17.52,9.98,110.85,5999.82,28.41,Normal,0,0,0,No Action Required,19.15000000000009,-0.2100000000000079,0.8100000000000591,0.1299999999999999,3246.9466666666667,95.28499999999998,795.6999999999999,2.3375,100,1,Normal,5
2026-05-02 06:15:00,WELL-001,3248.58,96.35,800.29,2.64,17.23,9.95,116.49,5952.82,27.62,Normal,0,0,0,No Action Required,-18.22000000000025,0.0300000000000011,7.319999999999936,0.0100000000000002,3244.914166666667,95.33416666666666,797.4483333333334,2.373333333333333,100,1,Normal,5
2026-05-02 06:20:00,WELL-001,3286.52,97.08,796.68,2.39,17.26,9.99,112.34,6093.79,27.67,Normal,0,0,0,No Action Required,37.940000000000055,0.730000000000004,-3.6100000000000136,-0.25,3251.515,95.455,797.5083333333332,2.3875,100,1,Normal,5
2026-05-02 06:25:00,WELL-001,3239.96,93.9,793.42,2.41,17.96,10.04,111.79,6078.49,28.41,Normal,0,0,0,No Action Required,-46.559999999999945,-3.1799999999999926,-3.259999999999991,0.02,3252.7316666666666,95.39833333333333,796.775,2.3766666666666665,100,1,Normal,5
2026-05-02 06:30:00,WELL-001,3258.82,96.59,795.81,2.37,17.15,9.99,111.05,5990.32,28.95,Normal,0,0,0,No Action Required,18.860000000000127,2.6899999999999977,2.3899999999999864,-0.04,3255.210833333333,95.47666666666667,796.7991666666667,2.3841666666666668,100,1,Normal,5
2026-05-02 06:35:00,WELL-001,3256.97,95.86,788.83,2.45,17.76,10.05,114.75,6039.88,28.22,Normal,0,0,0,No Action Required,-1.850000000000364,-0.730000000000004,-6.9799999999999045,0.08,3255.2000000000003,95.56166666666664,796.8141666666667,2.395,100,1,Normal,5
2026-05-02 06:40:00,WELL-001,3244.4,96.12,802.98,2.45,17.91,10.0,111.29,6149.74,28.27,Normal,0,0,0,No Action Required,-12.569999999999707,0.2600000000000051,14.149999999999975,0.0,3255.651666666667,95.86,795.2891666666668,2.4075,100,1,Normal,5
2026-05-02 06:45:00,WELL-001,3260.53,96.19,788.92,2.42,17.68,10.07,111.93,6121.63,28.81,Normal,0,0,0,No Action Required,16.13000000000011,0.0699999999999931,-14.06000000000006,-0.0300000000000002,3256.5125000000003,95.9075,793.8425000000001,2.4141666666666666,100,1,Normal,5
2026-05-02 06:50:00,WELL-001,3246.3,95.36,799.15,2.47,17.05,9.95,113.33,6056.67,27.55,Normal,0,0,0,No Action Required,-14.230000000000018,-0.8299999999999983,10.230000000000018,0.0500000000000002,3256.4949999999994,95.86166666666666,794.1408333333334,2.435833333333333,100,1,Normal,5
2026-05-02 06:55:00,WELL-001,3242.35,96.62,791.59,2.59,16.61,10.09,112.22,6049.69,27.6,Normal,0,0,0,No Action Required,-3.950000000000273,1.2600000000000051,-7.559999999999945,0.1199999999999996,3257.471666666667,96.09666666666668,794.5791666666668,2.4683333333333333,100,1,Normal,5
2026-05-02 07:00:00,WELL-001,3262.07,94.12,795.46,2.22,16.87,9.96,111.47,6192.74,28.82,Normal,0,0,0,No Action Required,19.72000000000025,-2.5,3.870000000000005,-0.3699999999999996,3255.079166666667,95.92,794.8549999999999,2.461666666666667,100,1,Normal,5
2026-05-02 07:05:00,WELL-001,3242.68,95.9,792.83,2.36,17.5,10.02,112.4,5956.55,28.28,Normal,0,0,0,No Action Required,-19.390000000000327,1.7800000000000011,-2.6299999999999955,0.1399999999999996,3254.6649999999995,95.8675,794.9108333333332,2.45,100,1,Normal,5
2026-05-02 07:10:00,WELL-001,3270.95,95.17,773.17,2.36,17.87,10.08,111.74,6144.08,28.46,Normal,0,0,0,No Action Required,28.269999999999985,-0.730000000000004,-19.66000000000008,0.0,3255.0108333333333,95.77166666666668,793.2608333333333,2.4275,100,1,Normal,5
2026-05-02 07:15:00,WELL-001,3280.53,94.4,780.36,2.16,17.1,10.07,111.78,5967.71,28.31,Normal,0,0,0,No Action Required,9.580000000000382,-0.769999999999996,7.190000000000055,-0.1999999999999997,3257.6733333333336,95.60916666666668,791.6,2.3875,100,1,Normal,5
2026-05-02 07:20:00,WELL-001,3258.24,94.93,784.87,2.42,17.6,9.99,111.32,6289.78,28.11,Normal,0,0,0,No Action Required,-22.29000000000042,0.5300000000000011,4.509999999999991,0.2599999999999998,3255.316666666666,95.43,790.6158333333334,2.39,100,1,Normal,5
2026-05-02 07:25:00,WELL-001,3258.19,96.59,774.62,2.4,16.76,10.01,115.65,5998.68,27.55,Normal,0,0,0,No Action Required,-0.0499999999997271,1.6599999999999966,-10.25,-0.02,3256.835833333333,95.65416666666664,789.0491666666667,2.3891666666666667,100,1,Normal,5
2026-05-02 07:30:00,WELL-001,3287.68,94.8,776.93,2.59,16.93,10.1,113.45,6226.92,28.29,Normal,0,0,0,No Action Required,29.48999999999978,-1.7900000000000065,2.309999999999945,0.1899999999999999,3259.2408333333333,95.505,787.4758333333333,2.4075,100,1,Normal,5
2026-05-02 07:35:00,WELL-001,3273.14,95.03,784.01,2.14,17.68,10.04,110.89,5923.64,28.33,Normal,0,0,0,No Action Required,-14.539999999999964,0.2300000000000039,7.080000000000041,-0.4499999999999997,3260.588333333333,95.43583333333332,787.0741666666667,2.381666666666667,100,1,Normal,5
2026-05-02 07:40:00,WELL-001,3283.87,95.81,783.65,2.29,17.78,9.98,112.16,6202.7,28.47,Normal,0,0,0,No Action Required,10.730000000000018,0.7800000000000011,-0.3600000000000136,0.1499999999999999,3263.8775000000005,95.41,785.4633333333333,2.368333333333333,100,1,Normal,5
2026-05-02 07:45:00,WELL-001,3247.71,95.25,800.64,2.26,17.27,9.94,115.28,6051.04,27.94,Normal,0,0,0,No Action Required,-36.159999999999854,-0.5600000000000023,16.99000000000001,-0.0300000000000002,3262.8091666666664,95.33166666666666,786.4399999999999,2.355,100,1,Normal,5
2026-05-02 07:50:00,WELL-001,3265.61,94.52,794.0,2.35,16.92,9.97,111.54,6054.12,27.74,Normal,0,0,0,No Action Required,17.90000000000009,-0.730000000000004,-6.639999999999986,0.0900000000000003,3264.418333333333,95.26166666666668,786.0108333333333,2.345,100,1,Normal,5
2026-05-02 07:55:00,WELL-001,3259.0,94.72,769.99,2.63,17.41,10.12,110.82,6146.51,28.58,Normal,0,0,0,No Action Required,-6.610000000000127,0.2000000000000028,-24.00999999999999,0.2799999999999998,3265.8058333333333,95.10333333333334,784.2108333333332,2.348333333333333,100,1,Normal,5
2026-05-02 08:00:00,WELL-001,3247.3,94.3,783.18,2.47,17.55,10.02,114.7,6183.54,28.01,Normal,0,0,0,No Action Required,-11.699999999999818,-0.4200000000000017,13.18999999999994,-0.1599999999999997,3264.575,95.11833333333334,783.1875,2.369166666666666,100,1,Normal,5
2026-05-02 08:05:00,WELL-001,3223.34,95.94,779.32,2.42,17.81,10.04,115.5,5997.38,28.65,Normal,0,0,0,No Action Required,-23.96000000000004,1.6400000000000006,-3.8599999999999,-0.0500000000000002,3262.9633333333336,95.12166666666668,782.0616666666668,2.3741666666666665,100,1,Normal,5
2026-05-02 08:10:00,WELL-001,3280.88,95.81,803.87,2.3,17.12,10.05,113.01,6024.24,28.47,Normal,0,0,0,No Action Required,57.53999999999997,-0.1299999999999954,24.549999999999955,-0.1200000000000001,3263.790833333333,95.175,784.62,2.369166666666666,100,1,Normal,5
2026-05-02 08:15:00,WELL-001,3257.1,95.16,786.81,2.49,17.13,10.04,111.17,6031.15,28.66,Normal,0,0,0,No Action Required,-23.7800000000002,-0.6500000000000057,-17.06000000000006,0.1900000000000004,3261.838333333333,95.23833333333334,785.1574999999999,2.396666666666667,100,1,Normal,5
2026-05-02 08:20:00,WELL-001,3261.75,93.86,782.3,2.46,17.39,10.05,113.14,6085.27,28.15,Normal,0,0,0,No Action Required,4.650000000000091,-1.2999999999999972,-4.509999999999991,-0.0300000000000002,3262.130833333333,95.14916666666666,784.9433333333333,2.4,100,1,Normal,5
2026-05-02 08:25:00,WELL-001,3270.35,96.44,788.54,2.41,17.15,10.0,115.03,6195.58,27.96,Normal,0,0,0,No Action Required,8.599999999999909,2.5799999999999983,6.240000000000009,-0.0499999999999998,3263.144166666667,95.13666666666668,786.1033333333334,2.4008333333333334,100,1,Normal,5
2026-05-02 08:30:00,WELL-001,3252.5,96.24,788.76,2.45,16.95,9.96,115.24,6249.43,27.63,Normal,0,0,0,No Action Required,-17.84999999999991,-0.2000000000000028,0.2200000000000272,0.04,3260.2125,95.25666666666667,787.0891666666666,2.3891666666666667,100,1,Normal,5
2026-05-02 08:35:00,WELL-001,3250.21,96.56,767.67,2.27,17.31,9.99,113.32,6245.58,27.88,Normal,0,0,0,No Action Required,-2.289999999999964,0.3200000000000074,-21.090000000000032,-0.1800000000000001,3258.3016666666667,95.38416666666666,785.7275,2.4,100,1,Normal,5
2026-05-02 08:40:00,WELL-001,3251.61,95.4,786.39,2.4,18.26,10.09,109.74,6008.51,27.91,Normal,0,0,0,No Action Required,1.400000000000091,-1.1599999999999966,18.720000000000027,0.1299999999999999,3255.613333333333,95.35,785.9558333333333,2.4091666666666667,100,1,Normal,5
2026-05-02 08:45:00,WELL-001,3228.49,94.38,783.87,2.31,17.03,10.12,111.56,6054.21,28.52,Normal,0,0,0,No Action Required,-23.120000000000346,-1.0200000000000102,-2.519999999999982,-0.0899999999999998,3254.0116666666668,95.2775,784.5583333333334,2.4133333333333336,100,1,Normal,5
2026-05-02 08:50:00,WELL-001,3242.67,94.58,783.23,2.64,17.17,9.97,113.74,6067.94,29.31,Normal,0,0,0,No Action Required,14.180000000000293,0.2000000000000028,-0.6399999999999864,0.33,3252.1,95.28249999999998,783.6608333333334,2.4375,100,1,Normal,5
2026-05-02 08:55:00,WELL-001,3236.54,97.48,794.6,2.35,17.34,9.97,111.83,6059.68,28.28,Normal,0,0,0,No Action Required,-6.130000000000109,2.9000000000000057,11.370000000000005,-0.29,3250.228333333333,95.5125,785.7116666666666,2.4141666666666666,100,1,Normal,5
2026-05-02 09:00:00,WELL-001,3220.51,95.74,781.02,2.45,17.53,10.01,113.88,6089.81,28.52,Normal,0,0,0,No Action Required,-16.029999999999745,-1.740000000000009,-13.58000000000004,0.1,3247.995833333334,95.6325,785.5316666666668,2.4125,100,1,Normal,5
2026-05-02 09:05:00,WELL-001,3251.63,95.61,781.37,2.55,17.48,9.95,111.96,6075.67,28.22,Normal,0,0,0,No Action Required,31.11999999999989,-0.1299999999999954,0.3500000000000227,0.0999999999999996,3250.353333333333,95.605,785.7025,2.4233333333333333,100,1,Normal,5
2026-05-02 09:10:00,WELL-001,3249.12,94.48,781.65,2.36,17.72,9.97,112.87,6029.99,28.96,Normal,0,0,0,No Action Required,-2.5100000000002183,-1.1299999999999957,0.2799999999999727,-0.1899999999999999,3247.706666666667,95.49416666666669,783.8508333333333,2.428333333333333,100,1,Normal,5
2026-05-02 09:15:00,WELL-001,3268.56,93.79,775.82,2.5,17.5,10.04,113.29,6193.65,28.53,Normal,0,0,0,No Action Required,19.44000000000005,-0.6899999999999977,-5.829999999999927,0.1400000000000001,3248.661666666667,95.38,782.9350000000001,2.4291666666666667,100,1,Normal,5
2026-05-02 09:20:00,WELL-001,3240.71,94.23,768.67,2.39,16.7,10.03,112.29,6292.92,28.36,Normal,0,0,0,No Action Required,-27.84999999999991,0.4399999999999977,-7.150000000000091,-0.1099999999999998,3246.9083333333333,95.41083333333334,781.7991666666667,2.4233333333333333,100,1,Normal,5
2026-05-02 09:25:00,WELL-001,3245.41,93.81,772.09,2.48,17.23,10.15,112.74,6115.42,27.69,Normal,0,0,0,No Action Required,4.699999999999818,-0.4200000000000017,3.4200000000000728,0.0899999999999998,3244.83,95.19166666666666,780.4283333333333,2.4291666666666667,100,1,Normal,5
2026-05-02 09:30:00,WELL-001,3262.99,94.5,786.39,2.5,17.37,10.11,111.68,6266.08,27.71,Normal,0,0,0,No Action Required,17.579999999999927,0.6899999999999977,14.299999999999956,0.02,3245.7041666666664,95.04666666666668,780.2308333333334,2.433333333333333,100,1,Normal,5
2026-05-02 09:35:00,WELL-001,3260.32,95.29,776.53,2.2,17.25,10.0,113.25,6171.01,27.9,Normal,0,0,0,No Action Required,-2.669999999999618,0.7900000000000063,-9.860000000000014,-0.2999999999999998,3246.5466666666666,94.94083333333332,780.9691666666666,2.4275,100,1,Normal,5
2026-05-02 09:40:00,WELL-001,3277.59,94.89,787.01,2.41,17.27,10.02,111.02,6059.77,27.68,Normal,0,0,0,No Action Required,17.269999999999982,-0.4000000000000057,10.480000000000018,0.2099999999999999,3248.711666666666,94.89833333333333,781.0208333333334,2.428333333333333,100,1,Normal,5
2026-05-02 09:45:00,WELL-001,3236.05,94.96,788.95,2.36,17.18,10.03,113.27,6039.42,28.38,Normal,0,0,0,No Action Required,-41.53999999999997,0.0699999999999931,1.9400000000000543,-0.0500000000000002,3249.3416666666667,94.94666666666669,781.4441666666667,2.4325,100,1,Normal,5
2026-05-02 09:50:00,WELL-001,3242.72,94.84,778.23,2.51,17.18,10.03,110.34,6210.06,27.99,Normal,0,0,0,No Action Required,6.669999999999618,-0.1199999999999903,-10.720000000000027,0.1499999999999999,3249.3458333333333,94.96833333333336,781.0275,2.421666666666667,100,1,Normal,5
2026-05-02 09:55:00,WELL-001,3253.14,95.18,785.3,2.45,17.29,9.93,115.09,6084.54,28.37,Normal,0,0,0,No Action Required,10.420000000000073,0.3400000000000034,7.069999999999936,-0.0599999999999996,3250.7291666666665,94.77666666666669,780.2525,2.43,100,1,Normal,5
2026-05-02 10:00:00,WELL-001,3252.18,94.56,783.94,2.31,17.48,10.02,112.06,6103.23,27.8,Normal,0,0,0,No Action Required,-0.9600000000000364,-0.6200000000000045,-1.3599999999999,-0.1400000000000001,3253.3683333333333,94.67833333333334,780.4958333333333,2.418333333333333,100,1,Normal,5
2026-05-02 10:05:00,WELL-001,3245.29,95.43,782.57,2.58,17.31,10.02,110.56,6255.78,27.62,Normal,0,0,0,No Action Required,-6.889999999999873,0.8700000000000045,-1.3700000000000043,0.27,3252.84,94.66333333333334,780.5958333333334,2.4208333333333334,100,1,Normal,5
2026-05-02 10:10:00,WELL-001,3243.84,94.4,780.31,2.24,17.65,9.97,115.24,6005.77,28.61,Normal,0,0,0,No Action Required,-1.449999999999818,-1.0300000000000011,-2.2600000000001046,-0.3399999999999998,3252.4,94.65666666666664,780.4841666666667,2.410833333333333,100,1,Normal,5
2026-05-02 10:15:00,WELL-001,3224.77,94.4,779.79,2.3,17.03,9.98,113.54,6098.48,28.24,Normal,0,0,0,No Action Required,-19.070000000000164,0.0,-0.5199999999999818,0.0599999999999996,3248.750833333333,94.7075,780.8149999999999,2.3941666666666666,100,1,Normal,5
2026-05-02 10:20:00,WELL-001,3233.88,95.56,788.21,2.47,17.27,9.96,108.95,6092.04,27.42,Normal,0,0,0,No Action Required,9.110000000000127,1.1599999999999966,8.420000000000073,0.1700000000000003,3248.181666666667,94.81833333333331,782.4433333333333,2.4008333333333334,100,1,Normal,5
2026-05-02 10:25:00,WELL-001,3236.14,96.42,770.58,2.24,17.56,9.88,113.67,6245.38,27.87,Normal,0,0,0,No Action Required,2.2599999999997635,0.8599999999999994,-17.629999999999995,-0.2299999999999999,3247.4091666666664,95.03583333333334,782.3175,2.3808333333333334,100,1,Normal,5
2026-05-02 10:30:00,WELL-001,3220.93,95.6,770.44,2.5,16.96,10.11,114.23,6102.33,28.9,Normal,0,0,0,No Action Required,-15.210000000000036,-0.8200000000000074,-0.1399999999999863,0.2599999999999998,3243.9041666666667,95.1275,780.9883333333333,2.3808333333333334,100,1,Normal,5
2026-05-02 10:35:00,WELL-001,3258.29,95.38,764.9,2.31,17.72,9.95,111.37,5996.32,28.38,Normal,0,0,0,No Action Required,37.36000000000013,-0.2199999999999988,-5.540000000000077,-0.1899999999999999,3243.735,95.135,780.0191666666668,2.39,100,1,Normal,5
2026-05-02 10:40:00,WELL-001,3257.07,95.98,772.98,2.44,17.03,10.01,113.94,6204.67,27.36,Normal,0,0,0,No Action Required,-1.2199999999998,0.6000000000000085,8.080000000000041,0.1299999999999999,3242.025,95.22583333333334,778.85,2.3925,100,1,Normal,5
2026-05-02 10:45:00,WELL-001,3241.5,96.42,781.66,2.41,17.14,10.09,111.87,6088.51,28.03,Normal,0,0,0,No Action Required,-15.570000000000164,0.4399999999999977,8.67999999999995,-0.0299999999999998,3242.4791666666665,95.34749999999998,778.2425,2.396666666666667,100,1,Normal,5
2026-05-02 10:50:00,WELL-001,3241.67,96.44,772.56,2.41,17.48,9.98,112.79,6283.66,27.51,Normal,0,0,0,No Action Required,0.1700000000000727,0.019999999999996,-9.100000000000025,0.0,3242.3916666666664,95.48083333333334,777.77,2.388333333333333,100,1,Normal,5
2026-05-02 10:55:00,WELL-001,3232.14,95.26,776.8,2.74,17.53,9.97,108.23,6132.56,27.92,Normal,0,0,0,No Action Required,-9.5300000000002,-1.1799999999999926,4.240000000000009,0.33,3240.6416666666664,95.4875,777.0616666666666,2.4125,100,1,Normal,5
2026-05-02 11:00:00,WELL-001,3255.69,94.26,773.76,2.33,17.69,10.04,116.42,6077.02,28.56,Normal,0,0,0,No Action Required,23.550000000000185,-1.0,-3.039999999999964,-0.4100000000000001,3240.9341666666664,95.4625,776.2133333333335,2.414166666666667,100,1,Normal,5
2026-05-02 11:05:00,WELL-001,3248.32,95.21,774.23,2.45,17.31,10.01,111.29,5886.49,28.72,Normal,0,0,0,No Action Required,-7.369999999999891,0.9499999999999886,0.4700000000000273,0.1200000000000001,3241.1866666666665,95.44416666666666,775.5183333333334,2.4033333333333333,100,1,Normal,5
2026-05-02 11:10:00,WELL-001,3240.26,93.19,784.05,2.55,17.61,9.97,111.44,6043.74,28.56,Normal,0,0,0,No Action Required,-8.059999999999945,-2.019999999999996,9.819999999999936,0.0999999999999996,3240.888333333334,95.34333333333336,775.8299999999999,2.4291666666666667,100,1,Normal,5
2026-05-02 11:15:00,WELL-001,3241.11,97.32,765.18,2.39,16.67,10.05,115.04,6242.74,28.29,Normal,0,0,0,No Action Required,0.849999999999909,4.129999999999996,-18.870000000000005,-0.1599999999999997,3242.25,95.58666666666666,774.6125000000001,2.436666666666667,100,1,Normal,5
2026-05-02 11:20:00,WELL-001,3198.05,94.48,781.8,2.28,17.25,9.95,111.68,6189.78,28.49,Normal,0,0,0,No Action Required,-43.059999999999945,-2.839999999999989,16.620000000000005,-0.1100000000000003,3239.2641666666664,95.49666666666668,774.0783333333333,2.420833333333334,100,1,Normal,5
2026-05-02 11:25:00,WELL-001,3207.37,93.83,778.77,2.43,17.11,10.04,112.83,5840.87,27.99,Normal,0,0,0,No Action Required,9.319999999999707,-0.6500000000000057,-3.0299999999999727,0.1500000000000003,3236.866666666667,95.28083333333332,774.7608333333333,2.436666666666667,100,1,Normal,5
2026-05-02 11:30:00,WELL-001,3221.68,95.21,783.88,2.2,17.49,10.01,113.16,6037.15,28.19,Normal,0,0,0,No Action Required,14.309999999999944,1.3799999999999957,5.110000000000014,-0.2299999999999999,3236.929166666667,95.24833333333332,775.8808333333333,2.411666666666666,100,1,Normal,5
2026-05-02 11:35:00,WELL-001,3253.19,94.64,777.97,2.34,17.71,9.95,111.3,5964.71,28.3,Normal,0,0,0,No Action Required,31.51000000000022,-0.5699999999999932,-5.909999999999968,0.1399999999999996,3236.504166666667,95.18666666666668,776.9699999999999,2.414166666666667,100,1,Normal,5
2026-05-02 11:40:00,WELL-001,3253.72,94.2,769.75,2.59,17.5,10.03,112.52,6165.43,28.32,Normal,0,0,0,No Action Required,0.5299999999997453,-0.4399999999999977,-8.220000000000027,0.25,3236.225,95.03833333333334,776.7008333333333,2.4266666666666667,100,1,Normal,5
2026-05-02 11:45:00,WELL-001,3223.83,94.22,770.15,2.26,17.24,10.08,110.84,6182.17,27.9,Normal,0,0,0,No Action Required,-29.88999999999988,0.019999999999996,0.3999999999999772,-0.33,3234.7525,94.855,775.7416666666667,2.4141666666666666,100,1,Normal,5
2026-05-02 11:50:00,WELL-001,3200.33,95.08,791.34,2.3,16.79,10.04,111.06,6152.19,28.68,Normal,0,0,0,No Action Required,-23.5,0.8599999999999994,21.19000000000005,0.04,3231.3075000000003,94.74166666666667,777.3066666666667,2.405,100,1,Normal,5
2026-05-02 11:55:00,WELL-001,3238.44,95.34,784.84,2.52,17.36,10.06,113.23,6137.66,29.44,Normal,0,0,0,No Action Required,38.11000000000013,0.2600000000000051,-6.5,0.2200000000000002,3231.8325000000004,94.74833333333332,777.9766666666666,2.3866666666666663,100,1,Normal,5
2026-05-02 12:00:00,WELL-001,3229.07,92.52,776.22,2.36,17.25,10.07,115.17,6087.96,27.66,Normal,0,0,0,No Action Required,-9.36999999999989,-2.8200000000000074,-8.620000000000005,-0.1600000000000001,3229.6141666666667,94.60333333333334,778.1816666666665,2.3891666666666667,100,1,Normal,5
2026-05-02 12:05:00,WELL-001,3226.51,93.47,779.48,2.38,17.77,10.03,111.82,5959.98,28.2,Normal,0,0,0,No Action Required,-2.559999999999945,0.9500000000000028,3.259999999999991,0.02,3227.7966666666666,94.45833333333331,778.6191666666667,2.3833333333333333,100,1,Normal,5
2026-05-02 12:10:00,WELL-001,3223.92,93.75,784.0,2.23,17.07,10.02,111.79,6062.86,28.19,Normal,0,0,0,No Action Required,-2.590000000000145,0.2800000000000011,4.519999999999982,-0.1499999999999999,3226.435,94.505,778.6150000000001,2.356666666666667,100,1,Normal,5
2026-05-02 12:15:00,WELL-001,3237.07,93.91,762.04,2.33,17.51,10.06,114.54,6208.65,28.27,Normal,0,0,0,No Action Required,13.150000000000093,0.1599999999999966,-21.96000000000004,0.1,3226.0983333333334,94.22083333333336,778.3533333333334,2.3516666666666666,100,1,Normal,5
2026-05-02 12:20:00,WELL-001,3229.46,93.0,760.4,2.23,17.09,9.95,112.32,6052.32,28.59,Normal,0,0,0,No Action Required,-7.610000000000127,-0.9099999999999966,-1.6399999999999864,-0.1,3228.7158333333336,94.0975,776.57,2.3475,100,1,Normal,5
2026-05-02 12:25:00,WELL-001,3207.28,94.15,774.44,2.28,17.09,9.92,114.4,6238.75,28.11,Normal,0,0,0,No Action Required,-22.17999999999984,1.1500000000000057,14.040000000000076,0.0499999999999998,3228.708333333333,94.12416666666668,776.2091666666666,2.3349999999999995,100,1,Normal,5
2026-05-02 12:30:00,WELL-001,3225.25,93.72,771.24,2.48,17.45,9.87,110.83,5893.22,28.84,Normal,0,0,0,No Action Required,17.9699999999998,-0.4300000000000068,-3.200000000000045,0.2000000000000001,3229.005833333333,94.0,775.1558333333332,2.358333333333333,100,1,Normal,5
2026-05-02 12:35:00,WELL-001,3221.63,94.25,774.97,2.53,17.64,10.01,116.34,6117.06,27.63,Normal,0,0,0,No Action Required,-3.619999999999891,0.5300000000000011,3.730000000000018,0.0499999999999998,3226.375833333333,93.9675,774.9058333333334,2.3741666666666665,100,1,Normal,5
2026-05-02 12:40:00,WELL-001,3226.52,94.53,776.73,2.35,17.96,9.96,107.38,6260.43,27.73,Normal,0,0,0,No Action Required,4.889999999999873,0.2800000000000011,1.759999999999991,-0.1799999999999997,3224.1091666666666,93.995,775.4875000000001,2.3541666666666665,100,1,Normal,5
2026-05-02 12:45:00,WELL-001,3219.56,93.64,787.65,2.57,16.89,10.09,115.58,6100.46,28.59,Normal,0,0,0,No Action Required,-6.960000000000036,-0.8900000000000006,10.91999999999996,0.2199999999999997,3223.7533333333336,93.94666666666669,776.9458333333333,2.3800000000000003,100,1,Normal,5
2026-05-02 12:50:00,WELL-001,3243.32,93.76,776.54,2.47,16.77,10.0,110.5,6240.89,28.07,Normal,0,0,0,No Action Required,23.76000000000022,0.1200000000000045,-11.110000000000014,-0.0999999999999996,3227.335833333333,93.83666666666666,775.7125,2.3941666666666666,100,1,Normal,5
2026-05-02 12:55:00,WELL-001,3229.7,93.8,775.53,2.42,17.08,10.01,112.49,6056.21,28.38,Normal,0,0,0,No Action Required,-13.620000000000346,0.039999999999992,-1.009999999999991,-0.0500000000000002,3226.6075,93.70833333333331,774.9366666666666,2.3858333333333333,100,1,Normal,5
2026-05-02 13:00:00,WELL-001,3208.91,95.11,783.34,2.24,17.53,9.98,113.18,6025.41,27.34,Normal,0,0,0,No Action Required,-20.789999999999964,1.3100000000000025,7.810000000000059,-0.1799999999999997,3224.9275,93.92416666666668,775.5300000000001,2.375833333333333,100,1,Normal,5
2026-05-02 13:05:00,WELL-001,3216.57,92.06,781.67,2.42,17.13,10.11,110.43,6036.09,27.77,Normal,0,0,0,No Action Required,7.660000000000309,-3.049999999999997,-1.6700000000000728,0.1799999999999997,3224.0991666666664,93.80666666666669,775.7125,2.3791666666666664,100,1,Normal,5
2026-05-02 13:10:00,WELL-001,3253.7,94.85,766.93,2.3,17.06,9.99,110.82,6037.95,28.62,Normal,0,0,0,No Action Required,37.12999999999965,2.789999999999992,-14.740000000000007,-0.1200000000000001,3226.580833333333,93.89833333333333,774.29,2.385,100,1,Normal,5
2026-05-02 13:15:00,WELL-001,3252.0,91.95,769.98,2.42,16.79,10.03,113.98,6168.59,28.42,Normal,0,0,0,No Action Required,-1.699999999999818,-2.8999999999999915,3.050000000000068,0.1200000000000001,3227.8250000000003,93.735,774.9516666666667,2.3925,100,1,Normal,5
2026-05-02 13:20:00,WELL-001,3207.33,93.31,768.87,2.45,17.9,10.04,111.51,6198.01,29.17,Normal,0,0,0,No Action Required,-44.67000000000007,1.3599999999999994,-1.1100000000000136,0.0300000000000002,3225.980833333333,93.76083333333332,775.6575000000001,2.410833333333333,100,1,Normal,5
2026-05-02 13:25:00,WELL-001,3221.34,94.05,783.73,2.21,17.2,9.99,114.57,6170.37,28.17,Normal,0,0,0,No Action Required,14.010000000000218,0.7399999999999949,14.860000000000014,-0.2400000000000002,3227.1525,93.7525,776.4316666666667,2.405,100,1,Normal,5
2026-05-02 13:30:00,WELL-001,3206.63,91.81,778.19,2.28,16.96,10.06,114.55,6049.67,27.59,Normal,0,0,0,No Action Required,-14.710000000000036,-2.239999999999995,-5.539999999999964,0.0699999999999998,3225.6008333333334,93.59333333333336,777.0108333333334,2.388333333333333,100,1,Normal,5
2026-05-02 13:35:00,WELL-001,3202.09,94.49,782.05,2.34,17.36,9.91,108.6,6296.24,28.42,Normal,0,0,0,No Action Required,-4.539999999999964,2.6799999999999926,3.8599999999999,0.06,3223.9725000000003,93.61333333333334,777.6008333333333,2.3725,100,1,Normal,5
2026-05-02 13:40:00,WELL-001,3216.99,93.1,764.21,2.52,16.94,10.05,113.17,6093.32,27.7,Normal,0,0,0,No Action Required,14.899999999999636,-1.3900000000000006,-17.839999999999918,0.1800000000000001,3223.1783333333333,93.49416666666669,776.5574999999999,2.3866666666666663,100,1,Normal,5
2026-05-02 13:45:00,WELL-001,3193.76,93.89,778.94,2.4,17.44,9.92,114.93,6062.94,28.69,Normal,0,0,0,No Action Required,-23.229999999999563,0.7900000000000063,14.730000000000018,-0.1200000000000001,3221.0283333333336,93.515,775.8316666666666,2.3725,100,1,Normal,5
2026-05-02 13:50:00,WELL-001,3180.81,94.07,782.79,2.22,17.12,9.97,114.63,6129.42,28.86,Normal,0,0,0,No Action Required,-12.950000000000273,0.1799999999999926,3.849999999999909,-0.1799999999999997,3215.8191666666667,93.54083333333334,776.3525,2.3516666666666666,100,1,Normal,5
2026-05-02 13:55:00,WELL-001,3220.61,94.23,787.68,2.46,17.21,9.99,112.74,6178.19,27.91,Normal,0,0,0,No Action Required,39.80000000000018,0.1600000000000108,4.889999999999986,0.2399999999999997,3215.0616666666665,93.57666666666668,777.3650000000001,2.355,100,1,Normal,5
2026-05-02 14:00:00,WELL-001,3221.46,93.34,769.78,2.47,17.39,9.99,113.16,6047.36,28.32,Normal,0,0,0,No Action Required,0.849999999999909,-0.8900000000000006,-17.899999999999977,0.0100000000000002,3216.1075,93.42916666666666,776.235,2.3741666666666665,100,1,Normal,5
2026-05-02 14:05:00,WELL-001,3206.7,91.48,778.7,2.34,17.56,10.06,111.89,6019.59,27.55,Normal,0,0,0,No Action Required,-14.760000000000218,-1.86,8.920000000000073,-0.1300000000000003,3215.285,93.38083333333331,775.9875000000001,2.3675,100,1,Normal,5
2026-05-02 14:10:00,WELL-001,3195.07,92.69,769.09,2.51,17.43,10.01,112.87,6129.13,28.47,Normal,0,0,0,No Action Required,-11.629999999999654,1.2099999999999935,-9.610000000000014,0.1699999999999999,3210.3991666666666,93.20083333333334,776.1675,2.385,100,1,Normal,5
2026-05-02 14:15:00,WELL-001,3224.29,92.71,778.67,2.42,17.28,10.06,115.36,6132.94,27.86,Normal,0,0,0,No Action Required,29.2199999999998,0.019999999999996,9.579999999999927,-0.0899999999999998,3208.09,93.26416666666668,776.8916666666668,2.385,100,1,Normal,5
2026-05-02 14:20:00,WELL-001,3218.88,93.4,771.87,2.44,17.15,10.06,113.9,6120.83,28.23,Normal,0,0,0,No Action Required,-5.409999999999855,0.6900000000000119,-6.7999999999999545,0.02,3209.0525,93.27166666666666,777.1416666666665,2.3841666666666668,100,1,Normal,5
2026-05-02 14:25:00,WELL-001,3171.32,91.8,778.76,2.58,17.54,10.11,113.07,6095.44,28.79,Normal,0,0,0,No Action Required,-47.559999999999945,-1.6000000000000083,6.889999999999986,0.1400000000000001,3204.8841666666667,93.08416666666666,776.7275,2.415,100,1,Normal,5
2026-05-02 14:30:00,WELL-001,3206.86,92.03,782.34,2.53,17.05,10.05,112.72,6143.66,28.34,Normal,0,0,0,No Action Required,35.539999999999964,0.2300000000000039,3.580000000000041,-0.0500000000000002,3204.9033333333336,93.1025,777.0733333333333,2.435833333333333,100,1,Normal,5
2026-05-02 14:35:00,WELL-001,3202.27,92.91,776.98,2.41,17.04,9.99,112.08,6137.7,27.65,Normal,0,0,0,No Action Required,-4.5900000000001455,0.8799999999999955,-5.360000000000014,-0.1199999999999996,3204.918333333333,92.97083333333336,776.6508333333333,2.441666666666667,100,1,Normal,5
2026-05-02 14:40:00,WELL-001,3207.8,92.31,776.52,2.32,17.41,10.01,114.33,6138.7,27.6,Normal,0,0,0,No Action Required,5.5300000000002,-0.5999999999999943,-0.4600000000000364,-0.0900000000000003,3204.1525,92.905,777.6766666666666,2.4250000000000003,100,1,Normal,5
2026-05-02 14:45:00,WELL-001,3192.44,92.84,779.46,2.29,17.8,10.06,109.61,6133.07,28.2,Normal,0,0,0,No Action Required,-15.360000000000127,0.5300000000000011,2.9400000000000546,-0.0299999999999998,3204.0425,92.8175,777.7200000000001,2.415833333333333,100,1,Normal,5
2026-05-02 14:50:00,WELL-001,3232.11,91.44,796.29,2.3,17.47,9.99,112.15,5929.59,28.7,Normal,0,0,0,No Action Required,39.67000000000007,-1.4000000000000057,16.829999999999927,0.0099999999999997,3208.3175,92.59833333333334,778.8449999999999,2.4225,100,1,Normal,5
2026-05-02 14:55:00,WELL-001,3204.87,92.81,798.31,2.51,17.11,9.99,113.42,6175.6,28.92,Normal,0,0,0,No Action Required,-27.24000000000024,1.3700000000000043,2.019999999999982,0.2099999999999999,3207.005833333333,92.48,779.7308333333332,2.4266666666666663,100,1,Normal,5
2026-05-02 15:00:00,WELL-001,3174.57,93.33,789.29,2.3,17.21,9.94,111.9,6121.74,28.86,Normal,0,0,0,No Action Required,-30.299999999999727,0.519999999999996,-9.019999999999982,-0.2099999999999999,3203.0983333333334,92.47916666666669,781.3566666666667,2.4125,100,1,Normal,5
2026-05-02 15:05:00,WELL-001,3233.87,91.57,793.85,2.16,17.14,10.0,113.41,6109.18,28.37,Normal,0,0,0,No Action Required,59.29999999999973,-1.7600000000000051,4.560000000000059,-0.1399999999999996,3205.3625,92.48666666666666,782.6191666666667,2.3975,100,1,Normal,5
2026-05-02 15:10:00,WELL-001,3200.22,93.56,787.73,2.36,17.64,10.12,111.56,6266.06,27.99,Normal,0,0,0,No Action Required,-33.65000000000009,1.990000000000009,-6.1200000000000045,0.1999999999999997,3205.7916666666665,92.55916666666668,784.1725,2.385,100,1,Normal,5
2026-05-02 15:15:00,WELL-001,3228.9,92.05,788.32,2.42,16.72,10.11,111.11,5971.57,27.96,Normal,0,0,0,No Action Required,28.68000000000029,-1.5100000000000051,0.5900000000000318,0.06,3206.175833333333,92.50416666666666,784.9766666666666,2.385,100,1,Normal,5
2026-05-02 15:20:00,WELL-001,3249.07,91.35,783.62,2.26,17.01,9.94,113.53,6082.41,27.77,Normal,0,0,0,No Action Required,20.17000000000008,-0.7000000000000028,-4.7000000000000455,-0.1600000000000001,3208.691666666667,92.33333333333331,785.9558333333334,2.37,100,1,Normal,5
2026-05-02 15:25:00,WELL-001,3219.23,93.58,785.45,2.54,17.22,10.03,112.21,5947.8,28.31,Normal,0,0,0,No Action Required,-29.840000000000146,2.230000000000004,1.830000000000041,0.2800000000000002,3212.6841666666664,92.48166666666668,786.5133333333333,2.3666666666666667,100,1,Normal,5
2026-05-02 15:30:00,WELL-001,3206.37,92.57,785.18,2.57,17.27,9.97,112.41,6084.84,28.61,Normal,0,0,0,No Action Required,-12.860000000000127,-1.0100000000000051,-0.2700000000000955,0.0299999999999998,3212.643333333333,92.52666666666666,786.75,2.37,100,1,Normal,5
2026-05-02 15:35:00,WELL-001,3205.43,91.45,788.63,2.48,17.38,10.07,115.14,6060.78,27.86,Normal,0,0,0,No Action Required,-0.9400000000000546,-1.1199999999999903,3.450000000000045,-0.0899999999999998,3212.906666666667,92.40500000000002,787.7208333333334,2.375833333333333,100,1,Normal,5
2026-05-02 15:40:00,WELL-001,3203.3,93.14,781.35,2.28,17.4,9.92,112.26,6183.65,28.58,Normal,0,0,0,No Action Required,-2.1299999999996544,1.6899999999999975,-7.279999999999973,-0.2000000000000001,3212.5316666666663,92.47416666666668,788.1233333333333,2.3725,100,1,Normal,5
2026-05-02 15:45:00,WELL-001,3135.83,92.41,786.99,2.26,17.21,10.08,111.94,6258.39,27.92,Normal,0,0,0,No Action Required,-67.47000000000025,-0.730000000000004,5.639999999999986,-0.02,3207.8141666666666,92.43833333333332,788.7508333333332,2.37,100,1,Normal,5
2026-05-02 15:50:00,WELL-001,3228.89,92.63,775.16,2.57,16.92,9.98,113.88,6106.61,28.33,Normal,0,0,0,No Action Required,93.05999999999996,0.2199999999999988,-11.83000000000004,0.31,3207.5458333333336,92.5375,786.9900000000001,2.3925,100,1,Normal,5
2026-05-02 15:55:00,WELL-001,3196.88,91.4,776.97,2.56,16.87,10.1,113.54,6038.85,27.42,Normal,0,0,0,No Action Required,-32.00999999999976,-1.2299999999999898,1.8100000000000591,-0.0099999999999997,3206.88,92.42,785.2116666666667,2.396666666666667,100,1,Normal,5
2026-05-02 16:00:00,WELL-001,3165.07,91.93,781.48,2.41,17.94,10.05,112.65,6220.21,28.28,Normal,0,0,0,No Action Required,-31.809999999999945,0.5300000000000011,4.509999999999991,-0.1499999999999999,3206.088333333333,92.30333333333334,784.5608333333333,2.4058333333333333,100,1,Normal,5
2026-05-02 16:05:00,WELL-001,3227.54,91.61,776.12,2.16,17.3,9.96,110.41,6201.96,27.53,Normal,0,0,0,No Action Required,62.4699999999998,-0.3200000000000074,-5.360000000000014,-0.25,3205.560833333333,92.30666666666666,783.0833333333334,2.4058333333333333,100,1,Normal,5
2026-05-02 16:10:00,WELL-001,3200.61,92.2,786.03,2.56,17.05,10.09,109.38,6163.6,28.81,Normal,0,0,0,No Action Required,-26.92999999999984,0.5900000000000034,9.909999999999968,0.3999999999999999,3205.593333333333,92.19333333333331,782.9416666666666,2.4225,100,1,Normal,5
2026-05-02 16:15:00,WELL-001,3125.77,92.25,784.36,2.41,17.94,9.98,110.54,6106.44,28.67,Normal,0,0,0,No Action Required,-74.84000000000015,0.0499999999999971,-1.669999999999959,-0.1499999999999999,3196.999166666667,92.21,782.6116666666667,2.4216666666666664,100,1,Normal,5
2026-05-02 16:20:00,WELL-001,3208.8,92.32,783.46,2.16,17.55,10.05,111.52,6052.06,27.8,Normal,0,0,0,No Action Required,83.0300000000002,0.0699999999999931,-0.8999999999999773,-0.25,3193.643333333333,92.29083333333334,782.5983333333334,2.4133333333333336,100,1,Normal,5
2026-05-02 16:25:00,WELL-001,3214.37,91.92,784.1,2.47,17.45,10.05,113.25,6118.24,28.29,Normal,0,0,0,No Action Required,5.569999999999709,-0.3999999999999915,0.6399999999999864,0.31,3193.238333333333,92.1525,782.4858333333333,2.4075,100,1,Normal,5
2026-05-02 16:30:00,WELL-001,3206.9,92.78,775.5,2.33,17.27,10.04,116.1,6017.21,28.57,Normal,0,0,0,No Action Required,-7.4699999999998,0.8599999999999994,-8.600000000000023,-0.1400000000000001,3193.2825,92.17,781.6791666666667,2.3875,100,1,Normal,5
2026-05-02 16:35:00,WELL-001,3188.5,93.65,800.6,2.19,17.23,9.9,109.52,5935.78,28.47,Normal,0,0,0,No Action Required,-18.40000000000009,0.8700000000000045,25.100000000000023,-0.1400000000000001,3191.8716666666664,92.35333333333334,782.6766666666667,2.3633333333333333,100,1,Normal,5
2026-05-02 16:40:00,WELL-001,3206.61,93.08,790.16,2.46,17.38,10.01,114.94,6099.76,28.43,Normal,0,0,0,No Action Required,18.110000000000127,-0.5700000000000074,-10.440000000000056,0.27,3192.1475000000005,92.34833333333334,783.4108333333334,2.3783333333333334,100,1,Normal,5
2026-05-02 16:45:00,WELL-001,3156.8,91.11,793.14,2.32,16.85,10.05,112.91,6057.83,28.82,Normal,0,0,0,No Action Required,-49.809999999999945,-1.9699999999999989,2.980000000000018,-0.1400000000000001,3193.895,92.24,783.9233333333335,2.3833333333333333,100,1,Normal,5
2026-05-02 16:50:00,WELL-001,3222.82,92.09,791.08,2.13,17.72,9.96,110.0,5920.0,27.47,Normal,0,0,0,No Action Required,66.01999999999998,0.980000000000004,-2.059999999999945,-0.1899999999999999,3193.3891666666664,92.195,785.2500000000001,2.3466666666666667,100,1,Normal,5
2026-05-02 16:55:00,WELL-001,3218.19,92.91,779.17,2.5,17.13,10.03,111.94,6086.53,27.86,Normal,0,0,0,No Action Required,-4.630000000000109,0.8199999999999932,-11.910000000000082,0.3700000000000001,3195.1650000000004,92.32083333333333,785.4333333333334,2.3416666666666663,100,1,Normal,5
2026-05-02 17:00:00,WELL-001,3182.07,92.63,794.55,2.35,16.81,10.14,112.98,6129.74,27.71,Normal,0,0,0,No Action Required,-36.11999999999989,-0.2800000000000011,15.379999999999995,-0.1499999999999999,3196.581666666667,92.37916666666666,786.5225,2.3366666666666664,100,1,Normal,5
2026-05-02 17:05:00,WELL-001,3217.62,93.45,775.25,2.39,17.28,10.14,115.79,5953.45,27.93,Normal,0,0,0,No Action Required,35.54999999999973,0.8200000000000074,-19.299999999999955,0.04,3195.755000000001,92.5325,786.4499999999999,2.355833333333333,100,1,Normal,5
2026-05-02 17:10:00,WELL-001,3179.67,92.45,801.49,2.41,17.52,9.99,113.9,6051.34,27.56,Normal,0,0,0,No Action Required,-37.94999999999982,-1.0,26.24000000000001,0.02,3194.01,92.55333333333331,787.7383333333333,2.3433333333333333,100,1,Normal,5
2026-05-02 17:15:00,WELL-001,3203.5,92.07,780.14,2.6,17.07,10.05,112.18,6252.89,28.12,Normal,0,0,0,No Action Required,23.829999999999927,-0.3800000000000096,-21.350000000000023,0.1899999999999999,3200.4875,92.53833333333334,787.3866666666667,2.359166666666667,100,1,Normal,5
2026-05-02 17:20:00,WELL-001,3165.6,92.89,801.23,2.35,17.58,10.02,112.14,6182.6,27.9,Normal,0,0,0,No Action Required,-37.90000000000009,0.8200000000000074,21.090000000000032,-0.25,3196.8875000000003,92.58583333333333,788.8675000000002,2.375,100,1,Normal,5
2026-05-02 17:25:00,WELL-001,3196.33,92.34,790.68,2.3,18.06,10.08,114.89,6241.85,28.25,Normal,0,0,0,No Action Required,30.73000000000001,-0.5499999999999972,-10.550000000000068,-0.0500000000000002,3195.3841666666667,92.62083333333334,789.4158333333334,2.3608333333333333,100,1,Normal,5
2026-05-02 17:30:00,WELL-001,3189.06,90.99,783.29,2.28,17.16,10.03,114.73,6187.16,27.75,Normal,0,0,0,No Action Required,-7.269999999999982,-1.3500000000000083,-7.389999999999986,-0.02,3193.8975,92.47166666666664,790.065,2.356666666666667,100,1,Normal,5
2026-05-02 17:35:00,WELL-001,3208.15,93.23,786.88,2.54,17.65,9.96,117.29,6026.96,28.6,Normal,0,0,0,No Action Required,19.090000000000146,2.240000000000009,3.590000000000032,0.2600000000000002,3195.535,92.43666666666668,788.9216666666666,2.3858333333333337,100,1,Normal,5
2026-05-02 17:40:00,WELL-001,3212.33,90.86,790.35,2.51,16.91,10.02,114.89,6204.25,28.06,Normal,0,0,0,No Action Required,4.179999999999836,-2.3700000000000045,3.470000000000028,-0.0300000000000002,3196.0116666666668,92.25166666666668,788.9375,2.39,100,1,Normal,5
2026-05-02 17:45:00,WELL-001,3223.54,93.39,790.85,2.32,16.93,10.04,115.83,6083.81,27.88,Normal,0,0,0,No Action Required,11.210000000000036,2.530000000000001,0.5,-0.1899999999999999,3201.5733333333337,92.44166666666666,788.7466666666668,2.39,100,1,Normal,5
2026-05-02 17:50:00,WELL-001,3210.59,92.26,793.04,2.33,17.21,9.99,113.9,6064.59,28.46,Normal,0,0,0,No Action Required,-12.949999999999818,-1.1299999999999957,2.189999999999941,0.0100000000000002,3200.554166666667,92.45583333333332,788.9099999999999,2.4066666666666667,100,1,Normal,5
2026-05-02 17:55:00,WELL-001,3184.56,92.58,794.55,2.44,17.66,9.99,114.29,6121.86,27.9,Normal,0,0,0,No Action Required,-26.0300000000002,0.3199999999999932,1.509999999999991,0.1099999999999998,3197.751666666667,92.42833333333331,790.1916666666667,2.401666666666667,100,1,Normal,5
2026-05-02 18:00:00,WELL-001,3160.4,90.32,775.13,2.45,17.23,10.02,112.54,6156.7,28.46,Normal,0,0,0,No Action Required,-24.15999999999985,-2.260000000000005,-19.41999999999996,0.0100000000000002,3195.945833333333,92.23583333333336,788.5733333333333,2.41,100,1,Normal,5
2026-05-02 18:05:00,WELL-001,3195.5,92.12,793.94,2.57,16.64,9.98,114.63,6209.32,28.39,Normal,0,0,0,No Action Required,35.09999999999991,1.8000000000000114,18.81000000000006,0.1199999999999996,3194.1024999999995,92.125,790.1308333333333,2.425,100,1,Normal,5
2026-05-02 18:10:00,WELL-001,3191.41,93.88,794.22,2.4,17.81,10.04,114.78,6204.23,28.07,Normal,0,0,0,No Action Required,-4.0900000000001455,1.759999999999991,0.2799999999999727,-0.1699999999999999,3195.080833333333,92.24416666666669,789.525,2.424166666666667,100,1,Normal,5
2026-05-02 18:15:00,WELL-001,3226.54,89.55,776.96,2.32,17.19,10.04,111.53,6097.34,28.14,Normal,0,0,0,No Action Required,35.13000000000011,-4.329999999999998,-17.25999999999999,-0.08,3197.000833333333,92.03416666666668,789.2600000000001,2.4008333333333334,100,1,Normal,5
2026-05-02 18:20:00,WELL-001,3230.8,91.21,779.33,2.53,17.09,10.01,111.61,6172.25,27.67,Normal,0,0,0,No Action Required,4.260000000000218,1.6599999999999966,2.3700000000000045,0.2099999999999999,3202.4341666666664,91.89416666666666,787.435,2.415833333333333,100,1,Normal,5
2026-05-02 18:25:00,WELL-001,3144.34,93.31,794.78,2.53,17.78,9.97,113.03,6149.07,28.18,Normal,0,0,0,No Action Required,-86.46000000000004,2.1000000000000085,15.449999999999932,0.0,3198.101666666667,91.975,787.7766666666668,2.435,100,1,Normal,5
2026-05-02 18:30:00,WELL-001,3189.11,91.8,801.47,2.37,17.55,10.04,110.98,6128.73,27.6,Normal,0,0,0,No Action Required,44.76999999999998,-1.5100000000000051,6.690000000000055,-0.1599999999999997,3198.105833333333,92.0425,789.2916666666666,2.4425,100,1,Normal,5
2026-05-02 18:35:00,WELL-001,3201.95,92.91,801.77,2.28,17.15,10.03,111.95,5905.64,28.0,Normal,0,0,0,No Action Required,12.83999999999969,1.1099999999999994,0.2999999999999545,-0.0900000000000003,3197.589166666666,92.01583333333332,790.5325000000001,2.420833333333333,100,1,Normal,5
2026-05-02 18:40:00,WELL-001,3199.77,93.08,806.31,2.41,17.54,10.07,108.8,5996.61,28.26,Normal,0,0,0,No Action Required,-2.1799999999998363,0.1700000000000017,4.539999999999964,0.1300000000000003,3196.5425,92.20083333333332,791.8625000000001,2.4125,100,1,Normal,5
2026-05-02 18:45:00,WELL-001,3222.73,92.64,795.44,2.37,17.49,9.99,111.34,6029.23,28.76,Normal,0,0,0,No Action Required,22.96000000000004,-0.4399999999999977,-10.86999999999989,-0.04,3196.475,92.13833333333332,792.245,2.4166666666666665,100,1,Normal,5
2026-05-02 18:50:00,WELL-001,3179.6,91.62,796.57,2.29,17.42,10.03,111.66,6072.65,27.84,Normal,0,0,0,No Action Required,-43.13000000000011,-1.019999999999996,1.1299999999999957,-0.08,3193.8925,92.085,792.5391666666668,2.413333333333333,100,1,Normal,5
2026-05-02 18:55:00,WELL-001,3219.61,92.27,784.41,2.41,17.4,9.91,115.59,5999.57,29.06,Normal,0,0,0,No Action Required,40.01000000000022,0.6499999999999915,-12.160000000000082,0.1200000000000001,3196.813333333333,92.05916666666668,791.6941666666667,2.410833333333333,100,1,Normal,5
2026-05-02 19:00:00,WELL-001,3210.06,90.96,794.17,2.51,17.26,10.08,112.15,6090.66,28.6,Normal,0,0,0,No Action Required,-9.550000000000182,-1.3100000000000025,9.759999999999993,0.0999999999999996,3200.951666666668,92.1125,793.2808333333334,2.415833333333333,100,1,Normal,5
2026-05-02 19:05:00,WELL-001,3206.61,91.16,800.15,2.42,17.02,9.95,109.04,6069.09,28.2,Normal,0,0,0,No Action Required,-3.449999999999818,0.2000000000000028,5.980000000000018,-0.0899999999999998,3201.8775000000005,92.03249999999998,793.7983333333333,2.4033333333333333,100,1,Normal,5
2026-05-02 19:10:00,WELL-001,3204.83,92.9,793.37,2.39,17.07,10.02,114.84,6108.64,28.68,Normal,0,0,0,No Action Required,-1.7800000000002,1.740000000000009,-6.779999999999973,-0.0299999999999998,3202.995833333333,91.95083333333334,793.7275000000001,2.4025,100,1,Normal,5
2026-05-02 19:15:00,WELL-001,3212.88,93.54,797.71,2.33,17.56,10.0,114.08,6032.25,27.89,Normal,0,0,0,No Action Required,8.050000000000182,0.6400000000000006,4.340000000000032,-0.06,3201.8575,92.28333333333336,795.4566666666666,2.4033333333333333,100,1,Normal,5
2026-05-02 19:20:00,WELL-001,3217.64,91.07,804.86,2.47,17.37,9.92,115.88,6005.04,28.6,Normal,0,0,0,No Action Required,4.759999999999764,-2.470000000000013,7.149999999999977,0.1400000000000001,3200.7608333333337,92.27166666666666,797.5841666666666,2.398333333333333,100,1,Normal,5
2026-05-02 19:25:00,WELL-001,3183.31,91.31,802.03,2.46,16.94,10.09,112.49,6105.42,28.1,Normal,0,0,0,No Action Required,-34.32999999999993,0.2400000000000091,-2.830000000000041,-0.0100000000000002,3204.008333333333,92.105,798.1883333333332,2.3925,100,1,Normal,5
2026-05-02 19:30:00,WELL-001,3175.9,92.82,799.0,2.3,17.67,10.02,113.06,6276.18,27.58,Normal,0,0,0,No Action Required,-7.4099999999998545,1.509999999999991,-3.0299999999999727,-0.1600000000000001,3202.9075,92.19,797.9825,2.3866666666666667,100,1,Normal,5
2026-05-02 19:35:00,WELL-001,3166.56,90.69,799.59,2.35,17.24,9.97,116.23,6298.63,28.58,Normal,0,0,0,No Action Required,-9.340000000000146,-2.1299999999999955,0.5900000000000318,0.0500000000000002,3199.958333333333,92.005,797.8008333333332,2.3925,100,1,Normal,5
2026-05-02 19:40:00,WELL-001,3168.62,91.6,803.3,2.39,17.66,10.08,116.72,6033.04,28.25,Normal,0,0,0,No Action Required,2.059999999999945,0.9099999999999966,3.709999999999922,0.04,3197.3625,91.88166666666666,797.5500000000001,2.3908333333333336,100,1,Normal,5
2026-05-02 19:45:00,WELL-001,3187.81,90.08,802.29,2.47,17.15,9.94,112.14,6171.64,28.75,Normal,0,0,0,No Action Required,19.19000000000005,-1.519999999999996,-1.009999999999991,0.08,3194.4525,91.66833333333334,798.1208333333333,2.3991666666666664,100,1,Normal,5
2026-05-02 19:50:00,WELL-001,3182.92,93.19,801.66,2.45,16.89,9.96,111.24,6065.89,28.94,Normal,0,0,0,No Action Required,-4.889999999999873,3.1099999999999994,-0.6299999999999955,-0.02,3194.7291666666665,91.79916666666666,798.545,2.4125,100,1,Normal,5
2026-05-02 19:55:00,WELL-001,3183.83,92.85,792.96,2.45,17.32,10.03,113.64,6073.58,28.37,Normal,0,0,0,No Action Required,0.9099999999998544,-0.3400000000000034,-8.699999999999932,0.0,3191.7475,91.8475,799.2575,2.415833333333333,100,1,Normal,5
2026-05-02 20:00:00,WELL-001,3220.95,91.53,809.78,2.37,17.21,10.05,112.22,6130.45,28.31,Normal,0,0,0,No Action Required,37.11999999999989,-1.3199999999999932,16.819999999999936,-0.08,3192.655,91.895,800.5583333333333,2.404166666666667,100,1,Normal,5
2026-05-02 20:05:00,WELL-001,3161.24,92.7,788.77,2.23,17.47,10.05,115.31,5989.59,27.92,Normal,0,0,0,No Action Required,-59.71000000000004,1.1700000000000017,-21.00999999999999,-0.1400000000000001,3188.8741666666665,92.02333333333333,799.61,2.3883333333333336,100,1,Normal,5
2026-05-02 20:10:00,WELL-001,3207.1,93.51,801.83,2.29,17.87,10.01,112.44,5954.94,28.51,Normal,0,0,0,No Action Required,45.86000000000013,0.8100000000000023,13.06000000000006,0.06,3189.063333333333,92.07416666666668,800.3149999999999,2.3800000000000003,100,1,Normal,5
2026-05-02 20:15:00,WELL-001,3214.09,91.58,814.31,2.33,17.56,10.03,108.85,6152.92,28.4,Normal,0,0,0,No Action Required,6.9900000000002365,-1.9300000000000068,12.479999999999905,0.04,3189.164166666666,91.91083333333331,801.6983333333334,2.38,100,1,Normal,5
2026-05-02 20:20:00,WELL-001,3166.95,93.81,803.96,2.55,16.74,10.0,115.27,5941.7,28.07,Normal,0,0,0,No Action Required,-47.14000000000033,2.230000000000004,-10.349999999999907,0.2199999999999997,3184.94,92.13916666666668,801.6233333333333,2.3866666666666667,100,1,Normal,5
2026-05-02 20:25:00,WELL-001,3206.06,90.39,789.73,2.56,17.36,10.08,113.27,6344.12,28.39,Normal,0,0,0,No Action Required,39.11000000000013,-3.4200000000000017,-14.230000000000018,0.0100000000000002,3186.835833333333,92.0625,800.5983333333334,2.395,100,1,Normal,5
2026-05-02 20:30:00,WELL-001,3221.6,92.04,801.98,2.48,17.62,10.02,112.91,6148.72,28.42,Normal,0,0,0,No Action Required,15.539999999999964,1.6500000000000057,12.25,-0.08,3190.6441666666665,91.9975,800.8466666666667,2.41,100,1,Normal,5
2026-05-02 20:35:00,WELL-001,3180.29,92.51,802.86,2.28,17.66,10.04,117.57,6095.93,28.67,Normal,0,0,0,No Action Required,-41.309999999999945,0.4699999999999988,0.8799999999999955,-0.2000000000000001,3191.7883333333334,92.14916666666666,801.1191666666667,2.404166666666667,100,1,Normal,5
2026-05-02 20:40:00,WELL-001,3208.45,94.2,792.54,2.34,17.01,10.01,110.65,5945.92,27.37,Normal,0,0,0,No Action Required,28.15999999999985,1.6899999999999975,-10.32000000000005,0.06,3195.1075,92.36583333333334,800.2225,2.4,100,1,Normal,5
2026-05-02 20:45:00,WELL-001,3159.19,92.94,796.65,2.25,17.11,9.99,110.97,6259.08,28.79,Normal,0,0,0,No Action Required,-49.25999999999976,-1.2600000000000051,4.110000000000014,-0.0899999999999998,3192.7225,92.60416666666669,799.7525,2.381666666666667,100,1,Normal,5
2026-05-02 20:50:00,WELL-001,3227.34,92.46,802.54,2.32,17.04,10.02,114.21,6218.11,28.0,Normal,0,0,0,No Action Required,68.15000000000009,-0.480000000000004,5.889999999999986,0.0699999999999998,3196.424166666667,92.54333333333334,799.8258333333333,2.370833333333333,100,1,Normal,5
2026-05-02 20:55:00,WELL-001,3176.19,93.02,785.75,2.39,17.37,10.0,109.81,6061.97,28.88,Normal,0,0,0,No Action Required,-51.15000000000009,0.5600000000000023,-16.789999999999964,0.0700000000000002,3195.7875,92.5575,799.2249999999999,2.365833333333333,100,1,Normal,5
2026-05-02 21:00:00,WELL-001,3214.16,93.76,793.67,2.43,17.37,10.02,114.02,6113.26,27.74,Normal,0,0,0,No Action Required,37.9699999999998,0.7400000000000091,7.919999999999959,0.04,3195.221666666667,92.74333333333334,797.8825,2.370833333333333,100,1,Normal,5
2026-05-02 21:05:00,WELL-001,3214.55,93.44,813.96,2.56,17.51,9.96,109.85,6075.82,28.59,Normal,0,0,0,No Action Required,0.3900000000003274,-0.3200000000000074,20.29000000000008,0.1299999999999999,3199.664166666667,92.805,799.9816666666667,2.398333333333333,100,1,Normal,5
2026-05-02 21:10:00,WELL-001,3218.9,92.87,803.11,2.63,17.54,10.01,111.61,5997.67,27.78,Normal,0,0,0,No Action Required,4.349999999999909,-0.5699999999999932,-10.850000000000025,0.0699999999999998,3200.6475,92.75166666666668,800.0883333333335,2.4266666666666663,100,1,Normal,5
2026-05-02 21:15:00,WELL-001,3185.36,92.88,803.26,2.36,17.6,10.11,111.26,6031.1,27.33,Normal,0,0,0,No Action Required,-33.539999999999964,0.0099999999999909,0.1499999999999772,-0.27,3198.2533333333336,92.86,799.1674999999999,2.4291666666666667,100,1,Normal,5
2026-05-02 21:20:00,WELL-001,3203.04,92.47,810.55,2.39,17.13,10.03,114.02,5936.76,28.62,Normal,0,0,0,No Action Required,17.679999999999836,-0.4099999999999966,7.289999999999964,0.0300000000000002,3201.2608333333333,92.74833333333332,799.7166666666667,2.415833333333333,100,1,Normal,5
2026-05-02 21:25:00,WELL-001,3227.02,93.15,795.93,2.36,17.75,9.97,114.16,6093.45,28.28,Normal,0,0,0,No Action Required,23.98000000000001,0.6800000000000068,-14.620000000000005,-0.0300000000000002,3203.0075,92.97833333333334,800.2333333333335,2.3991666666666664,100,1,Normal,5
2026-05-02 21:30:00,WELL-001,3188.47,92.93,805.48,2.22,17.34,10.05,112.13,5853.76,28.17,Normal,0,0,0,No Action Required,-38.55000000000018,-0.2199999999999988,9.550000000000068,-0.1399999999999996,3200.2466666666664,93.0525,800.525,2.3775,100,1,Normal,5
2026-05-02 21:35:00,WELL-001,3229.91,92.26,814.83,2.3,16.93,10.02,111.26,6131.51,28.07,Normal,0,0,0,No Action Required,41.440000000000055,-0.6700000000000017,9.350000000000025,0.0799999999999996,3204.3816666666667,93.03166666666668,801.5225,2.379166666666667,100,1,Normal,5
2026-05-02 21:40:00,WELL-001,3230.04,92.16,804.12,2.47,17.67,10.09,112.43,6058.6,27.45,Normal,0,0,0,No Action Required,0.1300000000001091,-0.1000000000000085,-10.710000000000036,0.1700000000000003,3206.1808333333333,92.86166666666666,802.4874999999998,2.39,100,1,Normal,5
2026-05-02 21:45:00,WELL-001,3240.26,92.96,809.42,2.46,17.36,10.04,111.78,6068.32,27.84,Normal,0,0,0,No Action Required,10.220000000000256,0.7999999999999972,5.2999999999999545,-0.0100000000000002,3212.936666666667,92.86333333333334,803.5516666666666,2.4075,100,1,Normal,5
2026-05-02 21:50:00,WELL-001,3231.54,93.16,819.21,2.67,16.85,10.07,110.19,6116.27,28.34,Normal,0,0,0,No Action Required,-8.720000000000255,0.2000000000000028,9.790000000000076,0.2099999999999999,3213.2866666666664,92.92166666666668,804.9408333333334,2.4366666666666665,100,1,Normal,5
2026-05-02 21:55:00,WELL-001,3180.34,91.86,806.29,2.42,16.98,9.98,109.92,5978.24,28.07,Normal,0,0,0,No Action Required,-51.19999999999982,-1.2999999999999972,-12.920000000000073,-0.25,3213.6325,92.825,806.6525,2.4391666666666665,100,1,Normal,5
2026-05-02 22:00:00,WELL-001,3227.5,94.13,820.46,2.45,17.41,10.04,113.88,5936.88,28.97,Normal,0,0,0,No Action Required,47.159999999999854,2.269999999999996,14.170000000000073,0.0300000000000002,3214.744166666667,92.85583333333334,808.8850000000001,2.4408333333333334,100,1,Normal,5
2026-05-02 22:05:00,WELL-001,3174.97,94.16,806.24,2.27,17.53,10.01,111.54,5960.38,27.63,Normal,0,0,0,No Action Required,-52.5300000000002,0.0300000000000011,-14.220000000000027,-0.1800000000000001,3211.445833333333,92.91583333333334,808.2416666666667,2.4166666666666665,100,1,Normal,5
2026-05-02 22:10:00,WELL-001,3198.73,92.63,796.1,2.4,16.97,10.04,115.37,6127.47,28.18,Normal,0,0,0,No Action Required,23.76000000000022,-1.5300000000000011,-10.139999999999986,0.1299999999999999,3209.765,92.89583333333331,807.6575000000001,2.3975000000000004,100,1,Normal,5
2026-05-02 22:15:00,WELL-001,3200.1,94.46,804.24,2.7,16.93,10.03,115.73,6029.51,28.12,Normal,0,0,0,No Action Required,1.3699999999998909,1.8299999999999983,8.139999999999986,0.3000000000000002,3210.9933333333333,93.0275,807.7391666666667,2.4258333333333337,100,1,Normal,5
2026-05-02 22:20:00,WELL-001,3220.99,93.4,810.27,2.54,17.22,10.09,109.46,6206.27,28.68,Normal,0,0,0,No Action Required,20.88999999999988,-1.059999999999988,6.029999999999973,-0.1600000000000001,3212.4891666666667,93.105,807.7158333333333,2.438333333333333,100,1,Normal,5
2026-05-02 22:25:00,WELL-001,3195.78,91.56,803.93,2.45,17.22,10.04,116.78,5962.06,27.44,Normal,0,0,0,No Action Required,-25.20999999999958,-1.840000000000004,-6.340000000000032,-0.0899999999999998,3209.8858333333333,92.97249999999998,808.3825,2.4458333333333333,100,1,Normal,5
2026-05-02 22:30:00,WELL-001,3208.48,92.33,801.95,2.55,17.3,10.02,112.03,6094.65,28.33,Normal,0,0,0,No Action Required,12.699999999999818,0.769999999999996,-1.9799999999999045,0.0999999999999996,3211.5533333333333,92.9225,808.0883333333333,2.473333333333333,100,1,Normal,5
2026-05-02 22:35:00,WELL-001,3259.85,93.29,815.09,2.42,16.63,9.99,113.46,6170.87,28.3,Normal,0,0,0,No Action Required,51.36999999999989,0.960000000000008,13.139999999999986,-0.1299999999999999,3214.0483333333336,93.00833333333333,808.11,2.483333333333333,100,1,Normal,5
2026-05-02 22:40:00,WELL-001,3226.29,91.55,806.18,2.56,17.0,10.07,115.04,5974.83,28.35,Normal,0,0,0,No Action Required,-33.559999999999945,-1.740000000000009,-8.910000000000082,0.1400000000000001,3213.7358333333336,92.9575,808.2816666666668,2.490833333333333,100,1,Normal,5
2026-05-02 22:45:00,WELL-001,3212.58,92.84,793.57,2.37,17.29,9.93,110.29,6005.83,27.8,Normal,0,0,0,No Action Required,-13.710000000000036,1.2900000000000065,-12.6099999999999,-0.1899999999999999,3211.4291666666663,92.9475,806.9608333333334,2.4833333333333334,100,1,Normal,5
2026-05-02 22:50:00,WELL-001,3215.6,93.93,803.3,2.49,17.67,10.01,113.72,6076.19,27.77,Normal,0,0,0,No Action Required,3.019999999999982,1.0900000000000034,9.729999999999905,0.1200000000000001,3210.100833333334,93.01166666666668,805.6349999999999,2.4683333333333333,100,1,Normal,5
2026-05-02 22:55:00,WELL-001,3196.28,93.34,804.82,2.49,16.68,9.94,109.85,6115.19,27.67,Normal,0,0,0,No Action Required,-19.31999999999971,-0.5900000000000034,1.5200000000000955,0.0,3211.429166666667,93.135,805.5125000000002,2.474166666666666,100,1,Normal,5
2026-05-02 23:00:00,WELL-001,3222.72,94.25,819.42,2.57,17.1,9.93,111.64,6196.21,28.06,Normal,0,0,0,No Action Required,26.4399999999996,0.9099999999999966,14.599999999999907,0.0799999999999996,3211.030833333333,93.145,805.4258333333333,2.484166666666667,100,1,Normal,5
2026-05-02 23:05:00,WELL-001,3216.52,92.94,819.94,2.28,17.36,10.07,116.59,6029.05,28.6,Normal,0,0,0,No Action Required,-6.199999999999818,-1.3100000000000025,0.5200000000000955,-0.29,3214.4933333333333,93.04333333333334,806.5675,2.485,100,1,Normal,5
2026-05-02 23:10:00,WELL-001,3205.58,94.87,821.12,2.29,17.57,10.07,112.32,6153.3,28.46,Normal,0,0,0,No Action Required,-10.940000000000056,1.9300000000000068,1.17999999999995,0.0100000000000002,3215.064166666667,93.23,808.6525,2.4758333333333336,100,1,Normal,5
2026-05-02 23:15:00,WELL-001,3253.13,91.53,806.84,2.25,17.35,9.98,112.39,6011.11,28.28,Normal,0,0,0,No Action Required,47.55000000000018,-3.3400000000000034,-14.279999999999973,-0.04,3219.483333333333,92.98583333333332,808.8691666666667,2.438333333333333,100,1,Normal,5
2026-05-02 23:20:00,WELL-001,3236.29,93.12,818.73,2.52,18.05,10.04,112.78,5940.0,27.91,Normal,0,0,0,No Action Required,-16.840000000000146,1.5900000000000034,11.889999999999986,0.27,3220.758333333333,92.9625,809.5741666666667,2.436666666666667,100,1,Normal,5
2026-05-02 23:25:00,WELL-001,3213.22,93.41,826.08,2.37,16.72,10.05,114.12,6052.64,29.07,Normal,0,0,0,No Action Required,-23.070000000000164,0.289999999999992,7.350000000000023,-0.1499999999999999,3222.2116666666666,93.11666666666667,811.42,2.43,100,1,Normal,5
2026-05-02 23:30:00,WELL-001,3182.82,94.75,804.96,2.28,18.18,10.06,112.31,6066.65,28.33,Normal,0,0,0,No Action Required,-30.39999999999964,1.3400000000000034,-21.120000000000005,-0.0900000000000003,3220.0733333333333,93.31833333333334,811.6708333333335,2.4075,100,1,Normal,5
2026-05-02 23:35:00,WELL-001,3208.64,94.8,807.99,2.52,17.41,10.06,115.6,6266.62,28.42,Normal,0,0,0,No Action Required,25.81999999999971,0.0499999999999971,3.0299999999999727,0.2400000000000002,3215.8058333333333,93.44416666666667,811.0791666666668,2.415833333333333,100,1,Normal,5
2026-05-02 23:40:00,WELL-001,3201.36,93.32,807.08,2.33,17.08,10.03,110.94,5980.79,27.54,Normal,0,0,0,No Action Required,-7.279999999999745,-1.480000000000004,-0.9099999999999682,-0.1899999999999999,3213.728333333333,93.59166666666664,811.1541666666667,2.3966666666666665,100,1,Normal,5
2026-05-02 23:45:00,WELL-001,3225.61,93.84,804.69,2.52,16.99,10.04,113.01,6024.46,28.02,Normal,0,0,0,No Action Required,24.25,0.5200000000000102,-2.3899999999999864,0.1899999999999999,3214.814166666667,93.675,812.0808333333334,2.4091666666666667,100,1,Normal,5
2026-05-02 23:50:00,WELL-001,3206.71,93.75,812.03,2.35,17.09,10.03,109.6,6101.96,28.84,Normal,0,0,0,No Action Required,-18.90000000000009,-0.0900000000000034,7.339999999999918,-0.1699999999999999,3214.0733333333333,93.65999999999998,812.8083333333334,2.3975,100,1,Normal,5
2026-05-02 23:55:00,WELL-001,3204.29,93.32,815.48,2.49,17.36,10.02,110.43,6147.64,27.68,Normal,0,0,0,No Action Required,-2.4200000000000728,-0.4300000000000068,3.450000000000045,0.1400000000000001,3214.7408333333333,93.65833333333336,813.6966666666666,2.3975,100,1,Normal,5
2026-05-03 00:00:00,WELL-001,3187.55,95.02,810.89,2.5,17.08,10.04,112.03,6065.8,28.61,Normal,0,0,0,No Action Required,-16.73999999999978,1.7000000000000028,-4.590000000000032,0.0099999999999997,3211.8099999999995,93.7225,812.9858333333333,2.391666666666667,100,1,Normal,5
2026-05-03 00:05:00,WELL-001,3222.03,93.32,796.87,2.44,17.71,9.98,114.28,6004.25,28.52,Normal,0,0,0,No Action Required,34.48000000000002,-1.7000000000000028,-14.019999999999982,-0.06,3212.269166666667,93.75416666666666,811.0633333333334,2.405,100,1,Normal,5
2026-05-03 00:10:00,WELL-001,3225.32,94.28,802.22,2.44,17.13,10.0,109.87,6021.31,28.01,Normal,0,0,0,No Action Required,3.289999999999964,0.960000000000008,5.350000000000023,0.0,3213.914166666667,93.705,809.4883333333333,2.4175,100,1,Normal,5
2026-05-03 00:15:00,WELL-001,3230.35,94.61,802.93,2.38,17.93,10.02,111.83,5930.56,27.88,Normal,0,0,0,No Action Required,5.029999999999745,0.3299999999999983,0.7099999999999227,-0.06,3212.0158333333334,93.96166666666666,809.1625,2.428333333333333,100,1,Normal,5
2026-05-03 00:20:00,WELL-001,3208.65,95.99,801.01,2.4,17.47,10.07,112.92,6047.5,27.99,Normal,0,0,0,No Action Required,-21.69999999999981,1.3799999999999957,-1.919999999999959,0.02,3209.7125,94.20083333333332,807.6858333333333,2.418333333333333,100,1,Normal,5
2026-05-03 00:25:00,WELL-001,3231.14,93.33,798.96,2.34,16.88,10.11,114.1,6260.61,28.41,Normal,0,0,0,No Action Required,22.48999999999978,-2.6599999999999966,-2.0499999999999545,-0.06,3211.205833333333,94.19416666666666,805.4258333333333,2.415833333333333,100,1,Normal,5
2026-05-03 00:30:00,WELL-001,3252.17,94.38,813.61,2.14,17.02,10.02,113.03,6090.89,28.4,Normal,0,0,0,No Action Required,21.0300000000002,1.0499999999999972,14.649999999999975,-0.1999999999999997,3216.985,94.16333333333333,806.1466666666666,2.404166666666667,100,1,Normal,5
2026-05-03 00:35:00,WELL-001,3233.62,94.88,813.15,2.54,17.76,10.03,117.07,6234.46,27.9,Normal,0,0,0,No Action Required,-18.550000000000185,0.5,-0.4600000000000364,0.3999999999999999,3219.066666666667,94.17,806.5766666666667,2.4058333333333333,100,1,Normal,5
2026-05-03 00:40:00,WELL-001,3231.79,92.17,794.4,2.34,17.03,9.99,113.56,6221.06,28.69,Normal,0,0,0,No Action Required,-1.8299999999999272,-2.7099999999999937,-18.75,-0.2000000000000001,3221.6024999999995,94.07416666666666,805.52,2.4066666666666667,100,1,Normal,5
2026-05-03 00:45:00,WELL-001,3232.16,92.93,803.34,2.47,17.05,9.96,113.89,6093.69,28.13,Normal,0,0,0,No Action Required,0.3699999999998908,0.7600000000000051,8.940000000000055,0.1300000000000003,3222.148333333333,93.99833333333332,805.4074999999999,2.4025,100,1,Normal,5
2026-05-03 00:50:00,WELL-001,3244.7,95.1,822.05,2.32,17.49,10.02,113.58,5985.09,27.66,Normal,0,0,0,No Action Required,12.539999999999964,2.1699999999999875,18.709999999999923,-0.1500000000000003,3225.3141666666666,94.11083333333336,806.2425,2.4,100,1,Normal,5
2026-05-03 00:55:00,WELL-001,3224.0,93.17,815.3,2.22,16.84,10.0,109.83,6266.13,28.15,Normal,0,0,0,No Action Required,-20.69999999999981,-1.9299999999999928,-6.75,-0.0999999999999996,3226.9566666666665,94.09833333333331,806.2275000000001,2.3775,100,1,Normal,5
2026-05-03 01:00:00,WELL-001,3221.64,95.0,814.36,2.42,17.32,9.97,114.17,6240.2,28.13,Normal,0,0,0,No Action Required,-2.360000000000128,1.8299999999999983,-0.9399999999999408,0.1999999999999997,3229.7975,94.09666666666664,806.5166666666665,2.370833333333333,100,1,Normal,5
2026-05-03 01:05:00,WELL-001,3217.21,94.71,807.31,2.25,17.16,10.11,110.21,6029.47,27.84,Normal,0,0,0,No Action Required,-4.429999999999836,-0.2900000000000062,-7.050000000000068,-0.1699999999999999,3229.395833333333,94.2125,807.3866666666668,2.355,100,1,Normal,5
2026-05-03 01:10:00,WELL-001,3217.0,94.09,810.87,2.56,17.41,9.98,115.98,5891.67,28.49,Normal,0,0,0,No Action Required,-0.2100000000000363,-0.6199999999999903,3.560000000000059,0.31,3228.7024999999994,94.19666666666666,808.1075,2.365,100,1,Normal,5
2026-05-03 01:15:00,WELL-001,3214.01,94.48,811.79,2.21,17.39,10.03,115.83,6370.04,27.6,Normal,0,0,0,No Action Required,-2.9899999999997817,0.3900000000000005,0.9199999999999592,-0.3500000000000001,3227.340833333333,94.18583333333332,808.8458333333334,2.3508333333333336,100,1,Normal,5
2026-05-03 01:20:00,WELL-001,3258.0,94.49,800.82,2.44,16.88,9.96,109.43,6153.14,28.35,Normal,0,0,0,No Action Required,43.98999999999978,0.0099999999999909,-10.969999999999914,0.2299999999999999,3231.453333333333,94.06083333333332,808.83,2.3541666666666665,100,1,Normal,5
2026-05-03 01:25:00,WELL-001,3217.83,96.06,801.98,2.55,17.38,9.98,112.67,5973.15,28.31,Normal,0,0,0,No Action Required,-40.17000000000007,1.5700000000000074,1.1599999999999682,0.1099999999999998,3230.3441666666663,94.28833333333334,809.0816666666666,2.3716666666666666,100,1,Normal,5
2026-05-03 01:30:00,WELL-001,3233.04,95.06,814.32,2.41,16.82,10.07,112.93,5909.12,28.34,Normal,0,0,0,No Action Required,15.210000000000036,-1.0,12.340000000000032,-0.1399999999999996,3228.75,94.345,809.1408333333333,2.3941666666666666,100,1,Normal,5
2026-05-03 01:35:00,WELL-001,3239.42,94.17,805.7,2.33,17.49,10.03,111.09,6260.33,27.95,Normal,0,0,0,No Action Required,6.380000000000109,-0.8900000000000006,-8.620000000000005,-0.08,3229.233333333333,94.28583333333331,808.52,2.3766666666666665,100,1,Normal,5
2026-05-03 01:40:00,WELL-001,3183.77,94.06,815.53,2.37,16.77,9.97,110.74,6041.0,28.11,Normal,0,0,0,No Action Required,-55.65000000000009,-0.1099999999999994,9.829999999999927,0.04,3225.231666666667,94.44333333333334,810.2808333333332,2.379166666666667,100,1,Normal,5
2026-05-03 01:45:00,WELL-001,3241.38,94.66,808.7,2.61,17.64,10.06,109.28,6023.35,27.58,Normal,0,0,0,No Action Required,57.61000000000013,0.5999999999999943,-6.829999999999927,0.2399999999999997,3226.0,94.5875,810.7275,2.3908333333333336,100,1,Normal,5
2026-05-03 01:50:00,WELL-001,3218.65,95.33,804.14,2.53,17.58,10.02,115.1,6234.97,28.4,Normal,0,0,0,No Action Required,-22.73000000000001,0.6700000000000017,-4.560000000000059,-0.08,3223.829166666667,94.60666666666668,809.235,2.408333333333333,100,1,Normal,5
2026-05-03 01:55:00,WELL-001,3236.63,95.17,796.03,2.38,17.33,10.0,111.33,6198.33,28.29,Normal,0,0,0,No Action Required,17.980000000000018,-0.1599999999999966,-8.110000000000014,-0.1499999999999999,3224.8816666666667,94.77333333333333,807.6291666666666,2.421666666666667,100,1,Normal,5
2026-05-03 02:00:00,WELL-001,3244.42,96.44,804.23,2.35,17.82,9.94,113.01,6024.76,28.34,Normal,0,0,0,No Action Required,7.789999999999964,1.269999999999996,8.200000000000045,-0.0299999999999998,3226.78,94.89333333333332,806.785,2.415833333333333,100,1,Normal,5
2026-05-03 02:05:00,WELL-001,3250.02,95.64,814.0,2.37,17.27,10.04,114.68,5968.5,28.34,Normal,0,0,0,No Action Required,5.599999999999909,-0.7999999999999972,9.769999999999982,0.02,3229.5141666666664,94.97083333333336,807.3424999999999,2.4258333333333333,100,1,Normal,5
2026-05-03 02:10:00,WELL-001,3232.61,95.1,802.93,2.31,16.98,10.01,113.62,6038.23,28.69,Normal,0,0,0,No Action Required,-17.409999999999854,-0.5400000000000063,-11.07000000000005,-0.06,3230.815,95.055,806.6808333333333,2.405,100,1,Normal,5
2026-05-03 02:15:00,WELL-001,3283.98,95.43,805.46,2.29,17.47,10.09,116.8,6238.14,28.56,Normal,0,0,0,No Action Required,51.36999999999989,0.3300000000000125,2.5300000000000864,-0.02,3236.645833333333,95.13416666666669,806.1533333333333,2.411666666666666,100,1,Normal,5
2026-05-03 02:20:00,WELL-001,3247.11,93.97,804.99,2.37,17.31,9.98,114.42,6071.14,28.08,Normal,0,0,0,No Action Required,-36.86999999999989,-1.460000000000008,-0.4700000000000273,0.08,3235.738333333333,95.09083333333336,806.5008333333334,2.4058333333333333,100,1,Normal,5
2026-05-03 02:25:00,WELL-001,3226.84,95.25,817.76,2.4,17.44,10.12,115.31,6157.3,28.44,Normal,0,0,0,No Action Required,-20.269999999999985,1.2800000000000011,12.769999999999982,0.0299999999999998,3236.4891666666667,95.02333333333333,807.8158333333334,2.393333333333333,100,1,Normal,5
2026-05-03 02:30:00,WELL-001,3228.87,94.31,806.92,2.42,17.04,10.05,112.35,6211.26,28.2,Normal,0,0,0,No Action Required,2.0299999999997453,-0.9399999999999976,-10.840000000000032,0.02,3236.1416666666664,94.96083333333333,807.1991666666668,2.3941666666666666,100,1,Normal,5
2026-05-03 02:35:00,WELL-001,3237.13,94.08,799.17,2.56,17.43,10.04,116.11,5966.77,28.49,Normal,0,0,0,No Action Required,8.260000000000218,-0.2300000000000039,-7.75,0.1400000000000001,3235.950833333334,94.95333333333332,806.6550000000001,2.4133333333333336,100,1,Normal,5
2026-05-03 02:40:00,WELL-001,3211.14,94.58,796.63,2.5,16.68,10.01,110.59,6013.05,27.94,Normal,0,0,0,No Action Required,-25.99000000000024,0.5,-2.539999999999964,-0.06,3238.2316666666666,94.99666666666668,805.08,2.424166666666667,100,1,Normal,5
2026-05-03 02:45:00,WELL-001,3263.47,94.68,819.61,2.63,18.08,10.02,113.32,6136.32,28.07,Normal,0,0,0,No Action Required,52.32999999999993,0.1000000000000085,22.98000000000001,0.1299999999999999,3240.0725,94.99833333333332,805.9891666666667,2.4258333333333333,100,1,Normal,5
2026-05-03 02:50:00,WELL-001,3247.36,94.08,790.78,2.48,17.22,9.97,111.2,6250.04,28.4,Normal,0,0,0,No Action Required,-16.109999999999673,-0.6000000000000085,-28.83000000000004,-0.1499999999999999,3242.465,94.89416666666666,804.8758333333334,2.421666666666667,100,1,Normal,5
2026-05-03 02:55:00,WELL-001,3212.32,93.83,803.45,2.46,17.06,10.01,113.13,6112.06,27.26,Normal,0,0,0,No Action Required,-35.039999999999964,-0.25,12.670000000000073,-0.02,3240.439166666667,94.7825,805.4941666666667,2.428333333333333,100,1,Normal,5
2026-05-03 03:00:00,WELL-001,3249.93,93.7,801.11,2.34,16.96,10.06,110.66,6046.23,28.57,Normal,0,0,0,No Action Required,37.60999999999967,-0.1299999999999954,-2.340000000000032,-0.1200000000000001,3240.898333333334,94.55416666666667,805.2341666666667,2.4275,100,1,Normal,5
2026-05-03 03:05:00,WELL-001,3236.01,94.67,801.26,2.46,17.85,9.97,111.19,6070.89,28.31,Normal,0,0,0,No Action Required,-13.919999999999618,0.9699999999999988,0.1499999999999772,0.1200000000000001,3239.730833333333,94.47333333333331,804.1725,2.435,100,1,Normal,5
2026-05-03 03:10:00,WELL-001,3232.07,96.12,796.07,2.17,17.53,10.05,114.99,5899.34,27.95,Normal,0,0,0,No Action Required,-3.940000000000055,1.4500000000000028,-5.189999999999941,-0.29,3239.685833333333,94.55833333333334,803.6008333333334,2.4233333333333333,100,1,Normal,5
2026-05-03 03:15:00,WELL-001,3241.42,97.19,802.13,2.24,17.44,10.08,115.1,6154.71,28.32,Normal,0,0,0,No Action Required,9.349999999999907,1.0699999999999932,6.059999999999945,0.0700000000000002,3236.139166666668,94.705,803.3233333333333,2.4191666666666665,100,1,Normal,5
2026-05-03 03:20:00,WELL-001,3205.12,95.45,804.83,2.38,17.59,10.01,112.17,6202.43,28.05,Normal,0,0,0,No Action Required,-36.30000000000018,-1.7399999999999949,2.700000000000045,0.1399999999999996,3232.64,94.82833333333332,803.31,2.42,100,1,Normal,5
2026-05-03 03:25:00,WELL-001,3247.1,96.33,795.32,2.26,17.82,9.99,114.29,5921.0,27.22,Normal,0,0,0,No Action Required,41.98000000000002,0.8799999999999955,-9.509999999999993,-0.1200000000000001,3234.328333333333,94.91833333333334,801.4399999999999,2.408333333333333,100,1,Normal,5
2026-05-03 03:30:00,WELL-001,3252.49,95.3,806.39,2.62,16.91,10.02,115.86,5989.23,27.99,Normal,0,0,0,No Action Required,5.389999999999873,-1.0300000000000011,11.069999999999936,0.3600000000000003,3236.296666666667,95.00083333333332,801.3958333333334,2.4250000000000003,100,1,Normal,5
2026-05-03 03:35:00,WELL-001,3214.13,97.67,785.77,2.49,16.88,9.97,115.03,6024.28,28.48,Normal,0,0,0,No Action Required,-38.35999999999967,2.3700000000000045,-20.620000000000005,-0.1299999999999999,3234.38,95.3,800.2791666666667,2.4191666666666665,100,1,Normal,5
2026-05-03 03:40:00,WELL-001,3270.78,95.63,810.52,2.41,17.38,9.99,116.76,6172.81,28.43,Normal,0,0,0,No Action Required,56.65000000000009,-2.0400000000000063,24.75,-0.08,3239.35,95.3875,801.4366666666666,2.411666666666666,100,1,Normal,5
2026-05-03 03:45:00,WELL-001,3259.8,94.75,810.85,2.58,16.86,10.05,113.03,6046.61,27.78,Normal,0,0,0,No Action Required,-10.980000000000018,-0.8799999999999955,0.3300000000000409,0.1699999999999999,3239.0441666666666,95.39333333333332,800.7066666666666,2.4075,100,1,Normal,5
2026-05-03 03:50:00,WELL-001,3264.87,95.64,801.75,2.46,17.3,9.98,113.16,6095.73,27.51,Normal,0,0,0,No Action Required,5.069999999999709,0.8900000000000006,-9.100000000000025,-0.1200000000000001,3240.5033333333326,95.52333333333333,801.6208333333334,2.4058333333333333,100,1,Normal,5
2026-05-03 03:55:00,WELL-001,3234.61,94.16,790.19,2.45,17.11,10.07,109.25,6068.75,27.97,Normal,0,0,0,No Action Required,-30.259999999999764,-1.480000000000004,-11.559999999999944,-0.0099999999999997,3242.3608333333327,95.55083333333332,800.5158333333334,2.405,100,1,Normal,5
2026-05-03 04:00:00,WELL-001,3222.3,95.75,788.37,2.42,17.59,10.03,113.69,6201.65,28.21,Normal,0,0,0,No Action Required,-12.309999999999944,1.5900000000000034,-1.82000000000005,-0.0300000000000002,3240.058333333333,95.72166666666664,799.4541666666665,2.411666666666666,100,1,Normal,5
2026-05-03 04:05:00,WELL-001,3235.84,95.14,795.6,2.27,17.61,10.04,109.57,6015.9,27.78,Normal,0,0,0,No Action Required,13.539999999999964,-0.6099999999999994,7.230000000000018,-0.1499999999999999,3240.044166666667,95.76083333333334,798.9825000000001,2.395833333333333,100,1,Normal,5
2026-05-03 04:10:00,WELL-001,3256.42,96.82,803.88,2.31,17.23,9.95,110.27,6183.13,28.8,Normal,0,0,0,No Action Required,20.579999999999927,1.6799999999999926,8.279999999999973,0.04,3242.0733333333337,95.81916666666666,799.6333333333332,2.4075,100,1,Normal,5
2026-05-03 04:15:00,WELL-001,3237.84,95.79,806.06,2.2,16.97,10.12,110.99,6062.35,27.98,Normal,0,0,0,No Action Required,-18.579999999999927,-1.029999999999987,2.17999999999995,-0.1099999999999998,3241.775,95.7025,799.9608333333334,2.404166666666667,100,1,Normal,5
2026-05-03 04:20:00,WELL-001,3214.8,95.83,800.1,2.42,17.31,10.0,111.87,6048.51,27.82,Normal,0,0,0,No Action Required,-23.039999999999964,0.039999999999992,-5.959999999999923,0.2199999999999997,3242.581666666667,95.73416666666668,799.5666666666667,2.4075,100,1,Normal,5
2026-05-03 04:25:00,WELL-001,3235.7,94.77,804.88,2.43,17.35,10.12,111.05,6210.41,28.11,Normal,0,0,0,No Action Required,20.89999999999964,-1.0600000000000025,4.779999999999973,0.0100000000000002,3241.6316666666667,95.60416666666669,800.3633333333333,2.421666666666667,100,1,Normal,5
2026-05-03 04:30:00,WELL-001,3253.53,96.42,796.48,2.27,17.03,9.91,114.12,6156.8,28.85,Normal,0,0,0,No Action Required,17.830000000000382,1.6500000000000057,-8.399999999999977,-0.1600000000000001,3241.718333333333,95.6975,799.5374999999999,2.3925,100,1,Normal,5
2026-05-03 04:35:00,WELL-001,3258.17,96.4,799.65,2.45,17.72,10.03,111.86,6076.51,28.52,Normal,0,0,0,No Action Required,4.639999999999873,-0.019999999999996,3.169999999999959,0.1800000000000001,3245.388333333334,95.59166666666664,800.6941666666667,2.3891666666666667,100,1,Normal,5
2026-05-03 04:40:00,WELL-001,3241.86,96.64,815.57,2.51,17.6,10.04,111.35,6011.77,27.87,Normal,0,0,0,No Action Required,-16.309999999999945,0.2399999999999948,15.920000000000073,0.0599999999999996,3242.978333333334,95.67583333333334,801.1150000000001,2.3975000000000004,100,1,Normal,5
2026-05-03 04:45:00,WELL-001,3260.69,95.36,800.07,2.45,17.05,9.99,113.55,6069.44,28.14,Normal,0,0,0,No Action Required,18.829999999999927,-1.2800000000000011,-15.5,-0.0599999999999996,3243.0525,95.72666666666667,800.2166666666667,2.3866666666666667,100,1,Normal,5
2026-05-03 04:50:00,WELL-001,3232.12,95.56,813.51,2.34,16.94,10.07,113.95,6119.79,27.69,Normal,0,0,0,No Action Required,-28.570000000000164,0.2000000000000028,13.43999999999994,-0.1100000000000003,3240.3233333333333,95.71999999999998,801.1966666666667,2.3766666666666665,100,1,Normal,5
2026-05-03 04:55:00,WELL-001,3229.53,94.21,803.75,2.52,17.5,10.12,112.02,6066.16,28.26,Normal,0,0,0,No Action Required,-2.5899999999996908,-1.3500000000000083,-9.759999999999993,0.1800000000000001,3239.9,95.72416666666668,802.3266666666667,2.3825,100,1,Normal,5
2026-05-03 05:00:00,WELL-001,3249.57,96.44,791.56,2.23,16.71,10.04,111.85,5981.57,27.97,Normal,0,0,0,No Action Required,20.039999999999964,2.230000000000004,-12.190000000000056,-0.29,3242.1725,95.78166666666668,802.5925000000001,2.3666666666666667,100,1,Normal,5
2026-05-03 05:05:00,WELL-001,3288.85,94.84,802.5,2.45,17.81,10.01,109.78,6197.78,28.12,Normal,0,0,0,No Action Required,39.27999999999975,-1.5999999999999943,10.940000000000056,0.2200000000000002,3246.59,95.75666666666666,803.1675,2.381666666666667,100,1,Normal,5
2026-05-03 05:10:00,WELL-001,3276.64,96.76,804.65,2.68,17.44,10.09,112.09,6152.6,28.02,Normal,0,0,0,No Action Required,-12.210000000000036,1.9200000000000017,2.1499999999999773,0.2299999999999999,3248.275,95.75166666666668,803.2316666666667,2.4125,100,1,Normal,5
2026-05-03 05:15:00,WELL-001,3262.33,96.32,780.2,2.32,17.42,9.91,112.71,6199.38,28.74,Normal,0,0,0,No Action Required,-14.309999999999944,-0.4400000000000119,-24.44999999999993,-0.3600000000000003,3250.3158333333336,95.79583333333336,801.0766666666667,2.4225,100,1,Normal,5
2026-05-03 05:20:00,WELL-001,3239.62,97.31,806.34,2.14,17.38,10.03,115.94,6127.17,28.78,Normal,0,0,0,No Action Required,-22.71000000000004,0.9900000000000092,26.139999999999983,-0.1799999999999997,3252.3841666666667,95.91916666666668,801.5966666666667,2.3991666666666664,100,1,Normal,5
2026-05-03 05:25:00,WELL-001,3239.65,94.35,791.5,2.59,17.66,10.13,110.02,6202.66,28.52,Normal,0,0,0,No Action Required,0.0300000000002,-2.960000000000008,-14.840000000000032,0.4499999999999997,3252.7133333333336,95.88416666666666,800.4816666666667,2.4125,100,1,Normal,5
2026-05-03 05:30:00,WELL-001,3248.57,96.72,797.8,2.45,17.58,10.07,113.08,6276.26,28.13,Normal,0,0,0,No Action Required,8.920000000000073,2.3700000000000045,6.2999999999999545,-0.1399999999999996,3252.3,95.90916666666668,800.5916666666667,2.4275,100,1,Normal,5
2026-05-03 05:35:00,WELL-001,3287.61,94.82,788.8,2.29,17.68,9.98,115.88,6045.88,28.38,Normal,0,0,0,No Action Required,39.03999999999997,-1.9000000000000057,-9.0,-0.1600000000000001,3254.7533333333336,95.7775,799.6875,2.4141666666666666,100,1,Normal,5
2026-05-03 05:40:00,WELL-001,3265.22,94.93,785.55,2.43,17.24,10.04,110.21,6062.85,28.15,Normal,0,0,0,No Action Required,-22.390000000000327,0.1100000000000136,-3.25,0.1400000000000001,3256.7,95.635,797.1858333333333,2.4075,100,1,Normal,5
2026-05-03 05:45:00,WELL-001,3209.83,96.94,790.62,2.58,17.1,9.99,110.42,6213.19,28.4,Normal,0,0,0,No Action Required,-55.38999999999987,2.009999999999991,5.07000000000005,0.1499999999999999,3252.4616666666666,95.76666666666668,796.3983333333332,2.418333333333333,100,1,Normal,5
2026-05-03 05:50:00,WELL-001,3278.9,95.74,796.35,2.2,17.12,10.03,113.68,6280.92,27.48,Normal,0,0,0,No Action Required,69.07000000000016,-1.2000000000000028,5.730000000000018,-0.3799999999999999,3256.36,95.78166666666668,794.9683333333332,2.4066666666666667,100,1,Normal,5
2026-05-03 05:55:00,WELL-001,3257.83,95.57,797.28,2.41,17.27,9.96,110.27,6072.04,27.65,Normal,0,0,0,No Action Required,-21.070000000000164,-0.1700000000000017,0.92999999999995,0.2099999999999999,3258.7183333333337,95.895,794.4291666666667,2.3975,100,1,Normal,5
2026-05-03 06:00:00,WELL-001,3252.69,95.76,773.2,2.63,17.37,9.9,113.4,6078.19,27.69,Normal,0,0,0,No Action Required,-5.139999999999873,0.1900000000000119,-24.079999999999927,0.2199999999999997,3258.978333333334,95.83833333333332,792.8991666666666,2.4308333333333336,100,1,Normal,5
2026-05-03 06:05:00,WELL-001,3260.29,95.07,794.34,2.31,17.02,10.02,109.66,6090.27,28.48,Normal,0,0,0,No Action Required,7.599999999999909,-0.6900000000000119,21.139999999999983,-0.3199999999999998,3256.5983333333334,95.8575,792.2191666666666,2.419166666666667,100,1,Normal,5
2026-05-03 06:10:00,WELL-001,3277.6,97.1,803.62,2.34,16.98,10.06,111.87,6099.15,28.52,Normal,0,0,0,No Action Required,17.309999999999945,2.030000000000001,9.279999999999973,0.0299999999999998,3256.6783333333333,95.88583333333334,792.1333333333333,2.3908333333333336,100,1,Normal,5
2026-05-03 06:15:00,WELL-001,3291.1,96.54,794.44,2.26,17.75,10.04,112.21,6053.49,28.06,Normal,0,0,0,No Action Required,13.5,-0.5599999999999881,-9.17999999999995,-0.08,3259.075833333334,95.90416666666664,793.32,2.3858333333333333,100,1,Normal,5
2026-05-03 06:20:00,WELL-001,3255.52,94.56,802.54,2.52,17.28,10.0,112.86,6113.18,28.1,Normal,0,0,0,No Action Required,-35.57999999999993,-1.980000000000004,8.099999999999909,0.2600000000000002,3260.400833333333,95.675,793.0033333333332,2.4175,100,1,Normal,5
2026-05-03 06:25:00,WELL-001,3272.71,94.59,787.1,2.49,17.45,9.98,113.71,6019.23,28.09,Normal,0,0,0,No Action Required,17.190000000000055,0.0300000000000011,-15.43999999999994,-0.0299999999999998,3263.155833333333,95.695,792.6366666666667,2.4091666666666667,100,1,Normal,5
2026-05-03 06:30:00,WELL-001,3273.51,96.95,795.1,2.27,17.21,10.02,115.82,5920.29,27.87,Normal,0,0,0,No Action Required,0.8000000000001819,2.3599999999999994,8.0,-0.2200000000000002,3265.2341666666666,95.71416666666666,792.4116666666667,2.3941666666666666,100,1,Normal,5
2026-05-03 06:35:00,WELL-001,3275.04,97.37,792.24,2.58,17.08,9.94,114.48,6228.0,28.73,Normal,0,0,0,No Action Required,1.5299999999997451,0.4200000000000017,-2.8600000000000136,0.31,3264.1866666666665,95.92666666666668,792.6983333333334,2.418333333333333,100,1,Normal,5
2026-05-03 06:40:00,WELL-001,3239.18,96.21,799.52,2.43,17.85,10.0,112.76,6122.15,28.55,Normal,0,0,0,No Action Required,-35.86000000000013,-1.1600000000000108,7.279999999999973,-0.1499999999999999,3262.016666666667,96.03333333333336,793.8625000000001,2.418333333333333,100,1,Normal,5
2026-05-03 06:45:00,WELL-001,3251.22,96.94,805.63,2.34,17.28,10.07,116.76,6162.12,27.9,Normal,0,0,0,No Action Required,12.039999999999964,0.730000000000004,6.110000000000014,-0.0900000000000003,3265.4658333333336,96.03333333333332,795.1133333333333,2.398333333333333,100,1,Normal,5
2026-05-03 06:50:00,WELL-001,3258.29,96.97,786.3,2.27,17.22,10.05,110.17,6029.22,28.33,Normal,0,0,0,No Action Required,7.070000000000164,0.0300000000000011,-19.33000000000004,-0.0699999999999998,3263.748333333333,96.13583333333332,794.2758333333335,2.404166666666667,100,1,Normal,5
2026-05-03 06:55:00,WELL-001,3274.35,96.3,795.8,2.52,17.9,10.09,108.82,6108.33,28.58,Normal,0,0,0,No Action Required,16.059999999999945,-0.6700000000000017,9.5,0.25,3265.125,96.19666666666666,794.1525,2.4133333333333336,100,1,Normal,5
2026-05-03 07:00:00,WELL-001,3284.3,96.59,782.04,2.31,17.1,10.03,111.94,5794.06,27.75,Normal,0,0,0,No Action Required,9.950000000000273,0.2900000000000062,-13.759999999999993,-0.2099999999999999,3267.7591666666663,96.26583333333332,794.8891666666667,2.3866666666666663,100,1,Normal,5
2026-05-03 07:05:00,WELL-001,3245.71,94.58,779.21,2.64,17.34,10.0,114.24,6213.14,29.12,Normal,0,0,0,No Action Required,-38.59000000000015,-2.010000000000005,-2.8299999999999272,0.33,3266.5441666666666,96.225,793.6283333333334,2.4141666666666666,100,1,Normal,5
2026-05-03 07:10:00,WELL-001,3284.4,96.38,776.65,2.28,17.2,10.04,113.09,5951.23,27.56,Normal,0,0,0,No Action Required,38.690000000000055,1.7999999999999972,-2.560000000000059,-0.3600000000000003,3267.1108333333327,96.165,791.3808333333333,2.4091666666666667,100,1,Normal,5
2026-05-03 07:15:00,WELL-001,3258.36,96.07,787.24,2.46,17.78,10.03,111.02,6290.05,28.15,Normal,0,0,0,No Action Required,-26.039999999999964,-0.3100000000000023,10.590000000000032,0.1800000000000001,3264.3825,96.12583333333332,790.7808333333332,2.4258333333333337,100,1,Normal,5
2026-05-03 07:20:00,WELL-001,3254.6,95.29,780.32,2.28,16.92,9.87,112.59,6208.76,27.83,Normal,0,0,0,No Action Required,-3.7600000000002174,-0.7799999999999869,-6.919999999999959,-0.1800000000000001,3264.3058333333333,96.18666666666668,788.9291666666667,2.4058333333333333,100,1,Normal,5
2026-05-03 07:25:00,WELL-001,3299.77,97.33,788.77,2.26,16.78,10.01,113.04,6078.09,28.65,Normal,0,0,0,No Action Required,45.17000000000007,2.039999999999992,8.449999999999932,-0.02,3266.560833333333,96.415,789.0683333333333,2.3866666666666667,100,1,Normal,5
2026-05-03 07:30:00,WELL-001,3280.65,96.42,793.13,2.36,17.34,10.04,112.27,6164.61,27.8,Normal,0,0,0,No Action Required,-19.11999999999989,-0.9099999999999966,4.360000000000014,0.1,3267.1558333333337,96.37083333333334,788.9041666666667,2.3941666666666666,100,1,Normal,5
2026-05-03 07:35:00,WELL-001,3240.52,94.9,783.57,2.36,17.7,10.02,110.34,5958.33,28.05,Normal,0,0,0,No Action Required,-40.13000000000011,-1.519999999999996,-9.559999999999944,0.0,3264.2791666666667,96.165,788.1816666666667,2.375833333333333,100,1,Normal,5
2026-05-03 07:40:00,WELL-001,3268.72,97.35,776.19,2.44,17.2,10.0,110.78,6076.52,27.78,Normal,0,0,0,No Action Required,28.19999999999981,2.4499999999999886,-7.3799999999999955,0.08,3266.7408333333333,96.26,786.2374999999998,2.3766666666666665,100,1,Normal,5
2026-05-03 07:45:00,WELL-001,3248.92,97.09,793.97,2.63,17.52,10.03,114.01,6020.95,27.38,Normal,0,0,0,No Action Required,-19.799999999999727,-0.2599999999999909,17.779999999999973,0.1899999999999999,3266.549166666666,96.2725,785.2658333333334,2.4008333333333334,100,1,Normal,5
2026-05-03 07:50:00,WELL-001,3268.03,94.15,797.89,2.49,17.04,10.0,112.88,6006.31,28.44,Normal,0,0,0,No Action Required,19.110000000000127,-2.9399999999999977,3.919999999999959,-0.1399999999999996,3267.3608333333327,96.0375,786.2316666666666,2.4191666666666665,100,1,Normal,5
2026-05-03 07:55:00,WELL-001,3265.02,94.5,782.33,2.39,17.74,10.05,108.24,6069.33,28.41,Normal,0,0,0,No Action Required,-3.0100000000002183,0.3499999999999943,-15.559999999999944,-0.1,3266.583333333333,95.8875,785.1091666666666,2.408333333333333,100,1,Normal,5
2026-05-03 08:00:00,WELL-001,3236.31,94.87,779.32,2.36,17.0,10.05,111.18,5994.91,28.06,Normal,0,0,0,No Action Required,-28.71000000000004,0.3700000000000045,-3.009999999999991,-0.0300000000000002,3262.584166666667,95.74416666666669,784.8825,2.4125,100,1,Normal,5
2026-05-03 08:05:00,WELL-001,3277.33,96.27,790.01,2.43,17.01,9.99,111.28,6207.68,28.34,Normal,0,0,0,No Action Required,41.01999999999998,1.3999999999999917,10.68999999999994,0.0700000000000002,3265.219166666667,95.885,785.7824999999999,2.395,100,1,Normal,5
2026-05-03 08:10:00,WELL-001,3220.69,97.2,782.64,2.48,17.71,9.89,113.81,6073.27,27.25,Normal,0,0,0,No Action Required,-56.63999999999987,0.9300000000000068,-7.370000000000003,0.0499999999999998,3259.9100000000003,95.95333333333332,786.2816666666668,2.411666666666666,100,1,Normal,5
2026-05-03 08:15:00,WELL-001,3230.32,95.29,792.06,2.38,17.39,10.0,115.08,6150.63,28.28,Normal,0,0,0,No Action Required,9.63000000000011,-1.9099999999999968,9.41999999999996,-0.1,3257.5733333333337,95.88833333333334,786.6833333333334,2.405,100,1,Normal,5
2026-05-03 08:20:00,WELL-001,3230.13,95.87,807.55,2.49,17.08,10.11,111.34,6169.96,28.2,Normal,0,0,0,No Action Required,-0.1900000000000545,0.5799999999999983,15.490000000000007,0.1100000000000003,3255.534166666667,95.93666666666668,788.9525,2.4225,100,1,Normal,5
2026-05-03 08:25:00,WELL-001,3253.98,95.97,783.32,2.35,16.88,9.96,113.57,6030.26,27.85,Normal,0,0,0,No Action Required,23.84999999999991,0.0999999999999943,-24.229999999999905,-0.1400000000000001,3251.7183333333337,95.82333333333334,788.4983333333333,2.43,100,1,Normal,5
2026-05-03 08:30:00,WELL-001,3301.6,98.24,789.94,2.48,17.06,9.96,112.22,6098.56,28.5,Normal,0,0,0,No Action Required,47.61999999999989,2.269999999999996,6.6200000000000045,0.1299999999999999,3253.464166666666,95.975,788.2325,2.44,100,1,Normal,5
2026-05-03 08:35:00,WELL-001,3217.76,97.89,787.28,2.21,17.4,9.97,110.96,5992.29,28.12,Normal,0,0,0,No Action Required,-83.83999999999969,-0.3499999999999943,-2.660000000000082,-0.27,3251.5675,96.22416666666668,788.5416666666666,2.4275,100,1,Normal,5
2026-05-03 08:40:00,WELL-001,3288.55,95.84,790.85,2.51,17.29,9.96,109.71,6059.78,28.68,Normal,0,0,0,No Action Required,70.78999999999996,-2.049999999999997,3.57000000000005,0.2999999999999998,3253.22,96.09833333333334,789.7633333333334,2.433333333333333,100,1,Normal,5
2026-05-03 08:45:00,WELL-001,3267.54,96.0,788.41,2.38,17.17,9.98,109.96,6278.24,28.29,Normal,0,0,0,No Action Required,-21.01000000000022,0.1599999999999966,-2.4400000000000546,-0.1299999999999999,3254.771666666667,96.0075,789.3000000000001,2.4125,100,1,Normal,5
2026-05-03 08:50:00,WELL-001,3242.74,97.57,801.39,2.73,17.25,10.02,114.21,6264.75,28.24,Normal,0,0,0,No Action Required,-24.800000000000185,1.5699999999999932,12.980000000000018,0.3500000000000001,3252.664166666667,96.2925,789.5916666666667,2.4325,100,1,Normal,5
2026-05-03 08:55:00,WELL-001,3233.0,94.99,794.72,2.47,17.28,10.01,112.56,6222.43,27.9,Normal,0,0,0,No Action Required,-9.739999999999782,-2.5799999999999983,-6.669999999999959,-0.2599999999999998,3249.995833333333,96.33333333333331,790.6241666666666,2.4391666666666665,100,1,Normal,5
2026-05-03 09:00:00,WELL-001,3224.1,97.25,782.39,2.39,17.58,9.97,114.41,6060.26,28.67,Normal,0,0,0,No Action Required,-8.900000000000091,2.260000000000005,-12.33000000000004,-0.08,3248.978333333333,96.53166666666664,790.8800000000001,2.441666666666667,100,1,Normal,5
2026-05-03 09:05:00,WELL-001,3218.33,95.88,780.34,2.31,17.61,10.01,113.84,6225.1,28.54,Normal,0,0,0,No Action Required,-5.769999999999982,-1.3700000000000043,-2.0499999999999545,-0.08,3244.0616666666665,96.49916666666668,790.0741666666668,2.431666666666666,100,1,Normal,5
2026-05-03 09:10:00,WELL-001,3226.49,94.89,785.87,2.49,17.2,10.03,113.29,6131.62,27.75,Normal,0,0,0,No Action Required,8.159999999999854,-0.9899999999999948,5.529999999999973,0.1800000000000001,3244.545,96.30666666666669,790.3433333333332,2.4325,100,1,Normal,5
2026-05-03 09:15:00,WELL-001,3220.47,93.17,783.04,2.23,18.09,10.05,110.54,6212.04,28.67,Normal,0,0,0,No Action Required,-6.019999999999982,-1.7199999999999989,-2.830000000000041,-0.2600000000000002,3243.7241666666664,96.13,789.5916666666667,2.42,100,1,Normal,5
2026-05-03 09:20:00,WELL-001,3267.87,94.62,787.92,2.55,17.89,9.94,112.47,6014.13,28.96,Normal,0,0,0,No Action Required,47.40000000000009,1.4500000000000028,4.879999999999996,0.3199999999999998,3246.869166666667,96.02583333333332,787.9558333333334,2.4250000000000003,100,1,Normal,5
2026-05-03 09:25:00,WELL-001,3254.78,96.32,786.0,2.44,17.04,10.0,113.05,6033.67,27.89,Normal,0,0,0,No Action Required,-13.08999999999969,1.6999999999999886,-1.919999999999959,-0.1099999999999998,3246.935833333333,96.055,788.1791666666668,2.4325,100,1,Normal,5
2026-05-03 09:30:00,WELL-001,3242.24,94.82,782.59,2.34,17.1,9.97,112.92,6187.36,28.48,Normal,0,0,0,No Action Required,-12.540000000000418,-1.5,-3.409999999999968,-0.1,3241.9891666666663,95.77,787.5666666666667,2.420833333333333,100,1,Normal,5
2026-05-03 09:35:00,WELL-001,3218.45,96.29,787.34,2.5,17.72,9.98,112.3,6277.57,28.91,Normal,0,0,0,No Action Required,-23.789999999999964,1.470000000000013,4.75,0.1600000000000001,3242.046666666667,95.63666666666666,787.5716666666667,2.445,100,1,Normal,5
2026-05-03 09:40:00,WELL-001,3244.56,96.03,787.72,2.61,17.46,9.96,111.95,6411.88,27.72,Normal,0,0,0,No Action Required,26.110000000000127,-0.2600000000000051,0.3799999999999954,0.1099999999999998,3238.380833333333,95.6525,787.3108333333333,2.453333333333333,100,1,Normal,5
2026-05-03 09:45:00,WELL-001,3246.84,97.74,775.79,2.07,16.45,9.98,109.38,6202.25,28.33,Normal,0,0,0,No Action Required,2.2800000000002,1.7099999999999935,-11.930000000000064,-0.54,3236.655833333333,95.7975,786.2591666666666,2.4275,100,1,Normal,5
2026-05-03 09:50:00,WELL-001,3207.53,93.83,792.11,2.42,17.84,10.07,110.6,6186.73,28.44,Normal,0,0,0,No Action Required,-39.309999999999945,-3.9099999999999966,16.32000000000005,0.3500000000000001,3233.721666666667,95.48583333333332,785.4858333333333,2.401666666666667,100,-1,Normal,5
2026-05-03 09:55:00,WELL-001,3210.63,94.07,801.69,2.29,17.48,10.01,113.27,6086.08,28.61,Normal,0,0,0,No Action Required,3.099999999999909,0.2399999999999948,9.58000000000004,-0.1299999999999999,3231.8575,95.40916666666668,786.0666666666667,2.3866666666666667,100,1,Normal,5
2026-05-03 10:00:00,WELL-001,3256.63,95.13,772.57,2.33,16.79,10.0,109.37,6120.41,28.34,Normal,0,0,0,No Action Required,46.0,1.0600000000000025,-29.120000000000005,0.04,3234.568333333333,95.2325,785.2483333333333,2.381666666666667,100,1,Normal,5
2026-05-03 10:05:00,WELL-001,3257.82,93.79,770.59,2.58,16.86,10.12,111.06,6006.84,28.56,Normal,0,0,0,No Action Required,1.1900000000000546,-1.3399999999999892,-1.9800000000000184,0.25,3237.8591666666666,95.05833333333332,784.4358333333333,2.4041666666666663,100,1,Normal,5
2026-05-03 10:10:00,WELL-001,3249.61,96.66,764.68,2.46,17.32,9.96,116.67,6122.06,28.19,Normal,0,0,0,No Action Required,-8.210000000000036,2.8699999999999903,-5.910000000000082,-0.1200000000000001,3239.7858333333334,95.20583333333332,782.6700000000001,2.401666666666667,100,1,Normal,5
2026-05-03 10:15:00,WELL-001,3247.9,93.29,769.82,2.36,17.45,10.08,111.13,5987.2,28.42,Normal,0,0,0,No Action Required,-1.7100000000000364,-3.3699999999999903,5.1400000000001,-0.1,3242.0716666666667,95.21583333333332,781.5683333333333,2.4125,100,1,Normal,5
2026-05-03 10:20:00,WELL-001,3237.28,93.09,772.46,2.38,17.29,10.02,110.3,6085.43,28.6,Normal,0,0,0,No Action Required,-10.61999999999989,-0.2000000000000028,2.6399999999999864,0.02,3239.5225,95.08833333333332,780.2799999999999,2.398333333333333,100,1,Normal,5
2026-05-03 10:25:00,WELL-001,3187.75,94.73,766.51,2.39,16.81,10.03,116.16,6000.58,27.89,Normal,0,0,0,No Action Required,-49.5300000000002,1.6400000000000006,-5.9500000000000455,0.0100000000000002,3233.9366666666665,94.95583333333332,778.6558333333332,2.3941666666666666,100,1,Normal,5
2026-05-03 10:30:00,WELL-001,3231.27,95.33,771.65,2.35,17.11,10.0,113.57,6153.63,27.63,Normal,0,0,0,No Action Required,43.51999999999998,0.5999999999999943,5.139999999999986,-0.04,3233.0225000000005,94.99833333333332,777.7441666666667,2.395,100,1,Normal,5
2026-05-03 10:35:00,WELL-001,3245.6,98.16,792.16,2.32,17.39,10.02,113.82,6056.31,28.11,Normal,0,0,0,No Action Required,14.329999999999927,2.8299999999999983,20.50999999999999,-0.0300000000000002,3235.285,95.15416666666664,778.1458333333334,2.3800000000000003,100,1,Normal,5
2026-05-03 10:40:00,WELL-001,3226.57,96.11,782.29,2.44,17.77,10.08,114.99,6218.84,28.84,Normal,0,0,0,No Action Required,-19.029999999999745,-2.049999999999997,-9.870000000000005,0.1200000000000001,3233.7858333333334,95.16083333333334,777.6933333333333,2.365833333333333,100,1,Normal,5
2026-05-03 10:45:00,WELL-001,3222.32,94.72,785.48,2.29,17.21,10.03,112.44,6105.13,27.76,Normal,0,0,0,No Action Required,-4.25,-1.3900000000000006,3.1900000000000546,-0.1499999999999999,3231.7425,94.90916666666668,778.5008333333334,2.3841666666666668,100,1,Normal,5
2026-05-03 10:50:00,WELL-001,3239.04,95.15,792.73,2.37,17.11,10.05,106.55,6066.79,28.01,Normal,0,0,0,No Action Required,16.7199999999998,0.4300000000000068,7.25,0.08,3234.3683333333333,95.01916666666666,778.5525000000001,2.38,100,1,Normal,5
2026-05-03 10:55:00,WELL-001,3244.42,96.26,792.22,2.43,16.8,9.99,112.1,6135.25,28.24,Normal,0,0,0,No Action Required,5.380000000000109,1.1099999999999994,-0.5099999999999909,0.06,3237.1841666666664,95.20166666666664,777.7633333333333,2.3916666666666666,100,1,Normal,5
2026-05-03 11:00:00,WELL-001,3220.1,93.28,771.36,2.29,17.91,9.98,113.02,6195.37,28.3,Normal,0,0,0,No Action Required,-24.320000000000164,-2.980000000000004,-20.860000000000014,-0.1400000000000001,3234.140000000001,95.0475,777.6625,2.388333333333333,100,1,Normal,5
2026-05-03 11:05:00,WELL-001,3212.94,95.52,781.14,2.14,17.78,10.06,113.58,6262.0,28.56,Normal,0,0,0,No Action Required,-7.159999999999855,2.239999999999995,9.779999999999973,-0.1499999999999999,3230.4,95.19166666666668,778.5416666666666,2.3516666666666666,100,1,Normal,5
2026-05-03 11:10:00,WELL-001,3252.79,95.57,784.37,2.18,16.76,10.06,115.37,6028.01,27.77,Normal,0,0,0,No Action Required,39.84999999999991,0.0499999999999971,3.230000000000018,0.04,3230.6650000000004,95.10083333333334,780.1824999999999,2.3283333333333336,100,1,Normal,5
2026-05-03 11:15:00,WELL-001,3237.22,93.08,776.96,2.36,17.26,10.11,111.64,6103.87,27.69,Normal,0,0,0,No Action Required,-15.570000000000164,-2.489999999999995,-7.409999999999968,0.1799999999999997,3229.775,95.08333333333331,780.7775,2.3283333333333336,100,1,Normal,5
2026-05-03 11:20:00,WELL-001,3249.42,94.35,787.74,2.1,17.32,10.02,114.73,6034.33,28.53,Normal,0,0,0,No Action Required,12.200000000000273,1.269999999999996,10.779999999999973,-0.2599999999999998,3230.786666666667,95.18833333333332,782.0508333333333,2.305,100,1,Normal,5
2026-05-03 11:25:00,WELL-001,3222.99,94.63,785.68,2.29,17.6,10.04,112.24,6031.71,27.38,Normal,0,0,0,No Action Required,-26.43000000000029,0.2800000000000011,-2.060000000000059,0.1899999999999999,3233.7233333333334,95.18,783.6483333333334,2.296666666666667,100,1,Normal,5
2026-05-03 11:30:00,WELL-001,3231.04,94.2,783.42,2.46,17.71,10.07,119.22,6149.89,27.87,Normal,0,0,0,No Action Required,8.050000000000182,-0.4299999999999926,-2.259999999999991,0.1699999999999999,3233.7041666666664,95.08583333333333,784.6291666666667,2.305833333333333,100,1,Normal,5
2026-05-03 11:35:00,WELL-001,3247.36,96.14,782.11,2.14,17.53,9.99,110.26,6117.2,27.61,Normal,0,0,0,No Action Required,16.320000000000164,1.9399999999999973,-1.3099999999999454,-0.3199999999999998,3233.8508333333334,94.9175,783.7916666666666,2.290833333333333,100,1,Normal,5
2026-05-03 11:40:00,WELL-001,3250.91,95.26,777.62,2.33,17.28,9.97,112.75,5814.08,28.25,Normal,0,0,0,No Action Required,3.549999999999727,-0.8799999999999955,-4.490000000000009,0.1899999999999999,3235.879166666667,94.84666666666664,783.4025,2.2816666666666667,100,1,Normal,5
2026-05-03 11:45:00,WELL-001,3234.54,95.38,780.71,2.52,17.53,10.07,118.15,6140.53,28.29,Normal,0,0,0,No Action Required,-16.36999999999989,0.1199999999999903,3.090000000000032,0.1899999999999999,3236.8975000000005,94.90166666666666,783.0050000000001,2.3008333333333337,100,1,Normal,5
2026-05-03 11:50:00,WELL-001,3253.86,94.06,777.36,2.45,17.37,10.02,114.7,5928.92,29.03,Normal,0,0,0,No Action Required,19.320000000000164,-1.3199999999999932,-3.3500000000000227,-0.0699999999999998,3238.1325,94.81083333333332,781.7241666666665,2.3075,100,1,Normal,5
2026-05-03 11:55:00,WELL-001,3241.23,94.13,791.33,2.41,17.39,10.01,115.84,6097.59,28.0,Normal,0,0,0,No Action Required,-12.63000000000011,0.0699999999999931,13.970000000000027,-0.04,3237.866666666667,94.63333333333334,781.65,2.3058333333333336,100,1,Normal,5
2026-05-03 12:00:00,WELL-001,3242.7,95.2,790.65,2.47,17.74,10.01,114.96,6172.78,28.43,Normal,0,0,0,No Action Required,1.4699999999998,1.0700000000000074,-0.6800000000000637,0.06,3239.75,94.79333333333334,783.2575,2.3208333333333333,100,1,Normal,5
2026-05-03 12:05:00,WELL-001,3196.7,93.63,777.43,2.46,18.18,10.06,111.28,6050.5,28.77,Normal,0,0,0,No Action Required,-46.0,-1.5700000000000074,-13.220000000000027,-0.0100000000000002,3238.396666666667,94.63583333333332,782.9483333333333,2.3475,100,1,Normal,5
2026-05-03 12:10:00,WELL-001,3215.29,95.03,778.74,2.38,17.16,9.87,113.98,5993.32,27.65,Normal,0,0,0,No Action Required,18.590000000000146,1.4000000000000057,1.3100000000000591,-0.08,3235.271666666667,94.59083333333332,782.4791666666666,2.3641666666666663,100,1,Normal,5
2026-05-03 12:15:00,WELL-001,3229.18,95.04,764.22,2.52,17.02,10.05,114.06,6077.86,28.23,Normal,0,0,0,No Action Required,13.889999999999873,0.0100000000000051,-14.519999999999982,0.1400000000000001,3234.601666666667,94.75416666666666,781.4175,2.3775,100,1,Normal,5
2026-05-03 12:20:00,WELL-001,3217.59,94.28,779.84,2.29,16.87,10.07,113.31,6185.51,27.95,Normal,0,0,0,No Action Required,-11.58999999999969,-0.7600000000000051,15.620000000000005,-0.2299999999999999,3231.9491666666668,94.74833333333332,780.7591666666667,2.393333333333333,100,1,Normal,5
2026-05-03 12:25:00,WELL-001,3209.88,93.0,776.35,2.43,17.15,10.1,111.62,6123.41,27.87,Normal,0,0,0,No Action Required,-7.710000000000036,-1.2800000000000011,-3.490000000000009,0.1400000000000001,3230.8566666666666,94.6125,779.9816666666667,2.405,100,1,Normal,5
2026-05-03 12:30:00,WELL-001,3212.61,93.93,771.14,2.41,17.49,10.07,110.74,6115.31,28.19,Normal,0,0,0,No Action Required,2.730000000000018,0.9300000000000068,-5.210000000000036,-0.02,3229.320833333333,94.59,778.9583333333334,2.4008333333333334,100,1,Normal,5
2026-05-03 12:35:00,WELL-001,3191.46,92.89,781.6,2.24,17.31,9.91,112.7,5893.18,27.98,Normal,0,0,0,No Action Required,-21.15000000000009,-1.0400000000000065,10.460000000000036,-0.1699999999999999,3224.6625000000004,94.31916666666667,778.9158333333334,2.409166666666667,100,1,Normal,5
2026-05-03 12:40:00,WELL-001,3216.84,94.14,775.78,2.25,16.91,9.94,113.32,6114.76,28.49,Normal,0,0,0,No Action Required,25.38000000000011,1.25,-5.82000000000005,0.0099999999999997,3221.8233333333333,94.22583333333334,778.7624999999999,2.4025,100,1,Normal,5
2026-05-03 12:45:00,WELL-001,3215.72,92.28,775.27,2.4,16.93,9.96,113.81,6108.59,28.67,Normal,0,0,0,No Action Required,-1.1200000000003456,-1.86,-0.5099999999999909,0.1499999999999999,3220.255,93.9675,778.3091666666666,2.3925,100,1,Normal,5
2026-05-03 12:50:00,WELL-001,3255.72,92.51,774.45,2.41,17.47,10.07,114.36,6212.37,28.24,Normal,0,0,0,No Action Required,40.0,0.2300000000000039,-0.8199999999999363,0.0100000000000002,3220.41,93.83833333333332,778.0666666666667,2.3891666666666667,100,1,Normal,5
2026-05-03 12:55:00,WELL-001,3213.41,95.96,779.02,2.37,16.97,10.03,114.91,6048.48,28.17,Normal,0,0,0,No Action Required,-42.309999999999945,3.4499999999999886,4.569999999999936,-0.04,3218.0916666666667,93.99083333333331,777.0408333333335,2.3858333333333337,100,1,Normal,5
2026-05-03 13:00:00,WELL-001,3221.44,93.97,776.23,2.35,17.16,9.96,111.36,6018.82,27.6,Normal,0,0,0,No Action Required,8.0300000000002,-1.9899999999999949,-2.789999999999964,-0.02,3216.32,93.88833333333334,775.8391666666666,2.375833333333333,100,1,Normal,5
2026-05-03 13:05:00,WELL-001,3234.83,93.86,779.45,2.55,17.59,9.98,115.25,6195.75,27.77,Normal,0,0,0,No Action Required,13.389999999999873,-0.1099999999999994,3.220000000000028,0.1999999999999997,3219.4975,93.9075,776.0075,2.3833333333333333,100,1,Normal,5
2026-05-03 13:10:00,WELL-001,3233.21,93.03,786.29,2.36,17.15,10.0,110.96,5950.49,27.22,Normal,0,0,0,No Action Required,-1.6199999999998909,-0.8299999999999983,6.839999999999918,-0.1899999999999999,3220.9908333333333,93.74083333333334,776.6366666666667,2.3816666666666664,100,1,Normal,5
2026-05-03 13:15:00,WELL-001,3197.98,96.13,782.13,2.62,17.23,9.99,116.34,6136.1,27.84,Normal,0,0,0,No Action Required,-35.23000000000002,3.0999999999999943,-4.159999999999968,0.2600000000000002,3218.390833333333,93.83166666666666,778.1291666666666,2.39,100,1,Normal,5
2026-05-03 13:20:00,WELL-001,3228.35,108.67,766.89,2.45,16.86,10.08,113.37,6161.49,28.13,Sensor Drift,1,Low,40,Calibrate sensor during next maintenance,30.36999999999989,12.540000000000006,-15.240000000000007,-0.1699999999999999,3219.2875,95.03083333333336,777.0500000000001,2.4033333333333333,80,1,Sensor Drift,30
2026-05-03 13:25:00,WELL-001,3184.89,105.68,761.73,2.53,17.62,10.03,110.4,5934.09,29.03,Sensor Drift,1,Low,40,Calibrate sensor during next maintenance,-43.46000000000004,-2.989999999999995,-5.159999999999968,0.0799999999999996,3217.205,96.08750000000002,775.8316666666666,2.411666666666666,80,1,Sensor Drift,30
2026-05-03 13:30:00,WELL-001,3212.67,102.41,787.76,2.38,17.54,10.09,110.74,6045.78,28.75,Sensor Drift,1,Low,40,Calibrate sensor during next maintenance,27.7800000000002,-3.2700000000000102,26.029999999999973,-0.1499999999999999,3217.2100000000005,96.79416666666668,777.2166666666667,2.4091666666666667,80,-1,Sensor Drift,30
2026-05-03 13:35:00,WELL-001,3196.78,100.75,768.37,2.45,17.44,9.97,115.48,5987.22,28.14,Sensor Drift,1,Low,40,Calibrate sensor during next maintenance,-15.889999999999873,-1.6599999999999966,-19.389999999999983,0.0700000000000002,3217.653333333333,97.44916666666666,776.1141666666666,2.4266666666666667,80,1,Sensor Drift,30
2026-05-03 13:40:00,WELL-001,3215.87,107.96,774.32,2.33,17.44,9.98,112.71,6042.23,28.34,Sensor Drift,1,Low,40,Calibrate sensor during next maintenance,19.08999999999969,7.209999999999994,5.9500000000000455,-0.1200000000000001,3217.5725,98.60083333333334,775.9925,2.433333333333333,80,1,Sensor Drift,30
2026-05-03 13:45:00,WELL-001,3236.91,101.98,784.53,2.26,17.56,10.01,110.98,6176.11,28.05,Sensor Drift,1,Low,40,Calibrate sensor during next maintenance,21.039999999999964,-5.97999999999999,10.209999999999924,-0.0700000000000002,3219.338333333333,99.40916666666668,776.7641666666667,2.4216666666666664,80,1,Sensor Drift,30
2026-05-03 13:50:00,WELL-001,3205.77,91.8,767.57,2.4,17.37,10.04,112.39,6099.69,28.72,Normal,0,0,0,No Action Required,-31.13999999999988,-10.180000000000009,-16.959999999999923,0.1400000000000001,3215.175833333333,99.35,776.1908333333332,2.4208333333333334,100,1,Normal,5
2026-05-03 13:55:00,WELL-001,3216.01,92.86,768.78,2.49,16.74,9.98,113.74,5907.87,27.97,Normal,0,0,0,No Action Required,10.240000000000236,1.0600000000000025,1.2099999999999227,0.0900000000000003,3215.3925,99.09166666666668,775.3375000000001,2.430833333333333,100,1,Normal,5
2026-05-03 14:00:00,WELL-001,3212.05,92.63,771.95,2.33,17.63,10.11,113.18,5899.7,28.45,Normal,0,0,0,No Action Required,-3.960000000000037,-0.2300000000000039,3.1700000000000728,-0.1600000000000001,3214.61,98.98,774.9808333333334,2.4291666666666667,100,1,Normal,5
2026-05-03 14:05:00,WELL-001,3202.59,91.92,773.41,2.31,16.85,10.02,116.56,5988.61,28.94,Normal,0,0,0,No Action Required,-9.460000000000036,-0.7099999999999937,1.4599999999999227,-0.02,3211.9233333333327,98.81833333333331,774.4775000000001,2.4091666666666667,100,1,Normal,5
2026-05-03 14:10:00,WELL-001,3213.47,92.92,777.23,2.3,17.44,10.04,108.05,6352.83,27.49,Normal,0,0,0,No Action Required,10.879999999999654,1.0,3.82000000000005,-0.0100000000000002,3210.278333333333,98.80916666666668,773.7225,2.404166666666667,100,1,Normal,5
2026-05-03 14:15:00,WELL-001,3200.32,90.46,777.66,2.34,17.16,10.03,112.42,6152.37,27.72,Normal,0,0,0,No Action Required,-13.149999999999636,-2.460000000000008,0.42999999999995,0.04,3210.4733333333334,98.33666666666666,773.35,2.3808333333333334,100,1,Normal,5
2026-05-03 14:20:00,WELL-001,3211.12,92.38,776.84,2.43,17.16,10.01,110.6,6208.08,28.51,Normal,0,0,0,No Action Required,10.799999999999727,1.9200000000000017,-0.8199999999999363,0.0900000000000003,3209.0375000000004,96.97916666666669,774.1791666666667,2.379166666666667,100,1,Normal,5
2026-05-03 14:25:00,WELL-001,3211.52,92.77,778.97,2.53,17.57,10.07,112.22,6146.87,28.69,Normal,0,0,0,No Action Required,0.4000000000000909,0.3900000000000005,2.1299999999999955,0.0999999999999996,3211.256666666666,95.90333333333332,775.6158333333333,2.3791666666666664,100,1,Normal,5
2026-05-03 14:30:00,WELL-001,3193.05,92.03,782.01,2.25,16.7,10.08,115.6,5980.53,27.65,Normal,0,0,0,No Action Required,-18.4699999999998,-0.7399999999999949,3.039999999999964,-0.2799999999999998,3209.6216666666664,95.03833333333334,775.1366666666667,2.3683333333333336,100,1,Normal,5
2026-05-03 14:35:00,WELL-001,3197.97,94.27,776.52,2.41,17.45,10.03,115.89,6026.54,28.18,Normal,0,0,0,No Action Required,4.919999999999618,2.239999999999995,-5.490000000000009,0.1600000000000001,3209.7208333333333,94.49833333333332,775.8158333333334,2.365,100,1,Normal,5
2026-05-03 14:40:00,WELL-001,3213.91,92.97,770.05,2.22,16.82,10.05,111.26,6145.46,28.25,Normal,0,0,0,No Action Required,15.940000000000056,-1.2999999999999972,-6.470000000000027,-0.1899999999999999,3209.5574999999994,93.24916666666668,775.46,2.355833333333333,100,1,Normal,5
2026-05-03 14:45:00,WELL-001,3192.18,92.06,780.88,2.41,17.51,10.0,111.21,6109.52,28.79,Normal,0,0,0,No Action Required,-21.73000000000001,-0.9099999999999966,10.83000000000004,0.1899999999999999,3205.83,92.4225,775.1558333333334,2.3683333333333336,100,1,Normal,5
2026-05-03 14:50:00,WELL-001,3175.94,92.22,784.53,2.42,17.55,10.0,109.68,6265.68,28.65,Normal,0,0,0,No Action Required,-16.23999999999978,0.1599999999999966,3.649999999999977,0.0099999999999997,3203.3441666666663,92.4575,776.5691666666667,2.37,100,1,Normal,5
2026-05-03 14:55:00,WELL-001,3209.29,92.17,775.88,2.43,17.25,10.02,116.12,6190.9,27.75,Normal,0,0,0,No Action Required,33.34999999999991,-0.0499999999999971,-8.649999999999977,0.0100000000000002,3202.784166666667,92.4,777.1608333333334,2.365,100,1,Normal,5
2026-05-03 15:00:00,WELL-001,3204.9,92.08,784.57,2.39,18.38,10.04,112.64,6282.83,28.3,Normal,0,0,0,No Action Required,-4.389999999999873,-0.0900000000000034,8.690000000000055,-0.04,3202.188333333333,92.35416666666669,778.2125,2.37,100,1,Normal,5
2026-05-03 15:05:00,WELL-001,3176.17,92.48,787.1,2.46,17.69,10.03,113.07,5958.28,28.83,Normal,0,0,0,No Action Required,-28.73000000000001,0.4000000000000057,2.5299999999999727,0.0699999999999998,3199.986666666667,92.40083333333332,779.3533333333334,2.3825,100,1,Normal,5
2026-05-03 15:10:00,WELL-001,3198.01,91.62,803.21,2.6,17.18,9.92,111.47,6256.44,28.29,Normal,0,0,0,No Action Required,21.840000000000146,-0.8599999999999994,16.110000000000014,0.1400000000000001,3198.6983333333337,92.2925,781.5183333333333,2.4075,100,1,Normal,5
2026-05-03 15:15:00,WELL-001,3179.22,93.38,780.51,2.32,17.14,10.08,114.0,5949.92,28.37,Normal,0,0,0,No Action Required,-18.79000000000042,1.759999999999991,-22.700000000000045,-0.2800000000000002,3196.94,92.53583333333334,781.7558333333333,2.4058333333333333,100,1,Normal,5
2026-05-03 15:20:00,WELL-001,3205.45,92.18,779.25,2.29,17.11,10.03,112.35,6153.1,27.9,Normal,0,0,0,No Action Required,26.23000000000001,-1.1999999999999886,-1.259999999999991,-0.0299999999999998,3196.4675,92.51916666666666,781.9566666666666,2.3941666666666666,100,1,Normal,5
2026-05-03 15:25:00,WELL-001,3216.25,93.91,782.14,2.46,17.54,9.99,114.03,5871.68,27.15,Normal,0,0,0,No Action Required,10.800000000000182,1.7299999999999898,2.8899999999999864,0.1699999999999999,3196.861666666667,92.61416666666666,782.2208333333333,2.3883333333333336,100,1,Normal,5
2026-05-03 15:30:00,WELL-001,3197.58,93.23,781.51,2.49,16.92,10.06,116.16,6028.89,28.53,Normal,0,0,0,No Action Required,-18.67000000000008,-0.6799999999999926,-0.6299999999999955,0.0300000000000002,3197.2391666666667,92.71416666666666,782.1791666666667,2.4083333333333337,100,1,Normal,5
2026-05-03 15:35:00,WELL-001,3203.92,93.04,795.21,2.44,17.61,9.96,114.37,6259.53,27.85,Normal,0,0,0,No Action Required,6.3400000000001455,-0.1899999999999977,13.700000000000044,-0.0500000000000002,3197.735,92.61166666666668,783.7366666666667,2.4108333333333336,100,1,Normal,5
2026-05-03 15:40:00,WELL-001,3197.7,93.29,785.77,2.23,17.4,10.0,110.97,6234.2,28.22,Normal,0,0,0,No Action Required,-6.220000000000255,0.25,-9.440000000000056,-0.2099999999999999,3196.3841666666667,92.63833333333334,785.0466666666667,2.411666666666666,100,1,Normal,5
2026-05-03 15:45:00,WELL-001,3221.21,91.43,786.9,2.53,17.26,9.99,110.3,6011.72,28.04,Normal,0,0,0,No Action Required,23.51000000000022,-1.86,1.1299999999999957,0.2999999999999998,3198.8033333333333,92.58583333333335,785.5483333333333,2.4216666666666664,100,1,Normal,5
2026-05-03 15:50:00,WELL-001,3185.94,91.83,783.46,2.43,17.72,9.98,112.95,6056.76,28.02,Normal,0,0,0,No Action Required,-35.26999999999998,0.3999999999999915,-3.439999999999941,-0.0999999999999996,3199.6366666666668,92.55333333333334,785.4591666666666,2.4225,100,1,Normal,5
2026-05-03 15:55:00,WELL-001,3197.82,92.4,784.19,2.36,17.77,9.93,115.01,6061.68,28.14,Normal,0,0,0,No Action Required,11.88000000000011,0.5700000000000074,0.7300000000000182,-0.0700000000000002,3198.6808333333333,92.5725,786.1516666666666,2.4166666666666665,100,1,Normal,5
2026-05-03 16:00:00,WELL-001,3198.57,92.99,778.26,2.32,17.52,9.93,112.84,6018.76,27.82,Normal,0,0,0,No Action Required,0.75,0.5899999999999892,-5.930000000000064,-0.04,3198.153333333333,92.64833333333333,785.6258333333334,2.410833333333333,100,1,Normal,5
2026-05-03 16:05:00,WELL-001,3169.25,93.05,786.57,2.32,17.28,9.96,111.83,6078.69,28.24,Normal,0,0,0,No Action Required,-29.320000000000164,0.0600000000000022,8.31000000000006,0.0,3197.5766666666664,92.69583333333334,785.5816666666666,2.3991666666666664,100,1,Normal,5
2026-05-03 16:10:00,WELL-001,3205.8,90.48,788.46,2.19,17.49,10.01,115.09,6031.08,28.53,Normal,0,0,0,No Action Required,36.55000000000018,-2.569999999999993,1.8899999999999864,-0.1299999999999999,3198.2258333333334,92.60083333333334,784.3525000000001,2.365,100,1,Normal,5
2026-05-03 16:15:00,WELL-001,3177.73,92.39,768.99,2.5,17.94,9.98,113.15,6142.91,27.6,Normal,0,0,0,No Action Required,-28.070000000000164,1.9099999999999968,-19.470000000000027,0.31,3198.101666666667,92.51833333333332,783.3925,2.38,100,1,Normal,5
2026-05-03 16:20:00,WELL-001,3185.26,91.47,804.55,2.52,17.26,10.06,113.33,6157.83,27.8,Normal,0,0,0,No Action Required,7.5300000000002,-0.9200000000000016,35.559999999999945,0.02,3196.4191666666666,92.45916666666666,785.5008333333334,2.3991666666666664,100,1,Normal,5
2026-05-03 16:25:00,WELL-001,3223.46,91.51,779.57,2.47,17.46,10.02,114.58,5982.42,28.96,Normal,0,0,0,No Action Required,38.19999999999982,0.0400000000000062,-24.979999999999905,-0.0499999999999998,3197.02,92.25916666666669,785.2866666666667,2.4,100,1,Normal,5
2026-05-03 16:30:00,WELL-001,3189.73,92.19,800.18,2.31,17.7,10.01,111.22,6060.15,28.45,Normal,0,0,0,No Action Required,-33.73000000000002,0.6799999999999926,20.6099999999999,-0.1600000000000001,3196.3658333333333,92.1725,786.8425000000001,2.385,100,1,Normal,5
2026-05-03 16:35:00,WELL-001,3217.0,92.51,772.51,2.47,17.29,9.96,113.6,6211.91,28.22,Normal,0,0,0,No Action Required,27.269999999999985,0.3200000000000074,-27.66999999999996,0.1600000000000001,3197.455833333333,92.12833333333332,784.9508333333333,2.3875,100,1,Normal,5
2026-05-03 16:40:00,WELL-001,3215.36,92.74,789.1,2.36,17.63,10.06,114.49,6067.15,28.61,Normal,0,0,0,No Action Required,-1.639999999999873,0.2299999999999897,16.590000000000032,-0.1100000000000003,3198.9275,92.0825,785.2283333333334,2.398333333333333,100,1,Normal,5
2026-05-03 16:45:00,WELL-001,3205.7,91.31,782.25,2.33,16.64,10.07,119.11,6219.36,28.28,Normal,0,0,0,No Action Required,-9.66000000000031,-1.4299999999999926,-6.850000000000023,-0.0299999999999998,3197.635,92.0725,784.8408333333333,2.381666666666667,100,1,Normal,5
2026-05-03 16:50:00,WELL-001,3189.46,91.36,786.5,2.51,17.1,10.15,110.14,6120.98,28.25,Normal,0,0,0,No Action Required,-16.23999999999978,0.0499999999999971,4.25,0.1799999999999997,3197.9283333333333,92.03333333333332,785.0941666666668,2.388333333333333,100,1,Normal,5
2026-05-03 16:55:00,WELL-001,3198.86,91.71,785.96,2.34,17.79,10.1,112.13,5934.03,28.35,Normal,0,0,0,No Action Required,9.400000000000093,0.3499999999999943,-0.5399999999999636,-0.1699999999999999,3198.015,91.97583333333334,785.2416666666667,2.3866666666666663,100,1,Normal,5
2026-05-03 17:00:00,WELL-001,3200.81,92.19,793.18,2.56,17.63,10.04,114.41,6123.68,27.84,Normal,0,0,0,No Action Required,1.949999999999818,0.480000000000004,7.219999999999914,0.2200000000000002,3198.2016666666664,91.90916666666664,786.485,2.4066666666666667,100,1,Normal,5
2026-05-03 17:05:00,WELL-001,3221.85,92.19,781.35,2.26,17.02,9.96,114.24,6081.02,28.53,Normal,0,0,0,No Action Required,21.039999999999964,0.0,-11.829999999999927,-0.3000000000000002,3202.5850000000005,91.8375,786.0500000000001,2.401666666666667,100,1,Normal,5
2026-05-03 17:10:00,WELL-001,3216.8,92.99,793.99,2.43,17.27,10.01,114.07,6002.4,28.2,Normal,0,0,0,No Action Required,-5.049999999999727,0.7999999999999972,12.639999999999986,0.1700000000000003,3203.5016666666666,92.04666666666668,786.5108333333333,2.4216666666666664,100,1,Normal,5
2026-05-03 17:15:00,WELL-001,3182.38,93.26,794.65,2.65,17.08,9.99,113.02,6025.98,28.43,Normal,0,0,0,No Action Required,-34.42000000000007,0.2700000000000102,0.6599999999999682,0.2199999999999997,3203.889166666668,92.11916666666669,788.6491666666666,2.4341666666666666,100,1,Normal,5
2026-05-03 17:20:00,WELL-001,3194.83,91.59,797.62,2.18,17.53,9.99,114.54,6204.15,27.31,Normal,0,0,0,No Action Required,12.449999999999818,-1.6700000000000017,2.970000000000028,-0.4699999999999997,3204.6866666666665,92.12916666666666,788.0716666666667,2.4058333333333333,100,1,Normal,5
2026-05-03 17:25:00,WELL-001,3191.94,92.14,770.05,2.43,17.16,9.96,111.6,6016.2,27.99,Normal,0,0,0,No Action Required,-2.8899999999998727,0.5499999999999972,-27.57000000000005,0.25,3202.06,92.18166666666669,787.2783333333333,2.4025000000000003,100,1,Normal,5
2026-05-03 17:30:00,WELL-001,3199.08,93.06,788.29,2.53,16.97,10.03,117.12,5939.47,27.57,Normal,0,0,0,No Action Required,7.139999999999873,0.9200000000000016,18.24000000000001,0.0999999999999996,3202.839166666666,92.25416666666666,786.2875,2.420833333333333,100,1,Normal,5
2026-05-03 17:35:00,WELL-001,3218.79,92.3,784.1,2.26,17.33,10.03,113.18,5984.58,28.08,Normal,0,0,0,No Action Required,19.71000000000004,-0.7600000000000051,-4.189999999999941,-0.27,3202.988333333333,92.23666666666666,787.2533333333332,2.4033333333333333,100,1,Normal,5
2026-05-03 17:40:00,WELL-001,3185.52,92.73,780.27,2.41,18.26,9.96,111.41,6089.14,27.04,Normal,0,0,0,No Action Required,-33.26999999999998,0.4300000000000068,-3.830000000000041,0.1500000000000003,3200.5016666666666,92.23583333333332,786.5174999999999,2.4075,100,1,Normal,5
2026-05-03 17:45:00,WELL-001,3170.06,92.39,787.51,2.52,17.26,10.0,111.5,6064.24,27.73,Normal,0,0,0,No Action Required,-15.460000000000036,-0.3400000000000034,7.240000000000009,0.1099999999999998,3197.5316666666663,92.32583333333334,786.9558333333333,2.4233333333333333,100,1,Normal,5
2026-05-03 17:50:00,WELL-001,3193.09,91.11,779.23,2.32,17.5,10.03,114.24,6006.2,28.21,Normal,0,0,0,No Action Required,23.0300000000002,-1.2800000000000011,-8.279999999999973,-0.2000000000000001,3197.834166666667,92.305,786.3499999999999,2.4075,100,1,Normal,5
2026-05-03 17:55:00,WELL-001,3226.38,93.48,778.72,2.28,17.93,10.04,112.52,6068.29,28.31,Normal,0,0,0,No Action Required,33.289999999999964,2.3700000000000045,-0.5099999999999909,-0.04,3200.1275,92.4525,785.7466666666668,2.4025000000000003,100,1,Normal,5
2026-05-03 18:00:00,WELL-001,3199.04,91.48,791.49,2.33,17.4,9.98,110.37,6246.07,28.19,Normal,0,0,0,No Action Required,-27.340000000000146,-2.0,12.769999999999982,0.0500000000000002,3199.98,92.39333333333332,785.6058333333334,2.3833333333333333,100,1,Normal,5
2026-05-03 18:05:00,WELL-001,3225.27,90.08,781.2,2.45,17.32,9.96,115.18,6011.54,28.7,Normal,0,0,0,No Action Required,26.23000000000001,-1.4000000000000057,-10.289999999999964,0.1200000000000001,3200.265,92.2175,785.5933333333332,2.3991666666666664,100,1,Normal,5
2026-05-03 18:10:00,WELL-001,3193.46,90.94,787.45,2.56,17.24,10.07,115.71,6090.49,28.13,Normal,0,0,0,No Action Required,-31.809999999999945,0.8599999999999994,6.25,0.1099999999999998,3198.32,92.04666666666668,785.0483333333333,2.41,100,1,Normal,5
2026-05-03 18:15:00,WELL-001,3187.43,92.37,804.85,2.25,17.42,10.03,109.3,6009.78,27.95,Normal,0,0,0,No Action Required,-6.0300000000002,1.4300000000000068,17.399999999999977,-0.31,3198.7408333333333,91.9725,785.8983333333334,2.3766666666666665,100,1,Normal,5
2026-05-03 18:20:00,WELL-001,3208.48,92.95,777.79,2.47,17.52,10.05,113.21,6193.57,28.69,Normal,0,0,0,No Action Required,21.050000000000185,0.5799999999999983,-27.06000000000006,0.2200000000000002,3199.8783333333336,92.08583333333333,784.2458333333333,2.4008333333333334,100,1,Normal,5
2026-05-03 18:25:00,WELL-001,3165.31,91.97,790.76,2.33,17.18,10.03,110.31,6165.59,28.07,Normal,0,0,0,No Action Required,-43.17000000000007,-0.980000000000004,12.970000000000027,-0.1400000000000001,3197.659166666667,92.07166666666669,785.9716666666667,2.3925,100,1,Normal,5
2026-05-03 18:30:00,WELL-001,3210.47,91.39,787.4,2.28,17.13,9.98,113.77,6203.24,28.37,Normal,0,0,0,No Action Required,45.159999999999854,-0.5799999999999983,-3.3600000000000136,-0.0500000000000002,3198.608333333333,91.9325,785.8974999999999,2.3716666666666666,100,1,Normal,5
2026-05-03 18:35:00,WELL-001,3193.33,92.5,792.51,2.4,17.23,10.06,107.77,5885.24,28.63,Normal,0,0,0,No Action Required,-17.139999999999873,1.1099999999999994,5.110000000000014,0.1200000000000001,3196.486666666666,91.94916666666668,786.5983333333334,2.3833333333333333,100,1,Normal,5
2026-05-03 18:40:00,WELL-001,3191.19,92.93,787.93,2.6,17.29,10.04,112.01,6008.82,27.52,Normal,0,0,0,No Action Required,-2.1399999999998727,0.4300000000000068,-4.580000000000041,0.2000000000000001,3196.959166666667,91.96583333333336,787.2366666666667,2.3991666666666664,100,1,Normal,5
2026-05-03 18:45:00,WELL-001,3208.87,92.41,793.55,2.26,17.84,10.02,114.31,6098.23,27.78,Normal,0,0,0,No Action Required,17.679999999999836,-0.5200000000000102,5.6200000000000045,-0.3400000000000003,3200.193333333333,91.96750000000002,787.7400000000001,2.3775,100,1,Normal,5
2026-05-03 18:50:00,WELL-001,3212.59,92.47,791.35,2.45,17.63,10.05,109.48,5949.51,28.51,Normal,0,0,0,No Action Required,3.720000000000255,0.0600000000000022,-2.199999999999932,0.1900000000000004,3201.818333333333,92.08083333333332,788.75,2.388333333333333,100,1,Normal,5
2026-05-03 18:55:00,WELL-001,3182.19,90.97,795.77,2.27,17.17,10.06,109.88,5961.7,27.57,Normal,0,0,0,No Action Required,-30.40000000000009,-1.5,4.419999999999959,-0.1800000000000001,3198.1358333333337,91.87166666666668,790.1708333333332,2.3875,100,1,Normal,5
2026-05-03 19:00:00,WELL-001,3180.25,92.17,791.73,2.58,17.5,10.02,115.44,5965.45,28.57,Normal,0,0,0,No Action Required,-1.9400000000000543,1.2000000000000028,-4.039999999999964,0.31,3196.57,91.92916666666667,790.1908333333332,2.4083333333333337,100,1,Normal,5
2026-05-03 19:05:00,WELL-001,3191.49,91.63,801.57,2.35,17.4,10.01,113.52,6047.82,28.59,Normal,0,0,0,No Action Required,11.239999999999782,-0.5400000000000063,9.840000000000032,-0.2299999999999999,3193.755,92.05833333333334,791.8883333333333,2.4,100,1,Normal,5
2026-05-03 19:10:00,WELL-001,3158.95,92.72,781.55,2.31,17.52,9.92,113.24,5961.39,27.83,Normal,0,0,0,No Action Required,-32.539999999999964,1.0900000000000034,-20.02000000000009,-0.04,3190.879166666666,92.20666666666666,791.3966666666666,2.379166666666667,100,1,Normal,5
2026-05-03 19:15:00,WELL-001,3177.47,90.74,782.84,2.65,17.28,9.96,111.78,6102.19,28.07,Normal,0,0,0,No Action Required,18.519999999999985,-1.980000000000004,1.2900000000000773,0.3399999999999998,3190.049166666666,92.07083333333333,789.5625,2.4125,100,1,Normal,5
2026-05-03 19:20:00,WELL-001,3172.94,91.18,806.17,2.23,16.64,10.0,109.04,6007.55,27.72,Normal,0,0,0,No Action Required,-4.529999999999745,0.4400000000000119,23.329999999999927,-0.4199999999999999,3187.0875,91.92333333333332,791.9275000000001,2.3925,100,1,Normal,5
2026-05-03 19:25:00,WELL-001,3173.37,92.15,798.74,2.3,17.31,9.98,113.71,5950.76,28.29,Normal,0,0,0,No Action Required,0.4299999999998363,0.9699999999999988,-7.42999999999995,0.0699999999999998,3187.7591666666663,91.93833333333332,792.5925000000001,2.39,100,1,Normal,5
2026-05-03 19:30:00,WELL-001,3200.09,94.42,782.64,2.72,17.61,10.11,114.71,6004.17,28.48,Normal,0,0,0,No Action Required,26.72000000000025,2.269999999999996,-16.100000000000023,0.4200000000000004,3186.894166666667,92.19083333333332,792.1958333333333,2.4266666666666667,100,1,Normal,5
2026-05-03 19:35:00,WELL-001,3183.76,91.99,787.28,2.32,17.65,10.04,114.95,5958.75,27.47,Normal,0,0,0,No Action Required,-16.329999999999927,-2.430000000000007,4.639999999999986,-0.4000000000000003,3186.096666666667,92.14833333333333,791.7600000000001,2.42,100,1,Normal,5
2026-05-03 19:40:00,WELL-001,3215.58,93.11,798.37,2.45,17.64,10.03,113.98,6180.01,28.18,Normal,0,0,0,No Action Required,31.81999999999971,1.1200000000000043,11.090000000000032,0.1300000000000003,3188.129166666666,92.16333333333334,792.63,2.4075,100,1,Normal,5
2026-05-03 19:45:00,WELL-001,3189.53,92.46,814.8,2.3,17.19,9.93,113.77,6045.54,27.66,Normal,0,0,0,No Action Required,-26.049999999999727,-0.6500000000000057,16.42999999999995,-0.1500000000000003,3186.5175000000004,92.1675,794.4008333333333,2.410833333333333,100,1,Normal,5
2026-05-03 19:50:00,WELL-001,3194.6,93.58,793.86,2.37,17.85,10.02,110.49,6167.43,28.67,Normal,0,0,0,No Action Required,5.069999999999709,1.1200000000000043,-20.93999999999994,0.0700000000000002,3185.018333333333,92.26,794.61,2.404166666666667,100,1,Normal,5
2026-05-03 19:55:00,WELL-001,3192.14,92.21,786.19,2.29,17.22,10.02,111.66,6061.45,28.17,Normal,0,0,0,No Action Required,-2.4600000000000364,-1.3700000000000043,-7.669999999999959,-0.08,3185.8475,92.36333333333332,793.8116666666666,2.4058333333333333,100,1,Normal,5
2026-05-03 20:00:00,WELL-001,3180.78,92.01,809.55,2.33,17.02,10.12,113.36,6021.24,28.48,Normal,0,0,0,No Action Required,-11.359999999999673,-0.1999999999999886,23.3599999999999,0.04,3185.8916666666664,92.35,795.2966666666667,2.385,100,1,Normal,5
2026-05-03 20:05:00,WELL-001,3203.35,91.71,799.91,2.36,17.69,10.05,108.62,6288.82,28.1,Normal,0,0,0,No Action Required,22.56999999999971,-0.3000000000000113,-9.639999999999986,0.0299999999999998,3186.88,92.35666666666668,795.1583333333334,2.3858333333333337,100,1,Normal,5
2026-05-03 20:10:00,WELL-001,3229.75,93.0,802.28,2.39,18.31,10.0,111.56,6040.4,28.22,Normal,0,0,0,No Action Required,26.40000000000009,1.2900000000000065,2.3700000000000045,0.0300000000000002,3192.78,92.38,796.8858333333333,2.3925,100,1,Normal,5
2026-05-03 20:15:00,WELL-001,3198.73,93.29,806.36,2.49,17.26,10.05,114.47,6090.6,28.33,Normal,0,0,0,No Action Required,-31.019999999999985,0.2900000000000062,4.080000000000041,0.1,3194.5516666666667,92.5925,798.8458333333333,2.379166666666667,100,1,Normal,5
2026-05-03 20:20:00,WELL-001,3212.78,92.49,802.75,2.57,17.42,9.99,110.21,6109.84,28.09,Normal,0,0,0,No Action Required,14.050000000000182,-0.8000000000000114,-3.6100000000000136,0.0799999999999996,3197.8716666666664,92.70166666666668,798.5608333333333,2.4075,100,1,Normal,5
2026-05-03 20:25:00,WELL-001,3213.29,93.86,792.06,2.29,17.33,9.98,112.46,6044.91,27.82,Normal,0,0,0,No Action Required,0.5099999999997635,1.3700000000000043,-10.690000000000056,-0.2799999999999998,3201.1983333333337,92.84416666666664,798.0041666666666,2.4066666666666667,100,1,Normal,5
2026-05-03 20:30:00,WELL-001,3213.61,92.36,814.94,2.44,17.79,9.98,111.42,6320.62,27.98,Normal,0,0,0,No Action Required,0.3200000000001637,-1.5,22.88000000000011,0.1499999999999999,3202.3250000000003,92.6725,800.6958333333333,2.3833333333333333,100,1,Normal,5
2026-05-03 20:35:00,WELL-001,3181.66,91.11,815.62,2.37,17.48,10.03,111.46,6068.9,28.56,Normal,0,0,0,No Action Required,-31.95000000000028,-1.25,0.67999999999995,-0.0699999999999998,3202.15,92.59916666666668,803.0574999999999,2.3875,100,1,Normal,5
2026-05-03 20:40:00,WELL-001,3176.68,92.96,811.77,2.43,17.81,9.95,109.24,6122.79,27.98,Normal,0,0,0,No Action Required,-4.980000000000018,1.8499999999999943,-3.850000000000023,0.06,3198.9083333333333,92.58666666666666,804.1741666666667,2.3858333333333337,100,1,Normal,5
2026-05-03 20:45:00,WELL-001,3214.56,91.97,801.48,2.41,17.38,9.99,110.17,6076.61,28.8,Normal,0,0,0,No Action Required,37.88000000000011,-0.9899999999999948,-10.289999999999964,-0.02,3200.994166666666,92.54583333333332,803.0641666666667,2.395,100,1,Normal,5
2026-05-03 20:50:00,WELL-001,3187.78,91.67,801.56,2.26,17.69,9.96,112.33,6352.42,27.76,Normal,0,0,0,No Action Required,-26.779999999999745,-0.2999999999999971,0.0799999999999272,-0.1500000000000003,3200.425833333333,92.38666666666666,803.7058333333334,2.3858333333333333,100,1,Normal,5
2026-05-03 20:55:00,WELL-001,3225.25,92.4,802.4,2.3,17.62,10.0,110.61,6244.09,28.06,Normal,0,0,0,No Action Required,37.4699999999998,0.730000000000004,0.8400000000000318,0.04,3203.185,92.4025,805.0566666666667,2.3866666666666667,100,1,Normal,5
2026-05-03 21:00:00,WELL-001,3170.04,92.33,809.87,2.48,17.12,9.97,110.17,6096.25,28.28,Normal,0,0,0,No Action Required,-55.21000000000004,-0.0700000000000073,7.470000000000027,0.1800000000000001,3202.2900000000004,92.42916666666666,805.0833333333334,2.399166666666667,100,1,Normal,5
2026-05-03 21:05:00,WELL-001,3216.27,92.45,801.97,2.36,17.39,10.01,114.78,6129.61,28.26,Normal,0,0,0,No Action Required,46.23000000000002,0.1200000000000045,-7.899999999999977,-0.1200000000000001,3203.366666666667,92.49083333333334,805.255,2.3991666666666664,100,1,Normal,5
2026-05-03 21:10:00,WELL-001,3202.76,91.66,803.4,2.32,17.46,10.01,116.23,5972.33,26.98,Normal,0,0,0,No Action Required,-13.509999999999764,-0.7900000000000063,1.42999999999995,-0.04,3201.1175000000003,92.37916666666666,805.3483333333334,2.393333333333333,100,1,Normal,5
2026-05-03 21:15:00,WELL-001,3208.33,91.96,804.69,2.25,18.01,10.0,111.49,6287.58,28.56,Normal,0,0,0,No Action Required,5.569999999999709,0.2999999999999971,1.2900000000000773,-0.0699999999999998,3201.9175,92.26833333333332,805.2091666666666,2.373333333333333,100,1,Normal,5
2026-05-03 21:20:00,WELL-001,3228.52,92.43,803.78,2.33,17.09,10.04,112.17,6320.61,28.56,Normal,0,0,0,No Action Required,20.19000000000005,0.4700000000000131,-0.910000000000082,0.08,3203.2291666666665,92.26333333333332,805.295,2.353333333333333,100,1,Normal,5
2026-05-03 21:25:00,WELL-001,3237.41,90.37,818.57,2.11,16.9,9.93,113.39,6096.71,28.54,Normal,0,0,0,No Action Required,8.889999999999873,-2.0600000000000023,14.790000000000076,-0.2200000000000002,3205.2391666666663,91.9725,807.5041666666667,2.3383333333333334,100,1,Normal,5
2026-05-03 21:30:00,WELL-001,3201.92,93.83,795.94,2.55,17.33,10.14,114.65,6068.16,28.21,Normal,0,0,0,No Action Required,-35.48999999999978,3.4599999999999937,-22.629999999999995,0.4399999999999999,3204.265,92.095,805.9208333333332,2.3475,100,1,Normal,5
2026-05-03 21:35:00,WELL-001,3185.35,92.96,800.97,2.48,16.87,10.0,110.59,5988.79,28.46,Normal,0,0,0,No Action Required,-16.570000000000164,-0.8700000000000045,5.029999999999973,-0.0699999999999998,3204.5725,92.24916666666668,804.7000000000002,2.356666666666667,100,1,Normal,5
2026-05-03 21:40:00,WELL-001,3223.75,90.27,818.3,2.57,16.87,10.06,111.98,6088.72,28.46,Normal,0,0,0,No Action Required,38.40000000000009,-2.6899999999999977,17.329999999999927,0.0899999999999998,3208.4950000000003,92.025,805.2441666666667,2.3683333333333336,100,1,Normal,5
2026-05-03 21:45:00,WELL-001,3212.15,92.03,798.79,2.34,17.74,9.93,112.58,6255.78,28.5,Normal,0,0,0,No Action Required,-11.599999999999907,1.7600000000000051,-19.50999999999999,-0.2299999999999999,3208.294166666667,92.03,805.0200000000001,2.3625,100,1,Normal,5
2026-05-03 21:50:00,WELL-001,3222.43,92.45,794.1,2.4,17.1,10.13,112.59,6162.27,28.9,Normal,0,0,0,No Action Required,10.279999999999744,0.4200000000000017,-4.689999999999941,0.06,3211.181666666667,92.09499999999998,804.3983333333332,2.3741666666666665,100,1,Normal,5
2026-05-03 21:55:00,WELL-001,3183.77,90.32,807.32,2.48,17.2,9.96,113.52,6096.15,28.35,Normal,0,0,0,No Action Required,-38.659999999999854,-2.1300000000000097,13.220000000000027,0.08,3207.725,91.92166666666668,804.8083333333334,2.3891666666666667,100,1,Normal,5
2026-05-03 22:00:00,WELL-001,3189.33,93.34,812.34,2.22,17.85,10.03,114.61,5970.64,28.49,Normal,0,0,0,No Action Required,5.559999999999945,3.0200000000000102,5.019999999999982,-0.2599999999999998,3209.3325,92.00583333333331,805.0141666666668,2.3675,100,1,Normal,5
2026-05-03 22:05:00,WELL-001,3180.12,92.07,807.89,2.36,17.35,10.11,112.93,6169.5,28.19,Normal,0,0,0,No Action Required,-9.210000000000036,-1.2700000000000102,-4.4500000000000455,0.1399999999999996,3206.32,91.97416666666668,805.5075,2.3675,100,1,Normal,5
2026-05-03 22:10:00,WELL-001,3207.99,92.04,808.73,2.7,17.37,10.01,115.18,6200.81,28.39,Normal,0,0,0,No Action Required,27.86999999999989,-0.0299999999999869,0.8400000000000318,0.3400000000000003,3206.755833333333,92.00583333333331,805.9516666666667,2.3991666666666664,100,1,Normal,5
2026-05-03 22:15:00,WELL-001,3204.17,94.16,806.76,2.51,17.05,9.99,113.1,5975.01,28.07,Normal,0,0,0,No Action Required,-3.819999999999709,2.1199999999999903,-1.9700000000000275,-0.1900000000000004,3206.409166666667,92.18916666666668,806.1241666666666,2.420833333333333,100,1,Normal,5
2026-05-03 22:20:00,WELL-001,3186.69,91.47,825.28,2.32,17.16,10.02,110.78,6048.36,28.95,Normal,0,0,0,No Action Required,-17.480000000000018,-2.6899999999999977,18.519999999999985,-0.1899999999999999,3202.9233333333336,92.10916666666668,807.9158333333335,2.42,100,1,Normal,5
2026-05-03 22:25:00,WELL-001,3216.17,94.0,818.38,2.42,17.26,9.95,112.14,6082.28,27.9,Normal,0,0,0,No Action Required,29.48000000000001,2.530000000000001,-6.899999999999977,0.1,3201.1533333333336,92.41166666666668,807.9,2.4458333333333333,100,1,Normal,5
2026-05-03 22:30:00,WELL-001,3237.54,94.12,813.67,2.38,16.98,10.08,113.57,6175.84,28.47,Normal,0,0,0,No Action Required,21.36999999999989,0.1200000000000045,-4.710000000000036,-0.04,3204.1216666666664,92.43583333333332,809.3775,2.431666666666666,100,1,Normal,5
2026-05-03 22:35:00,WELL-001,3215.32,95.01,800.53,2.36,17.91,10.02,112.65,6073.23,28.49,Normal,0,0,0,No Action Required,-22.2199999999998,0.8900000000000006,-13.139999999999986,-0.02,3206.619166666667,92.60666666666668,809.3408333333333,2.4216666666666664,100,1,Normal,5
2026-05-03 22:40:00,WELL-001,3205.6,92.67,811.09,2.41,16.99,10.02,115.69,6175.06,28.83,Normal,0,0,0,No Action Required,-9.720000000000256,-2.3400000000000034,10.56000000000006,0.0500000000000002,3205.1066666666666,92.80666666666669,808.7400000000001,2.408333333333333,100,1,Normal,5
2026-05-03 22:45:00,WELL-001,3196.56,94.08,800.6,2.25,17.06,10.02,114.96,6129.57,28.16,Normal,0,0,0,No Action Required,-9.039999999999964,1.4099999999999966,-10.490000000000007,-0.1600000000000001,3203.8074999999994,92.9775,808.8908333333333,2.4008333333333334,100,1,Normal,5
2026-05-03 22:50:00,WELL-001,3191.14,93.72,813.5,2.43,16.97,10.06,115.36,6251.83,28.04,Normal,0,0,0,No Action Required,-5.420000000000073,-0.3599999999999994,12.899999999999975,0.1800000000000001,3201.2,93.08333333333331,810.5075,2.4033333333333333,100,1,Normal,5
2026-05-03 22:55:00,WELL-001,3217.58,92.48,798.41,2.59,17.54,10.08,110.45,6127.37,28.42,Normal,0,0,0,No Action Required,26.44000000000005,-1.2399999999999949,-15.090000000000032,0.1599999999999997,3204.0175,93.26333333333334,809.7649999999999,2.4125,100,1,Normal,5
2026-05-03 23:00:00,WELL-001,3201.98,94.98,805.32,2.45,17.15,9.96,114.73,6136.44,28.31,Normal,0,0,0,No Action Required,-15.599999999999907,2.5,6.910000000000082,-0.1399999999999996,3205.0716666666667,93.4,809.18,2.431666666666666,100,1,Normal,5
2026-05-03 23:05:00,WELL-001,3211.95,93.85,817.42,2.32,17.54,10.03,112.54,5933.97,28.21,Normal,0,0,0,No Action Required,9.9699999999998,-1.1300000000000097,12.099999999999907,-0.1300000000000003,3207.724166666667,93.54833333333332,809.9741666666667,2.428333333333333,100,1,Normal,5
2026-05-03 23:10:00,WELL-001,3229.07,93.82,795.78,2.55,17.92,10.01,117.53,6015.57,27.71,Normal,0,0,0,No Action Required,17.120000000000346,-0.0300000000000011,-21.639999999999983,0.2299999999999999,3209.480833333333,93.69666666666669,808.895,2.415833333333333,100,1,Normal,5
2026-05-03 23:15:00,WELL-001,3198.69,93.74,793.06,2.36,18.37,9.94,111.81,5994.92,28.11,Normal,0,0,0,No Action Required,-30.38000000000011,-0.0799999999999983,-2.720000000000028,-0.1899999999999999,3209.0241666666666,93.66166666666663,807.7533333333332,2.4033333333333333,100,1,Normal,5
2026-05-03 23:20:00,WELL-001,3210.69,92.83,806.04,2.47,17.83,10.0,112.92,6144.85,27.72,Normal,0,0,0,No Action Required,12.0,-0.9099999999999966,12.980000000000018,0.1100000000000003,3211.024166666666,93.775,806.15,2.415833333333333,100,1,Normal,5
2026-05-03 23:25:00,WELL-001,3214.21,92.99,814.9,2.61,17.07,10.08,109.99,6118.6,28.32,Normal,0,0,0,No Action Required,3.519999999999982,0.1599999999999966,8.860000000000014,0.1399999999999996,3210.8608333333336,93.69083333333332,805.86,2.431666666666666,100,1,Normal,5
2026-05-03 23:30:00,WELL-001,3190.25,92.67,799.88,2.24,16.41,10.01,112.73,6089.07,28.53,Normal,0,0,0,No Action Required,-23.96000000000004,-0.3199999999999932,-15.019999999999982,-0.3699999999999996,3206.92,93.57,804.7108333333334,2.42,100,1,Normal,5
2026-05-03 23:35:00,WELL-001,3182.08,93.12,827.77,2.5,17.65,9.97,112.51,5868.54,28.45,Normal,0,0,0,No Action Required,-8.170000000000073,0.4500000000000028,27.889999999999983,0.2599999999999998,3204.15,93.4125,806.9808333333332,2.431666666666666,100,1,Normal,5
2026-05-03 23:40:00,WELL-001,3242.16,92.05,798.02,2.39,17.39,9.99,111.27,6018.06,28.2,Normal,0,0,0,No Action Required,60.07999999999993,-1.0700000000000074,-29.75,-0.1099999999999998,3207.1966666666667,93.36083333333332,805.8916666666665,2.43,100,1,Normal,5
2026-05-03 23:45:00,WELL-001,3227.51,93.45,806.13,2.19,17.64,10.02,112.03,6124.04,27.88,Normal,0,0,0,No Action Required,-14.649999999999636,1.4000000000000057,8.110000000000014,-0.2000000000000001,3209.7758333333336,93.30833333333334,806.3525,2.4250000000000003,100,1,Normal,5
2026-05-03 23:50:00,WELL-001,3209.47,93.6,801.86,2.2,16.71,10.04,112.84,6091.88,27.75,Normal,0,0,0,No Action Required,-18.04000000000042,0.1499999999999914,-4.269999999999982,0.0100000000000002,3211.3033333333333,93.29833333333332,805.3825,2.4058333333333333,100,1,Normal,5
2026-05-03 23:55:00,WELL-001,3216.59,93.1,802.49,2.39,17.44,10.11,114.03,6184.28,28.66,Normal,0,0,0,No Action Required,7.120000000000346,-0.5,0.6299999999999955,0.1899999999999999,3211.2208333333333,93.35,805.7225,2.3891666666666667,100,1,Normal,5
2026-05-01 00:00:00,WELL-002,3067.06,81.65,715.98,2.16,17.06,10.22,132.33,3932.77,28.61,Normal,0,0,0,No Action Required,0.0,0.0,0.0,0.0,3067.06,81.65,715.98,2.16,100,1,Normal,5
2026-05-01 00:05:00,WELL-002,3072.7,79.98,706.34,1.99,16.9,10.22,138.06,3975.58,29.32,Normal,0,0,0,No Action Required,5.639999999999873,-1.6700000000000017,-9.639999999999986,-0.1700000000000001,3069.88,80.815,711.1600000000001,2.075,100,1,Normal,5
2026-05-01 00:10:00,WELL-002,3068.17,80.82,716.88,2.12,16.5,10.2,128.81,4028.4,29.8,Normal,0,0,0,No Action Required,-4.529999999999745,0.8399999999999892,10.539999999999964,0.1300000000000001,3069.31,80.81666666666666,713.0666666666666,2.0900000000000003,100,1,Normal,5
2026-05-01 00:15:00,WELL-002,3101.24,81.15,714.12,2.1,16.61,10.18,134.46,3775.41,29.93,Normal,0,0,0,No Action Required,33.06999999999971,0.3300000000000125,-2.759999999999991,-0.02,3077.2925,80.9,713.33,2.0925,100,1,Normal,5
2026-05-01 00:20:00,WELL-002,3045.06,82.16,701.91,1.99,16.13,10.22,133.34,3871.83,29.32,Normal,0,0,0,No Action Required,-56.17999999999984,1.009999999999991,-12.210000000000036,-0.1100000000000001,3070.846,81.152,711.046,2.072,100,1,Normal,5
2026-05-01 00:25:00,WELL-002,3089.4,80.77,717.08,2.19,16.63,10.26,131.71,4103.2,29.21,Normal,0,0,0,No Action Required,44.34000000000015,-1.3900000000000006,15.170000000000073,0.1999999999999999,3073.938333333333,81.08833333333332,712.0516666666667,2.091666666666667,100,1,Normal,5
2026-05-01 00:30:00,WELL-002,3064.2,80.8,708.05,1.66,16.1,10.22,130.99,4003.89,29.37,Normal,0,0,0,No Action Required,-25.20000000000028,0.0300000000000011,-9.030000000000086,-0.53,3072.5471428571427,81.04714285714286,711.4799999999999,2.03,100,1,Normal,5
2026-05-01 00:35:00,WELL-002,3039.34,82.06,720.53,1.96,17.26,10.25,133.88,3892.42,29.37,Normal,0,0,0,No Action Required,-24.85999999999968,1.2600000000000051,12.480000000000018,0.3,3068.39625,81.17375,712.61125,2.02125,100,1,Normal,5
2026-05-01 00:40:00,WELL-002,3056.29,81.72,719.61,2.07,16.57,10.24,132.4,3873.39,29.61,Normal,0,0,0,No Action Required,16.949999999999818,-0.3400000000000034,-0.9199999999999592,0.1099999999999998,3067.051111111111,81.23444444444445,713.3888888888889,2.026666666666667,100,1,Normal,5
2026-05-01 00:45:00,WELL-002,3059.33,82.14,718.13,2.07,16.12,10.24,136.1,3841.2,29.04,Normal,0,0,0,No Action Required,3.039999999999964,0.4200000000000017,-1.4800000000000182,0.0,3066.279,81.325,713.863,2.031,100,1,Normal,5
2026-05-01 00:50:00,WELL-002,3065.49,81.49,713.11,2.03,16.99,10.29,132.05,3931.95,29.81,Normal,0,0,0,No Action Required,6.159999999999855,-0.6500000000000057,-5.019999999999982,-0.04,3066.2072727272725,81.34,713.7945454545454,2.0309090909090908,100,1,Normal,5
2026-05-01 00:55:00,WELL-002,3033.8,80.88,719.91,1.82,16.5,10.25,132.38,4054.63,29.14,Normal,0,0,0,No Action Required,-31.6899999999996,-0.6099999999999994,6.7999999999999545,-0.2099999999999997,3063.5066666666667,81.30166666666666,714.3041666666667,2.013333333333333,100,1,Normal,5
2026-05-01 01:00:00,WELL-002,3069.38,81.6,718.05,1.76,16.79,10.16,132.67,3755.5,29.6,Normal,0,0,0,No Action Required,35.57999999999993,0.7199999999999989,-1.8600000000000136,-0.06,3063.7000000000003,81.2975,714.4766666666668,1.98,100,1,Normal,5
2026-05-01 01:05:00,WELL-002,3049.07,82.71,719.75,2.0,17.1,10.17,131.99,4028.3,30.13,Normal,0,0,0,No Action Required,-20.309999999999945,1.1099999999999994,1.7000000000000457,0.24,3061.730833333333,81.52499999999999,715.5941666666668,1.9808333333333337,100,1,Normal,5
2026-05-01 01:10:00,WELL-002,3086.98,81.0,715.69,2.14,17.01,10.12,133.14,4012.5,29.22,Normal,0,0,0,No Action Required,37.909999999999854,-1.7099999999999935,-4.059999999999945,0.1400000000000001,3063.2983333333336,81.53999999999999,715.495,1.9825,100,1,Normal,5
2026-05-01 01:15:00,WELL-002,3061.32,83.63,713.96,2.13,16.43,10.23,132.78,4026.03,29.1,Normal,0,0,0,No Action Required,-25.65999999999985,2.6299999999999955,-1.7300000000000182,-0.0100000000000002,3059.971666666667,81.74666666666666,715.4816666666667,1.985,100,1,Normal,5
2026-05-01 01:20:00,WELL-002,3079.15,79.68,713.27,1.66,16.54,10.21,133.95,3943.44,29.98,Normal,0,0,0,No Action Required,17.829999999999927,-3.9499999999999886,-0.6900000000000546,-0.47,3062.8125000000005,81.54,716.4283333333334,1.9575,100,1,Normal,5
2026-05-01 01:25:00,WELL-002,3101.25,83.15,727.53,1.98,16.4,10.26,129.97,4134.63,28.4,Normal,0,0,0,No Action Required,22.09999999999991,3.469999999999999,14.259999999999993,0.32,3063.8000000000006,81.73833333333333,717.2991666666667,1.94,100,1,Normal,5
2026-05-01 01:30:00,WELL-002,3082.58,81.8,721.97,2.05,16.81,10.26,134.03,3773.04,29.49,Normal,0,0,0,No Action Required,-18.67000000000008,-1.3500000000000083,-5.559999999999945,0.0699999999999998,3065.3316666666665,81.82166666666666,718.4591666666666,1.9725,100,1,Normal,5
2026-05-01 01:35:00,WELL-002,3065.71,81.22,725.8,1.85,16.97,10.14,131.45,3915.66,29.48,Normal,0,0,0,No Action Required,-16.86999999999989,-0.5799999999999983,3.8299999999999272,-0.1999999999999997,3067.5291666666667,81.75166666666667,718.8983333333332,1.9633333333333327,100,1,Normal,5
2026-05-01 01:40:00,WELL-002,3082.65,82.34,738.71,1.98,16.8,10.29,133.58,3808.14,28.77,Normal,0,0,0,No Action Required,16.940000000000055,1.1200000000000043,12.910000000000082,0.1299999999999999,3069.7258333333334,81.80333333333333,720.4899999999999,1.955833333333333,100,1,Normal,5
2026-05-01 01:45:00,WELL-002,3091.51,82.28,719.03,2.09,16.5,10.15,134.46,3884.37,29.88,Normal,0,0,0,No Action Required,8.860000000000127,-0.0600000000000022,-19.680000000000064,0.1099999999999998,3072.4075,81.815,720.565,1.9575,100,1,Normal,5
2026-05-01 01:50:00,WELL-002,3104.91,81.77,726.04,1.97,16.35,10.24,132.96,3987.5,29.14,Normal,0,0,0,No Action Required,13.399999999999636,-0.5100000000000051,7.009999999999991,-0.1199999999999998,3075.6925,81.83833333333332,721.6425,1.9525,100,1,Normal,5
2026-05-01 01:55:00,WELL-002,3068.62,80.48,724.52,1.78,16.42,10.16,134.62,4002.9,29.58,Normal,0,0,0,No Action Required,-36.28999999999997,-1.289999999999992,-1.5199999999999818,-0.1899999999999999,3078.5941666666663,81.80499999999999,722.0266666666666,1.9491666666666667,100,1,Normal,5
2026-05-01 02:00:00,WELL-002,3105.06,80.74,709.95,1.98,16.29,10.22,134.53,3929.59,29.47,Normal,0,0,0,No Action Required,36.440000000000055,0.2599999999999909,-14.569999999999936,0.1999999999999999,3081.5675,81.73333333333333,721.3516666666666,1.9675,100,1,Normal,5
2026-05-01 02:05:00,WELL-002,3093.3,83.05,720.75,2.05,16.99,10.3,132.77,3910.52,29.79,Normal,0,0,0,No Action Required,-11.759999999999764,2.3100000000000023,10.799999999999956,0.0699999999999998,3085.2533333333336,81.76166666666667,721.435,1.9716666666666665,100,1,Normal,5
2026-05-01 02:10:00,WELL-002,3077.07,82.89,705.52,1.9,17.09,10.27,135.5,3862.61,29.38,Normal,0,0,0,No Action Required,-16.230000000000018,-0.1599999999999966,-15.230000000000018,-0.1499999999999999,3084.4275,81.91916666666667,720.5875,1.9516666666666669,100,1,Normal,5
2026-05-01 02:15:00,WELL-002,3097.6,80.93,707.95,1.94,16.43,10.29,130.93,3959.81,29.96,Normal,0,0,0,No Action Required,20.529999999999745,-1.9599999999999933,2.430000000000064,0.04,3087.450833333333,81.69416666666667,720.0866666666666,1.935833333333333,100,1,Normal,5
2026-05-01 02:20:00,WELL-002,3073.56,83.41,710.31,1.98,15.85,10.27,135.4,4023.57,29.33,Normal,0,0,0,No Action Required,-24.039999999999964,2.4799999999999898,2.3599999999999,0.04,3086.985,82.005,719.84,1.9625,100,1,Normal,5
2026-05-01 02:25:00,WELL-002,3080.97,82.43,724.0,1.62,16.35,10.26,132.3,3946.82,29.69,Normal,0,0,0,No Action Required,7.4099999999998545,-0.9799999999999898,13.690000000000056,-0.3599999999999999,3085.295,81.94500000000001,719.5458333333335,1.9325,100,1,Normal,5
2026-05-01 02:30:00,WELL-002,3091.28,82.05,721.59,2.05,16.5,10.26,132.94,3875.75,28.46,Normal,0,0,0,No Action Required,10.3100000000004,-0.3800000000000096,-2.409999999999968,0.4299999999999997,3086.0200000000004,81.96583333333334,719.5141666666667,1.9325,100,1,Normal,5
2026-05-01 02:35:00,WELL-002,3079.1,82.96,727.45,1.95,15.81,10.27,133.04,4158.08,29.35,Normal,0,0,0,No Action Required,-12.180000000000293,0.9099999999999966,5.860000000000014,-0.0999999999999998,3087.1358333333337,82.11083333333333,719.6516666666666,1.9408333333333327,100,1,Normal,5
2026-05-01 02:40:00,WELL-002,3090.46,82.72,697.29,2.1,16.73,10.22,136.72,3954.08,29.28,Normal,0,0,0,No Action Required,11.360000000000127,-0.2399999999999948,-30.16000000000008,0.1500000000000001,3087.786666666667,82.1425,716.1999999999999,1.950833333333333,100,1,Normal,5
2026-05-01 02:45:00,WELL-002,3090.6,81.9,725.05,2.03,16.52,10.31,132.02,3683.77,29.88,Normal,0,0,0,No Action Required,0.1399999999998726,-0.8199999999999932,27.75999999999999,-0.0700000000000002,3087.710833333333,82.11083333333333,716.7016666666667,1.945833333333333,100,1,Normal,5
2026-05-01 02:50:00,WELL-002,3068.36,80.64,726.01,1.86,16.96,10.26,134.18,3970.74,29.24,Normal,0,0,0,No Action Required,-22.23999999999978,-1.2600000000000051,0.9600000000000364,-0.1699999999999997,3084.6649999999995,82.01666666666667,716.6991666666667,1.9366666666666663,100,1,Normal,5
2026-05-01 02:55:00,WELL-002,3056.63,81.3,724.39,2.21,15.88,10.26,135.38,3929.7,28.39,Normal,0,0,0,No Action Required,-11.730000000000018,0.6599999999999966,-1.6200000000000043,0.3499999999999998,3083.665833333333,82.085,716.6883333333334,1.9725,100,1,Normal,5
2026-05-01 03:00:00,WELL-002,3123.37,82.34,702.24,1.87,17.07,10.23,127.73,4141.57,29.44,Normal,0,0,0,No Action Required,66.73999999999978,1.0400000000000065,-22.149999999999977,-0.3399999999999998,3085.191666666667,82.21833333333333,716.0458333333332,1.9633333333333327,100,1,Normal,5
2026-05-01 03:05:00,WELL-002,3079.77,83.95,707.36,1.96,16.72,10.25,134.21,3814.87,28.34,Normal,0,0,0,No Action Required,-43.59999999999991,1.6099999999999994,5.1200000000000045,0.0899999999999998,3084.064166666667,82.29333333333334,714.93,1.955833333333333,100,1,Normal,5
2026-05-01 03:10:00,WELL-002,3110.47,81.58,714.46,2.09,17.02,10.18,131.21,3853.33,28.95,Normal,0,0,0,No Action Required,30.69999999999981,-2.3700000000000045,7.100000000000023,0.1299999999999999,3086.8475,82.18416666666667,715.6750000000001,1.9716666666666665,100,1,Normal,5
2026-05-01 03:15:00,WELL-002,3096.64,81.01,702.6,1.96,16.87,10.19,132.3,3748.39,29.57,Normal,0,0,0,No Action Required,-13.829999999999927,-0.5699999999999932,-11.860000000000014,-0.1299999999999999,3086.7675,82.19083333333333,715.2291666666666,1.9733333333333327,100,1,Normal,5
2026-05-01 03:20:00,WELL-002,3100.82,83.36,710.67,1.93,16.59,10.2,133.8,3953.46,29.48,Normal,0,0,0,No Action Required,4.180000000000291,2.3499999999999943,8.069999999999936,-0.03,3089.039166666666,82.18666666666667,715.2591666666667,1.9691666666666665,100,1,Normal,5
2026-05-01 03:25:00,WELL-002,3090.31,81.01,700.88,1.84,16.26,10.24,129.27,3946.28,28.68,Normal,0,0,0,No Action Required,-10.510000000000218,-2.3499999999999943,-9.789999999999964,-0.0899999999999998,3089.817500000001,82.06833333333333,713.3325,1.9875,100,1,Normal,5
2026-05-01 03:30:00,WELL-002,3092.01,81.99,714.91,2.0,16.75,10.27,130.77,4030.37,29.04,Normal,0,0,0,No Action Required,1.7000000000002728,0.9799999999999898,14.029999999999973,0.1599999999999999,3089.8783333333326,82.06333333333333,712.7758333333333,1.9833333333333327,100,1,Normal,5
2026-05-01 03:35:00,WELL-002,3111.71,83.46,708.62,2.18,16.25,10.17,133.76,3920.95,30.25,Normal,0,0,0,No Action Required,19.69999999999981,1.4699999999999989,-6.289999999999964,0.1800000000000001,3092.5958333333333,82.105,711.2066666666666,2.0025,100,1,Normal,5
2026-05-01 03:40:00,WELL-002,3103.14,83.94,712.14,1.76,16.09,10.26,131.28,3887.02,29.2,Normal,0,0,0,No Action Required,-8.570000000000164,0.480000000000004,3.519999999999982,-0.4200000000000001,3093.6525,82.20666666666666,712.4441666666667,1.9741666666666664,100,1,Normal,5
2026-05-01 03:45:00,WELL-002,3088.02,82.17,701.37,1.97,16.37,10.24,131.12,4029.27,28.95,Normal,0,0,0,No Action Required,-15.11999999999989,-1.769999999999996,-10.769999999999982,0.2099999999999999,3093.4375,82.22916666666667,710.4708333333333,1.9691666666666665,100,1,Normal,5
2026-05-01 03:50:00,WELL-002,3124.08,80.87,715.63,1.9,16.42,10.25,133.27,3924.19,29.18,Normal,0,0,0,No Action Required,36.059999999999945,-1.2999999999999972,14.259999999999993,-0.07,3098.080833333333,82.24833333333333,709.6058333333334,1.9725,100,1,Normal,5
2026-05-01 03:55:00,WELL-002,3070.68,83.36,713.65,1.99,16.61,10.31,128.73,3888.22,29.02,Normal,0,0,0,No Action Required,-53.40000000000009,2.489999999999995,-1.9800000000000184,0.09,3099.251666666667,82.42,708.7108333333334,1.9541666666666664,100,1,Normal,5
2026-05-01 04:00:00,WELL-002,3112.98,83.73,698.79,2.13,16.71,10.33,130.96,4012.7,28.82,Normal,0,0,0,No Action Required,42.30000000000018,0.3700000000000045,-14.860000000000014,0.1399999999999999,3098.3858333333333,82.53583333333334,708.4233333333333,1.975833333333333,100,1,Normal,5
2026-05-01 04:05:00,WELL-002,3096.41,81.02,699.26,1.82,16.55,10.28,132.18,3981.19,28.66,Normal,0,0,0,No Action Required,-16.570000000000164,-2.710000000000008,0.4700000000000273,-0.3099999999999998,3099.7725000000005,82.29166666666667,707.7483333333333,1.9641666666666664,100,1,Normal,5
2026-05-01 04:10:00,WELL-002,3115.25,83.52,715.5,1.82,16.19,10.22,133.93,4157.86,29.04,Normal,0,0,0,No Action Required,18.840000000000146,2.5,16.24000000000001,0.0,3100.1708333333336,82.45333333333333,707.835,1.9416666666666664,100,1,Normal,5
2026-05-01 04:15:00,WELL-002,3110.0,81.68,696.39,2.23,16.4,10.22,127.2,3877.47,29.33,Normal,0,0,0,No Action Required,-5.25,-1.8399999999999888,-19.110000000000014,0.4099999999999999,3101.284166666667,82.50916666666667,707.3175,1.9641666666666664,100,1,Normal,5
2026-05-01 04:20:00,WELL-002,3071.19,83.09,708.32,2.1,16.97,10.3,134.59,3850.07,29.39,Normal,0,0,0,No Action Required,-38.809999999999945,1.4099999999999966,11.930000000000064,-0.1299999999999999,3098.8150000000005,82.48666666666666,707.1216666666666,1.9783333333333333,100,1,Normal,5
2026-05-01 04:25:00,WELL-002,3090.04,84.0,708.47,2.0,16.71,10.28,129.61,3952.22,29.44,Normal,0,0,0,No Action Required,18.84999999999991,0.9099999999999966,0.1499999999999772,-0.1,3098.7925,82.73583333333333,707.7541666666667,1.991666666666667,100,1,Normal,5
2026-05-01 04:30:00,WELL-002,3092.7,82.03,713.06,2.14,16.8,10.24,130.23,4142.14,29.52,Normal,0,0,0,No Action Required,2.6599999999998545,-1.9699999999999989,4.589999999999918,0.1400000000000001,3098.8500000000004,82.73916666666666,707.6,2.0033333333333334,100,1,Normal,5
2026-05-01 04:35:00,WELL-002,3110.04,83.11,714.25,2.17,16.45,10.32,135.33,4018.29,29.04,Normal,0,0,0,No Action Required,17.340000000000146,1.0799999999999983,1.1900000000000546,0.0299999999999998,3098.710833333333,82.71,708.0691666666667,2.0025,100,1,Normal,5
2026-05-01 04:40:00,WELL-002,3117.82,81.99,715.93,1.82,16.27,10.23,133.71,3756.11,28.43,Normal,0,0,0,No Action Required,7.7800000000002,-1.1200000000000043,1.67999999999995,-0.3499999999999998,3099.9341666666664,82.5475,708.3850000000001,2.0075,100,1,Normal,5
2026-05-01 04:45:00,WELL-002,3073.4,83.92,717.77,1.88,16.31,10.18,130.46,3884.29,29.29,Normal,0,0,0,No Action Required,-44.42000000000007,1.9300000000000068,1.840000000000032,0.0599999999999998,3098.7158333333336,82.69333333333333,709.7516666666667,2.0,100,1,Normal,5
2026-05-01 04:50:00,WELL-002,3129.81,82.66,713.06,2.19,16.5,10.23,133.09,3993.1,29.34,Normal,0,0,0,No Action Required,56.409999999999854,-1.2600000000000051,-4.710000000000036,0.31,3099.193333333333,82.8425,709.5375,2.0241666666666664,100,1,Normal,5
2026-05-01 04:55:00,WELL-002,3098.41,84.74,712.03,1.88,16.61,10.12,132.97,3932.4,29.34,Normal,0,0,0,No Action Required,-31.40000000000009,2.0799999999999983,-1.0299999999999727,-0.31,3101.504166666666,82.9575,709.4025,2.015,100,1,Normal,5
2026-05-01 05:00:00,WELL-002,3132.98,82.38,713.22,1.99,15.91,10.19,132.65,3854.67,29.59,Normal,0,0,0,No Action Required,34.570000000000164,-2.3599999999999994,1.1900000000000546,0.1100000000000001,3103.1708333333336,82.84499999999998,710.605,2.0033333333333334,100,1,Normal,5
2026-05-01 05:05:00,WELL-002,3096.48,81.8,702.5,1.89,16.73,10.27,129.97,3896.31,29.19,Normal,0,0,0,No Action Required,-36.5,-0.5799999999999983,-10.720000000000027,-0.1,3103.1766666666663,82.91,710.875,2.0091666666666668,100,1,Normal,5
2026-05-01 05:10:00,WELL-002,3133.24,83.86,704.33,1.89,16.62,10.13,132.88,4019.27,28.95,Normal,0,0,0,No Action Required,36.75999999999976,2.0600000000000023,1.830000000000041,0.0,3104.675833333333,82.93833333333333,709.9441666666667,2.015,100,1,Normal,5
2026-05-01 05:15:00,WELL-002,3094.46,84.13,695.17,1.92,16.54,10.26,133.4,3968.74,29.52,Normal,0,0,0,No Action Required,-38.77999999999975,0.269999999999996,-9.160000000000082,0.03,3103.380833333333,83.1425,709.8425000000001,1.9891666666666667,100,1,Normal,5
2026-05-01 05:20:00,WELL-002,3104.06,82.97,711.22,2.04,16.63,10.17,135.97,3961.69,28.79,Normal,0,0,0,No Action Required,9.599999999999907,-1.1599999999999966,16.050000000000068,0.1200000000000001,3106.1199999999994,83.1325,710.0841666666666,1.9841666666666664,100,1,Normal,5
2026-05-01 05:25:00,WELL-002,3076.16,83.49,710.43,1.88,16.76,10.24,131.76,3978.6,29.25,Normal,0,0,0,No Action Required,-27.90000000000009,0.519999999999996,-0.7900000000000773,-0.1600000000000001,3104.9633333333336,83.08999999999999,710.2475,1.9741666666666664,100,1,Normal,5
2026-05-01 05:30:00,WELL-002,3103.87,84.3,696.84,1.96,16.56,10.24,130.39,3987.0,28.86,Normal,0,0,0,No Action Required,27.71000000000004,0.8100000000000023,-13.589999999999918,0.08,3105.8941666666665,83.27916666666667,708.8958333333334,1.9591666666666665,100,1,Normal,5
2026-05-01 05:35:00,WELL-002,3081.09,84.37,712.59,2.08,16.37,10.21,131.69,3878.08,29.49,Normal,0,0,0,No Action Required,-22.779999999999745,0.0700000000000073,15.75,0.1200000000000001,3103.4816666666666,83.38416666666667,708.7575,1.9516666666666669,100,1,Normal,5
2026-05-01 05:40:00,WELL-002,3117.09,81.78,694.61,2.22,16.6,10.23,134.05,3761.49,28.69,Normal,0,0,0,No Action Required,36.0,-2.5900000000000034,-17.980000000000018,0.1400000000000001,3103.420833333333,83.36666666666666,706.9808333333334,1.985,100,1,Normal,5
2026-05-01 05:45:00,WELL-002,3120.59,82.31,717.96,2.05,16.82,10.26,136.23,3988.24,29.29,Normal,0,0,0,No Action Required,3.5,0.5300000000000011,23.350000000000023,-0.1700000000000003,3107.353333333333,83.2325,706.9966666666666,1.9991666666666668,100,1,Normal,5
2026-05-01 05:50:00,WELL-002,3116.66,83.24,719.11,1.95,16.08,10.2,133.29,4021.68,29.83,Normal,0,0,0,No Action Required,-3.930000000000291,0.9299999999999926,1.1499999999999773,-0.0999999999999998,3106.2575,83.28083333333332,707.5008333333334,1.9791666666666667,100,1,Normal,5
2026-05-01 05:55:00,WELL-002,3116.7,83.24,708.79,2.1,16.55,10.32,130.36,4093.7,29.0,Normal,0,0,0,No Action Required,0.0399999999999636,0.0,-10.32000000000005,0.1500000000000001,3107.781666666667,83.15583333333332,707.2308333333334,1.9975,100,1,Normal,5
2026-05-01 06:00:00,WELL-002,3108.3,83.6,707.07,1.92,17.23,10.16,133.21,3879.29,29.03,Normal,0,0,0,No Action Required,-8.399999999999636,0.3599999999999994,-1.7199999999999136,-0.1800000000000001,3105.725,83.25750000000001,706.7183333333334,1.9916666666666665,100,1,Normal,5
2026-05-01 06:05:00,WELL-002,3115.73,84.54,701.1,2.04,16.57,10.23,130.5,3895.81,30.14,Normal,0,0,0,No Action Required,7.429999999999836,0.940000000000012,-5.970000000000027,0.1200000000000001,3107.329166666667,83.48583333333333,706.6016666666668,2.0041666666666664,100,1,Normal,5
2026-05-01 06:10:00,WELL-002,3133.04,82.09,704.92,2.07,17.14,10.27,132.42,3938.45,29.19,Normal,0,0,0,No Action Required,17.309999999999945,-2.450000000000003,3.819999999999936,0.0299999999999998,3107.3125,83.33833333333332,706.6508333333335,2.0191666666666666,100,1,Normal,5
2026-05-01 06:15:00,WELL-002,3107.54,83.71,713.82,2.09,16.85,10.21,132.9,4024.99,29.37,Normal,0,0,0,No Action Required,-25.5,1.6199999999999903,8.900000000000091,0.02,3108.4025,83.30333333333333,708.205,2.033333333333333,100,1,Normal,5
2026-05-01 06:20:00,WELL-002,3108.7,82.55,700.48,1.97,16.97,10.17,133.44,3999.29,28.54,Normal,0,0,0,No Action Required,1.1599999999998545,-1.1599999999999966,-13.340000000000032,-0.1199999999999998,3108.789166666667,83.26833333333333,707.31,2.0275,100,1,Normal,5
2026-05-01 06:25:00,WELL-002,3116.67,83.51,690.49,2.22,16.59,10.11,135.05,3982.77,29.44,Normal,0,0,0,No Action Required,7.970000000000255,0.960000000000008,-9.990000000000007,0.2500000000000002,3112.1649999999995,83.27,705.6483333333334,2.0558333333333336,100,1,Normal,5
2026-05-01 06:30:00,WELL-002,3094.22,82.8,700.41,2.07,16.53,10.24,134.7,4022.12,29.36,Normal,0,0,0,No Action Required,-22.45000000000028,-0.710000000000008,9.91999999999996,-0.1500000000000003,3111.3608333333336,83.145,705.9458333333333,2.065,100,1,Normal,5
2026-05-01 06:35:00,WELL-002,3093.09,81.78,713.21,1.97,16.66,10.17,132.42,3909.19,29.36,Normal,0,0,0,No Action Required,-1.1299999999996544,-1.019999999999996,12.800000000000068,-0.0999999999999998,3112.3608333333336,82.92916666666666,705.9975000000001,2.0558333333333336,100,1,Normal,5
2026-05-01 06:40:00,WELL-002,3110.96,82.33,704.79,2.0,17.04,10.28,131.22,3999.28,29.69,Normal,0,0,0,No Action Required,17.86999999999989,0.5499999999999972,-8.420000000000073,0.03,3111.8500000000004,82.97500000000001,706.8458333333333,2.0375,100,1,Normal,5
2026-05-01 06:45:00,WELL-002,3110.41,81.19,698.66,1.9,16.87,10.14,136.69,4006.31,29.38,Normal,0,0,0,No Action Required,-0.5500000000001819,-1.1400000000000006,-6.129999999999996,-0.1,3111.0016666666666,82.88166666666667,705.2375000000001,2.025,100,1,Normal,5
2026-05-01 06:50:00,WELL-002,3086.24,82.15,708.54,1.88,15.44,10.21,129.01,3938.8,29.52,Normal,0,0,0,No Action Required,-24.17000000000008,0.960000000000008,9.879999999999995,-0.02,3108.4666666666667,82.79083333333334,704.3566666666667,2.0191666666666666,100,1,Normal,5
2026-05-01 06:55:00,WELL-002,3089.97,84.65,708.99,1.87,16.46,10.26,132.3,3893.33,29.18,Normal,0,0,0,No Action Required,3.730000000000018,2.5,0.4500000000000455,-0.0099999999999997,3106.2391666666663,82.90833333333335,704.3733333333333,2.0,100,1,Normal,5
2026-05-01 07:00:00,WELL-002,3062.63,83.04,714.1,1.95,17.2,10.23,134.24,3890.74,29.78,Normal,0,0,0,No Action Required,-27.33999999999969,-1.6099999999999994,5.110000000000014,0.0799999999999998,3102.433333333334,82.86166666666666,704.9591666666666,2.0025,100,1,Normal,5
2026-05-01 07:05:00,WELL-002,3103.8,81.33,704.85,1.97,16.31,10.19,135.0,4043.37,28.95,Normal,0,0,0,No Action Required,41.17000000000007,-1.710000000000008,-9.25,0.02,3101.4391666666666,82.59416666666668,705.2716666666666,1.9966666666666668,100,1,Normal,5
2026-05-01 07:10:00,WELL-002,3093.14,81.92,686.37,2.14,17.17,10.24,130.98,4032.89,29.48,Normal,0,0,0,No Action Required,-10.66000000000031,0.5900000000000034,-18.48000000000001,0.1700000000000001,3098.1141666666663,82.58,703.7258333333333,2.0025,100,1,Normal,5
2026-05-01 07:15:00,WELL-002,3096.68,83.31,700.61,1.98,16.57,10.27,131.55,3846.82,28.67,Normal,0,0,0,No Action Required,3.539999999999964,1.3900000000000006,14.240000000000007,-0.1600000000000001,3097.209166666666,82.54666666666667,702.625,1.9933333333333327,100,1,Normal,5
2026-05-01 07:20:00,WELL-002,3081.18,83.91,706.11,2.0,16.75,10.14,131.58,3834.46,29.02,Normal,0,0,0,No Action Required,-15.5,0.5999999999999943,5.5,0.02,3094.915833333333,82.66000000000001,703.0941666666666,1.9958333333333336,100,1,Normal,5
2026-05-01 07:25:00,WELL-002,3105.04,84.4,698.07,1.79,16.64,10.28,129.22,3998.68,28.88,Normal,0,0,0,No Action Required,23.860000000000127,0.4900000000000091,-8.039999999999964,-0.2099999999999999,3093.9466666666667,82.73416666666667,703.7258333333334,1.96,100,1,Normal,5
2026-05-01 07:30:00,WELL-002,3117.83,82.49,704.35,2.03,16.25,10.28,131.56,4079.96,29.55,Normal,0,0,0,No Action Required,12.789999999999964,-1.9100000000000108,6.279999999999973,0.2399999999999997,3095.914166666667,82.70833333333333,704.0541666666667,1.9566666666666663,100,1,Normal,5
2026-05-01 07:35:00,WELL-002,3113.66,84.28,697.03,2.05,16.64,10.24,131.8,3815.97,29.19,Normal,0,0,0,No Action Required,-4.170000000000073,1.7900000000000065,-7.32000000000005,0.02,3097.6283333333326,82.91666666666667,702.7058333333334,1.9633333333333327,100,1,Normal,5
2026-05-01 07:40:00,WELL-002,3093.93,84.44,694.92,1.89,16.7,10.18,129.99,3926.93,29.27,Normal,0,0,0,No Action Required,-19.73000000000001,0.1599999999999966,-2.1100000000000136,-0.1599999999999999,3096.209166666666,83.09250000000002,701.8833333333333,1.9541666666666664,100,1,Normal,5
2026-05-01 07:45:00,WELL-002,3102.09,82.11,686.88,1.99,16.88,10.24,132.59,3976.79,29.59,Normal,0,0,0,No Action Required,8.16000000000031,-2.3299999999999983,-8.039999999999964,0.1,3095.5158333333334,83.16916666666667,700.9016666666666,1.961666666666667,100,1,Normal,5
2026-05-01 07:50:00,WELL-002,3098.64,83.02,691.21,2.08,16.05,10.21,132.7,3850.01,28.68,Normal,0,0,0,No Action Required,-3.450000000000273,0.9099999999999966,4.330000000000041,0.09,3096.549166666667,83.24166666666667,699.4575,1.9783333333333333,100,1,Normal,5
2026-05-01 07:55:00,WELL-002,3115.51,82.73,695.91,1.85,16.9,10.17,132.41,4095.32,29.82,Normal,0,0,0,No Action Required,16.870000000000346,-0.289999999999992,4.699999999999932,-0.2299999999999999,3098.6775,83.08166666666666,698.3675,1.9766666666666668,100,1,Normal,5
2026-05-01 08:00:00,WELL-002,3085.06,84.28,692.58,1.82,16.53,10.21,136.27,3776.27,28.98,Normal,0,0,0,No Action Required,-30.45000000000028,1.5499999999999972,-3.3299999999999272,-0.03,3100.5466666666666,83.185,696.5741666666667,1.965833333333333,100,1,Normal,5
2026-05-01 08:05:00,WELL-002,3100.36,84.65,706.95,1.91,16.6,10.21,134.96,4051.02,29.22,Normal,0,0,0,No Action Required,15.300000000000182,0.3700000000000045,14.370000000000005,0.0899999999999998,3100.26,83.46166666666667,696.7491666666666,1.9608333333333328,100,1,Normal,5
2026-05-01 08:10:00,WELL-002,3100.79,81.05,693.46,2.01,17.13,10.19,128.4,3964.6,29.31,Normal,0,0,0,No Action Required,0.4299999999998363,-3.6000000000000085,-13.490000000000007,0.0999999999999998,3100.8975000000005,83.38916666666667,697.34,1.95,100,1,Normal,5
2026-05-01 08:15:00,WELL-002,3079.38,82.43,700.0,1.72,17.08,10.22,133.12,4002.51,29.33,Normal,0,0,0,No Action Required,-21.40999999999985,1.3800000000000097,6.539999999999964,-0.2899999999999998,3099.455833333333,83.31583333333334,697.2891666666668,1.928333333333333,100,1,Normal,5
2026-05-01 08:20:00,WELL-002,3087.78,84.01,695.63,1.86,17.01,10.12,133.17,4052.93,29.44,Normal,0,0,0,No Action Required,8.400000000000091,1.5799999999999983,-4.3700000000000045,0.1400000000000001,3100.005833333333,83.32416666666667,696.4158333333334,1.9166666666666667,100,1,Normal,5
2026-05-01 08:25:00,WELL-002,3104.8,82.16,689.19,2.02,16.88,10.31,132.23,4053.14,28.76,Normal,0,0,0,No Action Required,17.019999999999982,-1.8500000000000083,-6.439999999999941,0.1599999999999999,3099.9858333333336,83.1375,695.6758333333333,1.9358333333333333,100,1,Normal,5
2026-05-01 08:30:00,WELL-002,3111.45,83.51,684.47,2.02,16.53,10.25,131.17,3934.53,29.1,Normal,0,0,0,No Action Required,6.649999999999636,1.3500000000000083,-4.720000000000027,0.0,3099.4541666666664,83.2225,694.0191666666666,1.9350000000000005,100,1,Normal,5
2026-05-01 08:35:00,WELL-002,3089.07,82.05,700.61,2.22,16.7,10.33,134.16,3845.93,29.48,Normal,0,0,0,No Action Required,-22.37999999999965,-1.460000000000008,16.139999999999986,0.2000000000000001,3097.405,83.03666666666668,694.3175,1.9491666666666667,100,1,Normal,5
2026-05-01 08:40:00,WELL-002,3095.27,83.74,691.28,2.1,16.26,10.24,132.36,4000.42,29.1,Normal,0,0,0,No Action Required,6.199999999999818,1.6899999999999975,-9.33000000000004,-0.1200000000000001,3097.516666666667,82.97833333333334,694.0141666666667,1.9666666666666668,100,1,Normal,5
2026-05-01 08:45:00,WELL-002,3067.09,82.01,692.03,1.88,16.86,10.24,130.35,3936.0,28.91,Normal,0,0,0,No Action Required,-28.17999999999984,-1.7299999999999898,0.75,-0.2200000000000002,3094.6,82.97000000000001,694.4433333333333,1.9575,100,1,Normal,5
2026-05-01 08:50:00,WELL-002,3098.32,83.24,700.83,2.01,16.86,10.13,128.75,3901.47,29.17,Normal,0,0,0,No Action Required,31.23000000000001,1.2299999999999898,8.800000000000068,0.1299999999999999,3094.5733333333333,82.98833333333334,695.245,1.9516666666666669,100,1,Normal,5
2026-05-01 08:55:00,WELL-002,3114.25,82.87,694.05,2.02,16.47,10.27,134.22,3897.37,29.0,Normal,0,0,0,No Action Required,15.929999999999836,-0.3699999999999903,-6.780000000000086,0.0100000000000002,3094.468333333333,83.0,695.09,1.965833333333333,100,1,Normal,5
2026-05-01 09:00:00,WELL-002,3066.65,83.92,701.76,2.0,16.7,10.19,134.88,3948.41,28.57,Normal,0,0,0,No Action Required,-47.59999999999991,1.0499999999999972,7.710000000000036,-0.02,3092.9341666666664,82.97,695.855,1.9808333333333328,100,1,Normal,5
2026-05-01 09:05:00,WELL-002,3100.61,82.11,685.88,1.88,16.41,10.26,132.11,3952.44,29.68,Normal,0,0,0,No Action Required,33.96000000000004,-1.8100000000000025,-15.879999999999995,-0.1200000000000001,3092.955,82.75833333333334,694.0991666666667,1.9783333333333333,100,1,Normal,5
2026-05-01 09:10:00,WELL-002,3092.24,83.51,703.22,1.81,16.95,10.32,133.97,3920.3,29.6,Normal,0,0,0,No Action Required,-8.370000000000346,1.4000000000000057,17.340000000000032,-0.0699999999999998,3092.2425,82.96333333333334,694.9125,1.961666666666667,100,1,Normal,5
2026-05-01 09:15:00,WELL-002,3087.22,85.82,694.67,1.7,16.33,10.27,131.17,3847.61,29.28,Normal,0,0,0,No Action Required,-5.019999999999982,2.309999999999988,-8.550000000000068,-0.1100000000000001,3092.895833333333,83.24583333333332,694.4683333333334,1.96,100,1,Normal,5
2026-05-01 09:20:00,WELL-002,3095.5,82.37,693.03,2.3,16.41,10.18,131.75,4027.09,29.45,Normal,0,0,0,No Action Required,8.2800000000002,-3.4499999999999886,-1.6399999999999864,0.5999999999999999,3093.539166666667,83.10916666666667,694.2516666666667,1.9966666666666664,100,1,Normal,5
2026-05-01 09:25:00,WELL-002,3073.59,82.02,695.94,1.79,16.86,10.26,134.11,3916.78,29.31,Normal,0,0,0,No Action Required,-21.90999999999985,-0.3500000000000085,2.910000000000082,-0.5099999999999998,3090.938333333333,83.09750000000001,694.8141666666667,1.9775,100,1,Normal,5
2026-05-01 09:30:00,WELL-002,3101.14,82.56,678.54,2.21,16.66,10.26,133.53,4193.26,28.93,Normal,0,0,0,No Action Required,27.549999999999727,0.5400000000000063,-17.40000000000009,0.4199999999999999,3090.079166666667,83.01833333333333,694.32,1.9933333333333327,100,1,Normal,5
2026-05-01 09:35:00,WELL-002,3113.35,82.55,682.19,1.95,17.25,10.21,132.17,3792.21,29.63,Normal,0,0,0,No Action Required,12.210000000000036,-0.0100000000000051,3.650000000000091,-0.26,3092.1025000000004,83.05999999999999,692.785,1.9708333333333328,100,1,Normal,5
2026-05-01 09:40:00,WELL-002,3103.1,82.35,686.35,1.96,16.42,10.26,135.14,4053.54,29.98,Normal,0,0,0,No Action Required,-10.25,-0.2000000000000028,4.159999999999968,0.01,3092.755,82.94416666666667,692.3741666666666,1.9591666666666665,100,1,Normal,5
2026-05-01 09:45:00,WELL-002,3123.59,81.6,677.63,2.0,16.29,10.2,133.74,3995.58,29.13,Normal,0,0,0,No Action Required,20.49000000000024,-0.75,-8.720000000000027,0.04,3097.4633333333336,82.91,691.1741666666667,1.9691666666666665,100,1,Normal,5
2026-05-01 09:50:00,WELL-002,3103.07,83.86,698.47,1.92,16.69,10.23,131.46,4067.28,29.16,Normal,0,0,0,No Action Required,-20.519999999999985,2.260000000000005,20.840000000000032,-0.08,3097.859166666667,82.96166666666667,690.9775,1.961666666666667,100,1,Normal,5
2026-05-01 09:55:00,WELL-002,3069.29,82.6,682.95,1.75,16.76,10.15,134.78,4055.49,29.75,Normal,0,0,0,No Action Required,-33.7800000000002,-1.2600000000000051,-15.519999999999982,-0.1699999999999999,3094.1125000000006,82.93916666666667,690.0525000000001,1.9391666666666667,100,1,Normal,5
2026-05-01 10:00:00,WELL-002,3094.07,81.78,686.72,1.92,16.02,10.32,134.36,3856.94,29.21,Normal,0,0,0,No Action Required,24.7800000000002,-0.8199999999999932,3.769999999999982,0.1699999999999999,3096.3975000000005,82.76083333333334,688.7991666666667,1.9325,100,1,Normal,5
2026-05-01 10:05:00,WELL-002,3085.29,82.46,688.47,2.0,16.29,10.23,133.77,4040.41,28.58,Normal,0,0,0,No Action Required,-8.7800000000002,0.6799999999999926,1.75,0.08,3095.120833333333,82.78999999999999,689.015,1.9425,100,1,Normal,5
2026-05-01 10:10:00,WELL-002,3100.81,81.5,686.38,2.09,16.86,10.26,134.07,3931.66,29.08,Normal,0,0,0,No Action Required,15.519999999999982,-0.9599999999999936,-2.090000000000032,0.0899999999999998,3095.8350000000005,82.62249999999999,687.6116666666667,1.965833333333333,100,1,Normal,5
2026-05-01 10:15:00,WELL-002,3119.93,82.17,709.01,1.96,16.22,10.17,133.33,3965.57,29.61,Normal,0,0,0,No Action Required,19.11999999999989,0.6700000000000017,22.629999999999995,-0.1299999999999999,3098.560833333333,82.31833333333334,688.8066666666667,1.9875,100,1,Normal,5
2026-05-01 10:20:00,WELL-002,3112.48,82.05,684.74,2.14,16.15,10.11,133.84,3871.69,29.01,Normal,0,0,0,No Action Required,-7.449999999999818,-0.1200000000000045,-24.269999999999985,0.1800000000000001,3099.9758333333334,82.29166666666667,688.1158333333333,1.9741666666666668,100,1,Normal,5
2026-05-01 10:25:00,WELL-002,3090.22,81.85,696.08,1.93,16.13,10.18,132.81,4194.49,29.36,Normal,0,0,0,No Action Required,-22.26000000000022,-0.2000000000000028,11.340000000000032,-0.2100000000000002,3101.361666666666,82.2775,688.1275,1.985833333333333,100,1,Normal,5
2026-05-01 10:30:00,WELL-002,3088.26,84.42,687.57,1.96,16.47,10.22,133.67,4185.38,28.88,Normal,0,0,0,No Action Required,-1.9599999999995816,2.5700000000000074,-8.509999999999991,0.03,3100.2883333333334,82.43249999999999,688.8800000000001,1.965,100,1,Normal,5
2026-05-01 10:35:00,WELL-002,3061.99,82.46,697.76,1.85,16.57,10.28,132.33,4083.75,28.74,Normal,0,0,0,No Action Required,-26.27000000000044,-1.960000000000008,10.18999999999994,-0.1099999999999998,3096.008333333333,82.425,690.1774999999999,1.9566666666666668,100,1,Normal,5
2026-05-01 10:40:00,WELL-002,3096.67,81.96,689.91,1.96,17.21,10.26,134.1,3811.63,29.67,Normal,0,0,0,No Action Required,34.68000000000029,-0.5,-7.850000000000023,0.1099999999999998,3095.4725,82.3925,690.4741666666667,1.9566666666666668,100,1,Normal,5
2026-05-01 10:45:00,WELL-002,3096.03,81.32,686.67,1.74,16.96,10.22,135.32,4007.68,29.26,Normal,0,0,0,No Action Required,-0.6399999999998727,-0.6400000000000006,-3.240000000000009,-0.2199999999999999,3093.175833333333,82.36916666666666,691.2275,1.935,100,1,Normal,5
2026-05-01 10:50:00,WELL-002,3111.57,82.39,683.09,2.08,16.24,10.24,134.41,3984.45,29.05,Normal,0,0,0,No Action Required,15.539999999999964,1.0700000000000074,-3.5799999999999272,0.3400000000000001,3093.8841666666667,82.24666666666666,689.9458333333333,1.9483333333333333,100,1,Normal,5
2026-05-01 10:55:00,WELL-002,3062.55,82.69,693.67,1.86,17.02,10.12,128.57,3959.12,29.44,Normal,0,0,0,No Action Required,-49.01999999999998,0.2999999999999971,10.579999999999927,-0.2199999999999999,3093.3225,82.25416666666666,690.8391666666666,1.9575,100,1,Normal,5
2026-05-01 11:00:00,WELL-002,3081.61,79.61,690.54,2.05,16.95,10.35,126.84,3988.69,29.69,Normal,0,0,0,No Action Required,19.059999999999945,-3.0799999999999983,-3.1299999999999955,0.1899999999999997,3092.2841666666664,82.07333333333332,691.1574999999999,1.9683333333333333,100,1,Normal,5
2026-05-01 11:05:00,WELL-002,3060.24,81.62,691.83,2.0,17.02,10.27,132.44,4080.4,29.47,Normal,0,0,0,No Action Required,-21.370000000000346,2.010000000000005,1.2900000000000773,-0.0499999999999998,3090.1966666666667,82.00333333333333,691.4375,1.9683333333333333,100,1,Normal,5
2026-05-01 11:10:00,WELL-002,3067.66,80.3,678.31,2.06,16.05,10.15,133.67,4092.96,28.94,Normal,0,0,0,No Action Required,7.420000000000073,-1.3200000000000074,-13.520000000000095,0.06,3087.4341666666664,81.90333333333334,690.765,1.965833333333333,100,1,Normal,5
2026-05-01 11:15:00,WELL-002,3085.1,83.34,699.33,1.87,16.68,10.25,135.97,4060.91,29.31,Normal,0,0,0,No Action Required,17.440000000000055,3.0400000000000063,21.02000000000009,-0.1899999999999999,3084.5316666666663,82.00083333333333,689.9583333333334,1.9583333333333333,100,1,Normal,5
2026-05-01 11:20:00,WELL-002,3079.39,80.12,690.9,2.01,16.8,10.26,132.17,4004.09,29.4,Normal,0,0,0,No Action Required,-5.710000000000036,-3.219999999999999,-8.430000000000064,0.1399999999999996,3081.7741666666666,81.84,690.4716666666667,1.9475,100,1,Normal,5
2026-05-01 11:25:00,WELL-002,3077.86,79.98,692.17,2.0,16.84,10.22,134.67,3815.84,29.78,Normal,0,0,0,No Action Required,-1.5299999999997451,-0.1400000000000005,1.2699999999999818,-0.0099999999999997,3080.744166666667,81.68416666666667,690.1458333333334,1.9533333333333327,100,1,Normal,5
2026-05-01 11:30:00,WELL-002,3079.02,81.96,679.57,2.11,16.52,10.31,133.13,4034.96,29.71,Normal,0,0,0,No Action Required,1.1599999999998545,1.979999999999989,-12.599999999999907,0.1099999999999998,3079.974166666667,81.47916666666667,689.4791666666666,1.965833333333333,100,1,Normal,5
2026-05-01 11:35:00,WELL-002,3071.14,83.08,691.71,1.95,17.31,10.29,134.4,3837.16,29.72,Normal,0,0,0,No Action Required,-7.880000000000109,1.1200000000000043,12.139999999999986,-0.1599999999999999,3080.736666666667,81.53083333333333,688.9749999999999,1.9741666666666668,100,1,Normal,5
2026-05-01 11:40:00,WELL-002,3088.24,81.63,695.51,1.91,16.51,10.17,135.15,3787.17,29.32,Normal,0,0,0,No Action Required,17.09999999999991,-1.4500000000000028,3.7999999999999545,-0.04,3080.034166666667,81.50333333333334,689.4416666666666,1.97,100,1,Normal,5
2026-05-01 11:45:00,WELL-002,3084.58,82.22,682.04,1.94,16.96,10.28,135.73,3915.86,29.02,Normal,0,0,0,No Action Required,-3.659999999999856,0.5900000000000034,-13.470000000000027,0.03,3079.0800000000004,81.57833333333333,689.0558333333333,1.9866666666666664,100,1,Normal,5
2026-05-01 11:50:00,WELL-002,3113.39,83.83,693.31,1.77,16.76,10.19,133.1,3959.9,29.73,Normal,0,0,0,No Action Required,28.809999999999945,1.6099999999999994,11.269999999999982,-0.1699999999999999,3079.2316666666666,81.69833333333334,689.9074999999999,1.9608333333333328,100,1,Normal,5
2026-05-01 11:55:00,WELL-002,3061.94,83.69,684.0,1.8,15.93,10.25,132.41,3924.27,29.56,Normal,0,0,0,No Action Required,-51.44999999999982,-0.1400000000000005,-9.309999999999944,0.03,3079.1808333333333,81.78166666666667,689.1016666666666,1.955833333333333,100,1,Normal,5
2026-05-01 12:00:00,WELL-002,3051.26,80.87,695.63,1.91,17.14,10.21,132.1,4035.66,29.26,Normal,0,0,0,No Action Required,-10.679999999999836,-2.819999999999993,11.629999999999995,0.1099999999999998,3076.651666666666,81.88666666666667,689.5258333333335,1.9441666666666664,100,1,Normal,5
2026-05-01 12:05:00,WELL-002,3073.34,80.46,684.71,1.88,16.5,10.19,134.65,3812.6,28.8,Normal,0,0,0,No Action Required,22.079999999999927,-0.4100000000000108,-10.91999999999996,-0.03,3077.743333333334,81.78999999999999,688.9324999999999,1.9341666666666668,100,1,Normal,5
2026-05-01 12:10:00,WELL-002,3040.96,82.4,690.18,1.86,17.22,10.24,134.14,3902.08,29.85,Normal,0,0,0,No Action Required,-32.38000000000011,1.940000000000012,5.469999999999914,-0.0199999999999997,3075.518333333333,81.96499999999999,689.9216666666666,1.9175,100,1,Normal,5
2026-05-01 12:15:00,WELL-002,3045.01,79.48,688.39,1.89,16.59,10.19,130.48,3977.52,28.22,Normal,0,0,0,No Action Required,4.050000000000182,-2.9200000000000017,-1.7899999999999636,0.0299999999999998,3072.1775,81.64333333333333,689.0100000000001,1.919166666666667,100,1,Normal,5
2026-05-01 12:20:00,WELL-002,3068.67,81.68,687.34,2.03,16.47,10.25,131.68,3972.46,28.43,Normal,0,0,0,No Action Required,23.65999999999985,2.200000000000003,-1.0499999999999543,0.1399999999999999,3071.284166666667,81.77333333333333,688.7133333333333,1.9208333333333327,100,1,Normal,5
2026-05-01 12:25:00,WELL-002,3078.46,80.65,685.37,2.04,17.3,10.25,132.79,3950.91,29.15,Normal,0,0,0,No Action Required,9.789999999999964,-1.0300000000000011,-1.9700000000000275,0.0100000000000002,3071.334166666667,81.82916666666667,688.1466666666666,1.9241666666666664,100,1,Normal,5
2026-05-01 12:30:00,WELL-002,3091.86,81.15,682.98,2.03,17.16,10.19,136.34,3863.39,29.41,Normal,0,0,0,No Action Required,13.400000000000093,0.5,-2.3899999999999864,-0.0100000000000002,3072.404166666667,81.76166666666667,688.4308333333333,1.9175,100,1,Normal,5
2026-05-01 12:35:00,WELL-002,3082.89,82.67,688.94,1.95,16.99,10.25,133.7,3880.34,29.2,Normal,0,0,0,No Action Required,-8.970000000000255,1.519999999999996,5.960000000000036,-0.0799999999999998,3073.383333333333,81.7275,688.1999999999999,1.9175,100,1,Normal,5
2026-05-01 12:40:00,WELL-002,3067.0,81.55,690.35,2.06,16.47,10.22,132.67,3768.36,29.23,Normal,0,0,0,No Action Required,-15.889999999999873,-1.1200000000000043,1.4099999999999682,0.1100000000000001,3071.613333333333,81.72083333333333,687.77,1.93,100,1,Normal,5
2026-05-01 12:45:00,WELL-002,3074.2,80.93,689.36,1.89,17.16,10.25,132.54,3730.44,29.59,Normal,0,0,0,No Action Required,7.199999999999818,-0.6199999999999903,-0.9900000000000092,-0.1700000000000001,3070.748333333333,81.61333333333334,688.38,1.9258333333333333,100,1,Normal,5
2026-05-01 12:50:00,WELL-002,3058.03,81.07,701.63,1.97,16.79,10.25,133.34,3964.13,28.25,Normal,0,0,0,No Action Required,-16.169999999999618,0.1399999999999863,12.269999999999982,0.08,3066.135,81.38333333333334,689.0733333333334,1.9425,100,1,Normal,5
2026-05-01 12:55:00,WELL-002,3049.87,91.87,682.37,2.04,16.18,10.25,128.94,4029.01,29.14,Sensor Drift,1,Low,40,Calibrate sensor during next maintenance,-8.16000000000031,10.800000000000011,-19.25999999999999,0.07,3065.129166666667,82.065,688.9375,1.9625,80,1,Sensor Drift,30
2026-05-01 13:00:00,WELL-002,3051.49,91.75,684.67,1.73,16.84,10.25,132.08,3889.43,30.03,Sensor Drift,1,Low,40,Calibrate sensor during next maintenance,1.6199999999998909,-0.1200000000000045,2.2999999999999545,-0.31,3065.148333333333,82.97166666666666,688.0241666666667,1.9475,80,1,Sensor Drift,30
2026-05-01 13:05:00,WELL-002,3076.02,89.67,684.5,2.06,17.11,10.16,133.37,3868.48,29.11,Sensor Drift,1,Low,40,Calibrate sensor during next maintenance,24.5300000000002,-2.0799999999999983,-0.169999999999959,0.33,3065.3716666666664,83.73916666666668,688.0066666666667,1.9625,80,1,Sensor Drift,30
2026-05-01 13:10:00,WELL-002,3055.22,90.89,700.33,2.02,15.83,10.31,135.44,3939.29,28.71,Sensor Drift,1,Low,40,Calibrate sensor during next maintenance,-20.800000000000185,1.2199999999999989,15.83000000000004,-0.04,3066.56,84.44666666666667,688.8525,1.975833333333333,80,1,Sensor Drift,30
2026-05-01 13:15:00,WELL-002,3065.44,91.44,687.92,2.02,16.75,10.22,130.51,3914.17,29.32,Sensor Drift,1,Low,40,Calibrate sensor during next maintenance,10.220000000000256,0.5499999999999972,-12.410000000000082,0.0,3068.2625000000003,85.44333333333334,688.8133333333334,1.9866666666666664,80,1,Sensor Drift,30
2026-05-01 13:20:00,WELL-002,3089.93,93.43,687.72,2.06,16.5,10.26,133.6,4046.57,29.22,Sensor Drift,1,Low,40,Calibrate sensor during next maintenance,24.48999999999978,1.990000000000009,-0.1999999999999318,0.04,3070.0341666666664,86.4225,688.8449999999999,1.9891666666666667,80,1,Sensor Drift,30
2026-05-01 13:25:00,WELL-002,3039.97,80.48,688.29,2.08,16.71,10.28,136.83,3958.21,29.9,Normal,0,0,0,No Action Required,-49.96000000000004,-12.950000000000005,0.5699999999999363,0.02,3066.8266666666664,86.40833333333335,689.0883333333333,1.9925,100,1,Normal,5
2026-05-01 13:30:00,WELL-002,3049.95,81.26,686.88,2.08,17.15,10.2,129.96,3993.15,29.58,Normal,0,0,0,No Action Required,9.980000000000018,0.7800000000000011,-1.4099999999999682,0.0,3063.334166666666,86.4175,689.4133333333333,1.9966666666666668,100,1,Normal,5
2026-05-01 13:35:00,WELL-002,3038.63,79.3,673.84,2.1,17.19,10.29,130.5,3932.25,29.56,Normal,0,0,0,No Action Required,-11.319999999999707,-1.960000000000008,-13.039999999999964,0.02,3059.645833333333,86.13666666666666,688.1550000000001,2.0091666666666668,100,1,Normal,5
2026-05-01 13:40:00,WELL-002,3099.9,80.62,678.58,1.82,16.06,10.27,134.91,3881.57,29.67,Normal,0,0,0,No Action Required,61.26999999999998,1.3200000000000074,4.740000000000009,-0.28,3062.3875,86.05916666666667,687.1741666666667,1.9891666666666667,100,1,Normal,5
2026-05-01 13:45:00,WELL-002,3042.94,81.68,676.24,2.02,17.26,10.18,133.88,4063.6,29.43,Normal,0,0,0,No Action Required,-56.96000000000004,1.0600000000000025,-2.340000000000032,0.1999999999999999,3059.7825,86.12166666666667,686.0808333333334,2.0,100,1,Normal,5
2026-05-01 13:50:00,WELL-002,3055.32,80.0,692.5,2.12,16.44,10.19,132.45,4021.55,29.36,Normal,0,0,0,No Action Required,12.38000000000011,-1.6800000000000068,16.25999999999999,0.1,3059.556666666667,86.03250000000001,685.32,2.0125,100,1,Normal,5
2026-05-01 13:55:00,WELL-002,3051.0,82.24,682.68,1.94,16.41,10.3,129.12,3887.39,28.86,Normal,0,0,0,No Action Required,-4.320000000000164,2.239999999999995,-9.82000000000005,-0.1800000000000001,3059.650833333333,85.23,685.3458333333333,2.004166666666667,100,1,Normal,5
2026-05-01 14:00:00,WELL-002,3043.61,80.82,677.97,1.79,16.78,10.22,128.11,3974.81,28.99,Normal,0,0,0,No Action Required,-7.389999999999873,-1.4200000000000017,-4.709999999999923,-0.1499999999999999,3058.994166666667,84.31916666666667,684.7875,2.0091666666666668,100,1,Normal,5
2026-05-01 14:05:00,WELL-002,3050.22,81.29,690.97,2.05,16.05,10.17,135.59,3835.44,29.14,Normal,0,0,0,No Action Required,6.609999999999673,0.4700000000000131,13.0,0.2599999999999998,3056.8441666666663,83.62083333333334,685.3266666666667,2.0083333333333333,100,1,Normal,5
2026-05-01 14:10:00,WELL-002,3057.09,81.25,683.15,2.14,16.31,10.23,134.11,3866.56,29.1,Normal,0,0,0,No Action Required,6.870000000000346,-0.0400000000000062,-7.82000000000005,0.0900000000000003,3057.0,82.8175,683.895,2.018333333333333,100,1,Normal,5
2026-05-01 14:15:00,WELL-002,3067.22,79.7,686.99,2.09,16.59,10.26,131.79,3878.32,29.01,Normal,0,0,0,No Action Required,10.129999999999654,-1.5499999999999972,3.840000000000032,-0.0500000000000002,3057.148333333333,81.83916666666667,683.8175,2.0241666666666664,100,1,Normal,5
2026-05-01 14:20:00,WELL-002,3061.52,80.16,691.88,1.77,16.36,10.29,135.38,3849.99,29.83,Normal,0,0,0,No Action Required,-5.699999999999818,0.4599999999999937,4.889999999999986,-0.3199999999999998,3054.7808333333337,80.73333333333333,684.1641666666666,2.0,100,1,Normal,5
2026-05-01 14:25:00,WELL-002,3033.51,80.4,695.65,1.99,16.84,10.22,134.86,3980.05,29.42,Normal,0,0,0,No Action Required,-28.009999999999764,0.2400000000000091,3.769999999999982,0.2199999999999999,3054.2425000000003,80.72666666666666,684.7775,1.9925000000000004,100,1,Normal,5
2026-05-01 14:30:00,WELL-002,3079.51,82.56,681.37,1.95,16.14,10.29,131.7,3864.26,29.76,Normal,0,0,0,No Action Required,46.0,2.1599999999999966,-14.279999999999973,-0.04,3056.705833333333,80.835,684.3183333333333,1.981666666666667,100,1,Normal,5
2026-05-01 14:35:00,WELL-002,3030.65,79.64,684.39,1.92,16.44,10.24,132.37,3941.15,28.55,Normal,0,0,0,No Action Required,-48.86000000000013,-2.9200000000000017,3.019999999999982,-0.03,3056.040833333333,80.86333333333333,685.1974999999999,1.9666666666666663,100,1,Normal,5
2026-05-01 14:40:00,WELL-002,3056.62,80.22,683.29,1.73,16.35,10.16,134.07,3937.07,28.66,Normal,0,0,0,No Action Required,25.9699999999998,0.5799999999999983,-1.1000000000000227,-0.1899999999999999,3052.4341666666664,80.83,685.59,1.9591666666666665,100,1,Normal,5
2026-05-01 14:45:00,WELL-002,3041.52,79.47,686.34,1.93,16.45,10.21,130.92,3963.43,28.81,Normal,0,0,0,No Action Required,-15.099999999999907,-0.75,3.050000000000068,0.1999999999999999,3052.3158333333336,80.64583333333333,686.4316666666667,1.9516666666666664,100,1,Normal,5
2026-05-01 14:50:00,WELL-002,3055.8,80.88,678.78,1.95,16.85,10.17,136.05,4000.2,28.87,Normal,0,0,0,No Action Required,14.2800000000002,1.4099999999999966,-7.560000000000059,0.02,3052.355833333333,80.71916666666665,685.2883333333333,1.9375,100,1,Normal,5
2026-05-01 14:55:00,WELL-002,3070.49,80.59,686.34,1.86,16.22,10.21,132.68,4157.19,29.2,Normal,0,0,0,No Action Required,14.6899999999996,-0.289999999999992,7.560000000000059,-0.0899999999999998,3053.98,80.58166666666666,685.5933333333332,1.9308333333333327,100,1,Normal,5
2026-05-01 15:00:00,WELL-002,3088.81,79.73,690.66,2.02,16.69,10.28,134.56,3995.92,28.93,Normal,0,0,0,No Action Required,18.320000000000164,-0.8599999999999994,4.319999999999936,0.1599999999999999,3057.7466666666664,80.49083333333333,686.6508333333333,1.95,100,1,Normal,5
2026-05-01 15:05:00,WELL-002,3025.97,79.69,685.95,1.98,16.7,10.18,131.59,3736.53,28.36,Normal,0,0,0,No Action Required,-62.84000000000015,-0.0400000000000062,-4.709999999999923,-0.04,3055.7258333333334,80.3575,686.2325000000001,1.9441666666666668,100,1,Normal,5
2026-05-01 15:10:00,WELL-002,3057.58,78.86,706.04,1.84,16.59,10.24,135.28,3920.17,28.87,Normal,0,0,0,No Action Required,31.610000000000127,-0.8299999999999983,20.08999999999992,-0.1399999999999999,3055.7666666666664,80.15833333333335,688.14,1.919166666666667,100,1,Normal,5
2026-05-01 15:15:00,WELL-002,3069.29,79.19,702.74,1.99,16.62,10.32,132.88,3927.06,29.16,Normal,0,0,0,No Action Required,11.710000000000036,0.3299999999999983,-3.2999999999999545,0.1499999999999999,3055.939166666667,80.11583333333333,689.4525,1.9108333333333327,100,1,Normal,5
2026-05-01 15:20:00,WELL-002,3066.59,81.11,693.76,2.06,16.44,10.23,133.41,3877.89,29.46,Normal,0,0,0,No Action Required,-2.699999999999818,1.9200000000000017,-8.980000000000018,0.07,3056.361666666666,80.19500000000001,689.6091666666666,1.935,100,1,Normal,5
2026-05-01 15:25:00,WELL-002,3066.11,80.9,688.21,2.11,16.65,10.23,130.99,3881.09,28.99,Normal,0,0,0,No Action Required,-0.4800000000000182,-0.2099999999999937,-5.5499999999999545,0.0499999999999998,3059.0783333333334,80.23666666666666,688.9891666666667,1.945,100,1,Normal,5
2026-05-01 15:30:00,WELL-002,3044.12,80.14,696.33,1.73,16.63,10.27,132.52,3922.54,29.56,Normal,0,0,0,No Action Required,-21.99000000000024,-0.7600000000000051,8.120000000000005,-0.3799999999999999,3056.129166666667,80.035,690.2358333333333,1.9266666666666663,100,1,Normal,5
2026-05-01 15:35:00,WELL-002,3045.95,78.05,680.77,2.03,16.62,10.22,132.24,3742.96,28.81,Normal,0,0,0,No Action Required,1.8299999999999272,-2.0900000000000034,-15.56000000000006,0.2999999999999998,3057.4041666666667,79.9025,689.9341666666666,1.9358333333333333,100,1,Normal,5
2026-05-01 15:40:00,WELL-002,3047.12,78.26,686.05,2.04,16.55,10.23,130.98,3891.6,28.64,Normal,0,0,0,No Action Required,1.1700000000000728,0.2100000000000079,5.279999999999973,0.0100000000000002,3056.6125,79.73916666666666,690.1641666666666,1.961666666666667,100,1,Normal,5
2026-05-01 15:45:00,WELL-002,3052.67,77.53,700.15,2.17,17.47,10.32,135.83,3809.03,28.99,Normal,0,0,0,No Action Required,5.550000000000182,-0.730000000000004,14.100000000000025,0.1299999999999999,3057.5416666666665,79.5775,691.3149999999999,1.981666666666667,100,1,Normal,5
2026-05-01 15:50:00,WELL-002,3051.18,79.4,688.41,2.03,16.41,10.24,132.31,3999.88,28.27,Normal,0,0,0,No Action Required,-1.4900000000002365,1.8700000000000043,-11.740000000000007,-0.1400000000000001,3057.1566666666663,79.45416666666667,692.1175,1.9883333333333333,100,1,Normal,5
2026-05-01 15:55:00,WELL-002,3045.66,78.07,697.66,1.95,16.84,10.11,134.08,3957.67,30.07,Normal,0,0,0,No Action Required,-5.519999999999982,-1.3300000000000125,9.25,-0.0799999999999998,3055.0875,79.24416666666667,693.0608333333333,1.995833333333333,100,1,Normal,5
2026-05-01 16:00:00,WELL-002,3047.45,81.7,688.72,2.06,16.79,10.23,131.5,3890.88,29.4,Normal,0,0,0,No Action Required,1.7899999999999636,3.6300000000000097,-8.93999999999994,0.1100000000000001,3051.6408333333334,79.40833333333333,692.8991666666666,1.9991666666666663,100,1,Normal,5
2026-05-01 16:05:00,WELL-002,3046.69,80.49,689.42,1.93,16.34,10.16,133.57,3941.88,29.44,Normal,0,0,0,No Action Required,-0.7599999999997635,-1.210000000000008,0.6999999999999318,-0.1300000000000001,3053.3675000000003,79.475,693.1883333333334,1.995,100,1,Normal,5
2026-05-01 16:10:00,WELL-002,3043.44,79.81,692.51,2.01,16.6,10.21,132.89,3885.54,28.91,Normal,0,0,0,No Action Required,-3.25,-0.6799999999999926,3.090000000000032,0.0799999999999998,3052.1891666666666,79.55416666666666,692.0608333333333,2.0091666666666668,100,1,Normal,5
2026-05-01 16:15:00,WELL-002,3050.45,80.33,693.61,1.95,17.65,10.27,133.53,3881.2,29.56,Normal,0,0,0,No Action Required,7.009999999999764,0.519999999999996,1.1000000000000227,-0.0599999999999998,3050.619166666667,79.64916666666666,691.3000000000001,2.0058333333333334,100,1,Normal,5
2026-05-01 16:20:00,WELL-002,3042.46,80.41,701.32,2.07,16.24,10.26,127.43,4123.27,29.67,Normal,0,0,0,No Action Required,-7.989999999999782,0.0799999999999983,7.710000000000036,0.1199999999999998,3048.6083333333336,79.59083333333334,691.93,2.0066666666666664,100,1,Normal,5
2026-05-01 16:25:00,WELL-002,3052.61,79.47,694.07,2.06,16.84,10.21,130.75,4213.13,29.26,Normal,0,0,0,No Action Required,10.150000000000093,-0.9399999999999976,-7.25,-0.0099999999999997,3047.4833333333336,79.47166666666666,692.4183333333334,2.0025,100,1,Normal,5
2026-05-01 16:30:00,WELL-002,3072.78,78.74,679.02,1.91,16.23,10.22,133.62,3842.49,29.5,Normal,0,0,0,No Action Required,20.17000000000008,-0.730000000000004,-15.050000000000068,-0.1500000000000001,3049.8716666666664,79.355,690.9758333333334,2.0175,100,1,Normal,5
2026-05-01 16:35:00,WELL-002,3042.57,80.72,683.86,2.1,16.89,10.22,128.37,3986.47,29.38,Normal,0,0,0,No Action Required,-30.21000000000004,1.980000000000004,4.840000000000032,0.1900000000000001,3049.59,79.5775,691.2333333333332,2.023333333333333,100,1,Normal,5
2026-05-01 16:40:00,WELL-002,3027.43,78.69,702.74,1.77,16.81,10.29,136.0,3976.35,28.33,Normal,0,0,0,No Action Required,-15.140000000000327,-2.030000000000001,18.879999999999995,-0.33,3047.9491666666668,79.61333333333333,692.6241666666666,2.000833333333333,100,1,Normal,5
2026-05-01 16:45:00,WELL-002,3046.52,79.83,684.16,2.11,16.78,10.24,136.34,3928.18,29.3,Normal,0,0,0,No Action Required,19.090000000000146,1.1400000000000006,-18.58000000000004,0.3399999999999998,3047.4366666666665,79.80499999999999,691.2916666666666,1.995833333333333,100,1,Normal,5
2026-05-01 16:50:00,WELL-002,3059.01,78.69,708.45,1.76,16.58,10.26,135.89,4088.52,29.11,Normal,0,0,0,No Action Required,12.490000000000236,-1.1400000000000006,24.29000000000008,-0.3499999999999998,3048.089166666666,79.74583333333334,692.9616666666667,1.9733333333333327,100,1,Normal,5
2026-05-01 16:55:00,WELL-002,3012.7,81.24,688.53,2.08,16.72,10.26,130.0,3910.48,29.31,Normal,0,0,0,No Action Required,-46.3100000000004,2.549999999999997,-19.92000000000008,0.32,3045.3425,80.00999999999999,692.2008333333333,1.9841666666666664,100,1,Normal,5
2026-05-01 17:00:00,WELL-002,3063.38,81.03,688.86,1.94,15.94,10.27,131.5,3827.09,28.89,Normal,0,0,0,No Action Required,50.68000000000029,-0.2099999999999937,0.3300000000000409,-0.1400000000000001,3046.67,79.95416666666667,692.2125,1.9741666666666664,100,1,Normal,5
2026-05-01 17:05:00,WELL-002,3060.88,79.62,694.44,2.05,16.44,10.19,131.57,3880.41,29.37,Normal,0,0,0,No Action Required,-2.5,-1.4099999999999966,5.580000000000041,0.1099999999999998,3047.8524999999995,79.88166666666667,692.6308333333333,1.9841666666666664,100,1,Normal,5
2026-05-01 17:10:00,WELL-002,3030.32,79.1,694.76,1.93,16.77,10.3,134.01,3949.9,28.82,Normal,0,0,0,No Action Required,-30.559999999999945,-0.5200000000000102,0.3199999999999363,-0.1199999999999998,3046.7591666666667,79.82249999999999,692.8183333333333,1.9775,100,1,Normal,5
2026-05-01 17:15:00,WELL-002,3041.83,79.31,705.4,1.94,16.79,10.17,134.63,4050.37,29.32,Normal,0,0,0,No Action Required,11.509999999999764,0.2100000000000079,10.639999999999986,0.01,3046.040833333333,79.7375,693.8008333333333,1.9766666666666663,100,1,Normal,5
2026-05-01 17:20:00,WELL-002,3037.4,77.49,717.56,2.01,16.55,10.25,130.64,3954.76,29.24,Normal,0,0,0,No Action Required,-4.429999999999836,-1.820000000000008,12.159999999999968,0.0699999999999998,3045.619166666667,79.49416666666666,695.1541666666667,1.9716666666666665,100,1,Normal,5
2026-05-01 17:25:00,WELL-002,3017.78,79.19,687.9,1.93,16.25,10.25,132.98,3869.97,29.42,Normal,0,0,0,No Action Required,-19.61999999999989,1.7000000000000028,-29.659999999999968,-0.0799999999999998,3042.7166666666667,79.47083333333333,694.64,1.9608333333333328,100,1,Normal,5
2026-05-01 17:30:00,WELL-002,3056.91,80.52,698.5,2.11,16.04,10.31,133.02,3920.91,29.12,Normal,0,0,0,No Action Required,39.12999999999965,1.3299999999999983,10.600000000000025,0.1799999999999999,3041.3941666666665,79.61916666666667,696.2633333333333,1.9775,100,1,Normal,5
2026-05-01 17:35:00,WELL-002,3020.28,79.59,707.57,2.11,16.66,10.19,129.99,3825.65,29.11,Normal,0,0,0,No Action Required,-36.62999999999965,-0.9299999999999926,9.07000000000005,0.0,3039.536666666667,79.52499999999999,698.2391666666666,1.9783333333333333,100,1,Normal,5
2026-05-01 17:40:00,WELL-002,3048.48,79.39,700.32,1.9,16.72,10.18,131.91,3937.19,29.73,Normal,0,0,0,No Action Required,28.19999999999981,-0.2000000000000028,-7.25,-0.2099999999999999,3041.290833333333,79.58333333333333,698.0375,1.9891666666666663,100,1,Normal,5
2026-05-01 17:45:00,WELL-002,3031.09,79.39,687.23,2.01,16.6,10.24,133.57,3994.05,29.99,Normal,0,0,0,No Action Required,-17.389999999999873,0.0,-13.090000000000032,0.1099999999999998,3040.005000000001,79.54666666666667,698.2933333333334,1.980833333333333,100,1,Normal,5
2026-05-01 17:50:00,WELL-002,3057.53,81.7,685.36,2.02,16.57,10.16,135.78,4069.43,29.78,Normal,0,0,0,No Action Required,26.44000000000005,2.3100000000000023,-1.8700000000000043,0.0100000000000002,3039.8816666666667,79.7975,696.3691666666667,2.0025,100,1,Normal,5
2026-05-01 17:55:00,WELL-002,3043.59,78.44,704.62,1.98,17.08,10.3,131.65,3955.61,28.95,Normal,0,0,0,No Action Required,-13.940000000000056,-3.260000000000005,19.25999999999999,-0.04,3042.455833333333,79.56416666666667,697.71,1.9941666666666664,100,1,Normal,5
2026-05-01 18:00:00,WELL-002,3060.4,79.37,693.07,1.85,16.69,10.19,132.27,3789.18,29.07,Normal,0,0,0,No Action Required,16.809999999999945,0.9300000000000068,-11.549999999999956,-0.1299999999999999,3042.2075,79.42583333333333,698.0608333333333,1.9866666666666664,100,1,Normal,5
2026-05-01 18:05:00,WELL-002,3023.99,80.09,697.71,1.96,16.61,10.27,136.34,3956.59,28.7,Normal,0,0,0,No Action Required,-36.41000000000031,0.7199999999999989,4.639999999999986,0.1099999999999998,3039.1333333333337,79.46499999999999,698.3333333333334,1.9791666666666667,100,1,Normal,5
2026-05-01 18:10:00,WELL-002,3008.99,79.71,698.9,1.96,16.96,10.25,133.21,3780.41,29.23,Normal,0,0,0,No Action Required,-15.0,-0.3800000000000096,1.1899999999999409,0.0,3037.355833333333,79.51583333333333,698.6783333333333,1.981666666666667,100,1,Normal,5
2026-05-01 18:15:00,WELL-002,3039.22,77.73,702.39,2.02,16.49,10.23,131.94,4083.83,28.95,Normal,0,0,0,No Action Required,30.23000000000001,-1.979999999999989,3.490000000000009,0.06,3037.138333333334,79.38416666666667,698.4275000000001,1.9883333333333333,100,1,Normal,5
2026-05-01 18:20:00,WELL-002,3029.04,78.32,706.34,1.97,15.87,10.31,129.63,3796.65,29.3,Normal,0,0,0,No Action Required,-10.179999999999836,0.5899999999999892,3.9500000000000455,-0.05,3036.441666666666,79.45333333333333,697.4925,1.985,100,1,Normal,5
2026-05-01 18:25:00,WELL-002,3044.0,78.66,694.46,2.03,16.88,10.22,131.15,4059.16,29.24,Normal,0,0,0,No Action Required,14.960000000000036,0.3400000000000034,-11.879999999999995,0.0599999999999998,3038.6266666666666,79.40916666666668,698.0391666666668,1.9933333333333327,100,1,Normal,5
2026-05-01 18:30:00,WELL-002,3038.66,79.36,707.38,1.99,16.58,10.2,130.92,3893.93,29.13,Normal,0,0,0,No Action Required,-5.3400000000001455,0.7000000000000028,12.91999999999996,-0.0399999999999998,3037.105833333333,79.3125,698.7791666666667,1.9833333333333327,100,1,Normal,5
2026-05-01 18:35:00,WELL-002,3043.05,80.75,690.84,2.19,16.61,10.26,134.23,3951.4,29.52,Normal,0,0,0,No Action Required,4.390000000000327,1.3900000000000006,-16.539999999999964,0.1999999999999999,3039.0033333333336,79.40916666666668,697.3849999999999,1.99,100,1,Normal,5
2026-05-01 18:40:00,WELL-002,3034.69,79.24,705.8,1.74,16.95,10.32,135.56,4030.98,29.77,Normal,0,0,0,No Action Required,-8.360000000000127,-1.5100000000000051,14.959999999999924,-0.4499999999999999,3037.8541666666665,79.39666666666666,697.8416666666667,1.9766666666666663,100,1,Normal,5
2026-05-01 18:45:00,WELL-002,3040.61,80.37,707.82,1.89,16.76,10.22,132.3,3875.2,29.29,Normal,0,0,0,No Action Required,5.920000000000073,1.1300000000000097,2.0200000000000955,0.1499999999999999,3038.6475,79.47833333333332,699.5575,1.9666666666666668,100,1,Normal,5
2026-05-01 18:50:00,WELL-002,3055.71,77.78,697.81,1.91,16.72,10.3,133.91,3754.44,29.49,Normal,0,0,0,No Action Required,15.099999999999907,-2.5900000000000034,-10.010000000000105,0.02,3038.495833333333,79.15166666666667,700.5949999999999,1.9575,100,1,Normal,5
2026-05-01 18:55:00,WELL-002,3039.14,79.83,693.68,2.01,16.81,10.3,131.62,4020.22,28.87,Normal,0,0,0,No Action Required,-16.570000000000164,2.049999999999997,-4.129999999999996,0.0999999999999998,3038.125,79.2675,699.6833333333334,1.96,100,1,Normal,5
2026-05-01 19:00:00,WELL-002,3032.06,80.56,722.45,2.19,16.17,10.25,130.45,4116.53,29.47,Normal,0,0,0,No Action Required,-7.079999999999927,0.730000000000004,28.77000000000009,0.1800000000000001,3035.763333333334,79.36666666666666,702.1316666666667,1.9883333333333333,100,1,Normal,5
2026-05-01 19:05:00,WELL-002,3054.04,79.26,712.35,1.91,16.71,10.29,131.26,3885.85,29.12,Normal,0,0,0,No Action Required,21.98000000000001,-1.2999999999999972,-10.100000000000025,-0.28,3038.2675,79.2975,703.3516666666668,1.9841666666666664,100,1,Normal,5
2026-05-01 19:10:00,WELL-002,3040.51,78.59,703.71,2.09,16.38,10.33,134.16,4001.85,29.19,Normal,0,0,0,No Action Required,-13.529999999999744,-0.6700000000000017,-8.639999999999986,0.1799999999999999,3040.8941666666665,79.20416666666667,703.7525,1.995,100,1,Normal,5
2026-05-01 19:15:00,WELL-002,3049.53,81.46,702.82,1.88,16.65,10.19,133.52,3891.89,29.42,Normal,0,0,0,No Action Required,9.019999999999982,2.8699999999999903,-0.8899999999999864,-0.2099999999999999,3041.7533333333326,79.515,703.7883333333334,1.9833333333333327,100,1,Normal,5
2026-05-01 19:20:00,WELL-002,3020.67,79.08,698.24,1.87,16.53,10.25,131.38,3943.19,29.77,Normal,0,0,0,No Action Required,-28.860000000000127,-2.3799999999999955,-4.580000000000041,-0.0099999999999997,3041.055833333334,79.57833333333333,703.1133333333333,1.975,100,1,Normal,5
2026-05-01 19:25:00,WELL-002,3035.02,77.6,707.16,2.13,15.91,10.17,132.99,3964.12,29.29,Normal,0,0,0,No Action Required,14.349999999999907,-1.480000000000004,8.919999999999959,0.2599999999999998,3040.3075000000003,79.49,704.1716666666666,1.9833333333333327,100,1,Normal,5
2026-05-01 19:30:00,WELL-002,3072.34,79.83,710.54,1.92,16.51,10.27,129.06,3971.62,28.81,Normal,0,0,0,No Action Required,37.32000000000016,2.230000000000004,3.3799999999999955,-0.2099999999999999,3043.1141666666667,79.52916666666665,704.435,1.9775,100,1,Normal,5
2026-05-01 19:35:00,WELL-002,3054.14,80.66,695.84,2.04,17.01,10.24,133.34,4148.91,29.68,Normal,0,0,0,No Action Required,-18.20000000000028,0.8299999999999983,-14.699999999999932,0.1200000000000001,3044.0383333333334,79.52166666666666,704.8516666666666,1.965,100,1,Normal,5
2026-05-01 19:40:00,WELL-002,3069.16,79.49,712.57,1.98,16.71,10.18,129.96,3947.78,29.25,Normal,0,0,0,No Action Required,15.019999999999982,-1.1700000000000017,16.730000000000018,-0.06,3046.9108333333334,79.5425,705.4158333333334,1.985,100,1,Normal,5
2026-05-01 19:45:00,WELL-002,3040.9,78.87,698.73,1.84,16.2,10.26,138.3,4108.95,28.18,Normal,0,0,0,No Action Required,-28.259999999999764,-0.6199999999999903,-13.840000000000032,-0.1399999999999999,3046.935,79.4175,704.6583333333333,1.9808333333333328,100,1,Normal,5
2026-05-01 19:50:00,WELL-002,3015.33,79.89,707.99,2.14,16.39,10.21,133.23,4101.03,29.41,Normal,0,0,0,No Action Required,-25.570000000000164,1.019999999999996,9.259999999999993,0.3,3043.57,79.59333333333332,705.5066666666667,2.0,100,1,Normal,5
2026-05-01 19:55:00,WELL-002,3035.01,78.26,715.91,1.87,16.4,10.23,133.94,3916.55,28.98,Normal,0,0,0,No Action Required,19.68000000000029,-1.6299999999999957,7.919999999999959,-0.27,3043.225833333334,79.4625,707.3591666666667,1.9883333333333333,100,1,Normal,5
2026-05-01 20:00:00,WELL-002,3021.05,78.73,716.02,1.86,16.99,10.31,130.03,4086.79,28.87,Normal,0,0,0,No Action Required,-13.960000000000036,0.4699999999999988,0.1100000000000136,-0.01,3042.308333333333,79.31,706.8233333333333,1.9608333333333328,100,1,Normal,5
2026-05-01 20:05:00,WELL-002,3015.81,79.04,707.94,1.92,16.37,10.26,132.57,3948.45,29.81,Normal,0,0,0,No Action Required,-5.2400000000002365,0.3100000000000023,-8.079999999999927,0.0599999999999998,3039.1225,79.29166666666667,706.4558333333334,1.961666666666667,100,1,Normal,5
2026-05-01 20:10:00,WELL-002,3026.61,79.99,720.97,2.0,16.81,10.21,130.14,3918.38,29.43,Normal,0,0,0,No Action Required,10.800000000000182,0.9499999999999886,13.029999999999973,0.08,3037.964166666666,79.40833333333333,707.8941666666666,1.9541666666666664,100,1,Normal,5
2026-05-01 20:15:00,WELL-002,3036.24,80.32,710.45,1.91,16.89,10.29,131.23,3978.15,28.78,Normal,0,0,0,No Action Required,9.629999999999654,0.3299999999999983,-10.519999999999982,-0.09,3036.8566666666666,79.31333333333333,708.5300000000001,1.9566666666666668,100,1,Normal,5
2026-05-01 20:20:00,WELL-002,3013.52,78.63,711.06,2.05,16.63,10.17,134.54,4005.96,28.96,Normal,0,0,0,No Action Required,-22.7199999999998,-1.6899999999999975,0.6099999999999,0.1399999999999999,3036.2608333333333,79.27583333333332,709.5983333333334,1.971666666666667,100,1,Normal,5
2026-05-01 20:25:00,WELL-002,3053.76,79.5,716.3,1.85,16.99,10.26,137.36,3948.61,29.24,Normal,0,0,0,No Action Required,40.24000000000024,0.8700000000000045,5.240000000000009,-0.1999999999999997,3037.8225,79.43416666666666,710.36,1.9483333333333333,100,1,Normal,5
2026-05-01 20:30:00,WELL-002,3019.4,80.67,717.75,2.01,15.91,10.3,130.23,4066.88,28.39,Normal,0,0,0,No Action Required,-34.36000000000013,1.1700000000000017,1.4500000000000457,0.1599999999999997,3033.4108333333334,79.50416666666668,710.9608333333334,1.955833333333333,100,1,Normal,5
2026-05-01 20:35:00,WELL-002,3072.18,78.89,705.75,1.8,16.62,10.27,133.31,4048.6,29.2,Normal,0,0,0,No Action Required,52.77999999999975,-1.7800000000000011,-12.0,-0.2099999999999997,3034.914166666667,79.35666666666667,711.7866666666667,1.9358333333333333,100,1,Normal,5
2026-05-01 20:40:00,WELL-002,3047.58,80.16,723.25,2.06,16.76,10.18,129.93,3975.47,29.62,Normal,0,0,0,No Action Required,-24.59999999999991,1.269999999999996,17.5,0.26,3033.1158333333333,79.41250000000001,712.6766666666667,1.9425,100,1,Normal,5
2026-05-01 20:45:00,WELL-002,3056.22,78.2,710.54,1.97,16.5,10.31,133.67,3821.42,29.02,Normal,0,0,0,No Action Required,8.639999999999873,-1.9599999999999933,-12.710000000000036,-0.09,3034.3925,79.35666666666667,713.6608333333334,1.9533333333333327,100,1,Normal,5
2026-05-01 20:50:00,WELL-002,3045.03,77.44,718.9,2.15,16.07,10.24,136.57,4003.51,29.98,Normal,0,0,0,No Action Required,-11.1899999999996,-0.7600000000000051,8.360000000000014,0.1799999999999999,3036.8675,79.1525,714.57,1.9541666666666664,100,1,Normal,5
2026-05-01 20:55:00,WELL-002,3067.37,79.8,698.4,2.07,16.84,10.22,135.2,3912.39,29.41,Normal,0,0,0,No Action Required,22.33999999999969,2.3599999999999994,-20.5,-0.08,3039.5641666666666,79.28083333333332,713.1108333333333,1.9708333333333328,100,1,Normal,5
2026-05-01 21:00:00,WELL-002,3034.43,80.34,713.53,2.01,16.89,10.3,129.0,3863.56,29.61,Normal,0,0,0,No Action Required,-32.940000000000055,0.5400000000000063,15.129999999999995,-0.06,3040.679166666667,79.41499999999999,712.9033333333333,1.9833333333333327,100,1,Normal,5
2026-05-01 21:05:00,WELL-002,3037.43,80.36,709.68,1.92,17.17,10.29,133.95,3935.44,29.41,Normal,0,0,0,No Action Required,3.0,0.019999999999996,-3.850000000000023,-0.0899999999999998,3042.480833333333,79.52499999999999,713.0483333333333,1.9833333333333327,100,1,Normal,5
2026-05-01 21:10:00,WELL-002,3033.13,80.39,722.45,1.92,16.98,10.23,132.99,3909.13,29.09,Normal,0,0,0,No Action Required,-4.299999999999727,0.0300000000000011,12.770000000000095,0.0,3043.0241666666666,79.55833333333332,713.1716666666666,1.9766666666666663,100,1,Normal,5
2026-05-01 21:15:00,WELL-002,3072.77,78.88,706.24,2.14,16.39,10.25,130.46,3961.93,28.66,Normal,0,0,0,No Action Required,39.63999999999987,-1.5100000000000051,-16.210000000000036,0.2200000000000002,3046.068333333333,79.43833333333333,712.8208333333333,1.995833333333333,100,1,Normal,5
2026-05-01 21:20:00,WELL-002,3040.68,80.18,726.15,2.05,16.49,10.26,133.56,3844.02,29.8,Normal,0,0,0,No Action Required,-32.090000000000146,1.3000000000000114,19.909999999999968,-0.0900000000000003,3048.331666666667,79.56750000000001,714.0783333333334,1.995833333333333,100,1,Normal,5
2026-05-01 21:25:00,WELL-002,3022.75,79.02,706.84,1.89,16.98,10.24,133.89,3890.89,29.77,Normal,0,0,0,No Action Required,-17.929999999999836,-1.1600000000000108,-19.309999999999945,-0.1599999999999999,3045.7475,79.5275,713.29,1.9991666666666663,100,1,Normal,5
2026-05-01 21:30:00,WELL-002,3011.5,81.13,714.74,1.97,16.21,10.27,135.15,3799.97,28.9,Normal,0,0,0,No Action Required,-11.25,2.1099999999999994,7.899999999999977,0.08,3045.089166666666,79.56583333333333,713.0391666666666,1.995833333333333,100,1,Normal,5
2026-05-01 21:35:00,WELL-002,3061.17,79.68,699.94,2.13,16.95,10.16,133.74,3908.26,29.23,Normal,0,0,0,No Action Required,49.67000000000007,-1.4499999999999886,-14.799999999999956,0.1599999999999999,3044.1716666666666,79.63166666666666,712.555,2.023333333333333,100,1,Normal,5
2026-05-01 21:40:00,WELL-002,3044.23,79.81,708.8,2.12,16.44,10.21,132.16,4022.95,29.04,Normal,0,0,0,No Action Required,-16.940000000000055,0.1299999999999954,8.8599999999999,-0.0099999999999997,3043.8925,79.6025,711.3508333333334,2.0283333333333333,100,1,Normal,5
2026-05-01 21:45:00,WELL-002,3055.42,79.87,715.44,2.06,16.75,10.3,133.09,3989.61,29.26,Normal,0,0,0,No Action Required,11.190000000000056,0.0600000000000022,6.6400000000001,-0.06,3043.825833333334,79.74166666666666,711.7591666666667,2.035833333333333,100,1,Normal,5
2026-05-01 21:50:00,WELL-002,3066.15,80.03,688.31,1.91,17.01,10.24,132.94,3912.61,29.25,Normal,0,0,0,No Action Required,10.730000000000018,0.1599999999999966,-27.13000000000011,-0.1500000000000001,3045.585833333333,79.9575,709.21,2.015833333333333,100,1,Normal,5
2026-05-01 21:55:00,WELL-002,3054.68,79.61,703.99,2.03,16.61,10.22,129.82,3812.27,29.37,Normal,0,0,0,No Action Required,-11.470000000000256,-0.4200000000000017,15.680000000000064,0.1199999999999998,3044.528333333333,79.94166666666668,709.6758333333333,2.0125,100,1,Normal,5
2026-05-01 22:00:00,WELL-002,3031.8,80.62,721.46,1.67,16.55,10.21,128.94,4093.82,29.86,Normal,0,0,0,No Action Required,-22.87999999999965,1.0100000000000051,17.470000000000027,-0.3599999999999999,3044.3091666666664,79.965,710.3366666666667,1.9841666666666669,100,1,Normal,5
2026-05-01 22:05:00,WELL-002,3058.05,81.21,722.09,2.1,16.63,10.21,135.8,3755.9,28.79,Normal,0,0,0,No Action Required,26.25,0.5899999999999892,0.6299999999999955,0.4300000000000001,3046.0275,80.03583333333334,711.3708333333334,1.9991666666666663,100,1,Normal,5
2026-05-01 22:10:00,WELL-002,3087.39,80.28,706.69,1.89,17.11,10.2,133.08,3843.85,29.01,Normal,0,0,0,No Action Required,29.33999999999969,-0.9299999999999926,-15.399999999999975,-0.2100000000000002,3050.549166666667,80.02666666666667,710.0575,1.9966666666666668,100,1,Normal,5
2026-05-01 22:15:00,WELL-002,3012.2,81.45,712.98,2.0,16.67,10.21,133.41,3791.76,28.82,Normal,0,0,0,No Action Required,-75.19000000000005,1.1700000000000017,6.289999999999964,0.1100000000000001,3045.5016666666666,80.24083333333334,710.6191666666667,1.985,100,1,Normal,5
2026-05-01 22:20:00,WELL-002,3098.5,80.05,720.96,1.82,16.45,10.22,127.88,4210.18,29.58,Normal,0,0,0,No Action Required,86.30000000000018,-1.4000000000000057,7.980000000000018,-0.1799999999999999,3050.32,80.23,710.1866666666666,1.965833333333333,100,1,Normal,5
2026-05-01 22:25:00,WELL-002,3012.43,82.9,715.33,1.98,17.04,10.21,133.28,3948.17,29.46,Normal,0,0,0,No Action Required,-86.07000000000016,2.8500000000000085,-5.629999999999996,0.1599999999999999,3049.46,80.55333333333333,710.8941666666666,1.9733333333333327,100,1,Normal,5
2026-05-01 22:30:00,WELL-002,3063.7,80.85,717.13,2.07,17.05,10.2,130.91,3852.15,29.0,Normal,0,0,0,No Action Required,51.26999999999998,-2.050000000000012,1.7999999999999543,0.0899999999999998,3053.8099999999995,80.53,711.0933333333334,1.981666666666667,100,1,Normal,5
2026-05-01 22:35:00,WELL-002,3072.92,81.61,711.29,1.97,16.58,10.28,134.01,4136.91,29.55,Normal,0,0,0,No Action Required,9.220000000000256,0.7600000000000051,-5.840000000000032,-0.0999999999999998,3054.789166666667,80.69083333333334,712.0391666666668,1.9683333333333333,100,1,Normal,5
2026-05-01 22:40:00,WELL-002,3054.31,80.54,713.49,2.2,15.95,10.26,134.37,4084.91,29.59,Normal,0,0,0,No Action Required,-18.610000000000127,-1.0699999999999932,2.200000000000045,0.2300000000000002,3055.629166666667,80.75166666666667,712.43,1.975,100,1,Normal,5
2026-05-01 22:45:00,WELL-002,3065.37,79.82,715.09,1.92,16.49,10.27,134.3,3903.25,28.94,Normal,0,0,0,No Action Required,11.059999999999944,-0.7200000000000131,1.6000000000000227,-0.2800000000000002,3056.458333333333,80.7475,712.4008333333333,1.9633333333333336,100,1,Normal,5
2026-05-01 22:50:00,WELL-002,3039.27,80.89,705.33,1.81,16.9,10.19,134.92,3856.1,28.92,Normal,0,0,0,No Action Required,-26.09999999999991,1.0700000000000074,-9.759999999999993,-0.1099999999999998,3054.2183333333337,80.81916666666667,713.8191666666667,1.955,100,1,Normal,5
2026-05-01 22:55:00,WELL-002,3056.45,79.4,704.91,1.93,17.28,10.22,133.07,3928.32,29.36,Normal,0,0,0,No Action Required,17.179999999999836,-1.4899999999999949,-0.4200000000000727,0.1199999999999998,3054.3658333333333,80.80166666666666,713.8958333333334,1.9466666666666663,100,1,Normal,5
2026-05-01 23:00:00,WELL-002,3070.56,80.86,726.49,2.07,16.67,10.24,139.44,4007.91,29.83,Normal,0,0,0,No Action Required,14.110000000000127,1.4599999999999935,21.58000000000004,0.1399999999999999,3057.5958333333333,80.82166666666667,714.315,1.98,100,1,Normal,5
2026-05-01 23:05:00,WELL-002,3106.14,79.57,717.04,1.89,16.09,10.17,131.82,4033.82,29.31,Normal,0,0,0,No Action Required,35.57999999999993,-1.2900000000000065,-9.450000000000044,-0.1799999999999999,3061.603333333333,80.68499999999999,713.8941666666666,1.9625,100,1,Normal,5
2026-05-01 23:10:00,WELL-002,3073.69,81.08,728.11,1.82,17.05,10.21,134.39,4013.06,29.4,Normal,0,0,0,No Action Required,-32.44999999999982,1.5100000000000051,11.07000000000005,-0.0699999999999998,3060.461666666666,80.75166666666667,715.6791666666667,1.9566666666666668,100,1,Normal,5
2026-05-01 23:15:00,WELL-002,3057.26,78.79,715.49,1.95,16.3,10.21,129.63,3933.01,29.16,Normal,0,0,0,No Action Required,-16.429999999999836,-2.289999999999992,-12.620000000000005,0.1299999999999999,3064.2166666666667,80.52999999999999,715.8883333333333,1.9525,100,1,Normal,5
2026-05-01 23:20:00,WELL-002,3066.94,80.23,725.98,2.15,16.38,10.22,133.52,3911.98,28.88,Normal,0,0,0,No Action Required,9.679999999999836,1.4399999999999975,10.490000000000007,0.1999999999999999,3061.5866666666666,80.545,716.3066666666667,1.98,100,1,Normal,5
2026-05-01 23:25:00,WELL-002,3088.71,82.41,709.71,1.96,17.44,10.19,134.27,3904.93,29.18,Normal,0,0,0,No Action Required,21.769999999999985,2.1799999999999926,-16.269999999999982,-0.1899999999999999,3067.943333333333,80.50416666666666,715.8383333333335,1.9783333333333333,100,1,Normal,5
2026-05-01 23:30:00,WELL-002,3090.3,81.15,698.87,2.03,16.75,10.16,133.18,3831.94,28.98,Normal,0,0,0,No Action Required,1.5900000000001455,-1.259999999999991,-10.840000000000032,0.0699999999999998,3070.1600000000003,80.52916666666667,714.3166666666667,1.975,100,1,Normal,5
2026-05-01 23:35:00,WELL-002,3073.07,82.44,720.5,1.8,17.29,10.27,132.39,3954.26,29.29,Normal,0,0,0,No Action Required,-17.230000000000018,1.289999999999992,21.629999999999995,-0.2299999999999997,3070.1725,80.59833333333333,715.0841666666666,1.9608333333333328,100,1,Normal,5
2026-05-01 23:40:00,WELL-002,3042.17,78.75,706.91,2.11,17.14,10.19,130.64,3828.55,28.34,Normal,0,0,0,No Action Required,-30.90000000000009,-3.6899999999999977,-13.590000000000032,0.3099999999999998,3069.1608333333334,80.44916666666667,714.5358333333334,1.9533333333333327,100,1,Normal,5
2026-05-01 23:45:00,WELL-002,3109.33,79.01,711.7,2.03,16.58,10.26,135.15,3959.78,29.76,Normal,0,0,0,No Action Required,67.15999999999985,0.2600000000000051,4.790000000000077,-0.08,3072.8241666666668,80.38166666666666,714.2533333333334,1.9625,100,1,Normal,5
2026-05-01 23:50:00,WELL-002,3061.53,79.81,723.99,2.11,16.94,10.21,130.64,4008.78,29.68,Normal,0,0,0,No Action Required,-47.79999999999973,0.7999999999999972,12.289999999999964,0.08,3074.679166666667,80.29166666666667,715.8083333333334,1.9875,100,1,Normal,5
2026-05-01 23:55:00,WELL-002,3071.32,80.2,711.6,1.89,17.26,10.19,132.22,3939.58,28.99,Normal,0,0,0,No Action Required,9.789999999999964,0.3900000000000005,-12.389999999999986,-0.2199999999999999,3075.918333333333,80.35833333333333,716.3658333333333,1.9841666666666664,100,1,Normal,5
2026-05-02 00:00:00,WELL-002,3064.17,78.62,707.65,2.09,16.65,10.23,132.45,3962.32,29.2,Normal,0,0,0,No Action Required,-7.150000000000091,-1.5799999999999983,-3.9500000000000455,0.1999999999999999,3075.3858333333333,80.17166666666667,714.7958333333332,1.985833333333333,100,1,Normal,5
2026-05-02 00:05:00,WELL-002,3080.61,82.82,720.35,2.08,16.89,10.29,135.96,3877.52,29.34,Normal,0,0,0,No Action Required,16.440000000000055,4.199999999999989,12.700000000000044,-0.0099999999999997,3073.258333333333,80.44250000000001,715.0716666666667,2.0016666666666665,100,1,Normal,5
2026-05-02 00:10:00,WELL-002,3050.69,81.38,716.24,2.05,16.92,10.19,133.79,3907.47,29.04,Normal,0,0,0,No Action Required,-29.92000000000008,-1.4399999999999975,-4.110000000000014,-0.0300000000000002,3071.341666666667,80.4675,714.0825,2.020833333333333,100,1,Normal,5
2026-05-02 00:15:00,WELL-002,3083.8,81.05,716.84,1.88,16.48,10.24,134.04,3744.42,28.32,Normal,0,0,0,No Action Required,33.11000000000013,-0.3299999999999983,0.6000000000000227,-0.1699999999999999,3073.5533333333333,80.65583333333333,714.195,2.015,100,1,Normal,5
2026-05-02 00:20:00,WELL-002,3047.03,81.93,719.47,2.24,16.96,10.31,133.43,3777.36,29.21,Normal,0,0,0,No Action Required,-36.76999999999998,0.8800000000000097,2.6299999999999955,0.3600000000000003,3071.894166666667,80.7975,713.6525,2.0225,100,1,Normal,5
2026-05-02 00:25:00,WELL-002,3077.07,82.17,709.32,1.93,17.13,10.16,134.24,3940.99,30.01,Normal,0,0,0,No Action Required,30.039999999999964,0.2399999999999948,-10.149999999999975,-0.3100000000000003,3070.924166666667,80.7775,713.62,2.02,100,1,Normal,5
2026-05-02 00:30:00,WELL-002,3075.3,80.96,715.09,2.07,17.1,10.2,133.08,4059.11,29.31,Normal,0,0,0,No Action Required,-1.7699999999999818,-1.210000000000008,5.769999999999982,0.1399999999999999,3069.674166666666,80.76166666666667,714.9716666666667,2.023333333333333,100,1,Normal,5
2026-05-02 00:35:00,WELL-002,3068.33,82.38,728.5,1.89,16.76,10.27,131.29,4014.91,29.01,Normal,0,0,0,No Action Required,-6.970000000000255,1.4200000000000017,13.409999999999968,-0.1799999999999999,3069.2791666666667,80.75666666666667,715.6383333333333,2.0308333333333333,100,1,Normal,5
2026-05-02 00:40:00,WELL-002,3087.7,82.11,729.83,1.74,17.23,10.22,132.67,3840.08,29.0,Normal,0,0,0,No Action Required,19.36999999999989,-0.269999999999996,1.330000000000041,-0.1499999999999999,3073.0733333333337,81.03666666666668,717.5483333333333,2.0,100,1,Normal,5
2026-05-02 00:45:00,WELL-002,3082.84,79.49,713.15,1.9,16.63,10.11,131.6,3876.74,29.07,Normal,0,0,0,No Action Required,-4.859999999999673,-2.6200000000000045,-16.680000000000064,0.1599999999999999,3070.8658333333333,81.07666666666667,717.6691666666666,1.9891666666666667,100,1,Normal,5
2026-05-02 00:50:00,WELL-002,3068.98,80.51,729.37,2.09,16.65,10.26,136.83,4087.16,29.04,Normal,0,0,0,No Action Required,-13.860000000000127,1.0200000000000102,16.220000000000027,0.1899999999999999,3071.486666666667,81.135,718.1175,1.9875,100,1,Normal,5
2026-05-02 00:55:00,WELL-002,3098.22,81.23,720.14,2.02,16.46,10.34,133.48,4161.01,29.33,Normal,0,0,0,No Action Required,29.23999999999978,0.7199999999999989,-9.230000000000018,-0.0699999999999998,3073.728333333333,81.22083333333335,718.8291666666668,1.9983333333333333,100,1,Normal,5
2026-05-02 01:00:00,WELL-002,3039.0,80.8,712.37,1.86,16.65,10.21,130.96,3925.71,29.63,Normal,0,0,0,No Action Required,-59.2199999999998,-0.4300000000000068,-7.769999999999982,-0.1599999999999999,3071.630833333333,81.40249999999999,719.2225,1.9791666666666667,100,1,Normal,5
2026-05-02 01:05:00,WELL-002,3081.31,81.11,716.97,2.08,16.59,10.14,130.67,3869.55,29.07,Normal,0,0,0,No Action Required,42.309999999999945,0.3100000000000023,4.600000000000023,0.2199999999999999,3071.689166666667,81.26,718.9408333333334,1.9791666666666667,100,1,Normal,5
2026-05-02 01:10:00,WELL-002,3083.92,82.41,700.37,1.78,17.25,10.24,133.6,3953.46,29.83,Normal,0,0,0,No Action Required,2.610000000000128,1.2999999999999972,-16.600000000000023,-0.3,3074.458333333333,81.34583333333333,717.6183333333333,1.9566666666666668,100,1,Normal,5
2026-05-02 01:15:00,WELL-002,3067.29,80.03,702.8,1.92,16.49,10.18,132.51,3857.24,29.23,Normal,0,0,0,No Action Required,-16.63000000000011,-2.3799999999999955,2.42999999999995,0.1399999999999999,3073.0825,81.26083333333334,716.4483333333333,1.96,100,1,Normal,5
2026-05-02 01:20:00,WELL-002,3068.14,83.65,714.12,2.04,16.36,10.23,128.86,4118.15,28.4,Normal,0,0,0,No Action Required,0.849999999999909,3.620000000000005,11.32000000000005,0.1200000000000001,3074.8416666666667,81.40416666666667,716.0025,1.9433333333333327,100,1,Normal,5
2026-05-02 01:25:00,WELL-002,3072.5,81.81,693.83,1.97,16.81,10.28,134.73,3958.49,28.92,Normal,0,0,0,No Action Required,4.360000000000127,-1.840000000000004,-20.289999999999964,-0.07,3074.460833333333,81.37416666666667,714.7116666666666,1.9466666666666663,100,1,Normal,5
2026-05-02 01:30:00,WELL-002,3120.75,81.29,729.41,2.0,16.68,10.28,133.9,3905.78,28.51,Normal,0,0,0,No Action Required,48.25,-0.519999999999996,35.57999999999993,0.03,3078.248333333333,81.40166666666666,715.9049999999999,1.9408333333333327,100,1,Normal,5
2026-05-02 01:35:00,WELL-002,3100.22,81.2,715.46,1.88,16.18,10.23,131.31,3995.83,29.2,Normal,0,0,0,No Action Required,-20.5300000000002,-0.0900000000000034,-13.949999999999932,-0.1200000000000001,3080.9058333333337,81.30333333333333,714.8183333333333,1.94,100,1,Normal,5
2026-05-02 01:40:00,WELL-002,3116.4,81.4,720.12,2.26,16.47,10.14,132.47,3937.39,29.52,Normal,0,0,0,No Action Required,16.18000000000029,0.2000000000000028,4.659999999999968,0.3799999999999999,3083.297499999999,81.24416666666666,714.0091666666667,1.9833333333333327,100,1,Normal,5
2026-05-02 01:45:00,WELL-002,3107.67,81.53,718.76,1.72,16.87,10.25,130.57,4265.86,29.36,Normal,0,0,0,No Action Required,-8.730000000000018,0.1299999999999954,-1.3600000000000136,-0.5399999999999998,3085.366666666667,81.41416666666667,714.4766666666666,1.968333333333333,100,1,Normal,5
2026-05-02 01:50:00,WELL-002,3075.42,81.1,726.67,1.96,16.81,10.22,132.85,3939.52,29.21,Normal,0,0,0,No Action Required,-32.25,-0.4300000000000068,7.909999999999968,0.24,3085.903333333333,81.46333333333332,714.2516666666667,1.9575,100,1,Normal,5
2026-05-02 01:55:00,WELL-002,3082.71,80.98,728.29,2.0,17.02,10.26,130.16,4135.19,29.37,Normal,0,0,0,No Action Required,7.289999999999964,-0.1199999999999903,1.6200000000000043,0.04,3084.6108333333336,81.4425,714.9308333333333,1.955833333333333,100,1,Normal,5
2026-05-02 02:00:00,WELL-002,3066.82,83.8,701.95,2.17,16.6,10.28,133.92,3810.21,28.97,Normal,0,0,0,No Action Required,-15.889999999999873,2.819999999999993,-26.33999999999992,0.1699999999999999,3086.929166666667,81.69250000000001,714.0625,1.981666666666667,100,1,Normal,5
2026-05-02 02:05:00,WELL-002,3087.67,82.37,717.83,2.1,16.11,10.29,131.74,3936.62,29.83,Normal,0,0,0,No Action Required,20.84999999999991,-1.4299999999999926,15.879999999999995,-0.0699999999999998,3087.459166666666,81.7975,714.1341666666667,1.9833333333333327,100,1,Normal,5
2026-05-02 02:10:00,WELL-002,3075.71,83.6,706.03,2.11,16.69,10.23,132.87,3891.41,28.6,Normal,0,0,0,No Action Required,-11.960000000000036,1.2299999999999898,-11.800000000000068,0.0099999999999997,3086.775,81.89666666666666,714.6058333333334,2.0108333333333333,100,1,Normal,5
2026-05-02 02:15:00,WELL-002,3121.72,82.86,708.09,2.1,16.35,10.21,132.69,4134.0,28.91,Normal,0,0,0,No Action Required,46.00999999999976,-0.7399999999999949,2.060000000000059,-0.0099999999999997,3091.310833333333,82.13250000000001,715.0466666666667,2.0258333333333334,100,1,Normal,5
2026-05-02 02:20:00,WELL-002,3087.28,82.14,721.93,2.01,16.0,10.19,133.79,4035.16,29.57,Normal,0,0,0,No Action Required,-34.4399999999996,-0.7199999999999989,13.839999999999918,-0.0900000000000003,3092.9058333333337,82.00666666666666,715.6974999999999,2.023333333333333,100,1,Normal,5
2026-05-02 02:25:00,WELL-002,3080.81,82.61,713.56,1.93,17.11,10.28,132.29,4101.21,29.22,Normal,0,0,0,No Action Required,-6.470000000000255,0.4699999999999988,-8.370000000000005,-0.0799999999999998,3093.5983333333334,82.07333333333334,717.3416666666667,2.02,100,1,Normal,5
2026-05-02 02:30:00,WELL-002,3066.54,82.72,717.26,2.08,16.26,10.16,133.89,3798.09,29.05,Normal,0,0,0,No Action Required,-14.269999999999982,0.1099999999999994,3.7000000000000455,0.1500000000000001,3089.080833333333,82.1925,716.3291666666668,2.026666666666667,100,1,Normal,5
2026-05-02 02:35:00,WELL-002,3065.61,81.56,718.63,2.1,15.99,10.26,130.56,3773.18,29.18,Normal,0,0,0,No Action Required,-0.9299999999998364,-1.1599999999999966,1.3700000000000043,0.02,3086.1966666666667,82.22250000000001,716.5933333333332,2.045,100,1,Normal,5
2026-05-02 02:40:00,WELL-002,3101.59,82.97,721.29,2.04,17.06,10.29,137.1,3795.87,29.34,Normal,0,0,0,No Action Required,35.98000000000002,1.4099999999999966,2.659999999999968,-0.06,3084.9625,82.35333333333334,716.6908333333332,2.026666666666667,100,1,Normal,5
2026-05-02 02:45:00,WELL-002,3121.71,82.95,718.15,1.78,15.95,10.2,135.05,3924.05,28.97,Normal,0,0,0,No Action Required,20.11999999999989,-0.019999999999996,-3.1399999999999864,-0.26,3086.1325,82.47166666666666,716.64,2.0316666666666667,100,1,Normal,5
2026-05-02 02:50:00,WELL-002,3053.43,82.35,718.78,2.22,16.35,10.21,130.05,3840.35,29.61,Normal,0,0,0,No Action Required,-68.2800000000002,-0.6000000000000085,0.6299999999999955,0.4400000000000001,3084.3,82.57583333333334,715.9825,2.053333333333333,100,1,Normal,5
2026-05-02 02:55:00,WELL-002,3077.98,84.58,706.18,2.14,17.38,10.24,134.24,3998.35,29.31,Normal,0,0,0,No Action Required,24.550000000000185,2.230000000000004,-12.600000000000025,-0.08,3083.9058333333337,82.87583333333333,714.14,2.065,100,1,Normal,5
2026-05-02 03:00:00,WELL-002,3071.13,83.46,713.7,2.13,17.24,10.17,133.76,4140.89,28.94,Normal,0,0,0,No Action Required,-6.849999999999909,-1.1200000000000043,7.520000000000095,-0.0100000000000002,3084.265,82.8475,715.1191666666667,2.0616666666666665,100,1,Normal,5
2026-05-02 03:05:00,WELL-002,3096.54,82.98,720.71,2.01,16.75,10.18,134.91,3872.6,29.7,Normal,0,0,0,No Action Required,25.40999999999985,-0.4799999999999897,7.009999999999991,-0.1200000000000001,3085.004166666667,82.89833333333333,715.3591666666666,2.0541666666666667,100,1,Normal,5
2026-05-02 03:10:00,WELL-002,3115.03,81.44,712.02,2.09,16.13,10.25,130.47,4051.73,29.76,Normal,0,0,0,No Action Required,18.49000000000024,-1.5400000000000065,-8.690000000000055,0.08,3088.280833333333,82.71833333333333,715.8583333333332,2.0525,100,1,Normal,5
2026-05-02 03:15:00,WELL-002,3090.57,82.51,697.96,2.12,16.83,10.26,132.76,3964.0,29.12,Normal,0,0,0,No Action Required,-24.46000000000004,1.0700000000000074,-14.059999999999944,0.0300000000000002,3085.685,82.68916666666667,715.0141666666667,2.0541666666666667,100,1,Normal,5
2026-05-02 03:20:00,WELL-002,3068.26,84.5,705.9,1.8,17.01,10.22,131.56,3843.96,29.62,Normal,0,0,0,No Action Required,-22.309999999999945,1.9899999999999949,7.939999999999941,-0.32,3084.1,82.88583333333334,713.6783333333333,2.036666666666666,100,1,Normal,5
2026-05-02 03:25:00,WELL-002,3038.01,83.31,711.34,2.09,17.03,10.31,137.02,3770.61,28.47,Normal,0,0,0,No Action Required,-30.25,-1.1899999999999975,5.440000000000055,0.2899999999999998,3080.5333333333333,82.94416666666667,713.4933333333333,2.0500000000000003,100,1,Normal,5
2026-05-02 03:30:00,WELL-002,3094.41,83.3,710.41,1.66,16.58,10.26,130.75,3915.38,28.96,Normal,0,0,0,No Action Required,56.39999999999964,-0.0100000000000051,-0.9300000000000636,-0.4299999999999999,3082.855833333333,82.99249999999999,712.9225,2.015,100,1,Normal,5
2026-05-02 03:35:00,WELL-002,3063.1,81.54,714.43,2.07,16.62,10.2,132.95,3999.02,29.03,Normal,0,0,0,No Action Required,-31.309999999999945,-1.759999999999991,4.019999999999982,0.4099999999999999,3082.646666666666,82.99083333333333,712.5724999999999,2.0125,100,1,Normal,5
2026-05-02 03:40:00,WELL-002,3106.96,82.19,717.23,1.76,17.28,10.28,131.72,4006.12,29.52,Normal,0,0,0,No Action Required,43.86000000000013,0.6499999999999915,2.800000000000068,-0.3099999999999998,3083.094166666667,82.92583333333333,712.2341666666666,1.9891666666666667,100,1,Normal,5
2026-05-02 03:45:00,WELL-002,3064.29,83.11,702.44,2.01,16.2,10.13,131.23,3879.31,29.58,Normal,0,0,0,No Action Required,-42.67000000000007,0.9200000000000016,-14.789999999999964,0.2499999999999997,3078.309166666668,82.93916666666667,710.9250000000001,2.0083333333333333,100,1,Normal,5
2026-05-02 03:50:00,WELL-002,3068.02,82.44,709.7,2.15,16.26,10.25,135.11,3908.39,29.42,Normal,0,0,0,No Action Required,3.730000000000018,-0.6700000000000017,7.259999999999991,0.1400000000000001,3079.525,82.94666666666666,710.1683333333334,2.0025,100,1,Normal,5
2026-05-02 03:55:00,WELL-002,3081.4,82.85,723.45,2.15,16.78,10.2,131.81,3937.07,29.93,Normal,0,0,0,No Action Required,13.38000000000011,0.4099999999999966,13.75,0.0,3079.81,82.8025,711.6075000000001,2.0033333333333334,100,1,Normal,5
2026-05-02 04:00:00,WELL-002,3091.07,83.33,725.85,1.89,16.94,10.21,130.99,3930.18,29.46,Normal,0,0,0,No Action Required,9.670000000000073,0.480000000000004,2.3999999999999773,-0.26,3081.471666666667,82.79166666666667,712.62,1.9833333333333327,100,1,Normal,5
2026-05-02 04:05:00,WELL-002,3070.93,84.11,718.39,2.04,16.43,10.27,134.93,3896.15,29.1,Normal,0,0,0,No Action Required,-20.140000000000327,0.7800000000000011,-7.460000000000036,0.1500000000000001,3079.3375,82.88583333333334,712.4266666666667,1.985833333333333,100,1,Normal,5
2026-05-02 04:10:00,WELL-002,3089.33,82.42,713.61,2.1,16.92,10.26,131.51,3940.32,29.75,Normal,0,0,0,No Action Required,18.40000000000009,-1.6899999999999975,-4.779999999999973,0.06,3077.1958333333337,82.9675,712.5591666666666,1.9866666666666664,100,1,Normal,5
2026-05-02 04:15:00,WELL-002,3124.13,81.97,710.76,2.24,16.51,10.26,136.4,4019.83,29.56,Normal,0,0,0,No Action Required,34.80000000000018,-0.4500000000000028,-2.8500000000000227,0.1400000000000001,3079.9925000000003,82.9225,713.6258333333334,1.9966666666666668,100,1,Normal,5
2026-05-02 04:20:00,WELL-002,3088.86,82.65,698.59,2.12,16.64,10.22,134.28,3965.88,28.8,Normal,0,0,0,No Action Required,-35.26999999999998,0.6800000000000068,-12.16999999999996,-0.1200000000000001,3081.709166666667,82.76833333333333,713.0166666666668,2.023333333333333,100,1,Normal,5
2026-05-02 04:25:00,WELL-002,3093.04,84.47,706.69,1.94,16.05,10.24,133.29,4062.34,29.44,Normal,0,0,0,No Action Required,4.179999999999836,1.8199999999999927,8.100000000000023,-0.1800000000000001,3086.295,82.865,712.6291666666667,2.0108333333333333,100,1,Normal,5
2026-05-02 04:30:00,WELL-002,3095.03,83.99,711.93,2.0,17.21,10.24,132.88,3980.42,29.01,Normal,0,0,0,No Action Required,1.9900000000002365,-0.480000000000004,5.239999999999895,0.06,3086.346666666667,82.9225,712.7558333333333,2.0391666666666666,100,1,Normal,5
2026-05-02 04:35:00,WELL-002,3131.57,82.18,721.92,2.07,16.82,10.25,133.77,4078.56,29.19,Normal,0,0,0,No Action Required,36.53999999999997,-1.809999999999988,9.990000000000007,0.0699999999999998,3092.0525,82.97583333333333,713.38,2.0391666666666666,100,1,Normal,5
2026-05-02 04:40:00,WELL-002,3124.48,82.31,702.5,2.19,16.46,10.21,132.23,4029.0,29.09,Normal,0,0,0,No Action Required,-7.0900000000001455,0.1299999999999954,-19.41999999999996,0.1200000000000001,3093.5125,82.98583333333333,712.1525,2.075,100,1,Normal,5
2026-05-02 04:45:00,WELL-002,3103.96,80.63,698.11,1.9,16.44,10.08,132.24,3929.66,29.85,Normal,0,0,0,No Action Required,-20.519999999999985,-1.6800000000000068,-4.389999999999986,-0.29,3096.818333333334,82.77916666666667,711.7916666666666,2.0658333333333334,100,1,Normal,5
2026-05-02 04:50:00,WELL-002,3092.58,80.9,711.81,2.04,16.39,10.33,135.55,3869.32,29.89,Normal,0,0,0,No Action Required,-11.38000000000011,0.2700000000000102,13.699999999999932,0.1400000000000001,3098.865,82.65083333333334,711.9675000000001,2.056666666666666,100,1,Normal,5
2026-05-02 04:55:00,WELL-002,3117.68,82.38,711.12,1.71,16.74,10.25,135.53,3958.75,29.24,Normal,0,0,0,No Action Required,25.09999999999991,1.4799999999999898,-0.6899999999999409,-0.33,3101.888333333333,82.61166666666666,710.94,2.02,100,1,Normal,5
2026-05-02 05:00:00,WELL-002,3113.53,83.51,707.56,2.01,16.56,10.1,133.66,3835.39,28.65,Normal,0,0,0,No Action Required,-4.149999999999636,1.1300000000000097,-3.560000000000059,0.2999999999999998,3103.76,82.62666666666667,709.4158333333334,2.03,100,1,Normal,5
2026-05-02 05:05:00,WELL-002,3100.98,83.08,703.48,2.13,17.54,10.16,133.3,3960.95,29.53,Normal,0,0,0,No Action Required,-12.550000000000182,-0.4300000000000068,-4.079999999999927,0.1200000000000001,3106.2641666666664,82.54083333333334,708.1733333333333,2.0375,100,1,Normal,5
2026-05-02 05:10:00,WELL-002,3110.18,83.99,711.03,2.32,17.33,10.14,132.02,3815.35,29.92,Normal,0,0,0,No Action Required,9.199999999999818,0.9099999999999966,7.549999999999954,0.1899999999999999,3108.0016666666666,82.67166666666667,707.9583333333334,2.0558333333333336,100,1,Normal,5
2026-05-02 05:15:00,WELL-002,3106.42,83.61,709.04,2.11,16.04,10.12,134.7,3917.73,29.16,Normal,0,0,0,No Action Required,-3.759999999999764,-0.3799999999999954,-1.990000000000009,-0.2099999999999999,3106.525833333333,82.80833333333334,707.8149999999999,2.045,100,1,Normal,5
2026-05-02 05:20:00,WELL-002,3082.3,81.78,713.37,1.9,16.43,10.19,129.25,3945.81,29.35,Normal,0,0,0,No Action Required,-24.11999999999989,-1.8299999999999983,4.330000000000041,-0.2099999999999999,3105.9791666666665,82.73583333333333,709.0466666666666,2.0266666666666664,100,1,Normal,5
2026-05-02 05:25:00,WELL-002,3115.13,82.58,690.28,2.09,16.59,10.14,135.31,3716.23,29.22,Normal,0,0,0,No Action Required,32.82999999999993,0.7999999999999972,-23.090000000000032,0.1899999999999999,3107.82,82.57833333333333,707.6791666666667,2.0391666666666666,100,1,Normal,5
2026-05-02 05:30:00,WELL-002,3070.09,83.15,700.92,1.91,16.31,10.23,137.83,3990.05,29.34,Normal,0,0,0,No Action Required,-45.03999999999997,0.5700000000000074,10.639999999999986,-0.1799999999999999,3105.741666666667,82.50833333333334,706.7616666666667,2.0316666666666667,100,1,Normal,5
2026-05-02 05:35:00,WELL-002,3106.05,84.28,710.57,2.04,15.91,10.24,131.2,4019.73,29.17,Normal,0,0,0,No Action Required,35.96000000000004,1.1299999999999957,9.650000000000093,0.1300000000000001,3103.615,82.68333333333334,705.8158333333332,2.029166666666667,100,1,Normal,5
2026-05-02 05:40:00,WELL-002,3119.06,82.03,715.27,2.1,16.91,10.25,135.06,3972.22,29.56,Normal,0,0,0,No Action Required,13.009999999999764,-2.25,4.699999999999932,0.06,3103.1633333333334,82.66,706.88,2.0216666666666665,100,1,Normal,5
2026-05-02 05:45:00,WELL-002,3106.1,82.85,720.0,2.03,16.57,10.29,136.13,3760.27,29.38,Normal,0,0,0,No Action Required,-12.960000000000036,0.8199999999999932,4.730000000000018,-0.0700000000000002,3103.3416666666667,82.845,708.7041666666668,2.0325,100,1,Normal,5
2026-05-02 05:50:00,WELL-002,3090.41,85.57,719.64,1.84,16.72,10.2,127.67,3799.04,29.25,Normal,0,0,0,No Action Required,-15.690000000000056,2.719999999999999,-0.3600000000000136,-0.1899999999999997,3103.1608333333334,83.23416666666667,709.3566666666667,2.0158333333333336,100,1,Normal,5
2026-05-02 05:55:00,WELL-002,3085.43,83.47,703.6,2.0,16.86,10.23,135.37,4053.68,29.09,Normal,0,0,0,No Action Required,-4.980000000000018,-2.0999999999999943,-16.039999999999964,0.1599999999999999,3100.4733333333334,83.325,708.73,2.04,100,1,Normal,5
2026-05-02 06:00:00,WELL-002,3143.3,82.69,695.5,2.11,16.32,10.24,132.82,3999.83,29.21,Normal,0,0,0,No Action Required,57.870000000000346,-0.7800000000000011,-8.100000000000023,0.1099999999999998,3102.9541666666664,83.25666666666667,707.725,2.0483333333333333,100,1,Normal,5
2026-05-02 06:05:00,WELL-002,3107.56,81.29,699.97,2.06,16.81,10.16,132.25,3954.75,28.55,Normal,0,0,0,No Action Required,-35.74000000000024,-1.3999999999999917,4.470000000000027,-0.0499999999999998,3103.5025,83.1075,707.4324999999999,2.0425,100,1,Normal,5
2026-05-02 06:10:00,WELL-002,3112.14,83.07,698.96,2.04,16.08,10.27,133.59,3764.78,29.21,Normal,0,0,0,No Action Required,4.579999999999927,1.779999999999987,-1.009999999999991,-0.02,3103.665833333333,83.03083333333332,706.4266666666666,2.0191666666666666,100,1,Normal,5
2026-05-02 06:15:00,WELL-002,3111.83,82.27,695.61,1.92,16.01,10.21,134.45,3996.59,28.6,Normal,0,0,0,No Action Required,-0.3099999999999454,-0.7999999999999972,-3.3500000000000227,-0.1200000000000001,3104.116666666667,82.91916666666667,705.3075,2.0033333333333334,100,1,Normal,5
2026-05-02 06:20:00,WELL-002,3077.91,85.37,698.21,1.92,16.01,10.24,133.23,3926.24,29.52,Normal,0,0,0,No Action Required,-33.92000000000007,3.1000000000000085,2.6000000000000227,0.0,3103.750833333333,83.21833333333333,704.0441666666667,2.0050000000000003,100,1,Normal,5
2026-05-02 06:25:00,WELL-002,3097.73,82.95,702.45,1.89,17.21,10.26,135.74,3934.52,28.8,Normal,0,0,0,No Action Required,19.820000000000164,-2.4200000000000017,4.240000000000009,-0.03,3102.300833333333,83.24916666666667,705.0583333333334,1.9883333333333333,100,1,Normal,5
2026-05-02 06:30:00,WELL-002,3101.25,86.2,706.25,2.03,16.57,10.24,130.36,3799.27,29.1,Normal,0,0,0,No Action Required,3.519999999999982,3.25,3.7999999999999545,0.1399999999999999,3104.8975,83.50333333333333,705.5025,1.9983333333333333,100,1,Normal,5
2026-05-02 06:35:00,WELL-002,3074.88,83.82,696.62,1.98,16.54,10.24,130.01,4000.07,28.55,Normal,0,0,0,No Action Required,-26.36999999999989,-2.3800000000000097,-9.629999999999995,-0.0499999999999998,3102.3000000000006,83.46499999999999,704.34,1.9933333333333327,100,1,Normal,5
2026-05-02 06:40:00,WELL-002,3095.34,84.61,716.0,1.9,16.55,10.24,133.82,3716.8,28.75,Normal,0,0,0,No Action Required,20.46000000000004,0.7900000000000063,19.379999999999995,-0.08,3100.3233333333333,83.67999999999999,704.4008333333333,1.9766666666666663,100,1,Normal,5
2026-05-02 06:45:00,WELL-002,3094.84,83.54,701.5,1.89,17.06,10.33,130.58,4027.76,29.59,Normal,0,0,0,No Action Required,-0.5,-1.0699999999999932,-14.5,-0.01,3099.385,83.7375,702.8591666666666,1.965,100,1,Normal,5
2026-05-02 06:50:00,WELL-002,3086.01,83.53,698.78,2.06,16.48,10.21,132.82,4145.45,28.8,Normal,0,0,0,No Action Required,-8.829999999999927,-0.0100000000000051,-2.720000000000028,0.1700000000000001,3099.018333333333,83.56750000000001,701.1208333333334,1.9833333333333327,100,1,Normal,5
2026-05-02 06:55:00,WELL-002,3113.9,82.27,711.34,2.12,16.65,10.17,131.37,3989.58,29.58,Normal,0,0,0,No Action Required,27.88999999999988,-1.2600000000000051,12.56000000000006,0.06,3101.3908333333334,83.4675,701.7658333333334,1.9933333333333327,100,1,Normal,5
2026-05-02 07:00:00,WELL-002,3118.66,82.08,702.64,1.9,16.79,10.22,133.39,3884.24,30.35,Normal,0,0,0,No Action Required,4.759999999999764,-0.1899999999999977,-8.700000000000045,-0.2200000000000002,3099.3375,83.41666666666667,702.3608333333333,1.975833333333333,100,1,Normal,5
2026-05-02 07:05:00,WELL-002,3129.24,84.77,699.83,2.02,16.12,10.18,133.18,4047.64,29.57,Normal,0,0,0,No Action Required,10.579999999999927,2.6899999999999977,-2.809999999999945,0.1200000000000001,3101.144166666667,83.70666666666666,702.3491666666667,1.9725,100,1,Normal,5
2026-05-02 07:10:00,WELL-002,3106.87,83.78,702.4,1.82,16.31,10.25,130.33,3841.98,29.6,Normal,0,0,0,No Action Required,-22.36999999999989,-0.9899999999999948,2.5699999999999363,-0.1999999999999999,3100.705,83.76583333333333,702.6358333333334,1.9541666666666664,100,1,Normal,5
2026-05-02 07:15:00,WELL-002,3126.01,81.97,696.26,1.98,16.66,10.27,133.23,4062.31,28.67,Normal,0,0,0,No Action Required,19.140000000000327,-1.8100000000000025,-6.139999999999986,0.1599999999999999,3101.8866666666668,83.74083333333333,702.69,1.9591666666666667,100,1,Normal,5
2026-05-02 07:20:00,WELL-002,3113.37,82.31,697.78,1.94,17.16,10.25,131.73,3972.35,28.92,Normal,0,0,0,No Action Required,-12.640000000000327,0.3400000000000034,1.5199999999999818,-0.04,3104.8416666666667,83.48583333333333,702.6541666666667,1.9608333333333328,100,1,Normal,5
2026-05-02 07:25:00,WELL-002,3083.63,83.44,707.89,1.93,16.64,10.33,133.06,3941.8,29.42,Normal,0,0,0,No Action Required,-29.73999999999978,1.1299999999999957,10.110000000000014,-0.01,3103.6666666666665,83.52666666666667,703.1075,1.9641666666666664,100,1,Normal,5
2026-05-02 07:30:00,WELL-002,3065.86,83.77,699.84,2.14,16.34,10.22,133.18,3960.21,29.39,Normal,0,0,0,No Action Required,-17.769999999999982,0.3299999999999983,-8.049999999999955,0.2100000000000002,3100.7175,83.32416666666667,702.5733333333333,1.9733333333333327,100,1,Normal,5
2026-05-02 07:35:00,WELL-002,3094.9,84.67,701.02,1.91,16.72,10.21,129.85,3915.39,28.91,Normal,0,0,0,No Action Required,29.039999999999964,0.9000000000000057,1.17999999999995,-0.2300000000000002,3102.3858333333333,83.395,702.9399999999999,1.9675,100,1,Normal,5
2026-05-02 07:40:00,WELL-002,3100.93,82.59,689.51,2.1,16.18,10.23,132.27,3810.94,28.93,Normal,0,0,0,No Action Required,6.029999999999745,-2.0799999999999983,-11.509999999999993,0.1900000000000001,3102.851666666667,83.22666666666667,700.7325,1.9841666666666669,100,1,Normal,5
2026-05-02 07:45:00,WELL-002,3057.47,82.39,702.27,1.92,16.91,10.27,132.67,3937.01,29.43,Normal,0,0,0,No Action Required,-43.46000000000004,-0.2000000000000028,12.759999999999993,-0.1800000000000001,3099.7375000000006,83.13083333333333,700.7966666666666,1.9866666666666664,100,1,Normal,5
2026-05-02 07:50:00,WELL-002,3088.06,82.75,698.76,1.83,16.29,10.3,134.69,3800.38,29.56,Normal,0,0,0,No Action Required,30.590000000000146,0.3599999999999994,-3.509999999999991,-0.0899999999999998,3099.9083333333333,83.06583333333333,700.7950000000001,1.9675,100,1,Normal,5
2026-05-02 07:55:00,WELL-002,3110.37,83.98,698.82,2.06,16.88,10.2,134.99,3845.0,28.83,Normal,0,0,0,No Action Required,22.309999999999945,1.230000000000004,0.0600000000000591,0.2299999999999999,3099.6141666666667,83.20833333333333,699.7516666666667,1.9625,100,1,Normal,5
2026-05-02 08:00:00,WELL-002,3111.26,84.1,707.81,1.93,16.71,10.26,130.68,4070.99,29.83,Normal,0,0,0,No Action Required,0.8900000000003274,0.1199999999999903,8.989999999999895,-0.1300000000000001,3098.9974999999995,83.37666666666667,700.1825,1.965,100,1,Normal,5
2026-05-02 08:05:00,WELL-002,3111.6,82.12,685.29,2.0,16.56,10.16,135.97,4141.85,29.4,Normal,0,0,0,No Action Required,0.3399999999996907,-1.979999999999989,-22.519999999999985,0.07,3097.5275,83.15583333333333,698.9708333333333,1.9633333333333327,100,1,Normal,5
2026-05-02 08:10:00,WELL-002,3106.78,81.98,706.54,2.13,16.34,10.21,131.31,3921.81,29.33,Normal,0,0,0,No Action Required,-4.819999999999709,-0.1400000000000005,21.25,0.1299999999999999,3097.5200000000004,83.00583333333334,699.3158333333332,1.9891666666666663,100,1,Normal,5
2026-05-02 08:15:00,WELL-002,3074.83,81.75,695.9,2.17,16.73,10.26,134.76,3919.69,28.69,Normal,0,0,0,No Action Required,-31.95000000000028,-0.2300000000000039,-10.639999999999986,0.04,3093.255,82.9875,699.2858333333334,2.005,100,1,Normal,5
2026-05-02 08:20:00,WELL-002,3107.25,83.75,691.48,2.18,16.29,10.21,134.01,3801.32,29.41,Normal,0,0,0,No Action Required,32.42000000000007,2.0,-4.419999999999959,0.0100000000000002,3092.7450000000003,83.1075,698.7608333333333,2.025,100,1,Normal,5
2026-05-02 08:25:00,WELL-002,3129.84,84.54,698.72,1.91,16.63,10.25,133.42,4027.57,28.56,Normal,0,0,0,No Action Required,22.590000000000146,0.7900000000000063,7.240000000000009,-0.2700000000000002,3096.5958333333333,83.19916666666667,697.9966666666666,2.023333333333333,100,1,Normal,5
2026-05-02 08:30:00,WELL-002,3087.0,83.72,699.65,2.02,17.05,10.29,130.36,3979.0,29.69,Normal,0,0,0,No Action Required,-42.84000000000015,-0.8200000000000074,0.92999999999995,0.1100000000000001,3098.3575,83.19500000000001,697.9808333333332,2.013333333333333,100,1,Normal,5
2026-05-02 08:35:00,WELL-002,3095.1,82.86,699.44,1.76,16.55,10.2,132.74,4106.5,29.51,Normal,0,0,0,No Action Required,8.099999999999909,-0.8599999999999994,-0.2099999999999227,-0.26,3098.3741666666665,83.04416666666667,697.8491666666667,2.000833333333333,100,1,Normal,5
2026-05-02 08:40:00,WELL-002,3061.91,82.09,677.45,1.96,16.68,10.25,131.63,3838.16,28.99,Normal,0,0,0,No Action Required,-33.190000000000055,-0.769999999999996,-21.99000000000001,0.1999999999999999,3095.1225,83.0025,696.8441666666666,1.9891666666666667,100,1,Normal,5
2026-05-02 08:45:00,WELL-002,3101.39,82.74,694.31,2.11,16.76,10.25,134.41,4002.86,29.53,Normal,0,0,0,No Action Required,39.48000000000002,0.6499999999999915,16.8599999999999,0.1499999999999999,3098.7825,83.03166666666667,696.1808333333333,2.0050000000000003,100,1,Normal,5
2026-05-02 08:50:00,WELL-002,3094.16,82.67,695.01,1.88,16.49,10.21,131.75,3883.6,29.59,Normal,0,0,0,No Action Required,-7.230000000000018,-0.0699999999999931,0.7000000000000455,-0.2299999999999999,3099.290833333333,83.025,695.8683333333333,2.0091666666666668,100,1,Normal,5
2026-05-02 08:55:00,WELL-002,3119.56,83.72,691.59,2.02,16.51,10.2,133.09,4004.1,29.58,Normal,0,0,0,No Action Required,25.40000000000009,1.0499999999999972,-3.419999999999959,0.1400000000000001,3100.056666666667,83.00333333333333,695.2658333333334,2.0058333333333334,100,1,Normal,5
2026-05-02 09:00:00,WELL-002,3058.97,82.38,696.29,1.88,16.73,10.33,132.84,3837.15,29.19,Normal,0,0,0,No Action Required,-60.59000000000015,-1.3400000000000034,4.699999999999932,-0.1400000000000001,3095.6991666666668,82.86,694.3058333333333,2.0016666666666665,100,1,Normal,5
2026-05-02 09:05:00,WELL-002,3115.31,82.67,684.43,2.01,17.1,10.22,132.42,3886.55,29.88,Normal,0,0,0,No Action Required,56.34000000000015,0.2900000000000062,-11.860000000000014,0.1299999999999999,3096.008333333333,82.90583333333333,694.2341666666666,2.0025,100,1,Normal,5
2026-05-02 09:10:00,WELL-002,3085.01,82.21,694.19,2.0,16.75,10.23,132.17,3828.45,28.63,Normal,0,0,0,No Action Required,-30.299999999999727,-0.4600000000000079,9.760000000000105,-0.0099999999999997,3094.194166666666,82.925,693.2049999999999,1.9916666666666665,100,1,Normal,5
2026-05-02 09:15:00,WELL-002,3095.68,82.85,688.93,2.03,16.02,10.21,133.42,4069.92,29.27,Normal,0,0,0,No Action Required,10.669999999999618,0.6400000000000006,-5.260000000000105,0.0299999999999998,3095.931666666667,83.01666666666667,692.6241666666666,1.98,100,1,Normal,5
2026-05-02 09:20:00,WELL-002,3100.79,80.47,683.42,1.94,16.79,10.15,132.03,3839.51,29.47,Normal,0,0,0,No Action Required,5.110000000000127,-2.3799999999999955,-5.509999999999991,-0.0899999999999998,3095.393333333333,82.74333333333333,691.9525,1.96,100,1,Normal,5
2026-05-02 09:25:00,WELL-002,3095.63,81.91,685.17,1.89,16.78,10.22,132.17,3896.88,30.1,Normal,0,0,0,No Action Required,-5.159999999999855,1.4399999999999975,1.75,-0.05,3092.5425,82.52416666666666,690.8233333333334,1.9583333333333333,100,1,Normal,5
2026-05-02 09:30:00,WELL-002,3085.47,82.04,676.52,1.93,16.93,10.23,135.27,3929.59,29.06,Normal,0,0,0,No Action Required,-10.16000000000031,0.1300000000000096,-8.649999999999977,0.04,3092.4149999999995,82.38416666666666,688.8958333333334,1.9508333333333328,100,1,Normal,5
2026-05-02 09:35:00,WELL-002,3123.17,80.35,699.07,1.93,15.93,10.36,131.31,3844.92,29.44,Normal,0,0,0,No Action Required,37.70000000000027,-1.690000000000012,22.550000000000068,0.0,3094.754166666667,82.175,688.8650000000001,1.965,100,1,Normal,5
2026-05-02 09:40:00,WELL-002,3087.87,81.15,698.42,1.9,17.63,10.16,136.28,3988.59,29.66,Normal,0,0,0,No Action Required,-35.30000000000018,0.8000000000000114,-0.650000000000091,-0.03,3096.9175,82.09666666666668,690.6124999999998,1.96,100,1,Normal,5
2026-05-02 09:45:00,WELL-002,3112.44,82.81,689.64,2.05,17.07,10.21,134.55,3920.58,29.05,Normal,0,0,0,No Action Required,24.570000000000164,1.6599999999999966,-8.779999999999973,0.1499999999999999,3097.838333333333,82.1025,690.2233333333334,1.955,100,1,Normal,5
2026-05-02 09:50:00,WELL-002,3108.74,83.4,682.82,2.03,16.53,10.15,135.03,4238.31,29.0,Normal,0,0,0,No Action Required,-3.700000000000273,0.5900000000000034,-6.819999999999936,-0.02,3099.0533333333333,82.16333333333333,689.2075,1.9675,100,1,Normal,5
2026-05-02 09:55:00,WELL-002,3099.12,82.0,710.93,1.82,16.41,10.21,134.42,3960.5,29.02,Normal,0,0,0,No Action Required,-9.61999999999989,-1.4000000000000057,28.1099999999999,-0.2099999999999997,3097.35,82.02,690.8191666666667,1.9508333333333328,100,1,Normal,5
2026-05-02 10:00:00,WELL-002,3072.18,80.71,689.49,1.93,16.42,10.33,132.03,4162.35,29.3,Normal,0,0,0,No Action Required,-26.94000000000005,-1.2900000000000065,-21.43999999999994,0.1099999999999998,3098.450833333334,81.88083333333334,690.2524999999999,1.955,100,1,Normal,5
2026-05-02 10:05:00,WELL-002,3063.59,82.46,694.85,1.91,16.91,10.15,131.69,4014.41,29.77,Normal,0,0,0,No Action Required,-8.58999999999969,1.75,5.360000000000014,-0.02,3094.140833333333,81.86333333333333,691.1208333333334,1.9466666666666663,100,1,Normal,5
2026-05-02 10:10:00,WELL-002,3083.47,82.25,694.69,2.02,16.78,10.25,132.62,3951.47,29.83,Normal,0,0,0,No Action Required,19.87999999999965,-0.2099999999999937,-0.1599999999999681,0.1100000000000001,3094.0125000000003,81.86666666666667,691.1625,1.9483333333333333,100,1,Normal,5
2026-05-02 10:15:00,WELL-002,3075.55,82.8,680.35,1.93,16.11,10.21,129.39,3937.55,29.7,Normal,0,0,0,No Action Required,-7.919999999999618,0.5499999999999972,-14.340000000000032,-0.09,3092.3350000000005,81.8625,690.4474999999999,1.94,100,1,Normal,5
2026-05-02 10:20:00,WELL-002,3071.73,84.15,683.34,1.99,16.86,10.25,133.09,3867.48,28.78,Normal,0,0,0,No Action Required,-3.820000000000164,1.3500000000000083,2.990000000000009,0.06,3089.9133333333334,82.16916666666667,690.4408333333334,1.9441666666666664,100,1,Normal,5
2026-05-02 10:25:00,WELL-002,3062.87,82.61,694.95,1.98,16.86,10.2,133.31,3934.75,29.37,Normal,0,0,0,No Action Required,-8.860000000000127,-1.5400000000000065,11.610000000000014,-0.01,3087.183333333333,82.2275,691.2558333333333,1.9516666666666664,100,1,Normal,5
2026-05-02 10:30:00,WELL-002,3121.23,83.79,700.86,1.95,16.15,10.26,133.68,3930.32,29.1,Normal,0,0,0,No Action Required,58.36000000000013,1.1800000000000068,5.909999999999968,-0.03,3090.163333333334,82.37333333333333,693.2841666666667,1.9533333333333327,100,1,Normal,5
2026-05-02 10:35:00,WELL-002,3057.29,82.17,683.15,1.92,16.14,10.22,132.74,3961.93,28.56,Normal,0,0,0,No Action Required,-63.940000000000055,-1.6200000000000043,-17.710000000000036,-0.03,3084.6733333333327,82.525,691.9575,1.9525,100,1,Normal,5
2026-05-02 10:40:00,WELL-002,3089.82,81.5,681.92,2.16,17.14,10.27,132.42,4089.01,29.61,Normal,0,0,0,No Action Required,32.5300000000002,-0.6700000000000017,-1.2300000000000182,0.2400000000000002,3084.835833333333,82.55416666666667,690.5825,1.9741666666666668,100,1,Normal,5
2026-05-02 10:45:00,WELL-002,3098.7,82.14,695.34,2.01,16.23,10.31,132.67,3854.52,29.63,Normal,0,0,0,No Action Required,8.879999999999654,0.6400000000000006,13.420000000000073,-0.1500000000000003,3083.6908333333336,82.49833333333333,691.0575,1.9708333333333328,100,1,Normal,5
2026-05-02 10:50:00,WELL-002,3088.9,81.33,690.05,2.22,17.07,10.27,133.19,3647.88,29.78,Normal,0,0,0,No Action Required,-9.799999999999727,-0.8100000000000023,-5.290000000000077,0.2100000000000004,3082.0375000000004,82.32583333333334,691.66,1.9866666666666664,100,1,Normal,5
2026-05-02 10:55:00,WELL-002,3113.55,80.56,688.57,1.86,17.2,10.31,127.69,4149.94,29.09,Normal,0,0,0,No Action Required,24.65000000000009,-0.769999999999996,-1.4799999999999045,-0.3600000000000001,3083.24,82.20583333333333,689.7966666666666,1.99,100,1,Normal,5
2026-05-02 11:00:00,WELL-002,3044.4,81.89,689.58,1.92,17.02,10.21,130.37,4134.25,29.02,Normal,0,0,0,No Action Required,-69.15000000000009,1.3299999999999983,1.009999999999991,0.0599999999999998,3080.925,82.30416666666666,689.8041666666667,1.9891666666666667,100,1,Normal,5
2026-05-02 11:05:00,WELL-002,3090.05,81.7,693.07,1.93,16.87,10.24,134.84,4011.51,28.64,Normal,0,0,0,No Action Required,45.65000000000009,-0.1899999999999977,3.490000000000009,0.01,3083.130000000001,82.24083333333334,689.6558333333332,1.9908333333333328,100,1,Normal,5
2026-05-02 11:10:00,WELL-002,3074.91,81.13,704.85,2.26,16.49,10.24,132.36,3961.67,29.28,Normal,0,0,0,No Action Required,-15.140000000000327,-0.5700000000000074,11.779999999999973,0.3299999999999998,3082.4166666666665,82.14750000000001,690.5025,2.0108333333333333,100,1,Normal,5
2026-05-02 11:15:00,WELL-002,3091.01,82.18,699.24,2.15,16.23,10.26,132.39,3882.67,29.77,Normal,0,0,0,No Action Required,16.100000000000364,1.0500000000000114,-5.610000000000014,-0.1099999999999998,3083.705,82.09583333333333,692.0766666666667,2.029166666666667,100,1,Normal,5
2026-05-02 11:20:00,WELL-002,3086.5,80.85,680.07,2.09,16.55,10.28,132.06,4071.82,29.49,Normal,0,0,0,No Action Required,-4.510000000000218,-1.3300000000000125,-19.16999999999996,-0.06,3084.935833333333,81.82083333333334,691.8041666666667,2.0375,100,1,Normal,5
2026-05-02 11:25:00,WELL-002,3087.13,82.0,677.74,1.87,16.81,10.25,130.97,3942.89,29.45,Normal,0,0,0,No Action Required,0.6300000000001091,1.1500000000000057,-2.330000000000041,-0.2199999999999997,3086.9575,81.77,690.37,2.0283333333333333,100,1,Normal,5
2026-05-02 11:30:00,WELL-002,3075.0,81.9,679.92,1.93,16.71,10.24,130.5,3834.84,28.88,Normal,0,0,0,No Action Required,-12.13000000000011,-0.0999999999999943,2.17999999999995,0.0599999999999998,3083.105,81.6125,688.625,2.0266666666666664,100,1,Normal,5
2026-05-02 11:35:00,WELL-002,3075.94,82.0,689.09,1.95,16.4,10.18,134.13,4029.66,29.76,Normal,0,0,0,No Action Required,0.9400000000000546,0.0999999999999943,9.170000000000073,0.02,3084.659166666667,81.59833333333333,689.12,2.029166666666667,100,1,Normal,5
2026-05-02 11:40:00,WELL-002,3079.94,82.35,696.89,1.64,16.81,10.24,133.17,3879.1,29.46,Normal,0,0,0,No Action Required,4.0,0.3499999999999943,7.799999999999954,-0.31,3083.835833333334,81.66916666666667,690.3675,1.985833333333333,100,1,Normal,5
2026-05-02 11:45:00,WELL-002,3078.78,82.15,690.29,1.98,17.23,10.18,130.2,3870.79,29.36,Normal,0,0,0,No Action Required,-1.1599999999998545,-0.1999999999999886,-6.600000000000023,0.3400000000000001,3082.175833333333,81.67,689.9466666666667,1.9833333333333327,100,1,Normal,5
2026-05-02 11:50:00,WELL-002,3092.16,80.56,695.55,1.9,16.66,10.32,131.89,3987.22,29.04,Normal,0,0,0,No Action Required,13.379999999999654,-1.5900000000000034,5.259999999999991,-0.08,3082.4475,81.60583333333334,690.4050000000001,1.9566666666666668,100,1,Normal,5
2026-05-02 11:55:00,WELL-002,3088.56,82.88,696.55,2.09,17.43,10.25,134.48,4061.71,29.01,Normal,0,0,0,No Action Required,-3.599999999999909,2.319999999999993,1.0,0.1899999999999999,3080.365,81.79916666666666,691.07,1.975833333333333,100,1,Normal,5
2026-05-02 12:00:00,WELL-002,3059.55,80.08,685.23,2.05,16.71,10.29,134.07,3659.19,29.15,Normal,0,0,0,No Action Required,-29.009999999999764,-2.799999999999997,-11.319999999999936,-0.04,3081.6275,81.64833333333333,690.7075,1.9866666666666664,100,1,Normal,5
2026-05-02 12:05:00,WELL-002,3104.58,78.56,678.69,1.91,16.88,10.32,135.4,3899.34,29.07,Normal,0,0,0,No Action Required,45.02999999999975,-1.519999999999996,-6.539999999999964,-0.1399999999999999,3082.838333333333,81.38666666666667,689.5091666666667,1.985,100,1,Normal,5
2026-05-02 12:10:00,WELL-002,3054.77,81.99,680.85,1.88,17.05,10.3,132.84,4002.86,29.1,Normal,0,0,0,No Action Required,-49.809999999999945,3.4299999999999926,2.159999999999968,-0.03,3081.16,81.45833333333333,687.5091666666666,1.9533333333333327,100,1,Normal,5
2026-05-02 12:15:00,WELL-002,3045.53,79.83,688.19,1.94,16.72,10.25,131.89,3852.16,29.73,Normal,0,0,0,No Action Required,-9.239999999999782,-2.1599999999999966,7.340000000000032,0.06,3077.3700000000003,81.2625,686.5883333333333,1.9358333333333333,100,1,Normal,5
2026-05-02 12:20:00,WELL-002,3081.92,80.54,684.54,1.85,17.2,10.34,136.07,3733.16,28.78,Normal,0,0,0,No Action Required,36.38999999999987,0.710000000000008,-3.650000000000091,-0.0899999999999998,3076.988333333333,81.23666666666666,686.9608333333334,1.9158333333333333,100,1,Normal,5
2026-05-02 12:25:00,WELL-002,3084.68,82.82,679.99,1.94,16.36,10.16,131.71,3900.5,29.8,Normal,0,0,0,No Action Required,2.7599999999997635,2.279999999999987,-4.5499999999999545,0.0899999999999998,3076.784166666667,81.30499999999999,687.1483333333334,1.9216666666666664,100,1,Normal,5
2026-05-02 12:30:00,WELL-002,3077.71,81.08,698.57,2.09,16.51,10.27,128.59,4072.07,29.37,Normal,0,0,0,No Action Required,-6.9699999999998,-1.7399999999999949,18.58000000000004,0.1499999999999999,3077.01,81.23666666666666,688.7025,1.935,100,1,Normal,5
2026-05-02 12:35:00,WELL-002,3064.87,80.95,673.48,1.94,16.96,10.23,134.03,3927.55,29.63,Normal,0,0,0,No Action Required,-12.840000000000146,-0.1299999999999954,-25.090000000000032,-0.1499999999999999,3076.0875,81.14916666666666,687.4016666666666,1.9341666666666664,100,1,Normal,5
2026-05-02 12:40:00,WELL-002,3037.24,79.3,687.3,2.04,16.61,10.26,133.52,3687.47,29.39,Normal,0,0,0,No Action Required,-27.63000000000011,-1.6500000000000057,13.819999999999936,0.1,3072.5291666666667,80.895,686.6025,1.9675,100,1,Normal,5
2026-05-02 12:45:00,WELL-002,3024.78,80.52,689.75,1.98,16.24,10.23,129.75,3890.57,29.75,Normal,0,0,0,No Action Required,-12.459999999999582,1.2199999999999989,2.450000000000045,-0.06,3068.0291666666667,80.75916666666667,686.5575,1.9675,100,1,Normal,5
2026-05-02 12:50:00,WELL-002,3087.49,82.01,673.42,2.02,16.48,10.29,132.5,4204.29,29.66,Normal,0,0,0,No Action Required,62.70999999999958,1.490000000000009,-16.33000000000004,0.04,3067.64,80.88,684.7133333333335,1.9775,100,1,Normal,5
2026-05-02 12:55:00,WELL-002,3077.39,81.9,685.48,1.94,16.48,10.15,132.4,4026.28,29.08,Normal,0,0,0,No Action Required,-10.099999999999907,-0.1099999999999994,12.06000000000006,-0.08,3066.709166666666,80.79833333333333,683.7908333333334,1.965,100,1,Normal,5
2026-05-02 13:00:00,WELL-002,3058.51,81.04,704.54,2.01,16.86,10.23,128.57,4103.29,29.71,Normal,0,0,0,No Action Required,-18.87999999999965,-0.8599999999999994,19.059999999999945,0.0699999999999998,3066.6225,80.87833333333334,685.4,1.961666666666667,100,1,Normal,5
2026-05-02 13:05:00,WELL-002,3071.03,81.02,686.49,2.11,16.15,10.26,133.49,4000.49,29.32,Normal,0,0,0,No Action Required,12.519999999999982,-0.0200000000000102,-18.049999999999955,0.1,3063.8266666666664,81.08333333333333,686.0500000000001,1.9783333333333333,100,1,Normal,5
2026-05-02 13:10:00,WELL-002,3079.63,81.38,691.83,2.14,16.54,10.27,131.84,3896.41,29.57,Normal,0,0,0,No Action Required,8.599999999999909,0.3599999999999994,5.340000000000032,0.0300000000000002,3065.898333333333,81.0325,686.965,2.0,100,1,Normal,5
2026-05-02 13:15:00,WELL-002,3064.02,81.72,689.49,2.03,16.4,10.23,133.6,3956.07,29.83,Normal,0,0,0,No Action Required,-15.610000000000127,0.3400000000000034,-2.340000000000032,-0.1100000000000003,3067.4391666666666,81.19000000000001,687.0733333333334,2.0075,100,1,Normal,5
2026-05-02 13:20:00,WELL-002,3067.61,81.74,682.98,1.9,16.75,10.23,132.32,4175.56,29.6,Normal,0,0,0,No Action Required,3.590000000000145,0.019999999999996,-6.509999999999991,-0.1299999999999999,3066.2466666666664,81.29,686.9433333333333,2.0116666666666663,100,1,Normal,5
2026-05-02 13:25:00,WELL-002,3057.52,80.45,672.67,1.94,16.31,10.23,131.84,3921.38,29.28,Normal,0,0,0,No Action Required,-10.090000000000146,-1.289999999999992,-10.31000000000006,0.04,3063.9833333333336,81.0925,686.3333333333334,2.0116666666666667,100,1,Normal,5
2026-05-02 13:30:00,WELL-002,3052.93,80.68,697.82,2.1,16.68,10.31,134.25,3840.96,29.57,Normal,0,0,0,No Action Required,-4.5900000000001455,0.2300000000000039,25.15000000000009,0.1600000000000001,3061.918333333333,81.05916666666667,686.2708333333334,2.0125,100,1,Normal,5
2026-05-02 13:35:00,WELL-002,3066.17,81.81,672.52,2.4,16.31,10.25,130.14,3872.91,29.56,Normal,0,0,0,No Action Required,13.240000000000236,1.1299999999999957,-25.300000000000068,0.2999999999999998,3062.026666666666,81.13083333333333,686.1908333333334,2.0508333333333333,100,1,Normal,5
2026-05-02 13:40:00,WELL-002,3055.98,79.51,680.12,2.06,16.54,10.35,132.55,3844.45,29.44,Normal,0,0,0,No Action Required,-10.190000000000056,-2.299999999999997,7.600000000000023,-0.3399999999999998,3063.588333333333,81.14833333333333,685.5925000000001,2.0525,100,1,Normal,5
2026-05-02 13:45:00,WELL-002,3031.91,81.02,688.86,1.89,16.75,10.31,134.02,4169.02,28.85,Normal,0,0,0,No Action Required,-24.070000000000164,1.509999999999991,8.740000000000009,-0.1700000000000001,3064.1825000000003,81.19,685.5183333333334,2.045,100,1,Normal,5
2026-05-02 13:50:00,WELL-002,3043.61,80.44,688.53,1.79,16.76,10.32,128.75,4087.91,29.01,Normal,0,0,0,No Action Required,11.700000000000273,-0.5799999999999983,-0.3300000000000409,-0.0999999999999998,3060.5258333333336,81.05916666666667,686.7775,2.0258333333333334,100,1,Normal,5
2026-05-02 13:55:00,WELL-002,3041.81,81.25,680.04,2.13,16.99,10.22,131.26,4026.17,29.48,Normal,0,0,0,No Action Required,-1.800000000000182,0.8100000000000023,-8.490000000000009,0.3399999999999998,3057.560833333333,81.00500000000001,686.3241666666667,2.0416666666666665,100,1,Normal,5
2026-05-02 14:00:00,WELL-002,3061.24,79.84,689.28,2.09,16.75,10.31,132.63,3737.47,29.06,Normal,0,0,0,No Action Required,19.42999999999984,-1.4099999999999966,9.240000000000007,-0.04,3057.7883333333334,80.905,685.0524999999999,2.0483333333333333,100,1,Normal,5
2026-05-02 14:05:00,WELL-002,3065.42,82.34,696.32,1.77,17.16,10.21,131.48,3800.34,29.17,Normal,0,0,0,No Action Required,4.180000000000291,2.5,7.040000000000077,-0.3199999999999998,3057.3208333333337,81.015,685.8716666666666,2.02,100,1,Normal,5
2026-05-02 14:10:00,WELL-002,3039.07,81.2,685.0,1.84,16.91,10.18,132.2,4077.2,28.82,Normal,0,0,0,No Action Required,-26.34999999999991,-1.1400000000000006,-11.32000000000005,0.07,3053.9408333333336,81.0,685.3024999999999,1.995,100,1,Normal,5
2026-05-02 14:15:00,WELL-002,3066.29,79.3,685.84,1.96,16.14,10.19,133.7,3698.75,29.98,Normal,0,0,0,No Action Required,27.2199999999998,-1.9000000000000057,0.8400000000000318,0.1199999999999998,3054.13,80.79833333333333,684.9983333333333,1.9891666666666663,100,1,Normal,5
2026-05-02 14:20:00,WELL-002,3027.57,80.75,694.95,2.0,16.83,10.34,130.92,3915.41,29.23,Normal,0,0,0,No Action Required,-38.7199999999998,1.4500000000000028,9.110000000000014,0.04,3050.793333333333,80.71583333333332,685.9958333333334,1.9975,100,1,Normal,5
2026-05-02 14:25:00,WELL-002,3049.91,80.48,689.57,2.2,16.73,10.28,133.54,3811.64,29.23,Normal,0,0,0,No Action Required,22.33999999999969,-0.269999999999996,-5.379999999999996,0.2000000000000001,3050.1591666666664,80.71833333333333,687.4041666666667,2.0191666666666666,100,1,Normal,5
2026-05-02 14:30:00,WELL-002,3043.66,78.97,693.75,1.91,16.17,10.16,129.22,3943.79,29.4,Normal,0,0,0,No Action Required,-6.25,-1.5100000000000051,4.17999999999995,-0.2900000000000002,3049.3866666666668,80.57583333333334,687.065,2.0033333333333334,100,1,Normal,5
2026-05-02 14:35:00,WELL-002,3045.17,78.96,692.36,1.99,16.4,10.18,134.36,4036.68,29.14,Normal,0,0,0,No Action Required,1.5100000000002185,-0.0100000000000051,-1.3899999999999864,0.08,3047.6366666666668,80.33833333333334,688.7183333333332,1.9691666666666665,100,1,Normal,5
2026-05-02 14:40:00,WELL-002,3076.59,80.25,706.99,2.09,16.28,10.25,129.65,4057.72,29.72,Normal,0,0,0,No Action Required,31.42000000000008,1.2900000000000065,14.629999999999995,0.0999999999999998,3049.3541666666665,80.4,690.9575,1.971666666666667,100,1,Normal,5
2026-05-02 14:45:00,WELL-002,3096.48,80.77,702.03,2.05,17.36,10.24,132.6,3811.93,29.07,Normal,0,0,0,No Action Required,19.88999999999988,0.519999999999996,-4.960000000000036,-0.04,3054.735,80.37916666666668,692.055,1.985,100,1,Normal,5
2026-05-02 14:50:00,WELL-002,3057.36,80.49,688.3,2.01,16.35,10.33,132.85,3884.22,28.99,Normal,0,0,0,No Action Required,-39.11999999999989,-0.2800000000000011,-13.730000000000018,-0.04,3055.880833333333,80.38333333333334,692.0358333333334,2.0033333333333334,100,1,Normal,5
2026-05-02 14:55:00,WELL-002,3051.34,80.55,702.27,1.99,16.93,10.24,135.51,3801.38,29.23,Normal,0,0,0,No Action Required,-6.019999999999982,0.0600000000000022,13.970000000000027,-0.0199999999999997,3056.675,80.325,693.8883333333333,1.9916666666666665,100,1,Normal,5
2026-05-02 15:00:00,WELL-002,3050.66,81.3,689.82,1.82,16.46,10.23,136.94,4022.04,29.21,Normal,0,0,0,No Action Required,-0.680000000000291,0.75,-12.449999999999932,-0.1699999999999999,3055.793333333333,80.44666666666666,693.9333333333333,1.969166666666667,100,1,Normal,5
2026-05-02 15:05:00,WELL-002,3044.54,79.29,694.98,1.86,16.65,10.13,129.8,3777.01,29.64,Normal,0,0,0,No Action Required,-6.119999999999891,-2.009999999999991,5.159999999999968,0.04,3054.0533333333337,80.19250000000001,693.8216666666667,1.9766666666666663,100,1,Normal,5
2026-05-02 15:10:00,WELL-002,3064.39,79.78,691.69,1.99,16.26,10.2,135.0,4091.83,28.9,Normal,0,0,0,No Action Required,19.84999999999991,0.4899999999999949,-3.289999999999964,0.1299999999999999,3056.1633333333334,80.07416666666667,694.3791666666666,1.9891666666666663,100,1,Normal,5
2026-05-02 15:15:00,WELL-002,3035.03,80.34,697.55,1.95,17.2,10.23,128.98,4100.59,29.52,Normal,0,0,0,No Action Required,-29.35999999999968,0.5600000000000023,5.8599999999999,-0.04,3053.558333333334,80.16083333333334,695.355,1.9883333333333333,100,1,Normal,5
2026-05-02 15:20:00,WELL-002,3083.44,79.43,681.8,1.99,16.69,10.19,128.41,3874.41,29.95,Normal,0,0,0,No Action Required,48.409999999999854,-0.9099999999999966,-15.75,0.04,3058.214166666667,80.05083333333333,694.2591666666667,1.9875,100,1,Normal,5
2026-05-02 15:25:00,WELL-002,3060.6,80.08,679.45,2.05,16.22,10.32,133.93,3894.73,29.63,Normal,0,0,0,No Action Required,-22.840000000000146,0.6499999999999915,-2.349999999999909,0.0599999999999998,3059.105,80.0175,693.4158333333334,1.975,100,1,Normal,5
2026-05-02 15:30:00,WELL-002,3024.12,80.81,694.62,2.02,16.92,10.23,134.63,3925.78,29.99,Normal,0,0,0,No Action Required,-36.48000000000002,0.730000000000004,15.16999999999996,-0.0299999999999998,3057.476666666667,80.17083333333333,693.4883333333333,1.9841666666666664,100,1,Normal,5
2026-05-02 15:35:00,WELL-002,3038.38,78.76,685.75,1.86,16.49,10.26,130.73,3923.83,29.76,Normal,0,0,0,No Action Required,14.260000000000218,-2.049999999999997,-8.870000000000005,-0.1599999999999999,3056.9108333333334,80.15416666666665,692.9375,1.9733333333333327,100,1,Normal,5
2026-05-02 15:40:00,WELL-002,3036.66,78.76,687.34,1.92,17.07,10.36,130.97,3995.57,29.28,Normal,0,0,0,No Action Required,-1.7200000000002549,0.0,1.5900000000000318,0.0599999999999998,3053.583333333333,80.03,691.3000000000001,1.9591666666666667,100,1,Normal,5
2026-05-02 15:45:00,WELL-002,3039.97,80.19,696.99,1.93,16.15,10.21,131.96,3842.04,29.79,Normal,0,0,0,No Action Required,3.309999999999945,1.4299999999999926,9.649999999999975,0.01,3048.8741666666665,79.98166666666667,690.88,1.9491666666666667,100,1,Normal,5
2026-05-02 15:50:00,WELL-002,3052.58,79.73,689.49,2.03,17.23,10.2,132.4,4075.06,29.19,Normal,0,0,0,No Action Required,12.610000000000127,-0.4599999999999937,-7.5,0.0999999999999998,3048.4758333333334,79.91833333333334,690.9791666666666,1.9508333333333328,100,1,Normal,5
2026-05-02 15:55:00,WELL-002,3064.15,80.12,698.05,1.78,16.19,10.29,130.63,3843.25,28.74,Normal,0,0,0,No Action Required,11.570000000000164,0.3900000000000005,8.559999999999945,-0.2499999999999997,3049.543333333333,79.88250000000001,690.6274999999999,1.933333333333333,100,1,Normal,5
2026-05-02 16:00:00,WELL-002,2991.18,79.46,694.12,1.91,17.66,10.21,132.2,4031.02,29.45,Normal,0,0,0,No Action Required,-72.97000000000025,-0.6600000000000108,-3.92999999999995,0.1299999999999999,3044.5866666666666,79.72916666666667,690.9858333333333,1.9408333333333327,100,1,Normal,5
2026-05-02 16:05:00,WELL-002,3049.21,79.7,704.5,1.93,16.72,10.25,129.86,3935.55,29.23,Normal,0,0,0,No Action Required,58.0300000000002,0.2400000000000091,10.379999999999995,0.02,3044.9758333333334,79.76333333333334,691.7791666666667,1.9466666666666663,100,1,Normal,5
2026-05-02 16:10:00,WELL-002,3042.67,78.34,681.64,2.0,16.21,10.23,134.95,4092.1,29.11,Normal,0,0,0,No Action Required,-6.539999999999964,-1.3599999999999994,-22.860000000000014,0.07,3043.165833333333,79.64333333333333,690.9416666666666,1.9475,100,1,Normal,5
2026-05-02 16:15:00,WELL-002,3058.19,79.04,682.58,2.0,16.8,10.24,131.5,4167.54,29.46,Normal,0,0,0,No Action Required,15.519999999999982,0.7000000000000028,0.9400000000000546,0.0,3045.0958333333333,79.535,689.6941666666667,1.9516666666666664,100,1,Normal,5
2026-05-02 16:20:00,WELL-002,3070.79,79.48,696.53,2.12,16.65,10.19,133.82,3936.76,29.43,Normal,0,0,0,No Action Required,12.599999999999907,0.4399999999999977,13.949999999999932,0.1200000000000001,3044.0416666666665,79.53916666666667,690.9216666666667,1.9625,100,1,Normal,5
2026-05-02 16:25:00,WELL-002,3036.12,79.12,703.55,2.09,16.03,10.24,136.89,3988.4,29.63,Normal,0,0,0,No Action Required,-34.67000000000007,-0.3599999999999994,7.019999999999982,-0.0300000000000002,3042.0016666666666,79.45916666666666,692.93,1.965833333333333,100,1,Normal,5
2026-05-02 16:30:00,WELL-002,3046.92,77.89,690.92,1.73,16.88,10.23,134.64,4021.86,29.6,Normal,0,0,0,No Action Required,10.800000000000182,-1.230000000000004,-12.629999999999995,-0.3599999999999999,3043.901666666666,79.21583333333334,692.6216666666666,1.9416666666666669,100,1,Normal,5
2026-05-02 16:35:00,WELL-002,3060.39,77.57,693.9,1.86,16.65,10.29,134.25,3940.75,29.58,Normal,0,0,0,No Action Required,13.4699999999998,-0.3200000000000074,2.980000000000018,0.1300000000000001,3045.7358333333327,79.11666666666666,693.3008333333333,1.9416666666666669,100,1,Normal,5
2026-05-02 16:40:00,WELL-002,3051.47,79.82,691.76,1.81,16.95,10.35,132.37,3976.24,29.15,Normal,0,0,0,No Action Required,-8.920000000000073,2.25,-2.1399999999999864,-0.05,3046.97,79.205,693.6691666666666,1.9325,100,1,Normal,5
2026-05-02 16:45:00,WELL-002,3076.06,80.73,702.04,2.07,16.72,10.2,134.71,3859.23,29.11,Normal,0,0,0,No Action Required,24.590000000000146,0.9100000000000108,10.279999999999973,0.2599999999999998,3049.9775000000004,79.25,694.09,1.9441666666666664,100,1,Normal,5
2026-05-02 16:50:00,WELL-002,3053.46,77.51,703.19,2.1,16.74,10.25,130.94,4007.9,28.97,Normal,0,0,0,No Action Required,-22.59999999999991,-3.219999999999999,1.150000000000091,0.0300000000000002,3050.050833333333,79.065,695.2316666666667,1.95,100,1,Normal,5
2026-05-02 16:55:00,WELL-002,3024.08,80.15,695.62,2.2,16.97,10.19,133.25,3988.8,29.17,Normal,0,0,0,No Action Required,-29.38000000000011,2.640000000000001,-7.57000000000005,0.1,3046.711666666666,79.06750000000001,695.0291666666667,1.985,100,1,Normal,5
2026-05-02 17:00:00,WELL-002,3033.21,77.84,710.53,2.04,16.05,10.33,134.64,4098.73,30.29,Normal,0,0,0,No Action Required,9.13000000000011,-2.3100000000000023,14.909999999999968,-0.1600000000000001,3050.214166666666,78.93249999999999,696.3966666666666,1.995833333333333,100,1,Normal,5
2026-05-02 17:05:00,WELL-002,3046.73,79.64,677.97,2.0,16.49,10.2,130.25,4003.01,28.96,Normal,0,0,0,No Action Required,13.519999999999982,1.7999999999999972,-32.559999999999945,-0.04,3050.0075,78.92750000000001,694.1858333333333,2.0016666666666665,100,1,Normal,5
2026-05-02 17:10:00,WELL-002,3058.82,78.0,683.77,2.19,17.1,10.18,131.69,3948.46,29.6,Normal,0,0,0,No Action Required,12.090000000000146,-1.6400000000000006,5.7999999999999545,0.1899999999999999,3051.353333333333,78.89916666666666,694.3633333333332,2.0175,100,1,Normal,5
2026-05-02 17:15:00,WELL-002,3056.48,78.99,698.04,2.02,16.19,10.22,133.25,3944.91,30.08,Normal,0,0,0,No Action Required,-2.340000000000145,0.9899999999999948,14.269999999999982,-0.1699999999999999,3051.210833333333,78.895,695.6516666666666,2.0191666666666666,100,1,Normal,5
2026-05-02 17:20:00,WELL-002,3040.37,77.72,699.96,1.92,16.72,10.15,133.86,4022.08,29.3,Normal,0,0,0,No Action Required,-16.110000000000127,-1.269999999999996,1.9200000000000728,-0.1,3048.675833333333,78.74833333333333,695.9375,2.0025,100,1,Normal,5
2026-05-02 17:25:00,WELL-002,3024.29,79.73,694.23,2.03,16.71,10.13,135.34,4022.77,29.91,Normal,0,0,0,No Action Required,-16.079999999999927,2.010000000000005,-5.730000000000018,0.1099999999999998,3047.69,78.79916666666666,695.1608333333334,1.9975,100,1,Normal,5
2026-05-02 17:30:00,WELL-002,3013.53,77.52,697.86,1.84,16.55,10.22,132.78,3821.64,28.96,Normal,0,0,0,No Action Required,-10.759999999999764,-2.210000000000008,3.629999999999996,-0.1899999999999997,3044.9075,78.76833333333333,695.7391666666666,2.0066666666666664,100,1,Normal,5
2026-05-02 17:35:00,WELL-002,3041.5,78.3,702.06,2.26,16.37,10.24,131.62,3837.38,29.29,Normal,0,0,0,No Action Required,27.9699999999998,0.7800000000000011,4.199999999999932,0.4199999999999997,3043.333333333333,78.82916666666667,696.4191666666667,2.04,100,1,Normal,5
2026-05-02 17:40:00,WELL-002,3057.54,80.62,691.81,2.02,17.41,10.23,137.72,3852.5,28.48,Normal,0,0,0,No Action Required,16.039999999999964,2.3200000000000074,-10.25,-0.2399999999999997,3043.839166666666,78.89583333333333,696.4233333333333,2.0575,100,1,Normal,5
2026-05-02 17:45:00,WELL-002,3072.29,79.64,695.43,2.14,17.13,10.27,130.82,3882.88,29.36,Normal,0,0,0,No Action Required,14.75,-0.980000000000004,3.620000000000005,0.1200000000000001,3043.525,78.805,695.8725,2.063333333333333,100,1,Normal,5
2026-05-02 17:50:00,WELL-002,3074.72,79.58,694.97,2.15,16.27,10.19,131.9,4066.45,28.29,Normal,0,0,0,No Action Required,2.4299999999998363,-0.0600000000000022,-0.4599999999999227,0.0099999999999997,3045.2966666666666,78.9775,695.1875,2.0675,100,1,Normal,5
2026-05-02 17:55:00,WELL-002,3038.72,79.15,705.27,1.83,16.46,10.22,127.03,4066.67,29.6,Normal,0,0,0,No Action Required,-36.0,-0.4299999999999926,10.299999999999956,-0.3199999999999998,3046.516666666667,78.89416666666666,695.9916666666667,2.036666666666666,100,1,Normal,5
2026-05-02 18:00:00,WELL-002,3026.48,79.5,708.54,2.1,17.01,10.27,135.11,4001.39,28.72,Normal,0,0,0,No Action Required,-12.239999999999782,0.3499999999999943,3.269999999999982,0.27,3045.955833333333,79.03250000000001,695.8258333333333,2.0416666666666665,100,1,Normal,5
2026-05-02 18:05:00,WELL-002,3044.42,78.91,703.36,1.81,15.7,10.33,133.69,4036.59,29.84,Normal,0,0,0,No Action Required,17.940000000000055,-0.5900000000000034,-5.17999999999995,-0.29,3045.763333333334,78.97166666666666,697.9416666666666,2.0258333333333334,100,1,Normal,5
2026-05-02 18:10:00,WELL-002,3025.83,79.54,701.78,2.05,16.1,10.26,133.36,3914.01,28.54,Normal,0,0,0,No Action Required,-18.590000000000146,0.6300000000000097,-1.580000000000041,0.2399999999999997,3043.0141666666664,79.10000000000001,699.4425,2.0141666666666667,100,1,Normal,5
2026-05-02 18:15:00,WELL-002,3066.07,78.93,693.29,1.81,16.96,10.2,130.75,3918.39,29.42,Normal,0,0,0,No Action Required,40.24000000000024,-0.6099999999999994,-8.490000000000009,-0.2399999999999997,3043.813333333333,79.09500000000001,699.0466666666666,1.9966666666666668,100,1,Normal,5
2026-05-02 18:20:00,WELL-002,3073.93,77.95,707.87,2.12,17.05,10.28,133.39,4206.34,29.46,Normal,0,0,0,No Action Required,7.859999999999673,-0.980000000000004,14.58000000000004,0.31,3046.61,79.11416666666666,699.7058333333333,2.013333333333333,100,1,Normal,5
2026-05-02 18:25:00,WELL-002,3055.69,80.43,701.75,1.92,16.41,10.22,132.74,3837.49,28.87,Normal,0,0,0,No Action Required,-18.23999999999978,2.480000000000004,-6.1200000000000045,-0.2000000000000001,3049.226666666667,79.1725,700.3325,2.004166666666667,100,1,Normal,5
2026-05-02 18:30:00,WELL-002,3071.43,80.79,719.31,2.08,16.7,10.26,131.01,3832.29,29.09,Normal,0,0,0,No Action Required,15.739999999999782,0.3599999999999994,17.559999999999945,0.1600000000000001,3054.0516666666667,79.44500000000001,702.1199999999999,2.0241666666666664,100,1,Normal,5
2026-05-02 18:35:00,WELL-002,3045.84,78.06,698.5,1.94,16.9,10.22,132.77,3928.11,29.16,Normal,0,0,0,No Action Required,-25.58999999999969,-2.730000000000004,-20.809999999999945,-0.1400000000000001,3054.413333333334,79.425,701.8233333333333,1.9975000000000005,100,1,Normal,5
2026-05-02 18:40:00,WELL-002,3047.0,78.9,699.23,1.94,16.21,10.28,133.1,3877.73,28.9,Normal,0,0,0,No Action Required,1.1599999999998545,0.8400000000000034,0.7300000000000182,0.0,3053.535,79.28166666666667,702.4416666666666,1.9908333333333328,100,1,Normal,5
2026-05-02 18:45:00,WELL-002,3020.23,80.87,708.65,1.91,16.92,10.31,133.19,3849.28,29.31,Normal,0,0,0,No Action Required,-26.769999999999985,1.9699999999999989,9.41999999999996,-0.03,3049.1966666666667,79.38416666666667,703.5433333333334,1.9716666666666665,100,1,Normal,5
2026-05-02 18:50:00,WELL-002,3031.49,79.45,705.28,1.75,16.24,10.28,134.06,3867.8,28.72,Normal,0,0,0,No Action Required,11.259999999999764,-1.4200000000000017,-3.3700000000000045,-0.1599999999999999,3045.5941666666663,79.37333333333333,704.4025,1.9383333333333328,100,1,Normal,5
2026-05-02 18:55:00,WELL-002,3033.53,77.56,714.32,2.13,16.84,10.27,132.36,3809.26,28.43,Normal,0,0,0,No Action Required,2.0400000000004184,-1.8900000000000008,9.040000000000076,0.3799999999999999,3045.161666666667,79.24083333333333,705.1566666666666,1.9633333333333336,100,1,Normal,5
2026-05-02 19:00:00,WELL-002,3059.62,81.01,709.69,2.07,16.68,10.23,134.9,3864.41,29.19,Normal,0,0,0,No Action Required,26.08999999999969,3.450000000000003,-4.629999999999996,-0.06,3047.9233333333336,79.36666666666667,705.2524999999999,1.9608333333333328,100,1,Normal,5
2026-05-02 19:05:00,WELL-002,3035.56,77.86,701.82,1.78,16.77,10.23,129.01,4038.7,29.11,Normal,0,0,0,No Action Required,-24.059999999999945,-3.1500000000000057,-7.870000000000003,-0.2899999999999998,3047.1849999999995,79.27916666666667,705.1241666666666,1.9583333333333333,100,1,Normal,5
2026-05-02 19:10:00,WELL-002,3072.96,80.78,701.43,1.98,16.44,10.14,133.98,3941.97,29.11,Normal,0,0,0,No Action Required,37.40000000000009,2.9200000000000017,-0.3900000000001,0.1999999999999999,3051.1125000000006,79.38250000000001,705.0949999999999,1.9525,100,1,Normal,5
2026-05-02 19:15:00,WELL-002,3039.09,78.98,699.49,2.04,17.12,10.24,130.83,3821.56,29.98,Normal,0,0,0,No Action Required,-33.86999999999989,-1.7999999999999972,-1.9399999999999409,0.06,3048.8641666666667,79.38666666666667,705.6116666666667,1.9716666666666665,100,1,Normal,5
2026-05-02 19:20:00,WELL-002,3026.77,79.21,700.38,2.01,16.9,10.22,132.71,3816.46,28.89,Normal,0,0,0,No Action Required,-12.320000000000164,0.2299999999999897,0.8899999999999864,-0.0300000000000002,3044.934166666668,79.49166666666667,704.9875000000001,1.9625,100,1,Normal,5
2026-05-02 19:25:00,WELL-002,3056.85,77.71,713.33,1.81,17.1,10.27,134.3,3942.24,29.19,Normal,0,0,0,No Action Required,30.079999999999927,-1.5,12.950000000000044,-0.1999999999999997,3045.0308333333337,79.265,705.9525,1.9533333333333327,100,1,Normal,5
2026-05-02 19:30:00,WELL-002,3042.53,78.33,704.31,1.82,16.63,10.21,134.51,3978.36,29.17,Normal,0,0,0,No Action Required,-14.319999999999707,0.6200000000000045,-9.020000000000095,0.01,3042.6225,79.06,704.7025,1.9316666666666664,100,1,Normal,5
2026-05-02 19:35:00,WELL-002,3052.71,79.54,707.78,1.97,16.81,10.2,134.44,4013.25,29.5,Normal,0,0,0,No Action Required,10.179999999999836,1.210000000000008,3.470000000000028,0.1499999999999999,3043.195,79.18333333333332,705.4758333333333,1.9341666666666668,100,1,Normal,5
2026-05-02 19:40:00,WELL-002,3047.56,79.66,711.59,2.11,16.55,10.19,132.1,3787.85,29.33,Normal,0,0,0,No Action Required,-5.150000000000091,0.1199999999999903,3.810000000000059,0.1399999999999999,3043.2416666666663,79.24666666666667,706.5058333333333,1.9483333333333333,100,1,Normal,5
2026-05-02 19:45:00,WELL-002,3431.04,79.06,702.2,1.94,27.98,10.29,136.85,3824.27,29.02,Kick Risk,1,Critical,100,Immediate inspection and pressure control check,383.48,-0.5999999999999943,-9.389999999999986,-0.1699999999999999,3077.4758333333334,79.09583333333333,705.9683333333332,1.9508333333333328,10,1,Kick Risk,100
2026-05-02 19:50:00,WELL-002,3433.32,79.58,722.02,2.08,31.43,10.17,132.47,3904.86,29.86,Kick Risk,1,Critical,100,Immediate inspection and pressure control check,2.2800000000002,0.519999999999996,19.819999999999936,0.1400000000000001,3110.9616666666666,79.10666666666667,707.3633333333333,1.9783333333333333,10,1,Kick Risk,100
2026-05-02 19:55:00,WELL-002,3444.83,79.23,701.15,1.98,32.83,10.14,130.38,3950.49,29.8,Kick Risk,1,Critical,100,Immediate inspection and pressure control check,11.509999999999764,-0.3499999999999943,-20.870000000000005,-0.1,3145.236666666666,79.24583333333334,706.2658333333334,1.965833333333333,10,1,Kick Risk,100
2026-05-02 20:00:00,WELL-002,3410.59,79.52,720.35,1.98,33.05,10.21,136.14,3926.57,28.9,Kick Risk,1,Critical,100,Immediate inspection and pressure control check,-34.23999999999978,0.289999999999992,19.200000000000045,0.0,3174.4841666666666,79.12166666666667,707.1541666666667,1.9583333333333333,10,1,Kick Risk,100
2026-05-02 20:05:00,WELL-002,3405.14,79.86,708.67,2.07,33.55,10.21,132.15,4003.18,29.2,Kick Risk,1,Critical,100,Immediate inspection and pressure control check,-5.450000000000273,0.3400000000000034,-11.680000000000064,0.0899999999999998,3205.2825000000007,79.28833333333334,707.725,1.9825,10,1,Kick Risk,100
2026-05-02 20:10:00,WELL-002,3397.08,79.42,713.4,2.03,28.26,10.24,132.7,4076.92,29.64,Kick Risk,1,Critical,100,Immediate inspection and pressure control check,-8.059999999999945,-0.4399999999999977,4.730000000000018,-0.04,3232.2925,79.175,708.7225,1.9866666666666664,10,1,Kick Risk,100
2026-05-02 20:15:00,WELL-002,3060.34,91.61,720.05,1.81,17.23,10.3,133.41,3852.62,28.84,Sensor Drift,1,Low,40,Calibrate sensor during next maintenance,-336.7399999999998,12.189999999999998,6.649999999999977,-0.2199999999999997,3234.063333333333,80.2275,710.4358333333333,1.9675,80,1,Sensor Drift,30
2026-05-02 20:20:00,WELL-002,3045.99,92.63,711.34,1.97,16.75,10.23,132.45,3851.49,28.74,Sensor Drift,1,Low,40,Calibrate sensor during next maintenance,-14.350000000000364,1.019999999999996,-8.709999999999923,0.1599999999999999,3235.6650000000004,81.34583333333333,711.3491666666667,1.9641666666666664,80,1,Sensor Drift,30
2026-05-02 20:25:00,WELL-002,3059.36,90.34,712.27,1.98,17.03,10.2,134.22,4005.29,29.39,Sensor Drift,1,Low,40,Calibrate sensor during next maintenance,13.370000000000346,-2.289999999999992,0.92999999999995,0.01,3235.8741666666665,82.39833333333334,711.2608333333333,1.9783333333333333,80,1,Sensor Drift,30
2026-05-02 20:30:00,WELL-002,3031.4,89.62,695.88,1.88,16.66,10.24,131.76,3975.05,29.64,Sensor Drift,1,Low,40,Calibrate sensor during next maintenance,-27.96000000000004,-0.7199999999999989,-16.389999999999986,-0.1,3234.9466666666667,83.33916666666667,710.5583333333333,1.9833333333333327,80,1,Sensor Drift,30
2026-05-02 20:35:00,WELL-002,3045.29,89.57,705.94,2.03,16.84,10.3,132.42,3977.3,29.52,Sensor Drift,1,Low,40,Calibrate sensor during next maintenance,13.889999999999873,-0.0500000000000113,10.06000000000006,0.1499999999999999,3234.3283333333334,84.175,710.4050000000001,1.9883333333333333,80,1,Sensor Drift,30
2026-05-02 20:40:00,WELL-002,3074.41,93.65,713.72,2.03,16.64,10.18,134.36,4052.98,29.51,Sensor Drift,1,Low,40,Calibrate sensor during next maintenance,29.11999999999989,4.0800000000000125,7.779999999999973,0.0,3236.5658333333336,85.34083333333332,710.5825,1.9816666666666665,80,1,Sensor Drift,30
2026-05-02 20:45:00,WELL-002,3020.82,81.17,701.68,2.01,16.26,10.21,135.2,3921.15,30.01,Normal,0,0,0,No Action Required,-53.58999999999969,-12.480000000000004,-12.040000000000076,-0.02,3202.380833333333,85.51666666666667,710.5391666666666,1.9875,100,1,Normal,5
2026-05-02 20:50:00,WELL-002,3057.54,79.64,708.04,1.93,16.96,10.17,134.13,4065.52,28.61,Normal,0,0,0,No Action Required,36.7199999999998,-1.5300000000000011,6.360000000000014,-0.0799999999999998,3171.0658333333336,85.52166666666666,709.3741666666666,1.975,100,1,Normal,5
2026-05-02 20:55:00,WELL-002,3038.8,78.92,713.51,1.77,16.42,10.18,130.72,3890.85,29.51,Normal,0,0,0,No Action Required,-18.73999999999978,-0.7199999999999989,5.470000000000027,-0.1599999999999999,3137.23,85.49583333333334,710.4041666666667,1.9575,100,1,Normal,5
2026-05-02 21:00:00,WELL-002,3037.2,78.69,718.76,2.22,16.89,10.23,133.69,3825.53,29.52,Normal,0,0,0,No Action Required,-1.6000000000003638,-0.2300000000000039,5.25,0.4500000000000002,3106.1141666666663,85.42666666666666,710.2716666666666,1.9775,100,1,Normal,5
2026-05-02 21:05:00,WELL-002,3064.09,80.06,716.32,1.98,16.71,10.23,134.9,3916.4,29.43,Normal,0,0,0,No Action Required,26.890000000000327,1.3700000000000043,-2.439999999999941,-0.2400000000000002,3077.693333333333,85.44333333333333,710.9091666666667,1.97,100,1,Normal,5
2026-05-02 21:10:00,WELL-002,3060.45,79.3,708.72,2.29,16.55,10.27,134.13,3938.88,29.63,Normal,0,0,0,No Action Required,-3.640000000000328,-0.7600000000000051,-7.600000000000023,0.31,3049.6408333333334,85.43333333333334,710.5191666666666,1.9916666666666665,100,1,Normal,5
2026-05-02 21:15:00,WELL-002,3029.79,80.02,703.02,1.93,16.93,10.24,132.67,3864.23,29.47,Normal,0,0,0,No Action Required,-30.65999999999985,0.7199999999999989,-5.7000000000000455,-0.3600000000000001,3047.095,84.4675,709.1,2.0016666666666665,100,1,Normal,5
2026-05-02 21:20:00,WELL-002,3044.88,80.23,719.76,1.88,17.05,10.25,135.94,3872.95,29.66,Normal,0,0,0,No Action Required,15.090000000000146,0.2100000000000079,16.74000000000001,-0.05,3047.0025,83.43416666666667,709.8016666666667,1.9941666666666664,100,1,Normal,5
2026-05-02 21:25:00,WELL-002,3099.94,80.55,714.8,2.07,17.4,10.14,129.01,3935.38,29.32,Normal,0,0,0,No Action Required,55.059999999999945,0.3199999999999932,-4.960000000000036,0.1899999999999999,3050.3841666666667,82.61833333333333,710.0124999999999,2.0016666666666665,100,1,Normal,5
2026-05-02 21:30:00,WELL-002,3054.25,80.57,713.82,1.98,16.58,10.16,133.96,4028.14,29.48,Normal,0,0,0,No Action Required,-45.690000000000055,0.019999999999996,-0.9799999999999044,-0.0899999999999998,3052.2883333333334,81.86416666666666,711.5075,2.01,100,1,Normal,5
2026-05-02 21:35:00,WELL-002,3048.86,79.29,714.06,2.07,16.57,10.19,132.95,4109.43,29.62,Normal,0,0,0,No Action Required,-5.389999999999873,-1.279999999999987,0.2399999999998954,0.0899999999999998,3052.585833333333,81.00750000000001,712.1841666666668,2.013333333333333,100,1,Normal,5
2026-05-02 21:40:00,WELL-002,3035.68,81.01,704.58,2.12,16.51,10.23,130.8,4095.08,28.95,Normal,0,0,0,No Action Required,-13.180000000000293,1.7199999999999989,-9.479999999999905,0.0500000000000002,3049.3583333333336,79.95416666666667,711.4225,2.020833333333333,100,1,Normal,5
2026-05-02 21:45:00,WELL-002,3035.51,79.33,709.98,2.06,16.38,10.24,134.88,4095.62,29.35,Normal,0,0,0,No Action Required,-0.169999999999618,-1.6800000000000068,5.399999999999977,-0.06,3050.5825000000004,79.80083333333333,712.1141666666666,2.025,100,1,Normal,5
2026-05-02 21:50:00,WELL-002,3036.98,79.91,694.94,1.94,16.16,10.19,132.03,4068.83,29.29,Normal,0,0,0,No Action Required,1.4699999999998,0.5799999999999983,-15.039999999999964,-0.1200000000000001,3048.869166666667,79.82333333333334,711.0225,2.0258333333333334,100,1,Normal,5
2026-05-02 21:55:00,WELL-002,3038.51,78.55,708.32,2.0,16.63,10.27,134.02,3756.55,29.34,Normal,0,0,0,No Action Required,1.5300000000002,-1.3599999999999994,13.379999999999995,0.06,3048.845,79.7925,710.59,2.045,100,1,Normal,5
2026-05-02 22:00:00,WELL-002,3091.0,82.3,718.73,1.87,16.74,10.31,136.23,3820.49,28.92,Normal,0,0,0,No Action Required,52.48999999999978,3.75,10.409999999999968,-0.1299999999999999,3053.3283333333334,80.09333333333333,710.5875000000001,2.0158333333333336,100,1,Normal,5
2026-05-02 22:05:00,WELL-002,3057.2,80.89,713.79,1.96,16.56,10.24,133.67,3911.63,29.22,Normal,0,0,0,No Action Required,-33.80000000000018,-1.4099999999999966,-4.940000000000055,0.0899999999999998,3052.754166666666,80.16250000000001,710.3766666666667,2.0141666666666667,100,1,Normal,5
2026-05-02 22:10:00,WELL-002,3054.97,80.13,711.07,2.0,16.34,10.2,129.56,3888.83,29.29,Normal,0,0,0,No Action Required,-2.230000000000018,-0.7600000000000051,-2.7199999999999136,0.04,3052.2975,80.23166666666667,710.5725000000001,1.99,100,1,Normal,5
2026-05-02 22:15:00,WELL-002,3066.35,80.46,729.01,2.09,16.92,10.2,132.45,3811.77,29.66,Normal,0,0,0,No Action Required,11.38000000000011,0.3299999999999983,17.93999999999994,0.0899999999999998,3055.3441666666663,80.26833333333333,712.7383333333333,2.0033333333333334,100,1,Normal,5
2026-05-02 22:20:00,WELL-002,3073.37,80.45,717.56,2.12,16.61,10.19,133.91,4109.72,28.76,Normal,0,0,0,No Action Required,7.019999999999982,-0.0099999999999909,-11.450000000000044,0.0300000000000002,3057.7183333333337,80.28666666666666,712.555,2.023333333333333,100,1,Normal,5
2026-05-02 22:25:00,WELL-002,3036.29,81.31,726.95,2.05,16.69,10.22,134.25,3965.69,29.2,Normal,0,0,0,No Action Required,-37.07999999999993,0.8599999999999994,9.3900000000001,-0.0700000000000002,3052.414166666667,80.35000000000001,713.5675000000001,2.021666666666667,100,1,Normal,5
2026-05-02 22:30:00,WELL-002,3050.63,80.02,721.98,1.95,16.88,10.31,133.3,4132.54,29.24,Normal,0,0,0,No Action Required,14.340000000000146,-1.2900000000000065,-4.970000000000027,-0.0999999999999998,3052.1125,80.30416666666667,714.2475,2.0191666666666666,100,1,Normal,5
2026-05-02 22:35:00,WELL-002,3019.69,81.57,710.57,1.96,16.22,10.2,131.97,3889.0,29.43,Normal,0,0,0,No Action Required,-30.94000000000005,1.5499999999999972,-11.409999999999968,0.01,3049.681666666667,80.49416666666666,713.9566666666666,2.01,100,1,Normal,5
2026-05-02 22:40:00,WELL-002,3056.47,82.3,710.93,1.96,17.2,10.14,133.61,3968.69,29.21,Normal,0,0,0,No Action Required,36.77999999999975,0.730000000000004,0.3599999999998999,0.0,3051.414166666667,80.60166666666667,714.4858333333333,1.9966666666666668,100,1,Normal,5
2026-05-02 22:45:00,WELL-002,3038.54,81.37,706.27,1.88,16.31,10.19,135.16,4107.66,29.33,Normal,0,0,0,No Action Required,-17.929999999999836,-0.9299999999999926,-4.659999999999968,-0.08,3051.6666666666665,80.77166666666666,714.1766666666666,1.981666666666667,100,1,Normal,5
2026-05-02 22:50:00,WELL-002,3034.59,78.83,721.15,1.88,16.05,10.18,133.65,3725.23,29.2,Normal,0,0,0,No Action Required,-3.949999999999818,-2.5400000000000063,14.879999999999995,0.0,3051.4675,80.68166666666666,716.3608333333333,1.9766666666666663,100,1,Normal,5
2026-05-02 22:55:00,WELL-002,3094.33,80.49,716.97,1.78,16.97,10.36,131.57,4004.88,29.51,Normal,0,0,0,No Action Required,59.73999999999978,1.6599999999999966,-4.17999999999995,-0.0999999999999998,3056.119166666667,80.84333333333333,717.0816666666666,1.9583333333333333,100,1,Normal,5
2026-05-02 23:00:00,WELL-002,3047.93,78.8,713.62,2.16,16.5,10.26,135.24,3717.0,28.61,Normal,0,0,0,No Action Required,-46.40000000000009,-1.6899999999999975,-3.3500000000000227,0.3800000000000001,3052.53,80.55166666666666,716.6558333333334,1.9825,100,1,Normal,5
2026-05-02 23:05:00,WELL-002,3077.14,78.7,702.62,2.04,16.53,10.27,132.58,3861.78,29.1,Normal,0,0,0,No Action Required,29.21000000000004,-0.0999999999999943,-11.0,-0.1200000000000001,3054.191666666667,80.36916666666666,715.725,1.9891666666666663,100,1,Normal,5
2026-05-02 23:10:00,WELL-002,3078.0,81.87,711.26,1.9,16.62,10.22,134.53,3955.6,29.13,Normal,0,0,0,No Action Required,0.8600000000001273,3.1700000000000017,8.639999999999986,-0.1400000000000001,3056.1108333333336,80.51416666666667,715.7408333333334,1.980833333333333,100,1,Normal,5
2026-05-02 23:15:00,WELL-002,3084.38,79.06,718.56,2.06,16.0,10.21,132.72,3755.89,29.84,Normal,0,0,0,No Action Required,6.380000000000109,-2.8100000000000023,7.299999999999954,0.1600000000000001,3057.613333333333,80.3975,714.87,1.9783333333333333,100,1,Normal,5
2026-05-02 23:20:00,WELL-002,3092.55,80.54,711.58,1.79,16.61,10.23,135.55,4117.91,29.12,Normal,0,0,0,No Action Required,8.170000000000073,1.480000000000004,-6.9799999999999045,-0.27,3059.2116666666666,80.405,714.3716666666666,1.9508333333333328,100,1,Normal,5
2026-05-02 23:25:00,WELL-002,3056.75,79.03,709.05,1.96,16.46,10.26,135.42,3895.18,29.81,Normal,0,0,0,No Action Required,-35.80000000000018,-1.5100000000000051,-2.5300000000000864,0.1699999999999999,3060.9166666666665,80.21499999999999,712.88,1.9433333333333327,100,1,Normal,5
2026-05-02 23:30:00,WELL-002,3087.67,80.15,714.67,1.96,17.16,10.27,133.66,4134.88,29.62,Normal,0,0,0,No Action Required,30.92000000000008,1.1200000000000043,5.6200000000000045,0.0,3064.0033333333336,80.22583333333333,712.2708333333334,1.9441666666666668,100,1,Normal,5
2026-05-02 23:35:00,WELL-002,3104.44,80.38,711.09,1.82,16.66,10.28,132.05,3912.02,29.52,Normal,0,0,0,No Action Required,16.769999999999982,0.2299999999999897,-3.5799999999999272,-0.1399999999999999,3071.0658333333336,80.12666666666667,712.3141666666667,1.9325,100,1,Normal,5
2026-05-02 23:40:00,WELL-002,3022.2,79.56,734.02,1.79,17.36,10.23,135.17,3935.97,28.71,Normal,0,0,0,No Action Required,-82.24000000000024,-0.8199999999999932,22.92999999999995,-0.03,3068.21,79.89833333333334,714.2383333333332,1.9183333333333328,100,1,Normal,5
2026-05-02 23:45:00,WELL-002,3072.52,79.56,712.97,1.82,15.83,10.16,134.5,3985.6,29.2,Normal,0,0,0,No Action Required,50.32000000000016,0.0,-21.049999999999955,0.03,3071.0416666666665,79.7475,714.7966666666666,1.913333333333333,100,1,Normal,5
2026-05-02 23:50:00,WELL-002,3057.7,81.66,725.56,1.86,16.87,10.36,131.71,4120.51,29.37,Normal,0,0,0,No Action Required,-14.820000000000164,2.0999999999999943,12.589999999999918,0.04,3072.9675,79.98333333333333,715.1641666666668,1.9116666666666668,100,1,Normal,5
2026-05-02 23:55:00,WELL-002,3098.54,82.16,725.74,1.98,16.73,10.21,130.31,3732.17,29.7,Normal,0,0,0,No Action Required,40.84000000000015,0.5,0.1800000000000636,0.1199999999999998,3073.318333333333,80.1225,715.895,1.9283333333333328,100,1,Normal,5
2026-05-03 00:00:00,WELL-002,3057.31,81.75,716.18,2.04,16.75,10.17,129.86,3768.62,29.36,Normal,0,0,0,No Action Required,-41.23000000000002,-0.4099999999999966,-9.56000000000006,0.06,3074.1,80.36833333333334,716.1083333333332,1.9183333333333328,100,1,Normal,5
2026-05-03 00:05:00,WELL-002,3108.24,80.43,728.1,1.78,16.08,10.21,132.46,4054.2,29.2,Normal,0,0,0,No Action Required,50.92999999999984,-1.3199999999999932,11.920000000000073,-0.26,3076.691666666666,80.5125,718.2316666666667,1.8966666666666667,100,1,Normal,5
2026-05-03 00:10:00,WELL-002,3051.02,81.0,725.85,1.88,16.7,10.2,132.36,3989.8,29.07,Normal,0,0,0,No Action Required,-57.2199999999998,0.5699999999999932,-2.25,0.0999999999999998,3074.443333333333,80.44,719.4475000000001,1.895,100,1,Normal,5
2026-05-03 00:15:00,WELL-002,3032.97,80.91,712.46,1.97,16.66,10.34,132.48,4015.54,29.09,Normal,0,0,0,No Action Required,-18.050000000000185,-0.0900000000000034,-13.389999999999986,0.09,3070.159166666667,80.59416666666668,718.9391666666667,1.8875,100,1,Normal,5
2026-05-03 00:20:00,WELL-002,3078.95,80.99,713.38,2.05,16.77,10.31,132.15,3906.4,28.96,Normal,0,0,0,No Action Required,45.98000000000002,0.0799999999999983,0.9199999999999592,0.0799999999999998,3069.025833333333,80.63166666666666,719.0891666666666,1.909166666666667,100,1,Normal,5
2026-05-03 00:25:00,WELL-002,3066.92,81.52,718.33,2.1,16.57,10.18,131.34,3833.36,29.0,Normal,0,0,0,No Action Required,-12.029999999999744,0.5300000000000011,4.9500000000000455,0.0500000000000002,3069.873333333333,80.83916666666667,719.8625000000001,1.9208333333333327,100,1,Normal,5
2026-05-03 00:30:00,WELL-002,3084.68,80.17,714.8,2.1,16.25,10.25,132.32,3962.06,29.12,Normal,0,0,0,No Action Required,17.759999999999764,-1.3499999999999943,-3.5300000000000864,0.0,3069.6241666666665,80.84083333333334,719.8733333333333,1.9325,100,1,Normal,5
2026-05-03 00:35:00,WELL-002,3048.53,79.4,716.84,1.96,16.58,10.26,133.62,3809.87,29.79,Normal,0,0,0,No Action Required,-36.14999999999964,-0.769999999999996,2.0400000000000773,-0.1400000000000001,3064.965,80.75916666666667,720.3525,1.9441666666666664,100,1,Normal,5
2026-05-03 00:40:00,WELL-002,3069.19,79.52,717.01,1.75,16.55,10.36,136.09,3931.46,30.09,Normal,0,0,0,No Action Required,20.65999999999985,0.1199999999999903,0.169999999999959,-0.2099999999999999,3068.880833333333,80.75583333333333,718.935,1.9408333333333327,100,1,Normal,5
2026-05-03 00:45:00,WELL-002,3083.31,81.66,720.19,2.24,17.12,10.22,136.85,3953.22,29.62,Normal,0,0,0,No Action Required,14.11999999999989,2.140000000000001,3.180000000000064,0.4900000000000002,3069.78,80.93083333333334,719.5366666666667,1.975833333333333,100,1,Normal,5
2026-05-03 00:50:00,WELL-002,3096.36,80.05,715.22,2.2,16.3,10.27,134.77,3807.86,28.3,Normal,0,0,0,No Action Required,13.050000000000182,-1.6099999999999994,-4.970000000000027,-0.04,3073.0016666666666,80.79666666666667,718.6750000000001,2.004166666666667,100,1,Normal,5
2026-05-03 00:55:00,WELL-002,3064.55,81.82,706.87,1.98,17.17,10.28,137.87,3831.88,29.98,Normal,0,0,0,No Action Required,-31.809999999999945,1.769999999999996,-8.350000000000023,-0.2200000000000002,3070.1691666666666,80.76833333333333,717.1025,2.004166666666667,100,1,Normal,5
2026-05-03 01:00:00,WELL-002,3062.64,79.66,719.59,1.94,16.91,10.28,133.24,3930.65,29.29,Normal,0,0,0,No Action Required,-1.9100000000003088,-2.1599999999999966,12.720000000000027,-0.04,3070.613333333333,80.59416666666667,717.3866666666667,1.995833333333333,100,1,Normal,5
2026-05-03 01:05:00,WELL-002,3104.69,82.08,716.86,1.86,16.69,10.24,131.04,3829.67,29.36,Normal,0,0,0,No Action Required,42.05000000000018,2.4200000000000017,-2.730000000000018,-0.0799999999999998,3070.317500000001,80.73166666666667,716.4499999999999,2.0025,100,1,Normal,5
2026-05-03 01:10:00,WELL-002,3081.91,83.42,713.98,1.99,16.26,10.1,130.06,4078.28,30.04,Normal,0,0,0,No Action Required,-22.7800000000002,1.3400000000000034,-2.8799999999999955,0.1299999999999999,3072.8916666666664,80.93333333333334,715.4608333333334,2.0116666666666667,100,1,Normal,5
2026-05-03 01:15:00,WELL-002,3088.12,82.02,728.43,1.88,16.27,10.26,134.06,3947.47,29.15,Normal,0,0,0,No Action Required,6.210000000000036,-1.4000000000000057,14.449999999999932,-0.1100000000000001,3077.4875,81.02583333333332,716.7916666666666,2.004166666666667,100,1,Normal,5
2026-05-03 01:20:00,WELL-002,3071.44,82.01,711.36,2.26,16.86,10.17,131.02,3879.91,30.12,Normal,0,0,0,No Action Required,-16.679999999999836,-0.0099999999999909,-17.069999999999936,0.3799999999999999,3076.861666666666,81.11083333333333,716.6233333333333,2.021666666666667,100,1,Normal,5
2026-05-03 01:25:00,WELL-002,3059.02,82.6,715.73,1.95,16.93,10.24,132.65,3771.45,28.95,Normal,0,0,0,No Action Required,-12.420000000000073,0.5899999999999892,4.3700000000000045,-0.3099999999999998,3076.2033333333334,81.20083333333334,716.4066666666668,2.0091666666666668,100,1,Normal,5
2026-05-03 01:30:00,WELL-002,3078.45,82.34,716.59,1.9,16.55,10.34,128.83,3911.94,29.75,Normal,0,0,0,No Action Required,19.42999999999984,-0.2599999999999909,0.8600000000000136,-0.05,3075.6841666666664,81.38166666666666,716.5558333333333,1.9925,100,1,Normal,5
2026-05-03 01:35:00,WELL-002,3075.67,80.99,722.77,2.1,17.05,10.26,135.16,4004.0,28.92,Normal,0,0,0,No Action Required,-2.7799999999997453,-1.3500000000000083,6.17999999999995,0.2000000000000001,3077.9458333333337,81.51416666666667,717.0500000000001,2.004166666666667,100,1,Normal,5
2026-05-03 01:40:00,WELL-002,3077.36,81.83,724.95,1.92,16.85,10.3,130.17,3763.69,29.56,Normal,0,0,0,No Action Required,1.6900000000000546,0.8400000000000034,2.180000000000064,-0.1800000000000001,3078.6266666666666,81.70666666666666,717.7116666666666,2.018333333333333,100,1,Normal,5
2026-05-03 01:45:00,WELL-002,3076.41,83.26,741.84,2.15,16.18,10.33,134.31,4014.81,28.74,Normal,0,0,0,No Action Required,-0.9500000000002728,1.4300000000000068,16.889999999999986,0.2299999999999999,3078.0516666666667,81.83999999999999,719.5158333333334,2.0108333333333333,100,1,Normal,5
2026-05-03 01:50:00,WELL-002,3070.08,81.88,716.55,2.01,16.5,10.29,135.9,3829.8,28.92,Normal,0,0,0,No Action Required,-6.329999999999927,-1.3800000000000097,-25.29000000000008,-0.1400000000000001,3075.861666666667,81.99249999999999,719.6266666666667,1.995,100,1,Normal,5
2026-05-03 01:55:00,WELL-002,3044.72,79.14,709.26,2.1,16.42,10.26,134.23,3944.87,29.09,Normal,0,0,0,No Action Required,-25.360000000000127,-2.739999999999995,-7.289999999999964,0.0900000000000003,3074.209166666666,81.76916666666666,719.8258333333333,2.005,100,1,Normal,5
2026-05-03 02:00:00,WELL-002,3089.01,80.64,725.47,1.92,17.29,10.26,135.55,3946.49,29.0,Normal,0,0,0,No Action Required,44.29000000000042,1.5,16.210000000000036,-0.1800000000000001,3076.4066666666663,81.85083333333333,720.3158333333332,2.0033333333333334,100,1,Normal,5
2026-05-03 02:05:00,WELL-002,3123.27,81.45,711.73,1.86,16.34,10.24,131.76,3987.98,29.53,Normal,0,0,0,No Action Required,34.25999999999976,0.8100000000000023,-13.740000000000007,-0.0599999999999998,3077.955,81.79833333333333,719.8883333333333,2.0033333333333334,100,1,Normal,5
2026-05-03 02:10:00,WELL-002,3058.66,83.12,701.26,2.01,16.63,10.19,132.41,4121.38,29.82,Normal,0,0,0,No Action Required,-64.61000000000013,1.6700000000000017,-10.470000000000027,0.1499999999999997,3076.0175,81.77333333333333,718.8283333333334,2.005,100,1,Normal,5
2026-05-03 02:15:00,WELL-002,3121.44,82.74,713.49,2.09,16.99,10.16,132.98,3797.88,29.1,Normal,0,0,0,No Action Required,62.7800000000002,-0.3800000000000096,12.230000000000018,0.08,3078.7941666666666,81.83333333333333,717.5833333333334,2.0225,100,1,Normal,5
2026-05-03 02:20:00,WELL-002,3101.78,81.06,732.6,1.97,16.71,10.25,134.82,4014.83,29.57,Normal,0,0,0,No Action Required,-19.65999999999985,-1.6799999999999926,19.110000000000014,-0.1199999999999998,3081.3225,81.75416666666666,719.3533333333334,1.998333333333333,100,1,Normal,5
2026-05-03 02:25:00,WELL-002,3072.59,81.96,719.87,1.95,16.83,10.22,133.16,3890.19,29.69,Normal,0,0,0,No Action Required,-29.19000000000005,0.8999999999999915,-12.730000000000018,-0.02,3082.4533333333334,81.70083333333334,719.6983333333334,1.998333333333333,100,1,Normal,5
2026-05-03 02:30:00,WELL-002,3086.55,83.22,715.67,2.09,16.66,10.29,135.99,3904.76,29.78,Normal,0,0,0,No Action Required,13.960000000000036,1.2600000000000051,-4.2000000000000455,0.1399999999999999,3083.1283333333336,81.77416666666666,719.6216666666666,2.0141666666666667,100,1,Normal,5
2026-05-03 02:35:00,WELL-002,3071.98,80.91,713.45,2.03,15.88,10.22,135.71,4021.46,28.81,Normal,0,0,0,No Action Required,-14.570000000000164,-2.3100000000000023,-2.2199999999999136,-0.06,3082.820833333333,81.7675,718.8449999999999,2.0083333333333333,100,1,Normal,5
2026-05-03 02:40:00,WELL-002,3097.47,82.82,730.72,2.03,16.33,10.21,134.34,3824.81,29.35,Normal,0,0,0,No Action Required,25.48999999999978,1.9099999999999968,17.269999999999982,0.0,3084.496666666668,81.85000000000001,719.3258333333333,2.0175,100,1,Normal,5
2026-05-03 02:45:00,WELL-002,3088.85,80.38,705.71,1.93,17.53,10.27,134.22,3806.13,29.4,Normal,0,0,0,No Action Required,-8.61999999999989,-2.4399999999999977,-25.00999999999999,-0.0999999999999998,3085.5333333333333,81.61,716.3149999999999,1.9991666666666663,100,1,Normal,5
2026-05-03 02:50:00,WELL-002,3079.41,82.81,715.73,2.17,16.23,10.24,135.33,3968.81,28.5,Normal,0,0,0,No Action Required,-9.440000000000056,2.430000000000007,10.019999999999982,0.24,3086.310833333333,81.6875,716.2466666666668,2.0125,100,1,Normal,5
2026-05-03 02:55:00,WELL-002,3073.86,82.03,701.45,1.93,16.1,10.17,132.9,3987.87,29.54,Normal,0,0,0,No Action Required,-5.549999999999727,-0.7800000000000011,-14.279999999999973,-0.24,3088.7391666666663,81.92833333333333,715.5958333333333,1.998333333333333,100,1,Normal,5
2026-05-03 03:00:00,WELL-002,3097.2,82.9,721.17,1.98,16.82,10.24,135.81,3906.75,28.9,Normal,0,0,0,No Action Required,23.33999999999969,0.8700000000000045,19.71999999999992,0.05,3089.421666666667,82.11666666666667,715.2375000000001,2.0033333333333334,100,1,Normal,5
2026-05-03 03:05:00,WELL-002,3085.76,83.07,719.06,2.05,16.69,10.24,131.83,3879.42,29.23,Normal,0,0,0,No Action Required,-11.4399999999996,0.1699999999999875,-2.1100000000000136,0.0699999999999998,3086.295833333333,82.25166666666667,715.8483333333334,2.0191666666666666,100,1,Normal,5
2026-05-03 03:10:00,WELL-002,3087.02,81.94,726.23,1.91,16.72,10.31,132.13,3847.29,29.12,Normal,0,0,0,No Action Required,1.2599999999997635,-1.1299999999999957,7.170000000000073,-0.1399999999999999,3088.659166666667,82.15333333333332,717.9291666666667,2.0108333333333333,100,1,Normal,5
2026-05-03 03:15:00,WELL-002,3089.56,83.46,708.44,1.86,16.55,10.28,133.94,4068.25,29.49,Normal,0,0,0,No Action Required,2.539999999999964,1.519999999999996,-17.789999999999964,-0.0499999999999998,3086.0025,82.21333333333332,717.5083333333333,1.9916666666666665,100,1,Normal,5
2026-05-03 03:20:00,WELL-002,3083.45,83.38,720.43,2.05,16.82,10.32,130.75,3893.62,29.03,Normal,0,0,0,No Action Required,-6.110000000000127,-0.0799999999999983,11.989999999999895,0.1899999999999997,3084.475,82.40666666666667,716.4941666666667,1.9983333333333333,100,1,Normal,5
2026-05-03 03:25:00,WELL-002,3075.81,84.47,706.5,2.03,16.64,10.3,135.09,3761.22,28.74,Normal,0,0,0,No Action Required,-7.639999999999873,1.0900000000000034,-13.92999999999995,-0.02,3084.7433333333333,82.61583333333333,715.38,2.0050000000000003,100,1,Normal,5
2026-05-03 03:30:00,WELL-002,3077.26,82.19,710.84,1.86,16.65,10.34,136.62,4043.11,30.6,Normal,0,0,0,No Action Required,1.4500000000002728,-2.280000000000001,4.340000000000032,-0.1699999999999997,3083.969166666667,82.52999999999999,714.9775,1.985833333333333,100,1,Normal,5
2026-05-03 03:35:00,WELL-002,3090.8,83.09,716.16,2.29,16.91,10.21,130.69,3718.31,29.89,Normal,0,0,0,No Action Required,13.539999999999964,0.9000000000000057,5.319999999999936,0.4299999999999999,3085.5375,82.71166666666666,715.2033333333334,2.0075,100,1,Normal,5
2026-05-03 03:40:00,WELL-002,3079.04,83.33,710.6,1.93,16.71,10.32,133.58,3857.95,29.0,Normal,0,0,0,No Action Required,-11.760000000000218,0.2399999999999948,-5.559999999999945,-0.3600000000000001,3084.0016666666666,82.75416666666668,713.5266666666666,1.9991666666666663,100,1,Normal,5
2026-05-03 03:45:00,WELL-002,3081.74,81.82,701.37,1.98,16.98,10.26,132.61,3871.6,29.16,Normal,0,0,0,No Action Required,2.699999999999818,-1.5100000000000051,-9.230000000000018,0.05,3083.4091666666664,82.87416666666667,713.165,2.0033333333333334,100,1,Normal,5
2026-05-03 03:50:00,WELL-002,3102.18,82.82,716.68,1.79,16.66,10.22,136.86,3981.3,28.84,Normal,0,0,0,No Action Required,20.44000000000005,1.0,15.309999999999944,-0.1899999999999999,3085.306666666667,82.875,713.2441666666667,1.971666666666667,100,1,Normal,5
2026-05-03 03:55:00,WELL-002,3099.77,83.42,721.38,2.16,16.26,10.3,129.91,4070.56,29.64,Normal,0,0,0,No Action Required,-2.4099999999998545,0.6000000000000085,4.7000000000000455,0.3700000000000001,3087.4658333333336,82.99083333333333,714.9050000000001,1.9908333333333328,100,1,Normal,5
2026-05-03 04:00:00,WELL-002,3056.17,83.42,706.84,2.26,16.65,10.2,131.85,3927.26,29.32,Normal,0,0,0,No Action Required,-43.59999999999991,0.0,-14.539999999999964,0.0999999999999996,3084.0466666666666,83.03416666666668,713.7108333333332,2.0141666666666667,100,1,Normal,5
2026-05-03 04:05:00,WELL-002,3079.94,82.87,720.58,2.05,16.74,10.24,133.39,3937.5,29.59,Normal,0,0,0,No Action Required,23.769999999999985,-0.5499999999999972,13.740000000000007,-0.2099999999999999,3083.561666666667,83.0175,713.8375,2.0141666666666667,100,1,Normal,5
2026-05-03 04:10:00,WELL-002,3095.47,81.94,716.26,1.83,16.46,10.26,133.26,3876.27,29.62,Normal,0,0,0,No Action Required,15.529999999999744,-0.9300000000000068,-4.32000000000005,-0.2199999999999997,3084.265833333333,83.0175,713.0066666666667,2.0075,100,1,Normal,5
2026-05-03 04:15:00,WELL-002,3129.48,82.61,711.07,1.99,17.35,10.21,129.44,3946.98,28.69,Normal,0,0,0,No Action Required,34.01000000000022,0.6700000000000017,-5.189999999999941,0.1599999999999999,3087.5925,82.94666666666667,713.2258333333334,2.018333333333333,100,1,Normal,5
2026-05-03 04:20:00,WELL-002,3106.93,82.89,707.9,2.03,16.81,10.23,133.43,3938.06,29.46,Normal,0,0,0,No Action Required,-22.550000000000185,0.2800000000000011,-3.1700000000000728,0.0399999999999998,3089.549166666667,82.90583333333333,712.1816666666667,2.0166666666666666,100,1,Normal,5
2026-05-03 04:25:00,WELL-002,3071.88,82.45,712.71,2.04,16.89,10.27,132.01,3969.47,29.26,Normal,0,0,0,No Action Required,-35.04999999999973,-0.4399999999999977,4.810000000000059,0.0100000000000002,3089.2216666666664,82.7375,712.6991666666667,2.0175,100,1,Normal,5
2026-05-03 04:30:00,WELL-002,3107.46,82.61,701.31,2.28,16.45,10.21,130.84,3899.74,28.88,Normal,0,0,0,No Action Required,35.57999999999993,0.1599999999999966,-11.400000000000093,0.2399999999999997,3091.738333333333,82.7725,711.9050000000001,2.0525,100,1,Normal,5
2026-05-03 04:35:00,WELL-002,3087.88,82.57,706.84,1.83,16.74,10.25,133.7,3964.13,29.25,Normal,0,0,0,No Action Required,-19.579999999999927,-0.0400000000000062,5.530000000000086,-0.4499999999999997,3091.4950000000003,82.72916666666667,711.1283333333332,2.0141666666666667,100,1,Normal,5
2026-05-03 04:40:00,WELL-002,3096.06,83.87,723.86,1.96,16.98,10.23,134.22,4017.58,29.06,Normal,0,0,0,No Action Required,8.179999999999836,1.3000000000000114,17.019999999999982,0.1299999999999999,3092.9133333333334,82.77416666666666,712.2333333333335,2.0166666666666666,100,1,Normal,5
2026-05-03 04:45:00,WELL-002,3082.86,83.42,708.61,1.81,16.16,10.28,131.97,4009.26,28.85,Normal,0,0,0,No Action Required,-13.199999999999818,-0.4500000000000028,-15.25,-0.1499999999999999,3093.0066666666667,82.9075,712.8366666666666,2.0025,100,1,Normal,5
2026-05-03 04:50:00,WELL-002,3077.59,82.92,703.34,1.97,16.62,10.33,133.48,3848.37,29.36,Normal,0,0,0,No Action Required,-5.269999999999982,-0.5,-5.269999999999982,0.1599999999999999,3090.9575000000004,82.91583333333334,711.725,2.0175,100,1,Normal,5
2026-05-03 04:55:00,WELL-002,3094.58,81.92,723.6,2.03,16.38,10.32,132.56,4067.43,29.85,Normal,0,0,0,No Action Required,16.98999999999978,-1.0,20.25999999999999,0.0599999999999998,3090.525,82.79083333333334,711.91,2.0066666666666664,100,1,Normal,5
2026-05-03 05:00:00,WELL-002,3085.24,84.48,701.18,2.02,16.46,10.28,133.71,3859.64,29.45,Normal,0,0,0,No Action Required,-9.340000000000146,2.5600000000000023,-22.42000000000008,-0.0099999999999997,3092.9475,82.87916666666666,711.4383333333334,1.9866666666666664,100,1,Normal,5
2026-05-03 05:05:00,WELL-002,3106.78,82.92,703.73,1.96,16.74,10.17,133.65,3904.79,29.03,Normal,0,0,0,No Action Required,21.54000000000042,-1.5600000000000025,2.550000000000068,-0.06,3095.1841666666664,82.88333333333334,710.0341666666667,1.9791666666666663,100,1,Normal,5
2026-05-03 05:10:00,WELL-002,3087.72,82.57,697.15,1.84,16.85,10.26,133.7,3896.8,29.25,Normal,0,0,0,No Action Required,-19.0600000000004,-0.3500000000000085,-6.580000000000041,-0.1199999999999998,3094.538333333334,82.93583333333333,708.4416666666666,1.98,100,1,Normal,5
2026-05-03 05:15:00,WELL-002,3068.31,82.98,700.04,1.9,16.33,10.32,136.5,3891.98,29.28,Normal,0,0,0,No Action Required,-19.40999999999985,0.4100000000000108,2.8899999999999864,0.0599999999999998,3089.4408333333336,82.96666666666667,707.5225,1.9725,100,1,Normal,5
2026-05-03 05:20:00,WELL-002,3081.69,82.56,717.83,1.98,15.99,10.25,132.7,3771.98,29.91,Normal,0,0,0,No Action Required,13.38000000000011,-0.4200000000000017,17.790000000000077,0.08,3087.3375,82.93916666666667,708.35,1.9683333333333333,100,1,Normal,5
2026-05-03 05:25:00,WELL-002,3075.86,84.58,705.3,2.09,16.41,10.23,134.09,4041.24,29.1,Normal,0,0,0,No Action Required,-5.829999999999927,2.019999999999996,-12.530000000000086,0.1099999999999998,3087.6691666666666,83.11666666666666,707.7325,1.9725,100,1,Normal,5
2026-05-03 05:30:00,WELL-002,3113.9,82.28,692.3,2.2,16.41,10.24,133.39,3855.73,29.57,Normal,0,0,0,No Action Required,38.03999999999997,-2.299999999999997,-13.0,0.1100000000000003,3088.205833333333,83.08916666666666,706.9816666666667,1.965833333333333,100,1,Normal,5
2026-05-03 05:35:00,WELL-002,3080.47,81.57,707.41,1.87,16.59,10.22,132.64,4032.91,29.42,Normal,0,0,0,No Action Required,-33.43000000000029,-0.710000000000008,15.110000000000014,-0.33,3087.588333333333,83.00583333333334,707.0291666666667,1.969166666666667,100,1,Normal,5
2026-05-03 05:40:00,WELL-002,3070.1,83.48,707.1,1.87,16.4,10.33,134.75,3899.51,28.85,Normal,0,0,0,No Action Required,-10.36999999999989,1.9100000000000108,-0.3099999999999454,0.0,3085.425,82.97333333333334,705.6325,1.961666666666667,100,1,Normal,5
2026-05-03 05:45:00,WELL-002,3107.01,83.17,710.16,1.78,16.03,10.14,135.0,4192.55,29.34,Normal,0,0,0,No Action Required,36.91000000000031,-0.3100000000000023,3.059999999999945,-0.09,3087.4375,82.9525,705.7616666666667,1.9591666666666665,100,1,Normal,5
2026-05-03 05:50:00,WELL-002,3086.6,82.77,719.09,2.06,16.52,10.32,129.89,4017.73,28.89,Normal,0,0,0,No Action Required,-20.41000000000031,-0.4000000000000057,8.930000000000064,0.28,3088.188333333333,82.94,707.0741666666667,1.9666666666666668,100,1,Normal,5
2026-05-03 05:55:00,WELL-002,3108.05,82.91,699.77,1.9,16.95,10.17,133.53,3926.38,29.2,Normal,0,0,0,No Action Required,21.45000000000028,0.1400000000000005,-19.32000000000005,-0.1600000000000001,3089.310833333333,83.0225,705.0883333333333,1.955833333333333,100,1,Normal,5
2026-05-03 06:00:00,WELL-002,3105.07,82.94,707.35,1.77,16.32,10.24,129.97,3955.84,29.53,Normal,0,0,0,No Action Required,-2.980000000000018,0.0300000000000011,7.580000000000041,-0.1299999999999999,3090.9633333333336,82.89416666666666,705.6025,1.935,100,1,Normal,5
2026-05-03 06:05:00,WELL-002,3090.9,84.22,696.64,1.99,16.4,10.29,134.12,3865.43,29.59,Normal,0,0,0,No Action Required,-14.170000000000073,1.2800000000000011,-10.710000000000036,0.2199999999999999,3089.64,83.0025,705.0116666666667,1.9375,100,1,Normal,5
2026-05-03 06:10:00,WELL-002,3081.37,83.73,699.16,1.93,16.49,10.21,135.37,3846.14,29.0,Normal,0,0,0,No Action Required,-9.5300000000002,-0.4899999999999949,2.519999999999982,-0.06,3089.1108333333336,83.09916666666666,705.1791666666667,1.9450000000000005,100,1,Normal,5
2026-05-03 06:15:00,WELL-002,3121.72,84.14,708.41,2.2,16.82,10.24,131.1,3966.86,29.94,Normal,0,0,0,No Action Required,40.34999999999991,0.4099999999999966,9.25,0.2700000000000002,3093.5616666666665,83.19583333333333,705.8766666666667,1.97,100,1,Normal,5
2026-05-03 06:20:00,WELL-002,3105.76,83.62,700.72,1.87,16.47,10.26,135.89,4116.19,29.33,Normal,0,0,0,No Action Required,-15.959999999999582,-0.519999999999996,-7.689999999999941,-0.33,3095.567500000001,83.28416666666668,704.4508333333333,1.9608333333333328,100,1,Normal,5
2026-05-03 06:25:00,WELL-002,3125.85,83.26,706.1,2.06,16.75,10.28,134.78,3990.16,28.58,Normal,0,0,0,No Action Required,20.08999999999969,-0.3599999999999994,5.379999999999996,0.1899999999999999,3099.7333333333336,83.17416666666666,704.5175,1.9583333333333333,100,1,Normal,5
2026-05-03 06:30:00,WELL-002,3102.51,82.09,701.58,1.84,16.74,10.25,131.89,4096.61,29.72,Normal,0,0,0,No Action Required,-23.33999999999969,-1.1700000000000017,-4.519999999999982,-0.2199999999999999,3098.784166666667,83.15833333333333,705.2908333333334,1.9283333333333328,100,1,Normal,5
2026-05-03 06:35:00,WELL-002,3116.41,82.81,710.49,2.09,16.09,10.21,135.38,4052.08,29.43,Normal,0,0,0,No Action Required,13.899999999999636,0.7199999999999989,8.909999999999968,0.2499999999999997,3101.7791666666667,83.26166666666667,705.5475,1.9466666666666663,100,1,Normal,5
2026-05-03 06:40:00,WELL-002,3088.17,84.13,709.8,2.15,16.41,10.32,134.63,4017.38,29.11,Normal,0,0,0,No Action Required,-28.23999999999978,1.3199999999999932,-0.6900000000000546,0.06,3103.2850000000003,83.31583333333334,705.7725,1.97,100,1,Normal,5
2026-05-03 06:45:00,WELL-002,3109.53,82.11,706.93,2.04,16.35,10.21,133.11,4082.02,29.32,Normal,0,0,0,No Action Required,21.360000000000127,-2.019999999999996,-2.8700000000000045,-0.1099999999999998,3103.4950000000003,83.2275,705.5033333333334,1.991666666666667,100,1,Normal,5
2026-05-03 06:50:00,WELL-002,3102.93,82.93,703.87,1.9,16.58,10.29,135.2,3900.23,28.92,Normal,0,0,0,No Action Required,-6.600000000000364,0.8200000000000074,-3.059999999999945,-0.1400000000000001,3104.855833333333,83.24083333333333,704.235,1.9783333333333333,100,1,Normal,5
2026-05-03 06:55:00,WELL-002,3138.99,81.78,709.88,2.07,16.48,10.2,131.51,4130.78,29.51,Normal,0,0,0,No Action Required,36.059999999999945,-1.1500000000000057,6.009999999999991,0.1699999999999999,3107.4341666666664,83.14666666666666,705.0775,1.9925,100,1,Normal,5
2026-05-03 07:00:00,WELL-002,3089.21,83.26,688.54,2.0,16.72,10.18,130.84,4043.47,29.19,Normal,0,0,0,No Action Required,-49.77999999999975,1.480000000000004,-21.340000000000032,-0.0699999999999998,3106.1125,83.17333333333333,703.5100000000001,2.0116666666666667,100,1,Normal,5
2026-05-03 07:05:00,WELL-002,3114.94,84.24,683.39,1.98,17.07,10.3,133.08,3759.23,30.05,Normal,0,0,0,No Action Required,25.73000000000001,0.9799999999999898,-5.149999999999977,-0.02,3108.1158333333333,83.17500000000001,702.4058333333332,2.0108333333333337,100,1,Normal,5
2026-05-03 07:10:00,WELL-002,3105.27,83.35,703.89,2.06,16.68,10.18,133.04,3865.55,29.19,Normal,0,0,0,No Action Required,-9.670000000000073,-0.8900000000000006,20.5,0.08,3110.1075,83.14333333333333,702.8000000000001,2.021666666666667,100,1,Normal,5
2026-05-03 07:15:00,WELL-002,3093.51,82.4,707.35,2.15,16.47,10.24,132.45,3807.96,29.07,Normal,0,0,0,No Action Required,-11.759999999999764,-0.9499999999999886,3.4600000000000364,0.0899999999999998,3107.7566666666667,82.99833333333333,702.7116666666667,2.0175,100,1,Normal,5
2026-05-03 07:20:00,WELL-002,3087.43,82.78,699.89,1.98,15.78,10.24,129.95,3991.21,29.46,Normal,0,0,0,No Action Required,-6.080000000000382,0.3799999999999954,-7.460000000000036,-0.1699999999999999,3106.2291666666665,82.92833333333334,702.6424999999999,2.026666666666667,100,1,Normal,5
2026-05-03 07:25:00,WELL-002,3038.66,83.52,710.78,1.92,16.67,10.22,135.29,3926.68,29.26,Normal,0,0,0,No Action Required,-48.76999999999998,0.7399999999999949,10.889999999999986,-0.06,3098.963333333333,82.95,703.0324999999999,2.015,100,1,Normal,5
2026-05-03 07:30:00,WELL-002,3070.81,82.69,699.55,1.83,17.13,10.2,133.61,3785.29,28.21,Normal,0,0,0,No Action Required,32.15000000000009,-0.8299999999999983,-11.230000000000018,-0.0899999999999998,3096.3216666666667,83.0,702.8633333333333,2.0141666666666667,100,1,Normal,5
2026-05-03 07:35:00,WELL-002,3102.33,83.46,706.65,2.06,16.86,10.23,131.23,3996.39,29.2,Normal,0,0,0,No Action Required,31.519999999999985,0.769999999999996,7.100000000000023,0.2299999999999999,3095.148333333333,83.05416666666666,702.5433333333334,2.0116666666666667,100,1,Normal,5
2026-05-03 07:40:00,WELL-002,3079.67,82.94,694.71,1.86,16.81,10.28,131.44,4050.64,29.63,Normal,0,0,0,No Action Required,-22.65999999999985,-0.519999999999996,-11.93999999999994,-0.1999999999999999,3094.44,82.955,701.2858333333334,1.9875,100,1,Normal,5
2026-05-03 07:45:00,WELL-002,3099.94,84.36,706.75,2.03,16.32,10.3,134.2,4067.03,29.65,Normal,0,0,0,No Action Required,20.269999999999985,1.4200000000000017,12.039999999999964,0.1699999999999997,3093.640833333333,83.1425,701.2708333333334,1.9866666666666664,100,1,Normal,5
2026-05-03 07:50:00,WELL-002,3110.78,83.9,692.3,2.19,16.52,10.2,131.98,3903.76,29.82,Normal,0,0,0,No Action Required,10.840000000000146,-0.4599999999999937,-14.450000000000044,0.1600000000000001,3094.295,83.22333333333334,700.3066666666667,2.0108333333333333,100,1,Normal,5
2026-05-03 07:55:00,WELL-002,3098.72,83.34,688.12,1.77,17.0,10.11,133.87,3908.87,28.7,Normal,0,0,0,No Action Required,-12.0600000000004,-0.5600000000000023,-4.17999999999995,-0.4199999999999999,3090.9391666666666,83.35333333333334,698.4933333333333,1.985833333333333,100,1,Normal,5
2026-05-03 08:00:00,WELL-002,3131.77,82.41,702.29,1.92,16.37,10.26,132.01,4060.93,29.09,Normal,0,0,0,No Action Required,33.05000000000018,-0.9300000000000068,14.16999999999996,0.1499999999999999,3094.4858333333336,83.2825,699.6391666666667,1.9791666666666667,100,1,Normal,5
2026-05-03 08:05:00,WELL-002,3092.59,82.86,694.4,1.86,16.18,10.14,131.27,4124.71,29.8,Normal,0,0,0,No Action Required,-39.17999999999984,0.4500000000000028,-7.889999999999986,-0.0599999999999998,3092.623333333333,83.1675,700.5566666666667,1.9691666666666665,100,1,Normal,5
2026-05-03 08:10:00,WELL-002,3098.27,82.39,703.02,1.79,16.42,10.24,131.91,3935.27,29.34,Normal,0,0,0,No Action Required,5.679999999999836,-0.4699999999999988,8.620000000000005,-0.07,3092.0400000000004,83.0875,700.4841666666666,1.9466666666666663,100,1,Normal,5
2026-05-03 08:15:00,WELL-002,3106.0,83.25,688.98,1.77,16.94,10.23,134.86,3953.09,28.9,Normal,0,0,0,No Action Required,7.730000000000018,0.8599999999999994,-14.039999999999964,-0.02,3093.080833333333,83.15833333333335,698.9533333333334,1.915,100,1,Normal,5
2026-05-03 08:20:00,WELL-002,3094.22,82.3,697.67,1.94,16.47,10.32,132.05,3981.78,29.77,Normal,0,0,0,No Action Required,-11.7800000000002,-0.9500000000000028,8.68999999999994,0.1699999999999999,3093.646666666667,83.11833333333333,698.7683333333333,1.9116666666666668,100,1,Normal,5
2026-05-03 08:25:00,WELL-002,3092.19,82.77,681.36,2.15,16.93,10.32,133.28,4010.61,29.46,Normal,0,0,0,No Action Required,-2.0299999999997453,0.4699999999999988,-16.309999999999945,0.2099999999999999,3098.1075,83.05583333333333,696.3166666666666,1.9308333333333327,100,1,Normal,5
2026-05-03 08:30:00,WELL-002,3101.71,83.51,692.78,1.86,16.48,10.18,130.39,4006.68,28.25,Normal,0,0,0,No Action Required,9.519999999999982,0.7400000000000091,11.41999999999996,-0.2899999999999998,3100.6824999999994,83.12416666666667,695.7524999999999,1.933333333333333,100,1,Normal,5
2026-05-03 08:35:00,WELL-002,3093.29,83.08,703.72,1.94,17.08,10.27,133.45,3963.03,28.79,Normal,0,0,0,No Action Required,-8.420000000000073,-0.4300000000000068,10.940000000000056,0.0799999999999998,3099.929166666667,83.0925,695.5083333333333,1.923333333333333,100,1,Normal,5
2026-05-03 08:40:00,WELL-002,3121.21,84.49,706.16,2.01,16.71,10.21,133.67,3824.07,29.64,Normal,0,0,0,No Action Required,27.92000000000008,1.4099999999999966,2.439999999999941,0.0699999999999998,3103.390833333333,83.22166666666668,696.4625,1.935833333333333,100,1,Normal,5
2026-05-03 08:45:00,WELL-002,3079.53,83.51,710.47,2.11,17.0,10.26,134.16,3759.8,29.32,Normal,0,0,0,No Action Required,-41.67999999999984,-0.9799999999999898,4.310000000000059,0.1,3101.6900000000005,83.15083333333334,696.7725,1.9425,100,1,Normal,5
2026-05-03 08:50:00,WELL-002,3106.12,80.55,695.95,1.98,17.08,10.21,131.05,3914.07,29.43,Normal,0,0,0,No Action Required,26.58999999999969,-2.960000000000008,-14.519999999999982,-0.1299999999999999,3101.3016666666663,82.87166666666666,697.0766666666667,1.925,100,1,Normal,5
2026-05-03 08:55:00,WELL-002,3114.24,82.78,686.31,2.06,16.25,10.14,132.26,4032.03,29.3,Normal,0,0,0,No Action Required,8.11999999999989,2.230000000000004,-9.6400000000001,0.08,3102.595,82.825,696.9258333333333,1.9491666666666667,100,1,Normal,5
2026-05-03 09:00:00,WELL-002,3100.31,82.57,697.81,2.17,16.37,10.25,132.23,3810.17,28.93,Normal,0,0,0,No Action Required,-13.929999999999836,-0.2100000000000079,11.5,0.1099999999999998,3099.9733333333334,82.83833333333332,696.5524999999999,1.97,100,1,Normal,5
2026-05-03 09:05:00,WELL-002,3089.21,83.08,701.82,2.11,16.69,10.18,134.73,3906.71,29.36,Normal,0,0,0,No Action Required,-11.099999999999907,0.5100000000000051,4.010000000000105,-0.06,3099.691666666667,82.85666666666667,697.1708333333332,1.9908333333333328,100,1,Normal,5
2026-05-03 09:10:00,WELL-002,3082.16,82.05,703.83,2.11,15.57,10.27,131.67,4039.6,28.27,Normal,0,0,0,No Action Required,-7.050000000000182,-1.0300000000000011,2.009999999999991,0.0,3098.3491666666664,82.82833333333333,697.2383333333333,2.0175,100,1,Normal,5
2026-05-03 09:15:00,WELL-002,3084.6,82.59,686.5,2.13,16.22,10.3,134.94,3843.34,29.25,Normal,0,0,0,No Action Required,2.4400000000000546,0.5400000000000063,-17.33000000000004,0.02,3096.5658333333336,82.77333333333333,697.0316666666668,2.0475,100,1,Normal,5
2026-05-03 09:20:00,WELL-002,3110.99,82.66,697.75,1.94,16.73,10.24,129.32,3933.7,29.31,Normal,0,0,0,No Action Required,26.38999999999988,0.0699999999999931,11.25,-0.1899999999999999,3097.963333333333,82.80333333333333,697.0383333333334,2.0475,100,1,Normal,5
2026-05-03 09:25:00,WELL-002,3107.97,82.35,685.5,2.07,16.71,10.21,136.04,3954.8,29.1,Normal,0,0,0,No Action Required,-3.019999999999982,-0.3100000000000023,-12.25,0.1299999999999999,3099.2783333333336,82.76833333333333,697.3833333333333,2.040833333333333,100,1,Normal,5
2026-05-03 09:30:00,WELL-002,3081.02,82.46,683.58,1.99,16.4,10.22,133.3,4082.86,29.85,Normal,0,0,0,No Action Required,-26.94999999999981,0.1099999999999994,-1.919999999999959,-0.0799999999999998,3097.554166666667,82.68083333333333,696.6166666666667,2.0516666666666667,100,1,Normal,5
2026-05-03 09:35:00,WELL-002,3079.58,83.11,696.13,2.01,16.72,10.34,132.09,3843.02,29.35,Normal,0,0,0,No Action Required,-1.4400000000000546,0.6500000000000057,12.549999999999956,0.0199999999999997,3096.411666666667,82.68333333333332,695.9841666666667,2.0575,100,1,Normal,5
2026-05-03 09:40:00,WELL-002,3080.25,82.13,699.02,2.02,16.43,10.3,130.93,4118.11,29.47,Normal,0,0,0,No Action Required,0.6700000000000728,-0.980000000000004,2.8899999999999864,0.0100000000000002,3092.998333333333,82.48666666666666,695.3891666666667,2.058333333333333,100,1,Normal,5
2026-05-03 09:45:00,WELL-002,3086.48,83.19,682.17,2.06,17.14,10.22,131.74,3976.99,29.13,Normal,0,0,0,No Action Required,6.230000000000018,1.0600000000000025,-16.850000000000023,0.04,3093.5774999999994,82.46,693.0308333333334,2.0541666666666667,100,1,Normal,5
2026-05-03 09:50:00,WELL-002,3084.63,81.57,692.59,1.84,16.16,10.26,131.02,3920.39,29.51,Normal,0,0,0,No Action Required,-1.849999999999909,-1.6200000000000043,10.420000000000073,-0.2199999999999999,3091.786666666667,82.545,692.7508333333334,2.0425,100,1,Normal,5
2026-05-03 09:55:00,WELL-002,3103.7,81.77,684.57,2.16,17.19,10.21,133.45,4061.96,29.6,Normal,0,0,0,No Action Required,19.06999999999971,0.2000000000000028,-8.019999999999982,0.32,3090.9083333333333,82.46083333333333,692.6058333333334,2.0508333333333333,100,1,Normal,5
2026-05-03 10:00:00,WELL-002,3068.58,81.36,683.11,2.02,16.7,10.39,134.91,4105.28,29.78,Normal,0,0,0,No Action Required,-35.11999999999989,-0.4099999999999966,-1.4600000000000364,-0.1400000000000001,3088.2641666666664,82.36,691.3808333333333,2.0383333333333336,100,1,Normal,5
2026-05-03 10:05:00,WELL-002,3102.0,81.69,699.13,2.1,16.22,10.12,133.49,3930.4,29.92,Normal,0,0,0,No Action Required,33.42000000000007,0.3299999999999983,16.019999999999982,0.08,3089.33,82.24416666666666,691.1566666666668,2.0375,100,1,Normal,5
2026-05-03 10:10:00,WELL-002,3047.73,81.61,683.14,1.75,16.75,10.19,129.63,4022.78,29.77,Normal,0,0,0,No Action Required,-54.26999999999998,-0.0799999999999983,-15.990000000000007,-0.3500000000000001,3086.460833333333,82.2075,689.4325,2.0075,100,1,Normal,5
2026-05-03 10:15:00,WELL-002,3072.57,80.6,691.17,2.1,16.71,10.14,129.05,3774.69,29.1,Normal,0,0,0,No Action Required,24.840000000000146,-1.0100000000000051,8.029999999999973,0.3500000000000001,3085.458333333333,82.04166666666666,689.8216666666667,2.005,100,1,Normal,5
2026-05-03 10:20:00,WELL-002,3070.52,82.56,693.66,1.92,16.41,10.26,132.27,3760.82,29.4,Normal,0,0,0,No Action Required,-2.050000000000182,1.960000000000008,2.490000000000009,-0.1800000000000001,3082.085833333333,82.03333333333333,689.4808333333334,2.0033333333333334,100,1,Normal,5
2026-05-03 10:25:00,WELL-002,3050.43,82.22,684.73,2.03,16.61,10.24,131.08,4026.12,29.11,Normal,0,0,0,No Action Required,-20.090000000000146,-0.3400000000000034,-8.92999999999995,0.1099999999999998,3077.290833333333,82.0225,689.4166666666666,2.0,100,1,Normal,5
2026-05-03 10:30:00,WELL-002,3088.51,83.09,686.75,2.02,16.8,10.27,135.37,3898.47,28.99,Normal,0,0,0,No Action Required,38.08000000000038,0.8700000000000045,2.019999999999982,-0.0099999999999997,3077.9150000000004,82.075,689.6808333333333,2.0025,100,1,Normal,5
2026-05-03 10:35:00,WELL-002,3090.35,83.31,690.47,1.86,16.39,10.13,134.42,3833.92,29.72,Normal,0,0,0,No Action Required,1.8399999999996908,0.2199999999999988,3.7200000000000273,-0.1599999999999999,3078.8125,82.09166666666667,689.2091666666666,1.99,100,1,Normal,5
2026-05-03 10:40:00,WELL-002,3061.39,83.05,674.8,1.94,17.29,10.18,130.92,4021.13,29.13,Normal,0,0,0,No Action Required,-28.96000000000004,-0.2600000000000051,-15.670000000000073,0.0799999999999998,3077.2408333333333,82.16833333333334,687.1908333333332,1.9833333333333327,100,1,Normal,5
2026-05-03 10:45:00,WELL-002,3097.93,83.41,690.64,2.0,16.32,10.23,132.58,3938.67,29.02,Normal,0,0,0,No Action Required,36.53999999999997,0.3599999999999994,15.840000000000032,0.06,3078.195,82.18666666666667,687.8966666666666,1.9783333333333333,100,1,Normal,5
2026-05-03 10:50:00,WELL-002,3097.69,82.61,699.21,2.09,16.41,10.19,134.01,3996.96,29.74,Normal,0,0,0,No Action Required,-0.2399999999997817,-0.7999999999999972,8.57000000000005,0.0899999999999998,3079.283333333333,82.27333333333333,688.4483333333334,1.9991666666666663,100,1,Normal,5
2026-05-03 10:55:00,WELL-002,3076.23,80.93,678.01,1.92,17.1,10.21,137.38,3761.86,29.84,Normal,0,0,0,No Action Required,-21.46000000000004,-1.6799999999999926,-21.200000000000045,-0.1699999999999999,3076.994166666667,82.20333333333333,687.9016666666666,1.9791666666666667,100,1,Normal,5
2026-05-03 11:00:00,WELL-002,3093.29,82.8,691.68,2.06,16.26,10.24,130.44,3940.37,29.49,Normal,0,0,0,No Action Required,17.059999999999945,1.8699999999999903,13.66999999999996,0.1400000000000001,3079.0533333333333,82.32333333333334,688.6158333333333,1.9825,100,1,Normal,5
2026-05-03 11:05:00,WELL-002,3072.04,81.9,688.12,1.97,16.87,10.25,133.22,4006.59,29.71,Normal,0,0,0,No Action Required,-21.25,-0.8999999999999915,-3.559999999999945,-0.09,3076.556666666667,82.34083333333332,687.6983333333333,1.9716666666666665,100,1,Normal,5
2026-05-03 11:10:00,WELL-002,3097.56,84.05,691.3,1.8,16.59,10.27,132.15,3965.95,29.24,Normal,0,0,0,No Action Required,25.519999999999985,2.1499999999999915,3.17999999999995,-0.1699999999999999,3080.709166666667,82.54416666666667,688.3783333333332,1.975833333333333,100,1,Normal,5
2026-05-03 11:15:00,WELL-002,3095.52,82.59,687.99,2.09,16.6,10.18,134.85,3950.58,29.61,Normal,0,0,0,No Action Required,-2.039999999999964,-1.4599999999999935,-3.309999999999945,0.2899999999999998,3082.621666666668,82.71000000000001,688.1133333333332,1.975,100,1,Normal,5
2026-05-03 11:20:00,WELL-002,3082.16,81.84,691.97,1.84,16.46,10.2,129.91,3965.64,29.11,Normal,0,0,0,No Action Required,-13.360000000000127,-0.75,3.980000000000018,-0.2499999999999997,3083.5916666666667,82.64999999999999,687.9725,1.968333333333333,100,1,Normal,5
2026-05-03 11:25:00,WELL-002,3078.24,82.98,693.39,2.0,16.44,10.24,135.22,3883.4,29.61,Normal,0,0,0,No Action Required,-3.9200000000000728,1.1400000000000006,1.419999999999959,0.1599999999999999,3085.9091666666664,82.71333333333332,688.6941666666667,1.965833333333333,100,1,Normal,5
2026-05-03 11:30:00,WELL-002,3064.49,80.84,701.82,1.89,16.55,10.22,132.83,3841.95,29.06,Normal,0,0,0,No Action Required,-13.75,-2.140000000000001,8.430000000000064,-0.1100000000000001,3083.9075,82.52583333333334,689.9499999999999,1.955,100,1,Normal,5
2026-05-03 11:35:00,WELL-002,3110.01,82.19,700.57,2.04,15.98,10.21,133.68,4130.48,29.52,Normal,0,0,0,No Action Required,45.52000000000044,1.3499999999999943,-1.25,0.1500000000000001,3085.545833333333,82.4325,690.7916666666666,1.97,100,1,Normal,5
2026-05-03 11:40:00,WELL-002,3082.43,82.58,688.53,1.91,16.59,10.16,136.73,4023.55,29.31,Normal,0,0,0,No Action Required,-27.580000000000386,0.3900000000000005,-12.040000000000076,-0.1300000000000001,3087.299166666666,82.39333333333333,691.9358333333333,1.9675,100,1,Normal,5
2026-05-03 11:45:00,WELL-002,3084.11,83.37,699.16,2.06,16.78,10.22,132.26,3859.59,28.3,Normal,0,0,0,No Action Required,1.680000000000291,0.7900000000000063,10.629999999999995,0.1500000000000001,3086.1475,82.39,692.6458333333334,1.9725,100,1,Normal,5
2026-05-03 11:50:00,WELL-002,3093.1,81.01,699.5,2.06,16.07,10.24,133.82,4127.77,29.49,Normal,0,0,0,No Action Required,8.989999999999782,-2.3599999999999994,0.3400000000000318,0.0,3085.765,82.25666666666667,692.6700000000001,1.97,100,1,Normal,5
2026-05-03 11:55:00,WELL-002,3069.04,82.04,678.32,2.07,16.66,10.21,134.87,3749.89,29.37,Normal,0,0,0,No Action Required,-24.059999999999945,1.0300000000000011,-21.17999999999995,0.0099999999999997,3085.165833333333,82.34916666666668,692.6958333333333,1.9825,100,1,Normal,5
2026-05-03 12:00:00,WELL-002,3079.24,79.98,679.4,2.14,16.31,10.27,133.42,3807.65,29.63,Normal,0,0,0,No Action Required,10.199999999999818,-2.0600000000000023,1.0799999999999272,0.0700000000000002,3083.9950000000003,82.11416666666668,691.6725,1.9891666666666667,100,1,Normal,5
2026-05-03 12:05:00,WELL-002,3067.95,81.17,683.09,2.04,16.97,10.13,134.37,3964.61,28.97,Normal,0,0,0,No Action Required,-11.289999999999964,1.1899999999999975,3.690000000000055,-0.1,3083.6541666666667,82.05333333333333,691.2533333333332,1.995,100,1,Normal,5
2026-05-03 12:10:00,WELL-002,3070.79,82.77,685.37,2.08,17.07,10.27,133.24,4117.08,29.68,Normal,0,0,0,No Action Required,2.840000000000145,1.5999999999999943,2.2799999999999727,0.04,3081.4233333333336,81.94666666666667,690.7591666666667,2.018333333333333,100,1,Normal,5
2026-05-03 12:15:00,WELL-002,3070.48,81.53,694.75,2.02,16.85,10.19,135.28,3952.62,29.44,Normal,0,0,0,No Action Required,-0.3099999999999454,-1.2399999999999949,9.379999999999995,-0.06,3079.336666666666,81.85833333333333,691.3224999999999,2.0125,100,1,Normal,5
2026-05-03 12:20:00,WELL-002,3076.64,80.55,687.97,1.8,16.83,10.26,135.15,3910.62,28.82,Normal,0,0,0,No Action Required,6.159999999999855,-0.980000000000004,-6.779999999999973,-0.2199999999999999,3078.8766666666666,81.75083333333335,690.9891666666667,2.0091666666666668,100,1,Normal,5
2026-05-03 12:25:00,WELL-002,3056.21,81.21,700.53,1.81,16.7,10.15,131.9,3846.37,29.05,Normal,0,0,0,No Action Required,-20.42999999999984,0.6599999999999966,12.559999999999944,0.01,3077.040833333334,81.60333333333334,691.5841666666666,1.9933333333333327,100,1,Normal,5
2026-05-03 12:30:00,WELL-002,3081.64,80.99,673.2,1.92,16.64,10.24,133.24,3864.15,29.42,Normal,0,0,0,No Action Required,25.42999999999984,-0.2199999999999988,-27.329999999999927,0.1099999999999998,3078.47,81.61583333333333,689.1991666666668,1.995833333333333,100,1,Normal,5
2026-05-03 12:35:00,WELL-002,3049.66,82.19,675.06,2.14,17.11,10.13,133.17,3929.74,29.67,Normal,0,0,0,No Action Required,-31.98000000000001,1.2000000000000028,1.8599999999999,0.2200000000000002,3073.4408333333336,81.61583333333334,687.0733333333333,2.004166666666667,100,1,Normal,5
2026-05-03 12:40:00,WELL-002,3068.16,82.73,694.32,1.89,16.86,10.25,133.98,3954.08,29.6,Normal,0,0,0,No Action Required,18.5,0.5400000000000063,19.260000000000105,-0.2500000000000002,3072.251666666667,81.62833333333333,687.5558333333333,2.0025,100,1,Normal,5
2026-05-03 12:45:00,WELL-002,3075.47,81.63,686.88,1.92,16.35,10.26,132.95,3875.7,29.3,Normal,0,0,0,No Action Required,7.309999999999945,-1.1000000000000083,-7.440000000000055,0.03,3071.5316666666663,81.48333333333333,686.5324999999999,1.990833333333333,100,1,Normal,5
2026-05-03 12:50:00,WELL-002,3079.76,81.36,673.23,1.91,17.23,10.28,131.46,3926.66,29.16,Normal,0,0,0,No Action Required,4.290000000000418,-0.269999999999996,-13.649999999999975,-0.01,3070.42,81.5125,684.3433333333334,1.9783333333333333,100,1,Normal,5
2026-05-03 12:55:00,WELL-002,3028.9,83.13,688.82,2.06,17.48,10.32,133.86,3984.16,29.85,Normal,0,0,0,No Action Required,-50.86000000000013,1.769999999999996,15.590000000000032,0.1500000000000001,3067.0750000000003,81.60333333333332,685.2183333333332,1.9775,100,1,Normal,5
2026-05-03 13:00:00,WELL-002,3046.17,80.34,672.82,2.07,16.66,10.3,134.11,3893.76,29.72,Normal,0,0,0,No Action Required,17.269999999999982,-2.789999999999992,-16.0,0.0099999999999997,3064.3191666666667,81.63333333333334,684.6700000000001,1.9716666666666665,100,1,Normal,5
2026-05-03 13:05:00,WELL-002,3066.19,80.95,696.24,1.91,16.67,10.19,134.08,3967.37,29.38,Normal,0,0,0,No Action Required,20.019999999999985,0.6099999999999994,23.41999999999996,-0.1599999999999999,3064.1725,81.615,685.7658333333334,1.9608333333333328,100,1,Normal,5
2026-05-03 13:10:00,WELL-002,3063.38,80.89,672.77,1.94,16.69,10.21,132.84,4009.55,29.66,Normal,0,0,0,No Action Required,-2.809999999999945,-0.0600000000000022,-23.470000000000027,0.03,3063.555,81.45833333333333,684.7158333333333,1.9491666666666667,100,1,Normal,5
2026-05-03 13:15:00,WELL-002,3041.92,81.72,695.82,2.1,16.94,10.31,131.54,3917.04,29.16,Normal,0,0,0,No Action Required,-21.46000000000004,0.8299999999999983,23.050000000000068,0.1600000000000001,3061.1750000000006,81.47416666666668,684.805,1.955833333333333,100,1,Normal,5
2026-05-03 13:20:00,WELL-002,3054.11,81.46,694.14,2.04,16.5,10.28,131.65,3776.19,28.78,Normal,0,0,0,No Action Required,12.190000000000056,-0.2600000000000051,-1.6800000000000637,-0.06,3059.2975,81.55,685.3191666666667,1.975833333333333,100,1,Normal,5
2026-05-03 13:25:00,WELL-002,3082.9,80.76,684.09,2.23,16.89,10.31,130.42,4018.41,29.01,Normal,0,0,0,No Action Required,28.789999999999964,-0.6999999999999886,-10.049999999999956,0.1899999999999999,3061.521666666667,81.5125,683.9491666666667,2.0108333333333333,100,1,Normal,5
2026-05-03 13:30:00,WELL-002,3082.62,79.3,680.28,2.12,16.19,10.31,135.85,3965.27,28.89,Normal,0,0,0,No Action Required,-0.2800000000002001,-1.460000000000008,-3.810000000000059,-0.1099999999999998,3061.603333333333,81.37166666666667,684.5391666666668,2.0275000000000003,100,1,Normal,5
2026-05-03 13:35:00,WELL-002,3077.23,81.63,692.65,1.79,16.53,10.23,132.54,4000.54,28.74,Normal,0,0,0,No Action Required,-5.389999999999873,2.3299999999999983,12.370000000000005,-0.33,3063.900833333333,81.325,686.005,1.9983333333333333,100,1,Normal,5
2026-05-03 13:40:00,WELL-002,3047.46,80.65,674.85,1.88,16.84,10.32,136.12,3960.75,29.46,Normal,0,0,0,No Action Required,-29.769999999999985,-0.9799999999999898,-17.799999999999955,0.0899999999999998,3062.175833333333,81.15166666666667,684.3825,1.9975,100,1,Normal,5
2026-05-03 13:45:00,WELL-002,3040.32,80.71,676.82,2.1,17.02,10.15,132.28,3937.43,29.15,Normal,0,0,0,No Action Required,-7.139999999999873,0.059999999999988,1.9700000000000275,0.2200000000000002,3059.246666666668,81.075,683.5441666666667,2.0125,100,1,Normal,5
2026-05-03 13:50:00,WELL-002,3034.19,81.46,691.18,2.02,16.2,10.12,132.19,3909.27,29.06,Normal,0,0,0,No Action Required,-6.130000000000109,0.75,14.3599999999999,-0.08,3055.4491666666668,81.08333333333333,685.0400000000001,2.021666666666667,100,1,Normal,5
2026-05-03 13:55:00,WELL-002,3037.33,80.8,690.3,1.81,16.52,10.26,135.37,4113.44,28.67,Normal,0,0,0,No Action Required,3.1399999999998727,-0.6599999999999966,-0.8799999999999955,-0.2099999999999999,3056.151666666666,80.88916666666667,685.1633333333333,2.000833333333333,100,1,Normal,5
2026-05-03 14:00:00,WELL-002,3087.55,81.93,688.95,2.25,16.44,10.31,132.35,3883.86,28.99,Normal,0,0,0,No Action Required,50.220000000000255,1.1300000000000097,-1.349999999999909,0.4399999999999999,3059.6000000000004,81.02166666666666,686.5075,2.015833333333333,100,1,Normal,5
2026-05-03 14:05:00,WELL-002,3037.19,79.22,688.89,2.05,17.24,10.26,131.18,4027.14,29.38,Normal,0,0,0,No Action Required,-50.36000000000013,-2.710000000000008,-0.0600000000000591,-0.2000000000000001,3057.183333333333,80.8775,685.895,2.0275000000000003,100,1,Normal,5
2026-05-03 14:10:00,WELL-002,3064.71,78.93,686.44,2.05,16.38,10.19,134.31,4002.48,29.42,Normal,0,0,0,No Action Required,27.519999999999985,-0.289999999999992,-2.449999999999932,0.0,3057.2941666666666,80.71416666666666,687.0341666666667,2.036666666666666,100,1,Normal,5
2026-05-03 14:15:00,WELL-002,3054.47,81.69,682.78,1.81,16.27,10.28,133.4,4088.23,30.02,Normal,0,0,0,No Action Required,-10.240000000000236,2.759999999999991,-3.660000000000082,-0.2399999999999997,3058.34,80.71166666666666,685.9475000000001,2.0125,100,1,Normal,5
2026-05-03 14:20:00,WELL-002,3067.71,80.24,686.42,2.13,16.31,10.23,133.29,3934.96,29.54,Normal,0,0,0,No Action Required,13.240000000000236,-1.4500000000000028,3.6399999999999855,0.3199999999999998,3059.4733333333334,80.61,685.3041666666667,2.02,100,1,Normal,5
2026-05-03 14:25:00,WELL-002,3055.87,77.27,677.84,1.88,16.92,10.19,135.58,3976.85,29.13,Normal,0,0,0,No Action Required,-11.840000000000146,-2.969999999999999,-8.579999999999927,-0.25,3057.2208333333333,80.31916666666667,684.7833333333333,1.9908333333333328,100,1,Normal,5
2026-05-03 14:30:00,WELL-002,3061.82,80.25,696.91,2.22,16.61,10.23,134.06,3982.58,28.95,Normal,0,0,0,No Action Required,5.950000000000273,2.980000000000004,19.069999999999936,0.3400000000000003,3055.4875,80.39833333333333,686.1691666666667,1.9991666666666663,100,1,Normal,5
2026-05-03 14:35:00,WELL-002,3082.05,80.09,686.33,1.79,16.95,10.23,135.89,3949.98,29.05,Normal,0,0,0,No Action Required,20.23000000000001,-0.1599999999999966,-10.579999999999927,-0.4300000000000001,3055.889166666668,80.27,685.6425,1.9991666666666663,100,1,Normal,5
2026-05-03 14:40:00,WELL-002,3040.0,80.1,700.47,1.95,16.56,10.21,132.84,3964.84,29.26,Normal,0,0,0,No Action Required,-42.05000000000018,0.0099999999999909,14.139999999999986,0.1599999999999999,3055.2675,80.22416666666666,687.7775,2.005,100,1,Normal,5
2026-05-03 14:45:00,WELL-002,3079.04,80.04,688.35,1.97,17.24,10.26,131.01,3895.44,28.8,Normal,0,0,0,No Action Required,39.03999999999997,-0.059999999999988,-12.120000000000005,0.02,3058.494166666667,80.16833333333334,688.7383333333333,1.9941666666666664,100,1,Normal,5
2026-05-03 14:50:00,WELL-002,3059.21,78.15,697.66,2.15,16.19,10.21,133.72,3858.59,28.34,Normal,0,0,0,No Action Required,-19.829999999999927,-1.8900000000000008,9.309999999999944,0.1799999999999999,3060.579166666667,79.8925,689.2783333333333,2.005,100,1,Normal,5
2026-05-03 14:55:00,WELL-002,3095.81,78.89,682.62,2.01,16.92,10.27,130.73,4019.64,28.96,Normal,0,0,0,No Action Required,36.59999999999991,0.7399999999999949,-15.039999999999964,-0.1400000000000001,3065.4525,79.73333333333333,688.6383333333333,2.021666666666667,100,1,Normal,5
2026-05-03 15:00:00,WELL-002,3013.6,81.66,698.63,2.02,17.23,10.19,130.15,3807.35,29.32,Normal,0,0,0,No Action Required,-82.21000000000004,2.769999999999996,16.00999999999999,0.0100000000000002,3059.2899999999995,79.71083333333333,689.445,2.0025,100,1,Normal,5
2026-05-03 15:05:00,WELL-002,3071.59,78.52,688.42,2.04,17.08,10.21,136.31,4053.71,28.87,Normal,0,0,0,No Action Required,57.99000000000024,-3.140000000000001,-10.210000000000036,0.02,3062.156666666667,79.65249999999999,689.4058333333332,2.0016666666666665,100,1,Normal,5
2026-05-03 15:10:00,WELL-002,3054.13,79.17,688.37,2.18,16.65,10.27,134.09,4127.45,29.12,Normal,0,0,0,No Action Required,-17.460000000000036,0.6500000000000057,-0.0499999999999545,0.1400000000000001,3061.275,79.6725,689.5666666666666,2.0125,100,1,Normal,5
2026-05-03 15:15:00,WELL-002,3052.1,80.13,678.18,1.72,16.51,10.33,129.47,4068.29,29.27,Normal,0,0,0,No Action Required,-2.0300000000002,0.9599999999999936,-10.190000000000056,-0.4600000000000002,3061.0775,79.5425,689.1833333333333,2.005,100,1,Normal,5
2026-05-03 15:20:00,WELL-002,2991.18,80.39,680.97,2.09,16.27,10.22,133.74,3898.47,28.51,Normal,0,0,0,No Action Required,-60.92000000000007,0.2600000000000051,2.7900000000000773,0.3699999999999999,3054.7000000000003,79.55499999999999,688.7291666666666,2.001666666666667,100,1,Normal,5
2026-05-03 15:25:00,WELL-002,3056.29,80.25,690.96,1.85,16.43,10.35,131.6,4037.86,28.95,Normal,0,0,0,No Action Required,65.11000000000013,-0.1400000000000005,9.990000000000007,-0.2399999999999997,3054.735,79.80333333333333,689.8225000000001,1.9991666666666663,100,1,Normal,5
2026-05-03 15:30:00,WELL-002,3062.04,79.99,700.91,1.83,17.69,10.22,129.18,3950.46,28.93,Normal,0,0,0,No Action Required,5.75,-0.2600000000000051,9.949999999999932,-0.02,3054.7533333333336,79.78166666666667,690.1558333333334,1.9666666666666668,100,1,Normal,5
2026-05-03 15:35:00,WELL-002,3049.97,78.58,688.93,2.09,16.45,10.15,133.16,3891.61,29.46,Normal,0,0,0,No Action Required,-12.070000000000164,-1.4099999999999966,-11.980000000000018,0.2599999999999998,3052.08,79.65583333333332,690.3725000000001,1.991666666666667,100,1,Normal,5
2026-05-03 15:40:00,WELL-002,3047.92,80.36,692.11,1.83,16.71,10.2,132.35,3988.0,29.22,Normal,0,0,0,No Action Required,-2.049999999999727,1.7800000000000011,3.180000000000064,-0.2599999999999998,3052.74,79.6775,689.6758333333333,1.981666666666667,100,1,Normal,5
2026-05-03 15:45:00,WELL-002,3033.02,78.2,697.36,2.11,16.16,10.23,133.67,4049.56,29.19,Normal,0,0,0,No Action Required,-14.900000000000093,-2.1599999999999966,5.25,0.2799999999999998,3048.905,79.52416666666666,690.4266666666666,1.9933333333333327,100,1,Normal,5
2026-05-03 15:50:00,WELL-002,3020.96,78.8,687.09,1.97,15.93,10.27,133.24,3815.99,29.23,Normal,0,0,0,No Action Required,-12.059999999999944,0.5999999999999943,-10.269999999999982,-0.1399999999999999,3045.7175,79.57833333333333,689.5458333333332,1.9783333333333333,100,1,Normal,5
2026-05-03 15:55:00,WELL-002,3047.77,80.21,691.89,1.74,16.72,10.2,133.06,3814.17,29.37,Normal,0,0,0,No Action Required,26.809999999999945,1.4099999999999966,4.7999999999999545,-0.2299999999999999,3041.714166666666,79.68833333333333,690.3183333333333,1.955833333333333,100,1,Normal,5
2026-05-03 16:00:00,WELL-002,3039.63,78.06,674.06,1.79,16.59,10.26,131.6,3837.22,29.61,Normal,0,0,0,No Action Required,-8.139999999999873,-2.1499999999999915,-17.83000000000004,0.05,3043.883333333333,79.38833333333334,688.2708333333334,1.9366666666666663,100,1,Normal,5
2026-05-03 16:05:00,WELL-002,3034.47,78.89,709.6,2.01,17.03,10.25,131.37,4031.41,28.8,Normal,0,0,0,No Action Required,-5.160000000000309,0.8299999999999983,35.54000000000008,0.2199999999999997,3040.7899999999995,79.41916666666667,690.0358333333334,1.9341666666666668,100,1,Normal,5
2026-05-03 16:10:00,WELL-002,3074.59,79.61,703.09,1.97,16.16,10.19,133.37,3793.22,29.66,Normal,0,0,0,No Action Required,40.120000000000346,0.7199999999999989,-6.509999999999991,-0.0399999999999998,3042.4950000000003,79.45583333333333,691.2624999999999,1.9166666666666667,100,1,Normal,5
2026-05-03 16:15:00,WELL-002,3027.3,79.6,681.82,1.93,17.47,10.23,132.29,3991.96,29.58,Normal,0,0,0,No Action Required,-47.28999999999997,-0.0100000000000051,-21.269999999999985,-0.04,3040.4283333333333,79.41166666666666,691.5658333333332,1.9341666666666668,100,1,Normal,5
2026-05-03 16:20:00,WELL-002,3042.65,80.23,693.21,1.91,16.42,10.19,130.43,3833.87,29.81,Normal,0,0,0,No Action Required,15.349999999999907,0.6300000000000097,11.389999999999986,-0.02,3044.7175,79.39833333333333,692.5858333333334,1.9191666666666665,100,1,Normal,5
2026-05-03 16:25:00,WELL-002,3053.24,78.81,696.47,2.08,16.81,10.14,137.96,3679.09,29.76,Normal,0,0,0,No Action Required,10.58999999999969,-1.4200000000000017,3.259999999999991,0.1700000000000001,3044.463333333333,79.27833333333334,693.0450000000001,1.9383333333333328,100,1,Normal,5
2026-05-03 16:30:00,WELL-002,3054.69,80.8,691.17,1.93,16.17,10.16,133.03,3956.05,29.08,Normal,0,0,0,No Action Required,1.4500000000002728,1.9899999999999949,-5.300000000000068,-0.1500000000000001,3043.8508333333334,79.34583333333333,692.2333333333335,1.9466666666666663,100,1,Normal,5
2026-05-03 16:35:00,WELL-002,3019.94,78.76,688.84,1.82,17.08,10.24,135.31,4008.75,29.31,Normal,0,0,0,No Action Required,-34.75,-2.039999999999992,-2.3299999999999272,-0.1099999999999998,3041.3483333333334,79.36083333333333,692.2258333333334,1.9241666666666664,100,1,Normal,5
2026-05-03 16:40:00,WELL-002,3100.86,79.96,701.74,1.83,17.3,10.24,132.3,3899.56,29.16,Normal,0,0,0,No Action Required,80.92000000000007,1.1999999999999886,12.899999999999975,0.01,3045.76,79.3275,693.0283333333333,1.9241666666666664,100,1,Normal,5
2026-05-03 16:45:00,WELL-002,3068.36,81.18,688.49,2.11,16.99,10.29,134.8,3988.38,28.9,Normal,0,0,0,No Action Required,-32.5,1.220000000000013,-13.25,0.2799999999999998,3048.7050000000004,79.57583333333334,692.2891666666666,1.9241666666666664,100,1,Normal,5
2026-05-03 16:50:00,WELL-002,3015.68,78.45,699.77,1.93,16.34,10.29,132.56,3849.46,28.87,Normal,0,0,0,No Action Required,-52.68000000000029,-2.730000000000004,11.279999999999973,-0.1799999999999999,3048.265,79.54666666666667,693.3458333333333,1.9208333333333327,100,1,Normal,5
2026-05-03 16:55:00,WELL-002,3045.79,80.04,702.88,1.82,16.45,10.28,132.42,3901.82,29.11,Normal,0,0,0,No Action Required,30.110000000000127,1.5900000000000034,3.1100000000000136,-0.1099999999999998,3048.1,79.5325,694.2616666666668,1.9275,100,1,Normal,5
2026-05-03 17:00:00,WELL-002,3032.37,80.26,696.47,1.85,16.73,10.19,133.35,3823.46,29.33,Normal,0,0,0,No Action Required,-13.420000000000073,0.2199999999999988,-6.409999999999968,0.03,3047.4950000000003,79.71583333333332,696.1291666666666,1.9325,100,1,Normal,5
2026-05-03 17:05:00,WELL-002,3039.72,79.13,686.52,2.02,16.53,10.21,133.15,3967.28,29.17,Normal,0,0,0,No Action Required,7.349999999999909,-1.1300000000000097,-9.950000000000044,0.1699999999999999,3047.9325000000003,79.73583333333333,694.2058333333333,1.933333333333333,100,1,Normal,5
2026-05-03 17:10:00,WELL-002,3023.92,78.64,694.88,2.13,17.31,10.23,133.47,3999.38,29.42,Normal,0,0,0,No Action Required,-15.799999999999727,-0.4899999999999949,8.360000000000014,0.1099999999999998,3043.71,79.65500000000002,693.5216666666666,1.9466666666666663,100,1,Normal,5
2026-05-03 17:15:00,WELL-002,3040.1,80.21,699.35,1.98,17.01,10.21,130.46,3908.01,29.12,Normal,0,0,0,No Action Required,16.179999999999836,1.5699999999999932,4.470000000000027,-0.1499999999999999,3044.776666666666,79.70583333333333,694.9825,1.9508333333333328,100,1,Normal,5
2026-05-03 17:20:00,WELL-002,3017.8,79.13,708.97,1.78,16.67,10.2,131.85,4042.04,29.04,Normal,0,0,0,No Action Required,-22.299999999999727,-1.0799999999999983,9.620000000000005,-0.1999999999999999,3042.705833333333,79.61416666666666,696.2958333333332,1.94,100,1,Normal,5
2026-05-03 17:25:00,WELL-002,3042.82,79.47,692.94,1.99,17.09,10.22,134.9,4023.5,29.35,Normal,0,0,0,No Action Required,25.019999999999985,0.3400000000000034,-16.029999999999973,0.2099999999999999,3041.8375,79.66916666666667,696.0016666666667,1.9325,100,1,Normal,5
2026-05-03 17:30:00,WELL-002,3024.82,79.39,704.73,2.14,16.57,10.24,132.55,4099.71,29.63,Normal,0,0,0,No Action Required,-18.0,-0.0799999999999983,11.789999999999964,0.1500000000000001,3039.3483333333334,79.55166666666666,697.1316666666667,1.95,100,1,Normal,5
2026-05-03 17:35:00,WELL-002,3050.71,80.17,699.22,2.01,16.48,10.22,135.23,4021.07,29.58,Normal,0,0,0,No Action Required,25.88999999999988,0.7800000000000011,-5.509999999999991,-0.1300000000000003,3041.9125,79.66916666666667,697.9966666666668,1.965833333333333,100,1,Normal,5
2026-05-03 17:40:00,WELL-002,2997.82,78.61,694.88,1.93,16.66,10.19,130.38,3973.66,29.27,Normal,0,0,0,No Action Required,-52.88999999999987,-1.5600000000000025,-4.340000000000032,-0.0799999999999998,3033.325833333333,79.55666666666666,697.4250000000001,1.9741666666666668,100,1,Normal,5
2026-05-03 17:45:00,WELL-002,3021.62,79.09,687.65,1.97,16.42,10.24,131.55,3956.27,28.98,Normal,0,0,0,No Action Required,23.799999999999727,0.480000000000004,-7.230000000000018,0.04,3029.4308333333333,79.38250000000001,697.355,1.9625,100,1,Normal,5
2026-05-03 17:50:00,WELL-002,3041.6,78.48,694.28,1.93,16.61,10.25,134.02,4089.39,29.45,Normal,0,0,0,No Action Required,19.98000000000001,-0.6099999999999994,6.629999999999996,-0.04,3031.590833333333,79.385,696.8975,1.9625,100,1,Normal,5
2026-05-03 17:55:00,WELL-002,3020.24,79.7,701.04,1.96,16.02,10.16,126.93,3928.56,29.51,Normal,0,0,0,No Action Required,-21.360000000000127,1.2199999999999989,6.759999999999991,0.03,3029.4616666666666,79.35666666666667,696.7441666666667,1.9741666666666668,100,1,Normal,5
2026-05-03 18:00:00,WELL-002,3039.03,80.59,707.58,1.97,16.28,10.18,132.55,4062.3,28.99,Normal,0,0,0,No Action Required,18.79000000000042,0.8900000000000006,6.540000000000077,0.01,3030.016666666667,79.38416666666667,697.6700000000001,1.9841666666666664,100,1,Normal,5
2026-05-03 18:05:00,WELL-002,3043.82,81.91,713.82,1.89,16.73,10.22,135.05,4007.05,28.57,Normal,0,0,0,No Action Required,4.789999999999964,1.3199999999999932,6.240000000000009,-0.08,3030.3583333333336,79.61583333333334,699.945,1.9733333333333327,100,1,Normal,5
2026-05-03 18:10:00,WELL-002,3016.71,79.42,711.08,1.85,16.6,10.16,133.1,3951.79,29.54,Normal,0,0,0,No Action Required,-27.110000000000127,-2.489999999999995,-2.740000000000009,-0.0399999999999998,3029.7575,79.68083333333333,701.2950000000001,1.95,100,1,Normal,5
2026-05-03 18:15:00,WELL-002,3068.55,81.25,698.67,1.91,16.89,10.22,133.91,3960.73,29.45,Normal,0,0,0,No Action Required,51.84000000000015,1.8299999999999983,-12.410000000000082,0.0599999999999998,3032.1283333333336,79.7675,701.2383333333333,1.9441666666666664,100,1,Normal,5
2026-05-03 18:20:00,WELL-002,3031.57,77.69,717.42,2.28,16.11,10.26,132.2,3865.49,29.14,Normal,0,0,0,No Action Required,-36.98000000000002,-3.5600000000000023,18.75,0.3699999999999999,3033.275833333333,79.6475,701.9425,1.985833333333333,100,1,Normal,5
2026-05-03 18:25:00,WELL-002,3041.5,79.59,706.33,2.07,16.44,10.22,135.27,3954.84,28.93,Normal,0,0,0,No Action Required,9.929999999999836,1.9000000000000057,-11.089999999999918,-0.2099999999999999,3033.165833333333,79.6575,703.0583333333334,1.9925,100,1,Normal,5
2026-05-03 18:30:00,WELL-002,3065.41,79.47,704.55,1.91,16.69,10.29,130.75,3863.07,29.52,Normal,0,0,0,No Action Required,23.90999999999985,-0.1200000000000045,-1.7800000000000864,-0.1599999999999999,3036.5483333333336,79.66416666666667,703.0433333333334,1.9733333333333327,100,1,Normal,5
2026-05-03 18:35:00,WELL-002,3035.21,80.28,712.37,2.0,16.42,10.22,133.62,4123.2,29.41,Normal,0,0,0,No Action Required,-30.19999999999981,0.8100000000000023,7.82000000000005,0.09,3035.2566666666667,79.67333333333333,704.1391666666667,1.9725,100,1,Normal,5
2026-05-03 18:40:00,WELL-002,3018.55,78.36,691.24,2.1,16.64,10.29,130.49,3897.6,29.59,Normal,0,0,0,No Action Required,-16.659999999999854,-1.9200000000000017,-21.129999999999995,0.1,3036.984166666667,79.6525,703.8358333333334,1.9866666666666664,100,1,Normal,5
2026-05-03 18:45:00,WELL-002,3040.16,78.56,701.03,1.89,16.91,10.28,134.67,3885.28,29.5,Normal,0,0,0,No Action Required,21.60999999999968,0.2000000000000028,9.789999999999964,-0.2100000000000002,3038.5291666666667,79.60833333333333,704.9508333333333,1.98,100,1,Normal,5
2026-05-03 18:50:00,WELL-002,3032.67,78.34,704.9,2.0,16.79,10.24,131.13,4070.03,28.87,Normal,0,0,0,No Action Required,-7.489999999999782,-0.2199999999999988,3.870000000000005,0.1100000000000001,3037.785,79.59666666666666,705.8358333333334,1.985833333333333,100,1,Normal,5
2026-05-03 18:55:00,WELL-002,3050.39,77.44,694.47,2.03,16.77,10.27,133.89,4013.13,28.95,Normal,0,0,0,No Action Required,17.7199999999998,-0.9000000000000057,-10.42999999999995,0.0299999999999998,3040.2975000000006,79.40833333333335,705.2883333333333,1.9916666666666665,100,1,Normal,5
2026-05-03 19:00:00,WELL-002,3012.28,79.2,706.3,2.01,17.22,10.13,132.23,4004.87,29.59,Normal,0,0,0,No Action Required,-38.10999999999967,1.7600000000000051,11.829999999999927,-0.02,3038.068333333333,79.2925,705.1816666666667,1.995,100,1,Normal,5
2026-05-03 19:05:00,WELL-002,3025.39,79.16,683.55,2.15,16.63,10.2,130.84,3845.2,29.22,Normal,0,0,0,No Action Required,13.109999999999673,-0.0400000000000062,-22.75,0.1400000000000001,3036.5325,79.06333333333333,702.6591666666667,2.0166666666666666,100,1,Normal,5
2026-05-03 19:10:00,WELL-002,3055.96,78.64,724.64,2.06,17.01,10.15,130.23,3859.24,29.5,Normal,0,0,0,No Action Required,30.570000000000164,-0.519999999999996,41.09000000000003,-0.0899999999999998,3039.8033333333333,78.99833333333333,703.7891666666668,2.0341666666666667,100,1,Normal,5
2026-05-03 19:15:00,WELL-002,3038.12,77.73,721.83,1.94,16.73,10.14,133.97,4006.95,28.42,Normal,0,0,0,No Action Required,-17.840000000000146,-0.9099999999999966,-2.809999999999945,-0.1200000000000001,3037.2675000000004,78.705,705.7191666666668,2.036666666666666,100,1,Normal,5
2026-05-03 19:20:00,WELL-002,3054.84,79.74,716.69,1.71,16.98,10.26,129.7,3975.38,29.36,Normal,0,0,0,No Action Required,16.720000000000255,2.009999999999991,-5.139999999999986,-0.2299999999999999,3039.206666666667,78.87583333333333,705.6583333333333,1.9891666666666663,100,1,Normal,5
2026-05-03 19:25:00,WELL-002,3035.24,79.64,709.29,2.08,16.41,10.2,132.48,3767.89,29.3,Normal,0,0,0,No Action Required,-19.600000000000364,-0.0999999999999943,-7.400000000000091,0.3700000000000001,3038.685,78.88000000000001,705.9050000000001,1.99,100,1,Normal,5
2026-05-03 19:30:00,WELL-002,3037.3,78.91,709.53,1.78,16.28,10.25,133.95,4016.48,29.3,Normal,0,0,0,No Action Required,2.0600000000004,-0.730000000000004,0.2400000000000091,-0.3,3036.3425,78.83333333333333,706.32,1.9791666666666667,100,1,Normal,5
2026-05-03 19:35:00,WELL-002,3009.14,78.38,711.91,2.09,16.2,10.2,132.73,4054.12,29.29,Normal,0,0,0,No Action Required,-28.16000000000031,-0.5300000000000011,2.3799999999999955,0.3099999999999998,3034.17,78.675,706.2816666666668,1.9866666666666664,100,1,Normal,5
2026-05-03 19:40:00,WELL-002,3018.8,78.2,707.2,1.87,16.42,10.12,131.2,4115.2,29.29,Normal,0,0,0,No Action Required,9.66000000000031,-0.1799999999999926,-4.709999999999923,-0.2199999999999997,3034.1908333333336,78.66166666666668,707.6116666666667,1.9675,100,1,Normal,5
2026-05-03 19:45:00,WELL-002,3028.12,79.91,690.84,1.76,16.55,10.29,132.04,3907.29,29.54,Normal,0,0,0,No Action Required,9.319999999999707,1.7099999999999935,-16.360000000000014,-0.1100000000000001,3033.1875,78.77416666666667,706.7624999999999,1.9566666666666668,100,1,Normal,5
2026-05-03 19:50:00,WELL-002,3060.39,79.65,701.15,2.11,16.77,10.18,136.47,3913.1,29.09,Normal,0,0,0,No Action Required,32.26999999999998,-0.2599999999999909,10.309999999999944,0.3499999999999998,3035.4975,78.88333333333334,706.4499999999999,1.965833333333333,100,1,Normal,5
2026-05-03 19:55:00,WELL-002,3034.89,79.95,700.71,1.99,16.64,10.24,131.7,3967.0,29.81,Normal,0,0,0,No Action Required,-25.5,0.2999999999999971,-0.4399999999999409,-0.1199999999999998,3034.205833333333,79.0925,706.9699999999999,1.9625,100,1,Normal,5
2026-05-03 20:00:00,WELL-002,3051.55,79.6,706.56,1.8,17.08,10.2,128.97,3929.97,29.2,Normal,0,0,0,No Action Required,16.66000000000031,-0.3500000000000085,5.849999999999909,-0.1899999999999999,3037.478333333333,79.12583333333333,706.9916666666667,1.9450000000000005,100,1,Normal,5
2026-05-03 20:05:00,WELL-002,3023.28,79.56,716.23,2.0,16.57,10.26,133.24,3917.08,29.11,Normal,0,0,0,No Action Required,-28.269999999999985,-0.039999999999992,9.670000000000073,0.1999999999999999,3037.3025,79.15916666666666,709.715,1.9325,100,1,Normal,5
2026-05-03 20:10:00,WELL-002,3025.45,77.83,712.43,2.09,16.41,10.22,132.8,3928.51,29.65,Normal,0,0,0,No Action Required,2.169999999999618,-1.730000000000004,-3.800000000000068,0.0899999999999998,3034.76,79.09166666666665,708.6975000000001,1.935,100,1,Normal,5
2026-05-03 20:15:00,WELL-002,3022.13,81.39,705.41,2.05,16.57,10.23,131.08,3969.52,29.49,Normal,0,0,0,No Action Required,-3.319999999999709,3.5600000000000023,-7.019999999999982,-0.04,3033.4275,79.39666666666666,707.3291666666668,1.9441666666666664,100,1,Normal,5
2026-05-03 20:20:00,WELL-002,3046.27,77.91,704.14,1.78,16.37,10.17,135.26,4016.1,30.18,Normal,0,0,0,No Action Required,24.13999999999988,-3.480000000000004,-1.2699999999999818,-0.2699999999999998,3032.713333333333,79.24416666666666,706.2833333333333,1.95,100,1,Normal,5
2026-05-03 20:25:00,WELL-002,3062.28,77.65,707.52,1.77,16.94,10.28,132.64,3919.61,29.44,Normal,0,0,0,No Action Required,16.01000000000022,-0.2599999999999909,3.3799999999999955,-0.01,3034.966666666667,79.07833333333333,706.1358333333333,1.9241666666666664,100,1,Normal,5
2026-05-03 20:30:00,WELL-002,3064.26,79.25,697.12,1.77,16.23,10.24,134.84,4006.72,29.27,Normal,0,0,0,No Action Required,1.9800000000000184,1.5999999999999943,-10.399999999999975,0.0,3037.213333333333,79.10666666666667,705.1016666666666,1.923333333333333,100,1,Normal,5
2026-05-03 20:35:00,WELL-002,3050.58,78.5,703.95,1.91,15.88,10.23,133.01,3863.52,29.38,Normal,0,0,0,No Action Required,-13.680000000000293,-0.75,6.830000000000041,0.1399999999999999,3040.6666666666665,79.11666666666666,704.4383333333334,1.9083333333333328,100,1,Normal,5
2026-05-03 20:40:00,WELL-002,3036.57,78.13,708.84,2.1,16.21,10.21,129.05,3891.61,29.9,Normal,0,0,0,No Action Required,-14.009999999999764,-0.3700000000000045,4.889999999999986,0.1900000000000001,3042.1475,79.11083333333333,704.5749999999999,1.9275,100,1,Normal,5
2026-05-03 20:45:00,WELL-002,3041.93,78.32,702.51,1.91,16.19,10.27,134.98,3879.82,29.12,Normal,0,0,0,No Action Required,5.359999999999673,0.1899999999999977,-6.330000000000041,-0.1900000000000001,3043.2983333333336,78.97833333333334,705.5475,1.94,100,1,Normal,5
2026-05-03 20:50:00,WELL-002,3066.19,79.3,724.25,2.02,16.74,10.26,132.47,3877.17,29.01,Normal,0,0,0,No Action Required,24.26000000000022,0.980000000000004,21.74000000000001,0.1100000000000001,3043.781666666667,78.94916666666667,707.4725,1.9325,100,1,Normal,5
2026-05-03 20:55:00,WELL-002,3038.96,78.26,706.35,1.86,15.92,10.3,131.74,3908.83,29.0,Normal,0,0,0,No Action Required,-27.23000000000001,-1.039999999999992,-17.899999999999977,-0.1599999999999999,3044.120833333334,78.80833333333332,707.9425,1.9216666666666664,100,1,Normal,5
2026-05-03 21:00:00,WELL-002,3059.45,79.8,715.84,2.03,16.36,10.21,131.67,3827.47,29.13,Normal,0,0,0,No Action Required,20.48999999999978,1.539999999999992,9.490000000000007,0.1699999999999997,3044.7791666666667,78.825,708.7158333333333,1.9408333333333327,100,1,Normal,5
2026-05-03 21:05:00,WELL-002,3040.26,80.92,724.84,1.83,16.11,10.28,135.65,3851.7,28.97,Normal,0,0,0,No Action Required,-19.1899999999996,1.1200000000000043,9.0,-0.1999999999999997,3046.1941666666667,78.93833333333333,709.4333333333334,1.9266666666666663,100,1,Normal,5
2026-05-03 21:10:00,WELL-002,3035.22,80.08,719.54,1.82,16.38,10.18,129.64,3770.69,29.72,Normal,0,0,0,No Action Required,-5.040000000000418,-0.8400000000000034,-5.300000000000068,-0.01,3047.0083333333337,79.12583333333333,710.0258333333333,1.9041666666666668,100,1,Normal,5
2026-05-03 21:15:00,WELL-002,3042.56,79.66,709.79,1.92,16.81,10.28,132.01,3849.33,29.51,Normal,0,0,0,No Action Required,7.3400000000001455,-0.4200000000000017,-9.75,0.0999999999999998,3048.710833333333,78.98166666666667,710.3908333333334,1.893333333333333,100,1,Normal,5
2026-05-03 21:20:00,WELL-002,3066.27,78.51,718.24,2.18,16.58,10.26,132.35,3973.73,29.67,Normal,0,0,0,No Action Required,23.71000000000004,-1.1499999999999917,8.450000000000045,0.2600000000000002,3050.3775,79.03166666666667,711.5658333333334,1.9266666666666663,100,1,Normal,5
2026-05-03 21:25:00,WELL-002,3049.97,79.69,712.71,2.0,16.84,10.27,131.4,3929.93,29.22,Normal,0,0,0,No Action Required,-16.300000000000182,1.1799999999999926,-5.529999999999973,-0.1800000000000001,3049.351666666667,79.20166666666667,711.9983333333333,1.9458333333333333,100,1,Normal,5
2026-05-03 21:30:00,WELL-002,3047.34,78.87,713.02,2.04,16.91,10.2,133.68,4060.95,28.81,Normal,0,0,0,No Action Required,-2.6299999999996544,-0.8199999999999932,0.3099999999999454,0.04,3047.941666666667,79.17,713.3233333333333,1.9683333333333333,100,1,Normal,5
2026-05-03 21:35:00,WELL-002,3018.52,78.94,716.72,1.94,16.47,10.17,135.73,3974.57,28.79,Normal,0,0,0,No Action Required,-28.820000000000164,0.0699999999999931,3.7000000000000455,-0.1,3045.27,79.20666666666666,714.3874999999999,1.9708333333333328,100,1,Normal,5
2026-05-03 21:40:00,WELL-002,3080.04,79.41,715.11,2.0,17.05,10.29,134.52,4043.36,28.98,Normal,0,0,0,No Action Required,61.51999999999998,0.4699999999999988,-1.6100000000000136,0.06,3048.8925,79.31333333333333,714.91,1.9625,100,1,Normal,5
2026-05-03 21:45:00,WELL-002,3038.1,79.3,708.78,1.99,16.57,10.2,132.84,3882.37,29.27,Normal,0,0,0,No Action Required,-41.940000000000055,-0.1099999999999994,-6.330000000000041,-0.01,3048.5733333333333,79.395,715.4325,1.9691666666666665,100,1,Normal,5
2026-05-03 21:50:00,WELL-002,3074.79,80.83,713.58,2.18,17.01,10.29,133.9,4033.34,28.81,Normal,0,0,0,No Action Required,36.690000000000055,1.5300000000000011,4.800000000000068,0.1900000000000001,3049.2899999999995,79.5225,714.5433333333334,1.9825,100,1,Normal,5
2026-05-03 21:55:00,WELL-002,3040.44,78.97,720.48,1.75,16.74,10.29,135.29,3951.23,29.38,Normal,0,0,0,No Action Required,-34.34999999999991,-1.86,6.899999999999977,-0.4300000000000001,3049.4133333333334,79.58166666666666,715.7208333333333,1.9733333333333327,100,1,Normal,5
2026-05-03 22:00:00,WELL-002,3065.46,81.01,705.2,2.02,16.06,10.3,126.46,3991.18,28.94,Normal,0,0,0,No Action Required,25.019999999999985,2.0400000000000063,-15.279999999999973,0.27,3049.914166666667,79.6825,714.8341666666666,1.9725,100,1,Normal,5
2026-05-03 22:05:00,WELL-002,3029.91,80.42,711.28,1.95,16.33,10.09,131.06,3937.33,29.18,Normal,0,0,0,No Action Required,-35.55000000000018,-0.5900000000000034,6.079999999999927,-0.07,3049.0516666666663,79.64083333333333,713.7041666666668,1.9825,100,1,Normal,5
2026-05-03 22:10:00,WELL-002,3057.13,80.7,726.75,1.86,17.04,10.2,135.86,3911.61,28.97,Normal,0,0,0,No Action Required,27.22000000000025,0.2800000000000011,15.470000000000027,-0.0899999999999998,3050.8775,79.6925,714.305,1.985833333333333,100,1,Normal,5
2026-05-03 22:15:00,WELL-002,3076.49,79.95,696.95,2.04,16.69,10.17,135.11,3849.41,29.47,Normal,0,0,0,No Action Required,19.35999999999968,-0.75,-29.799999999999955,0.1799999999999999,3053.705,79.71666666666667,713.235,1.9958333333333336,100,1,Normal,5
2026-05-03 22:20:00,WELL-002,3066.42,83.71,715.7,1.85,16.63,10.32,136.27,3839.17,28.41,Normal,0,0,0,No Action Required,-10.069999999999707,3.759999999999991,18.75,-0.1899999999999999,3053.7175,80.14999999999999,713.0233333333334,1.9683333333333333,100,1,Normal,5
2026-05-03 22:25:00,WELL-002,3053.87,79.44,714.53,1.92,17.03,10.28,137.09,3891.6,28.81,Normal,0,0,0,No Action Required,-12.550000000000182,-4.269999999999996,-1.1700000000000728,0.0699999999999998,3054.0425,80.12916666666668,713.1750000000001,1.961666666666667,100,1,Normal,5
2026-05-03 22:30:00,WELL-002,3072.07,80.03,724.36,2.01,16.92,10.24,131.8,4131.54,29.4,Normal,0,0,0,No Action Required,18.20000000000028,0.5900000000000034,9.83000000000004,0.0899999999999998,3056.103333333333,80.22583333333334,714.12,1.9591666666666665,100,1,Normal,5
2026-05-03 22:35:00,WELL-002,3048.09,78.8,714.97,1.87,16.48,10.31,135.54,3839.32,28.87,Normal,0,0,0,No Action Required,-23.98000000000001,-1.230000000000004,-9.389999999999986,-0.1399999999999996,3058.567500000001,80.21416666666666,713.9741666666667,1.9533333333333327,100,1,Normal,5
2026-05-03 22:40:00,WELL-002,3071.61,78.59,720.16,1.88,16.36,10.25,131.55,3780.49,29.43,Normal,0,0,0,No Action Required,23.519999999999985,-0.2099999999999937,5.189999999999941,0.0099999999999997,3057.865,80.14583333333333,714.395,1.9433333333333327,100,1,Normal,5
2026-05-03 22:45:00,WELL-002,3038.35,79.12,719.03,1.85,16.37,10.2,134.6,3950.72,29.18,Normal,0,0,0,No Action Required,-33.26000000000022,0.5300000000000011,-1.1299999999999957,-0.0299999999999998,3057.8858333333337,80.13083333333334,715.2491666666666,1.9316666666666664,100,1,Normal,5
2026-05-03 22:50:00,WELL-002,3053.17,79.31,710.68,1.97,16.13,10.19,130.41,4159.98,29.27,Normal,0,0,0,No Action Required,14.820000000000164,0.1899999999999977,-8.350000000000023,0.1199999999999998,3056.084166666667,80.00416666666668,715.0075,1.9141666666666663,100,1,Normal,5
2026-05-03 22:55:00,WELL-002,3083.76,79.89,706.14,2.09,16.51,10.22,133.57,3977.12,29.68,Normal,0,0,0,No Action Required,30.590000000000146,0.5799999999999983,-4.539999999999964,0.1199999999999998,3059.6941666666667,80.08083333333333,713.8125,1.9425,100,1,Normal,5
2026-05-03 23:00:00,WELL-002,3064.69,80.67,726.63,1.92,17.03,10.26,132.85,3938.26,28.95,Normal,0,0,0,No Action Required,-19.070000000000164,0.7800000000000011,20.49000000000001,-0.1699999999999999,3059.63,80.0525,715.5983333333334,1.9341666666666668,100,1,Normal,5
2026-05-03 23:05:00,WELL-002,3071.27,79.89,725.42,1.78,17.1,10.32,135.68,4017.42,29.21,Normal,0,0,0,No Action Required,6.579999999999927,-0.7800000000000011,-1.2100000000000364,-0.1399999999999999,3063.0766666666664,80.00833333333334,716.7766666666666,1.92,100,1,Normal,5
2026-05-03 23:10:00,WELL-002,3052.54,81.08,718.45,2.06,16.75,10.2,134.39,3917.13,29.57,Normal,0,0,0,No Action Required,-18.73000000000001,1.1899999999999975,-6.969999999999914,0.28,3062.6941666666667,80.04,716.085,1.9366666666666668,100,1,Normal,5
2026-05-03 23:15:00,WELL-002,3090.25,81.27,713.42,2.0,16.89,10.18,132.82,3897.61,29.87,Normal,0,0,0,No Action Required,37.71000000000004,0.1899999999999977,-5.030000000000086,-0.06,3063.8408333333336,80.14999999999999,717.4575,1.933333333333333,100,1,Normal,5
2026-05-03 23:20:00,WELL-002,3046.09,80.78,722.65,1.95,16.28,10.24,134.06,4094.29,29.31,Normal,0,0,0,No Action Required,-44.159999999999854,-0.4899999999999949,9.230000000000018,-0.05,3062.146666666667,79.90583333333333,718.0366666666665,1.9416666666666669,100,1,Normal,5
2026-05-03 23:25:00,WELL-002,3056.37,80.55,721.87,2.07,16.93,10.21,135.57,3875.95,29.35,Normal,0,0,0,No Action Required,10.279999999999744,-0.2300000000000039,-0.7799999999999727,0.1199999999999998,3062.355,79.99833333333333,718.6483333333332,1.9541666666666664,100,1,Normal,5
2026-05-03 23:30:00,WELL-002,3049.68,79.61,721.82,2.11,15.99,10.16,136.44,3719.35,29.05,Normal,0,0,0,No Action Required,-6.690000000000055,-0.9399999999999976,-0.0499999999999545,0.04,3060.4891666666667,79.96333333333332,718.4366666666666,1.9625,100,1,Normal,5
2026-05-03 23:35:00,WELL-002,3116.85,79.31,720.82,2.02,16.67,10.2,132.53,3983.31,29.55,Normal,0,0,0,No Action Required,67.17000000000007,-0.2999999999999971,-1.0,-0.0899999999999998,3066.2191666666663,80.00583333333334,718.9241666666667,1.975,100,1,Normal,5
2026-05-03 23:40:00,WELL-002,3054.12,81.31,715.61,1.95,16.75,10.25,136.22,3802.54,29.69,Normal,0,0,0,No Action Required,-62.73000000000002,2.0,-5.210000000000036,-0.07,3064.761666666667,80.2325,718.5450000000001,1.9808333333333328,100,1,Normal,5
2026-05-03 23:45:00,WELL-002,3088.97,81.89,719.32,1.81,16.22,10.17,131.32,4041.83,29.7,Normal,0,0,0,No Action Required,34.84999999999991,0.5799999999999983,3.710000000000037,-0.1399999999999999,3068.98,80.46333333333334,718.5691666666667,1.9775,100,1,Normal,5
2026-05-03 23:50:00,WELL-002,3076.94,81.94,719.64,1.96,16.59,10.25,130.2,3963.49,28.7,Normal,0,0,0,No Action Required,-12.029999999999744,0.0499999999999971,0.3199999999999363,0.1499999999999999,3070.960833333333,80.68249999999999,719.3158333333334,1.9766666666666663,100,1,Normal,5
2026-05-03 23:55:00,WELL-002,3068.24,79.87,719.1,2.13,16.44,10.27,132.91,4025.67,29.16,Normal,0,0,0,No Action Required,-8.700000000000273,-2.069999999999993,-0.5399999999999636,0.1699999999999999,3069.6675,80.68083333333333,720.3958333333334,1.98,100,1,Normal,5
2026-05-01 00:00:00,WELL-003,3187.99,82.78,630.37,2.51,21.74,10.63,141.04,4199.6,30.41,Normal,0,0,0,No Action Required,0.0,0.0,0.0,0.0,3187.99,82.78,630.37,2.51,100,1,Normal,5
2026-05-01 00:05:00,WELL-003,3205.23,82.32,626.04,2.49,22.22,10.65,144.88,4104.18,30.34,Normal,0,0,0,No Action Required,17.240000000000236,-0.4600000000000079,-4.330000000000041,-0.0199999999999995,3196.61,82.55,628.2049999999999,2.5,100,1,Normal,5
2026-05-01 00:10:00,WELL-003,3190.95,81.96,625.83,2.61,22.5,10.71,142.98,4058.33,30.73,Normal,0,0,0,No Action Required,-14.2800000000002,-0.3599999999999994,-0.2099999999999227,0.1199999999999996,3194.7233333333334,82.35333333333334,627.4133333333333,2.536666666666666,100,1,Normal,5
2026-05-01 00:15:00,WELL-003,3186.58,82.41,622.2,2.45,22.1,10.63,143.65,4283.26,30.52,Normal,0,0,0,No Action Required,-4.369999999999891,0.4500000000000028,-3.629999999999996,-0.1599999999999997,3192.6875,82.36749999999999,626.11,2.515,100,1,Normal,5
2026-05-01 00:20:00,WELL-003,3170.26,82.95,634.83,2.48,21.85,10.67,140.76,4116.98,30.1,Normal,0,0,0,No Action Required,-16.31999999999971,0.5400000000000063,12.629999999999995,0.0299999999999998,3188.202,82.484,627.854,2.508,100,1,Normal,5
2026-05-01 00:25:00,WELL-003,3214.0,82.73,642.94,2.48,22.8,10.55,138.48,4200.11,30.15,Normal,0,0,0,No Action Required,43.73999999999978,-0.2199999999999988,8.110000000000014,0.0,3192.5016666666666,82.52499999999999,630.3683333333333,2.5033333333333334,100,1,Normal,5
2026-05-01 00:30:00,WELL-003,3198.83,83.08,638.65,2.37,21.88,10.69,143.77,4073.22,29.99,Normal,0,0,0,No Action Required,-15.170000000000073,0.3499999999999943,-4.290000000000077,-0.1099999999999998,3193.405714285714,82.60428571428572,631.5514285714287,2.4842857142857144,100,1,Normal,5
2026-05-01 00:35:00,WELL-003,3188.39,82.91,649.96,2.32,22.56,10.73,143.16,4248.25,30.54,Normal,0,0,0,No Action Required,-10.440000000000056,-0.1700000000000017,11.31000000000006,-0.0500000000000002,3192.77875,82.6425,633.8525,2.46375,100,1,Normal,5
2026-05-01 00:40:00,WELL-003,3133.96,82.65,638.77,2.47,21.73,10.62,145.47,3896.88,30.5,Normal,0,0,0,No Action Required,-54.42999999999984,-0.2599999999999909,-11.190000000000056,0.1500000000000003,3186.2433333333333,82.64333333333333,634.3988888888889,2.464444444444444,100,1,Normal,5
2026-05-01 00:45:00,WELL-003,3196.63,81.89,637.3,2.52,21.83,10.73,144.31,4161.32,31.2,Normal,0,0,0,No Action Required,62.67000000000007,-0.7600000000000051,-1.4700000000000273,0.0499999999999998,3187.282,82.568,634.6890000000001,2.47,100,1,Normal,5
2026-05-01 00:50:00,WELL-003,3168.38,80.65,644.06,2.4,21.87,10.68,139.65,4010.55,30.21,Normal,0,0,0,No Action Required,-28.25,-1.2399999999999949,6.759999999999991,-0.1200000000000001,3185.5636363636363,82.39363636363636,635.540909090909,2.463636363636364,100,1,Normal,5
2026-05-01 00:55:00,WELL-003,3175.61,81.64,632.38,2.37,22.69,10.68,143.68,4044.55,30.63,Normal,0,0,0,No Action Required,7.230000000000018,0.9899999999999948,-11.67999999999995,-0.0299999999999998,3184.7341666666666,82.33083333333333,635.2775,2.455833333333333,100,1,Normal,5
2026-05-01 01:00:00,WELL-003,3219.53,83.74,631.06,2.27,22.14,10.62,140.73,3907.27,30.32,Normal,0,0,0,No Action Required,43.92000000000007,2.0999999999999943,-1.32000000000005,-0.1,3187.3625000000006,82.41083333333334,635.335,2.435833333333333,100,1,Normal,5
2026-05-01 01:05:00,WELL-003,3259.63,83.96,622.27,2.55,21.73,10.63,142.24,4058.47,30.62,Normal,0,0,0,No Action Required,40.09999999999991,0.2199999999999988,-8.789999999999964,0.2799999999999998,3191.895833333333,82.5475,635.0208333333334,2.4408333333333334,100,1,Normal,5
2026-05-01 01:10:00,WELL-003,3209.06,82.38,632.35,2.35,21.44,10.67,139.97,4140.76,29.93,Normal,0,0,0,No Action Required,-50.57000000000016,-1.5799999999999983,10.08000000000004,-0.1999999999999997,3193.405,82.5825,635.5641666666667,2.419166666666667,100,1,Normal,5
2026-05-01 01:15:00,WELL-003,3182.32,82.69,635.38,2.5,22.09,10.62,141.6,3950.93,30.51,Normal,0,0,0,No Action Required,-26.73999999999978,0.3100000000000023,3.0299999999999727,0.1499999999999999,3193.05,82.60583333333334,636.6625,2.4233333333333333,100,1,Normal,5
2026-05-01 01:20:00,WELL-003,3227.88,82.86,623.74,2.45,21.94,10.71,142.58,4090.89,30.78,Normal,0,0,0,No Action Required,45.559999999999945,0.1700000000000017,-11.639999999999986,-0.0499999999999998,3197.851666666667,82.59833333333334,635.7383333333333,2.4208333333333334,100,1,Normal,5
2026-05-01 01:25:00,WELL-003,3195.44,84.53,631.06,2.5,22.2,10.64,143.85,3983.08,30.14,Normal,0,0,0,No Action Required,-32.440000000000055,1.6700000000000017,7.319999999999936,0.0499999999999998,3196.305,82.74833333333333,634.7483333333333,2.4225,100,1,Normal,5
2026-05-01 01:30:00,WELL-003,3228.48,84.57,630.37,2.58,22.43,10.56,144.69,3984.33,30.88,Normal,0,0,0,No Action Required,33.039999999999964,0.039999999999992,-0.6899999999999409,0.08,3198.7758333333336,82.87249999999999,634.0583333333334,2.44,100,1,Normal,5
2026-05-01 01:35:00,WELL-003,3211.69,82.89,642.8,2.64,22.18,10.68,143.61,3964.58,30.62,Normal,0,0,0,No Action Required,-16.789999999999964,-1.6799999999999926,12.42999999999995,0.06,3200.7175,82.87083333333334,633.4616666666666,2.466666666666667,100,1,Normal,5
2026-05-01 01:40:00,WELL-003,3203.02,83.68,633.39,2.36,21.79,10.64,139.67,3982.8,29.79,Normal,0,0,0,No Action Required,-8.670000000000073,0.7900000000000063,-9.409999999999968,-0.2800000000000002,3206.4725,82.95666666666666,633.0133333333333,2.4575,100,1,Normal,5
2026-05-01 01:45:00,WELL-003,3199.74,82.44,619.67,2.38,22.51,10.64,141.91,4219.43,30.86,Normal,0,0,0,No Action Required,-3.2800000000002,-1.240000000000009,-13.720000000000027,0.02,3206.7316666666666,83.0025,631.5441666666667,2.4458333333333333,100,1,Normal,5
2026-05-01 01:50:00,WELL-003,3213.34,83.21,628.53,2.4,22.0,10.69,140.13,4021.12,30.53,Normal,0,0,0,No Action Required,13.600000000000364,0.769999999999996,8.860000000000014,0.02,3210.478333333334,83.21583333333332,630.25,2.4458333333333333,100,1,Normal,5
2026-05-01 01:55:00,WELL-003,3188.16,82.67,645.66,2.68,22.65,10.67,142.12,3988.36,30.67,Normal,0,0,0,No Action Required,-25.18000000000029,-0.539999999999992,17.129999999999995,0.2800000000000002,3211.5241666666666,83.30166666666666,631.3566666666667,2.4716666666666667,100,1,Normal,5
2026-05-01 02:00:00,WELL-003,3197.52,84.66,624.92,2.41,22.39,10.64,141.73,3946.73,30.21,Normal,0,0,0,No Action Required,9.360000000000127,1.9899999999999949,-20.74000000000001,-0.27,3209.69,83.37833333333333,630.8449999999999,2.4833333333333334,100,1,Normal,5
2026-05-01 02:05:00,WELL-003,3218.1,83.38,637.59,2.36,22.4,10.6,144.07,4094.02,30.42,Normal,0,0,0,No Action Required,20.579999999999927,-1.2800000000000011,12.670000000000073,-0.0500000000000002,3206.2291666666665,83.33,632.1216666666667,2.4675,100,1,Normal,5
2026-05-01 02:10:00,WELL-003,3174.67,83.25,629.57,2.49,22.1,10.64,142.98,4021.17,30.36,Normal,0,0,0,No Action Required,-43.42999999999984,-0.1299999999999954,-8.019999999999982,0.1300000000000003,3203.363333333333,83.4025,631.89,2.4791666666666665,100,1,Normal,5
2026-05-01 02:15:00,WELL-003,3191.69,84.32,634.18,2.39,21.38,10.75,144.46,4095.6,31.0,Normal,0,0,0,No Action Required,17.019999999999982,1.0699999999999932,4.6099999999999,-0.1,3204.144166666667,83.53833333333333,631.79,2.47,100,1,Normal,5
2026-05-01 02:20:00,WELL-003,3195.12,82.51,640.58,2.44,22.13,10.74,144.56,3895.41,29.65,Normal,0,0,0,No Action Required,3.4299999999998363,-1.809999999999988,6.400000000000091,0.0499999999999998,3201.414166666666,83.50916666666666,633.1933333333333,2.4691666666666667,100,1,Normal,5
2026-05-01 02:25:00,WELL-003,3179.82,85.19,614.54,2.44,21.98,10.69,148.35,3988.62,30.77,Normal,0,0,0,No Action Required,-15.299999999999727,2.6799999999999926,-26.04000000000008,0.0,3200.1125000000006,83.56416666666667,631.8166666666667,2.464166666666667,100,1,Normal,5
2026-05-01 02:30:00,WELL-003,3168.36,84.86,642.01,2.44,22.25,10.68,143.79,4071.37,30.47,Normal,0,0,0,No Action Required,-11.460000000000036,-0.3299999999999983,27.470000000000027,0.0,3195.1024999999995,83.58833333333334,632.7866666666667,2.4525,100,1,Normal,5
2026-05-01 02:35:00,WELL-003,3230.77,82.78,619.63,2.24,21.91,10.61,145.71,4027.07,30.57,Normal,0,0,0,No Action Required,62.409999999999854,-2.0799999999999983,-22.379999999999995,-0.1999999999999997,3196.6925,83.57916666666667,630.8558333333334,2.4191666666666665,100,1,Normal,5
2026-05-01 02:40:00,WELL-003,3205.35,82.57,632.3,2.67,21.67,10.74,139.96,4166.7,31.07,Normal,0,0,0,No Action Required,-25.42000000000008,-0.2100000000000079,12.66999999999996,0.4299999999999997,3196.8866666666668,83.48666666666666,630.765,2.445,100,1,Normal,5
2026-05-01 02:45:00,WELL-003,3181.14,84.12,617.77,2.4,21.54,10.71,143.44,4067.48,30.23,Normal,0,0,0,No Action Required,-24.21000000000004,1.5500000000000114,-14.529999999999973,-0.27,3195.3366666666666,83.62666666666667,630.6066666666667,2.4466666666666668,100,1,Normal,5
2026-05-01 02:50:00,WELL-003,3185.11,82.26,631.97,2.45,21.94,10.7,144.9,3968.56,30.69,Normal,0,0,0,No Action Required,3.970000000000255,-1.86,14.200000000000044,0.0500000000000002,3192.9841666666666,83.5475,630.8933333333333,2.450833333333333,100,1,Normal,5
2026-05-01 02:55:00,WELL-003,3222.25,84.83,617.24,2.52,22.23,10.68,141.91,3976.21,30.48,Normal,0,0,0,No Action Required,37.13999999999987,2.569999999999993,-14.730000000000018,0.0699999999999998,3195.8250000000003,83.7275,628.525,2.4375,100,1,Normal,5
2026-05-01 03:00:00,WELL-003,3231.73,85.3,632.68,2.48,22.14,10.59,141.05,4127.02,30.64,Normal,0,0,0,No Action Required,9.480000000000018,0.4699999999999988,15.43999999999994,-0.04,3198.675833333333,83.78083333333333,629.1716666666666,2.4433333333333334,100,1,Normal,5
2026-05-01 03:05:00,WELL-003,3218.43,83.48,623.42,2.45,21.92,10.67,142.04,4096.52,30.62,Normal,0,0,0,No Action Required,-13.300000000000182,-1.8199999999999927,-9.259999999999993,-0.0299999999999998,3198.7033333333334,83.78916666666667,627.9908333333333,2.4508333333333336,100,1,Normal,5
2026-05-01 03:10:00,WELL-003,3244.24,85.43,632.62,2.47,21.54,10.6,141.47,4169.34,30.91,Normal,0,0,0,No Action Required,25.809999999999945,1.9500000000000028,9.200000000000044,0.02,3204.500833333333,83.97083333333333,628.245,2.4491666666666667,100,1,Normal,5
2026-05-01 03:15:00,WELL-003,3227.6,84.34,631.66,2.38,21.92,10.61,143.45,4066.16,30.47,Normal,0,0,0,No Action Required,-16.639999999999873,-1.0900000000000034,-0.9600000000000364,-0.0900000000000003,3207.4933333333333,83.97250000000001,628.035,2.4483333333333333,100,1,Normal,5
2026-05-01 03:20:00,WELL-003,3197.51,85.6,625.49,2.31,21.73,10.66,140.92,4204.29,30.08,Normal,0,0,0,No Action Required,-30.08999999999969,1.259999999999991,-6.169999999999959,-0.0699999999999998,3207.692500000001,84.23,626.7775,2.4375,100,1,Normal,5
2026-05-01 03:25:00,WELL-003,3193.22,84.6,620.94,2.5,21.51,10.71,145.89,4109.28,30.39,Normal,0,0,0,No Action Required,-4.290000000000418,-1.0,-4.5499999999999545,0.1899999999999999,3208.809166666668,84.18083333333333,627.3108333333333,2.4425000000000003,100,1,Normal,5
2026-05-01 03:30:00,WELL-003,3203.35,85.49,635.67,2.45,21.31,10.57,146.79,4079.99,30.25,Normal,0,0,0,No Action Required,10.13000000000011,0.8900000000000006,14.729999999999905,-0.0499999999999998,3211.7250000000004,84.23333333333333,626.7824999999999,2.4433333333333334,100,1,Normal,5
2026-05-01 03:35:00,WELL-003,3199.06,84.81,622.71,2.64,22.07,10.72,141.04,4093.43,30.02,Normal,0,0,0,No Action Required,-4.289999999999964,-0.6799999999999926,-12.959999999999924,0.1899999999999999,3209.0825,84.4025,627.0391666666666,2.476666666666667,100,1,Normal,5
2026-05-01 03:40:00,WELL-003,3216.77,83.56,636.44,2.36,21.71,10.66,138.78,4238.9,30.23,Normal,0,0,0,No Action Required,17.710000000000036,-1.25,13.730000000000018,-0.2800000000000002,3210.034166666667,84.485,627.3841666666667,2.450833333333333,100,1,Normal,5
2026-05-01 03:45:00,WELL-003,3202.62,84.28,642.4,2.26,22.33,10.66,146.87,4192.75,30.73,Normal,0,0,0,No Action Required,-14.150000000000093,0.7199999999999989,5.959999999999923,-0.1,3211.8241666666668,84.49833333333333,629.4366666666666,2.4391666666666665,100,1,Normal,5
2026-05-01 03:50:00,WELL-003,3191.02,84.42,619.71,2.52,21.86,10.75,141.72,4129.51,30.64,Normal,0,0,0,No Action Required,-11.599999999999907,0.1400000000000005,-22.68999999999994,0.2600000000000002,3212.316666666667,84.67833333333333,628.415,2.4450000000000003,100,1,Normal,5
2026-05-01 03:55:00,WELL-003,3230.58,85.45,644.73,2.52,21.74,10.63,143.36,4093.54,30.74,Normal,0,0,0,No Action Required,39.559999999999945,1.0300000000000011,25.019999999999985,0.0,3213.0108333333333,84.73,630.7058333333333,2.445,100,1,Normal,5
2026-05-01 04:00:00,WELL-003,3239.16,84.16,613.37,2.19,21.81,10.64,143.31,4194.29,30.09,Normal,0,0,0,No Action Required,8.579999999999927,-1.2900000000000065,-31.360000000000014,-0.33,3213.63,84.635,629.0966666666667,2.4208333333333334,100,1,Normal,5
2026-05-01 04:05:00,WELL-003,3223.99,83.89,637.28,2.33,21.71,10.81,142.91,4142.19,30.37,Normal,0,0,0,No Action Required,-15.170000000000073,-0.269999999999996,23.909999999999968,0.1400000000000001,3214.093333333333,84.66916666666667,630.2516666666667,2.410833333333333,100,1,Normal,5
2026-05-01 04:10:00,WELL-003,3251.09,86.39,619.58,2.23,21.74,10.64,142.95,4124.03,30.58,Normal,0,0,0,No Action Required,27.100000000000364,2.5,-17.699999999999932,-0.1,3214.664166666667,84.74916666666667,629.165,2.3908333333333336,100,1,Normal,5
2026-05-01 04:15:00,WELL-003,3231.59,84.31,622.19,2.47,22.19,10.75,142.24,4239.38,30.2,Normal,0,0,0,No Action Required,-19.5,-2.0799999999999983,2.6100000000000136,0.2400000000000002,3214.9966666666664,84.74666666666666,628.3758333333334,2.398333333333333,100,1,Normal,5
2026-05-01 04:20:00,WELL-003,3218.27,83.68,619.22,2.39,21.91,10.6,147.56,4057.51,30.63,Normal,0,0,0,No Action Required,-13.320000000000164,-0.6299999999999955,-2.970000000000028,-0.08,3216.726666666667,84.58666666666666,627.8533333333334,2.405,100,1,Normal,5
2026-05-01 04:25:00,WELL-003,3193.94,86.61,629.02,2.62,21.41,10.69,142.66,3926.85,29.98,Normal,0,0,0,No Action Required,-24.329999999999927,2.9299999999999926,9.799999999999956,0.2299999999999999,3216.7866666666664,84.75416666666668,628.5266666666668,2.415,100,1,Normal,5
2026-05-01 04:30:00,WELL-003,3205.74,87.38,625.97,2.51,22.07,10.65,140.83,3999.41,30.64,Normal,0,0,0,No Action Required,11.799999999999727,0.769999999999996,-3.0499999999999545,-0.1100000000000003,3216.9858333333327,84.91166666666668,627.7183333333334,2.42,100,1,Normal,5
2026-05-01 04:35:00,WELL-003,3209.34,83.95,625.55,2.49,21.49,10.6,141.52,3978.93,30.17,Normal,0,0,0,No Action Required,3.600000000000364,-3.4299999999999926,-0.4200000000000727,-0.0199999999999995,3217.8425,84.83999999999999,627.955,2.4075,100,1,Normal,5
2026-05-01 04:40:00,WELL-003,3241.61,85.15,642.06,2.25,21.99,10.65,142.68,4047.96,30.5,Normal,0,0,0,No Action Required,32.26999999999998,1.2000000000000028,16.50999999999999,-0.2400000000000002,3219.9125,84.97250000000001,628.4233333333333,2.398333333333333,100,1,Normal,5
2026-05-01 04:45:00,WELL-003,3230.31,85.14,626.36,2.43,21.98,10.66,145.34,4102.25,31.05,Normal,0,0,0,No Action Required,-11.300000000000182,-0.0100000000000051,-15.699999999999932,0.1800000000000001,3222.22,85.04416666666667,627.0866666666667,2.4125,100,1,Normal,5
2026-05-01 04:50:00,WELL-003,3242.07,84.23,620.45,2.36,22.6,10.65,141.77,4099.48,30.46,Normal,0,0,0,No Action Required,11.760000000000218,-0.9099999999999966,-5.909999999999968,-0.0700000000000002,3226.4741666666664,85.02833333333334,627.1483333333334,2.3991666666666664,100,1,Normal,5
2026-05-01 04:55:00,WELL-003,3214.13,83.08,637.35,2.31,22.06,10.67,146.99,4121.64,30.77,Normal,0,0,0,No Action Required,-27.94000000000005,-1.1500000000000057,16.899999999999977,-0.0499999999999998,3225.103333333334,84.83083333333333,626.5333333333333,2.3816666666666664,100,1,Normal,5
2026-05-01 05:00:00,WELL-003,3217.44,84.75,623.66,2.46,22.02,10.65,143.76,3987.14,30.56,Normal,0,0,0,No Action Required,3.309999999999945,1.6700000000000017,-13.690000000000056,0.1499999999999999,3223.293333333333,84.88,627.3908333333333,2.404166666666667,100,1,Normal,5
2026-05-01 05:05:00,WELL-003,3192.81,85.19,611.84,2.54,21.67,10.71,145.95,4221.5,30.51,Normal,0,0,0,No Action Required,-24.63000000000011,0.4399999999999977,-11.819999999999936,0.08,3220.695,84.98833333333333,625.2708333333334,2.4216666666666664,100,1,Normal,5
2026-05-01 05:10:00,WELL-003,3218.87,84.14,621.81,2.33,22.2,10.65,145.23,4041.73,30.4,Normal,0,0,0,No Action Required,26.059999999999945,-1.0499999999999972,9.969999999999914,-0.2099999999999999,3218.01,84.80083333333333,625.4566666666667,2.43,100,1,Normal,5
2026-05-01 05:15:00,WELL-003,3208.22,84.02,626.72,2.62,21.94,10.67,142.64,4313.99,29.94,Normal,0,0,0,No Action Required,-10.650000000000093,-0.1200000000000045,4.910000000000082,0.29,3216.0625,84.77666666666667,625.8341666666666,2.4425000000000003,100,1,Normal,5
2026-05-01 05:20:00,WELL-003,3228.78,84.02,633.12,2.57,22.38,10.68,142.57,3971.27,30.74,Normal,0,0,0,No Action Required,20.5600000000004,0.0,6.399999999999977,-0.0500000000000002,3216.938333333333,84.80499999999999,626.9925,2.4575,100,1,Normal,5
2026-05-01 05:25:00,WELL-003,3209.67,83.36,610.9,2.47,21.26,10.72,142.86,4094.54,30.5,Normal,0,0,0,No Action Required,-19.110000000000127,-0.6599999999999966,-22.220000000000027,-0.0999999999999996,3218.249166666667,84.53416666666666,625.4825,2.445,100,1,Normal,5
2026-05-01 05:30:00,WELL-003,3202.11,82.94,633.5,2.3,22.05,10.57,143.14,4050.94,31.18,Normal,0,0,0,No Action Required,-7.559999999999945,-0.4200000000000017,22.600000000000023,-0.1700000000000003,3217.9466666666667,84.16416666666667,626.11,2.4275,100,1,Normal,5
2026-05-01 05:35:00,WELL-003,3202.71,85.41,631.01,2.29,21.44,10.76,142.91,4063.93,31.03,Normal,0,0,0,No Action Required,0.599999999999909,2.469999999999999,-2.490000000000009,-0.0099999999999997,3217.394166666667,84.28583333333334,626.565,2.410833333333333,100,1,Normal,5
2026-05-01 05:40:00,WELL-003,3228.41,85.52,625.95,2.36,22.31,10.7,142.44,4031.96,30.45,Normal,0,0,0,No Action Required,25.69999999999981,0.1099999999999994,-5.059999999999945,0.0699999999999998,3216.2941666666666,84.31666666666666,625.2225,2.42,100,1,Normal,5
2026-05-01 05:45:00,WELL-003,3236.16,84.74,622.9,2.38,21.87,10.7,145.45,4148.97,31.06,Normal,0,0,0,No Action Required,7.75,-0.7800000000000011,-3.050000000000068,0.02,3216.781666666667,84.28333333333333,624.9341666666667,2.415833333333333,100,1,Normal,5
2026-05-01 05:50:00,WELL-003,3244.33,84.5,628.35,2.41,22.22,10.56,143.13,3962.9,30.59,Normal,0,0,0,No Action Required,8.170000000000073,-0.2399999999999948,5.4500000000000455,0.0300000000000002,3216.97,84.30583333333333,625.5925000000001,2.42,100,1,Normal,5
2026-05-01 05:55:00,WELL-003,3238.03,83.05,610.38,2.52,21.72,10.61,139.26,4194.79,30.7,Normal,0,0,0,No Action Required,-6.299999999999727,-1.4500000000000028,-17.970000000000027,0.1099999999999998,3218.961666666666,84.30333333333333,623.345,2.4375,100,1,Normal,5
2026-05-01 06:00:00,WELL-003,3209.14,85.98,621.57,2.46,21.95,10.69,140.38,4065.56,29.63,Normal,0,0,0,No Action Required,-28.890000000000327,2.930000000000007,11.190000000000056,-0.06,3218.2700000000004,84.40583333333333,623.1708333333333,2.4375,100,1,Normal,5
2026-05-01 06:05:00,WELL-003,3221.08,84.72,615.9,2.54,22.13,10.72,142.56,4056.29,30.44,Normal,0,0,0,No Action Required,11.940000000000056,-1.2600000000000051,-5.670000000000073,0.08,3220.625833333333,84.36666666666666,623.5091666666667,2.4375,100,1,Normal,5
2026-05-01 06:10:00,WELL-003,3221.52,84.5,620.21,2.35,22.02,10.7,146.71,4245.89,30.34,Normal,0,0,0,No Action Required,0.4400000000000545,-0.2199999999999988,4.310000000000059,-0.1899999999999999,3220.846666666667,84.39666666666666,623.3758333333334,2.4391666666666665,100,1,Normal,5
2026-05-01 06:15:00,WELL-003,3213.47,84.53,611.08,2.37,21.98,10.74,147.93,4005.56,29.41,Normal,0,0,0,No Action Required,-8.050000000000182,0.0300000000000011,-9.129999999999995,0.02,3221.284166666667,84.43916666666667,622.0725000000001,2.418333333333333,100,1,Normal,5
2026-05-01 06:20:00,WELL-003,3215.13,84.92,612.64,2.46,21.67,10.67,143.5,4087.54,30.06,Normal,0,0,0,No Action Required,1.6600000000003092,0.3900000000000005,1.5599999999999454,0.0899999999999998,3220.146666666667,84.51416666666667,620.3658333333333,2.4091666666666667,100,1,Normal,5
2026-05-01 06:25:00,WELL-003,3215.52,84.09,625.36,2.54,22.54,10.66,143.28,4109.51,31.18,Normal,0,0,0,No Action Required,0.3899999999998726,-0.8299999999999983,12.720000000000027,0.08,3220.6341666666663,84.575,621.5708333333333,2.415,100,1,Normal,5
2026-05-01 06:30:00,WELL-003,3247.28,84.22,610.03,2.1,22.0,10.7,141.67,3990.91,31.11,Normal,0,0,0,No Action Required,31.76000000000022,0.1299999999999954,-15.33000000000004,-0.4399999999999999,3224.398333333334,84.68166666666667,619.615,2.398333333333333,100,1,Normal,5
2026-05-01 06:35:00,WELL-003,3211.14,84.8,627.08,2.15,22.55,10.64,141.14,4047.0,30.99,Normal,0,0,0,No Action Required,-36.14000000000033,0.5799999999999983,17.050000000000068,0.0499999999999998,3225.1008333333334,84.63083333333333,619.2875,2.3866666666666667,100,1,Normal,5
2026-05-01 06:40:00,WELL-003,3233.53,85.17,614.25,2.56,21.65,10.78,145.03,4119.99,29.93,Normal,0,0,0,No Action Required,22.390000000000327,0.3700000000000045,-12.83000000000004,0.4100000000000001,3225.5275,84.60166666666667,618.3125,2.4033333333333333,100,1,Normal,5
2026-05-01 06:45:00,WELL-003,3214.63,85.63,619.65,2.6,22.11,10.67,141.88,4170.46,30.84,Normal,0,0,0,No Action Required,-18.90000000000009,0.4599999999999937,5.399999999999977,0.04,3223.733333333333,84.67583333333333,618.0416666666666,2.421666666666667,100,1,Normal,5
2026-05-01 06:50:00,WELL-003,3225.81,81.89,621.78,2.33,21.82,10.62,145.95,4051.67,30.72,Normal,0,0,0,No Action Required,11.179999999999836,-3.739999999999995,2.1299999999999955,-0.27,3222.19,84.45833333333333,617.4941666666667,2.415,100,1,Normal,5
2026-05-01 06:55:00,WELL-003,3231.64,84.34,610.63,2.39,22.01,10.74,142.2,4013.39,30.45,Normal,0,0,0,No Action Required,5.829999999999927,2.450000000000003,-11.149999999999975,0.06,3221.6575000000007,84.56583333333333,617.515,2.404166666666667,100,1,Normal,5
2026-05-01 07:00:00,WELL-003,3231.12,84.23,613.39,2.32,21.88,10.65,143.05,4077.68,31.38,Normal,0,0,0,No Action Required,-0.5199999999999818,-0.1099999999999994,2.759999999999991,-0.0700000000000002,3223.4891666666663,84.42,616.8333333333334,2.3925,100,1,Normal,5
2026-05-01 07:05:00,WELL-003,3205.45,82.87,616.56,2.5,22.03,10.69,146.38,4148.76,30.99,Normal,0,0,0,No Action Required,-25.67000000000008,-1.3599999999999994,3.169999999999959,0.1800000000000001,3222.186666666667,84.26583333333333,616.8883333333334,2.3891666666666667,100,1,Normal,5
2026-05-01 07:10:00,WELL-003,3214.01,85.68,609.52,2.53,21.96,10.74,141.45,4068.41,30.06,Normal,0,0,0,No Action Required,8.5600000000004,2.8100000000000023,-7.039999999999964,0.0299999999999998,3221.560833333333,84.36416666666666,615.9975000000001,2.404166666666667,100,1,Normal,5
2026-05-01 07:15:00,WELL-003,3217.02,84.28,619.38,2.33,21.42,10.66,142.01,4109.6,30.58,Normal,0,0,0,No Action Required,3.0099999999997635,-1.4000000000000057,9.860000000000014,-0.1999999999999997,3221.8566666666666,84.34333333333333,616.6891666666667,2.4008333333333334,100,1,Normal,5
2026-05-01 07:20:00,WELL-003,3210.85,85.4,611.25,2.58,22.1,10.71,144.21,4073.29,30.09,Normal,0,0,0,No Action Required,-6.170000000000073,1.1200000000000043,-8.129999999999995,0.25,3221.5,84.38333333333334,616.5733333333334,2.410833333333333,100,1,Normal,5
2026-05-01 07:25:00,WELL-003,3225.49,84.13,612.73,2.36,21.92,10.67,142.89,4119.8,30.49,Normal,0,0,0,No Action Required,14.639999999999873,-1.2700000000000102,1.4800000000000182,-0.2200000000000002,3222.330833333333,84.38666666666667,615.5208333333334,2.395833333333333,100,1,Normal,5
2026-05-01 07:30:00,WELL-003,3225.11,85.55,616.53,2.59,22.0,10.65,145.91,4025.92,30.27,Normal,0,0,0,No Action Required,-0.3799999999996544,1.4200000000000017,3.7999999999999545,0.2299999999999999,3220.483333333333,84.4975,616.0625,2.436666666666667,100,1,Normal,5
2026-05-01 07:35:00,WELL-003,3192.89,85.07,587.6,2.34,22.49,10.66,142.83,4097.04,30.55,Normal,0,0,0,No Action Required,-32.220000000000255,-0.480000000000004,-28.92999999999995,-0.25,3218.9625,84.52,612.7724999999999,2.4525,100,1,Normal,5
2026-05-01 07:40:00,WELL-003,3217.81,84.51,613.53,2.47,21.33,10.74,144.91,4218.49,30.79,Normal,0,0,0,No Action Required,24.92000000000008,-0.5599999999999881,25.92999999999995,0.1300000000000003,3217.6525,84.46499999999999,612.7125,2.445,100,1,Normal,5
2026-05-01 07:45:00,WELL-003,3202.13,84.91,616.1,2.28,22.05,10.67,144.61,4107.98,30.28,Normal,0,0,0,No Action Required,-15.679999999999836,0.3999999999999915,2.57000000000005,-0.1900000000000004,3216.6108333333336,84.405,612.4166666666666,2.418333333333333,100,1,Normal,5
2026-05-01 07:50:00,WELL-003,3218.15,84.83,619.84,2.52,21.7,10.73,146.81,4076.53,29.77,Normal,0,0,0,No Action Required,16.019999999999982,-0.0799999999999983,3.740000000000009,0.2400000000000002,3215.9725000000003,84.64999999999999,612.255,2.4341666666666666,100,1,Normal,5
2026-05-01 07:55:00,WELL-003,3199.46,84.92,622.39,2.46,22.07,10.69,140.75,4107.29,30.21,Normal,0,0,0,No Action Required,-18.69000000000005,0.0900000000000034,2.5499999999999545,-0.06,3213.290833333333,84.69833333333334,613.235,2.44,100,1,Normal,5
2026-05-01 08:00:00,WELL-003,3241.18,84.22,615.07,2.36,22.0,10.72,145.11,3998.3,30.57,Normal,0,0,0,No Action Required,41.7199999999998,-0.7000000000000028,-7.319999999999936,-0.1,3214.129166666667,84.6975,613.375,2.4433333333333334,100,1,Normal,5
2026-05-01 08:05:00,WELL-003,3223.44,83.96,620.23,2.35,21.97,10.67,145.04,4223.1,30.05,Normal,0,0,0,No Action Required,-17.73999999999978,-0.2600000000000051,5.159999999999968,-0.0099999999999997,3215.6283333333326,84.78833333333334,613.6808333333333,2.430833333333333,100,1,Normal,5
2026-05-01 08:10:00,WELL-003,3221.69,84.01,625.46,2.49,21.84,10.68,145.44,4146.04,30.06,Normal,0,0,0,No Action Required,-1.75,0.0500000000000113,5.230000000000018,0.1400000000000001,3216.268333333333,84.64916666666666,615.0091666666667,2.4275,100,1,Normal,5
2026-05-01 08:15:00,WELL-003,3218.27,83.29,611.61,2.39,21.99,10.73,142.02,4175.86,30.37,Normal,0,0,0,No Action Required,-3.4200000000000728,-0.7199999999999989,-13.850000000000025,-0.1,3216.3725,84.56666666666666,614.3616666666667,2.4325,100,1,Normal,5
2026-05-01 08:20:00,WELL-003,3214.7,85.48,609.75,2.51,21.75,10.55,144.31,4095.53,29.92,Normal,0,0,0,No Action Required,-3.570000000000164,2.1899999999999977,-1.8600000000000136,0.1199999999999996,3216.693333333333,84.57333333333334,614.2366666666667,2.4266666666666663,100,1,Normal,5
2026-05-01 08:25:00,WELL-003,3234.11,84.59,608.46,2.43,22.15,10.65,140.8,3981.41,30.91,Normal,0,0,0,No Action Required,19.41000000000031,-0.8900000000000006,-1.2899999999999636,-0.0799999999999996,3217.411666666667,84.61166666666666,613.8808333333334,2.4325,100,1,Normal,5
2026-05-01 08:30:00,WELL-003,3176.72,84.78,601.16,2.53,21.68,10.62,137.35,4167.27,29.79,Normal,0,0,0,No Action Required,-57.39000000000033,0.1899999999999977,-7.300000000000068,0.0999999999999996,3213.379166666667,84.5475,612.6,2.4275,100,1,Normal,5
2026-05-01 08:35:00,WELL-003,3221.2,84.52,597.54,2.59,21.17,10.75,142.93,4057.41,30.22,Normal,0,0,0,No Action Required,44.48000000000002,-0.2600000000000051,-3.620000000000005,0.06,3215.738333333333,84.50166666666667,613.4283333333334,2.4483333333333333,100,1,Normal,5
2026-05-01 08:40:00,WELL-003,3196.22,82.69,610.02,2.37,22.12,10.69,144.74,4095.4,30.9,Normal,0,0,0,No Action Required,-24.98000000000001,-1.8299999999999983,12.480000000000018,-0.2199999999999997,3213.939166666667,84.35000000000001,613.1358333333334,2.44,100,1,Normal,5
2026-05-01 08:45:00,WELL-003,3225.18,85.39,599.97,2.46,21.31,10.68,142.52,3999.37,30.35,Normal,0,0,0,No Action Required,28.96000000000004,2.700000000000003,-10.049999999999956,0.0899999999999998,3215.86,84.39,611.7916666666666,2.455,100,1,Normal,5
2026-05-01 08:50:00,WELL-003,3194.88,85.48,610.66,2.63,22.04,10.68,140.68,4024.92,29.87,Normal,0,0,0,No Action Required,-30.299999999999727,0.0900000000000034,10.68999999999994,0.1699999999999999,3213.920833333333,84.44416666666667,611.0266666666666,2.464166666666667,100,1,Normal,5
2026-05-01 08:55:00,WELL-003,3214.94,84.96,611.55,2.37,21.31,10.66,143.3,4167.2,30.61,Normal,0,0,0,No Action Required,20.059999999999945,-0.5200000000000102,0.8899999999999864,-0.2599999999999998,3215.210833333333,84.4475,610.1233333333333,2.4566666666666666,100,1,Normal,5
2026-05-01 09:00:00,WELL-003,3196.99,83.24,612.09,2.49,21.8,10.71,140.91,4043.87,30.22,Normal,0,0,0,No Action Required,-17.950000000000273,-1.7199999999999989,0.5400000000000773,0.1200000000000001,3211.528333333333,84.36583333333334,609.875,2.4675,100,1,Normal,5
2026-05-01 09:05:00,WELL-003,3194.39,84.81,605.71,2.58,22.04,10.7,140.85,4144.76,30.75,Normal,0,0,0,No Action Required,-2.599999999999909,1.5700000000000074,-6.379999999999996,0.0899999999999998,3209.1075,84.43666666666667,608.665,2.486666666666667,100,1,Normal,5
2026-05-01 09:10:00,WELL-003,3235.54,85.17,607.36,2.49,22.12,10.74,145.12,3908.35,31.02,Normal,0,0,0,No Action Required,41.15000000000009,0.3599999999999994,1.6499999999999773,-0.0899999999999998,3210.2616666666668,84.53333333333333,607.1566666666666,2.486666666666667,100,1,Normal,5
2026-05-01 09:15:00,WELL-003,3193.74,83.62,590.85,2.64,22.11,10.64,144.26,4118.51,30.64,Normal,0,0,0,No Action Required,-41.80000000000018,-1.5499999999999972,-16.50999999999999,0.1499999999999999,3208.2175,84.56083333333332,605.4266666666666,2.5075,100,1,Normal,5
2026-05-01 09:20:00,WELL-003,3196.02,84.61,600.52,2.47,21.74,10.65,145.6,3967.9,30.54,Normal,0,0,0,No Action Required,2.2800000000002,0.9899999999999948,9.66999999999996,-0.1699999999999999,3206.6608333333334,84.48833333333333,604.6575,2.504166666666667,100,1,Normal,5
2026-05-01 09:25:00,WELL-003,3230.23,84.78,614.83,2.34,21.78,10.67,144.16,4106.68,31.33,Normal,0,0,0,No Action Required,34.21000000000004,0.1700000000000017,14.31000000000006,-0.1300000000000003,3206.3375,84.50416666666666,605.1883333333334,2.4966666666666666,100,1,Normal,5
2026-05-01 09:30:00,WELL-003,3205.7,84.81,608.72,2.41,22.3,10.71,143.43,4150.6,30.75,Normal,0,0,0,No Action Required,-24.5300000000002,0.0300000000000011,-6.110000000000014,0.0700000000000002,3208.7525,84.50666666666667,605.8183333333333,2.486666666666667,100,1,Normal,5
2026-05-01 09:35:00,WELL-003,3181.0,83.89,610.71,2.34,21.79,10.66,141.61,4119.39,30.45,Normal,0,0,0,No Action Required,-24.69999999999981,-0.9200000000000016,1.990000000000009,-0.0700000000000002,3205.4025,84.45416666666667,606.9158333333334,2.4658333333333333,100,1,Normal,5
2026-05-01 09:40:00,WELL-003,3205.71,83.41,590.22,2.33,22.17,10.76,145.36,4122.75,30.94,Normal,0,0,0,No Action Required,24.71000000000004,-0.480000000000004,-20.49000000000001,-0.0099999999999997,3206.193333333333,84.51416666666667,605.2658333333333,2.4625,100,1,Normal,5
2026-05-01 09:45:00,WELL-003,3257.21,84.62,601.58,2.47,22.73,10.64,143.58,4023.59,30.65,Normal,0,0,0,No Action Required,51.5,1.210000000000008,11.360000000000014,0.1400000000000001,3208.8625,84.45,605.4,2.4633333333333334,100,1,Normal,5
2026-05-01 09:50:00,WELL-003,3237.63,84.99,611.68,2.62,21.79,10.7,143.79,4016.36,30.27,Normal,0,0,0,No Action Required,-19.579999999999927,0.3699999999999903,10.099999999999907,0.1499999999999999,3212.425,84.40916666666666,605.485,2.4625,100,1,Normal,5
2026-05-01 09:55:00,WELL-003,3211.7,84.78,611.41,2.43,22.12,10.64,143.29,4225.61,30.27,Normal,0,0,0,No Action Required,-25.93000000000029,-0.2099999999999937,-0.2699999999999818,-0.1899999999999999,3212.155,84.39416666666666,605.4733333333334,2.4675,100,1,Normal,5
2026-05-01 10:00:00,WELL-003,3185.96,83.74,615.0,2.61,21.36,10.63,139.59,4162.96,31.19,Normal,0,0,0,No Action Required,-25.73999999999978,-1.0400000000000065,3.590000000000032,0.1799999999999997,3211.2358333333336,84.43583333333332,605.7158333333333,2.4775,100,1,Normal,5
2026-05-01 10:05:00,WELL-003,3196.83,84.11,611.99,2.43,22.39,10.74,140.2,4191.93,30.37,Normal,0,0,0,No Action Required,10.86999999999989,0.3700000000000045,-3.009999999999991,-0.1799999999999997,3211.439166666667,84.3775,606.2391666666666,2.4650000000000003,100,1,Normal,5
2026-05-01 10:10:00,WELL-003,3216.19,82.98,602.05,2.71,21.72,10.65,142.53,3770.09,30.78,Normal,0,0,0,No Action Required,19.360000000000127,-1.1299999999999957,-9.940000000000056,0.2799999999999998,3209.8266666666664,84.19500000000001,605.7966666666667,2.4833333333333334,100,1,Normal,5
2026-05-01 10:15:00,WELL-003,3192.8,81.93,587.75,2.49,21.82,10.78,147.7,3956.19,29.81,Normal,0,0,0,No Action Required,-23.38999999999988,-1.0499999999999972,-14.299999999999956,-0.2199999999999997,3209.748333333333,84.05416666666667,605.5383333333333,2.470833333333333,100,1,Normal,5
2026-05-01 10:20:00,WELL-003,3218.78,83.04,598.61,2.42,21.56,10.54,142.96,4001.54,30.18,Normal,0,0,0,No Action Required,25.98000000000001,1.1099999999999994,10.860000000000014,-0.0700000000000002,3211.645,83.92333333333333,605.3791666666666,2.466666666666667,100,1,Normal,5
2026-05-01 10:25:00,WELL-003,3181.65,84.31,601.43,2.45,21.81,10.64,142.72,3895.81,30.48,Normal,0,0,0,No Action Required,-37.13000000000011,1.269999999999996,2.8199999999999363,0.0300000000000002,3207.596666666667,83.88416666666666,604.2624999999999,2.4758333333333336,100,1,Normal,5
2026-05-01 10:30:00,WELL-003,3222.05,83.78,591.11,2.36,21.37,10.62,142.91,3919.49,30.56,Normal,0,0,0,No Action Required,40.40000000000009,-0.5300000000000011,-10.319999999999936,-0.0900000000000003,3208.959166666666,83.79833333333333,602.7950000000001,2.4716666666666667,100,1,Normal,5
2026-05-01 10:35:00,WELL-003,3186.92,83.59,612.6,2.49,21.87,10.69,142.38,4063.98,31.07,Normal,0,0,0,No Action Required,-35.13000000000011,-0.1899999999999977,21.49000000000001,0.1300000000000003,3209.4525,83.77333333333333,602.9525,2.484166666666667,100,1,Normal,5
2026-05-01 10:40:00,WELL-003,3204.67,82.66,592.26,2.45,21.58,10.64,144.61,4096.12,30.3,Normal,0,0,0,No Action Required,17.75,-0.9300000000000068,-20.340000000000032,-0.04,3209.3658333333333,83.71083333333334,603.1225000000001,2.494166666666666,100,1,Normal,5
2026-05-01 10:45:00,WELL-003,3209.82,82.4,626.65,2.29,21.69,10.7,144.72,3963.99,30.59,Normal,0,0,0,No Action Required,5.150000000000091,-0.2599999999999909,34.389999999999986,-0.1600000000000001,3205.4166666666665,83.52583333333334,605.2116666666667,2.4791666666666665,100,1,Normal,5
2026-05-01 10:50:00,WELL-003,3195.17,82.25,596.71,2.36,21.98,10.65,142.23,3942.68,30.49,Normal,0,0,0,No Action Required,-14.650000000000093,-0.1500000000000056,-29.93999999999994,0.0699999999999998,3201.8783333333336,83.2975,603.9641666666666,2.4575,100,1,Normal,5
2026-05-01 10:55:00,WELL-003,3178.09,84.66,610.3,2.38,22.79,10.67,145.01,4206.38,30.51,Normal,0,0,0,No Action Required,-17.079999999999927,2.4099999999999966,13.589999999999918,0.02,3199.0775,83.2875,603.8716666666667,2.4533333333333336,100,1,Normal,5
2026-05-01 11:00:00,WELL-003,3175.99,83.08,597.86,2.49,21.97,10.64,145.24,4181.77,30.37,Normal,0,0,0,No Action Required,-2.100000000000364,-1.5799999999999983,-12.43999999999994,0.1100000000000003,3198.2466666666664,83.2325,602.4433333333333,2.4433333333333334,100,1,Normal,5
2026-05-01 11:05:00,WELL-003,3185.42,82.12,597.69,2.33,21.9,10.59,141.23,3920.71,30.7,Normal,0,0,0,No Action Required,9.430000000000293,-0.9599999999999936,-0.169999999999959,-0.1600000000000001,3197.295833333333,83.06666666666668,601.2516666666667,2.435,100,1,Normal,5
2026-05-01 11:10:00,WELL-003,3206.21,83.96,606.84,2.35,21.71,10.71,139.17,4120.81,30.62,Normal,0,0,0,No Action Required,20.789999999999964,1.8399999999999888,9.149999999999975,0.02,3196.464166666666,83.14833333333333,601.6508333333334,2.405,100,1,Normal,5
2026-05-01 11:15:00,WELL-003,3206.16,81.75,600.6,2.29,22.27,10.75,142.78,4333.48,30.19,Normal,0,0,0,No Action Required,-0.0500000000001819,-2.2099999999999937,-6.240000000000009,-0.06,3197.5775,83.13333333333333,602.7216666666667,2.3883333333333336,100,1,Normal,5
2026-05-01 11:20:00,WELL-003,3202.69,83.49,602.41,2.37,21.8,10.72,142.29,3860.87,30.86,Normal,0,0,0,No Action Required,-3.4699999999998,1.7399999999999949,1.8099999999999448,0.08,3196.236666666667,83.17083333333333,603.0383333333333,2.3841666666666668,100,1,Normal,5
2026-05-01 11:25:00,WELL-003,3219.33,81.17,607.25,2.55,21.85,10.59,141.39,4106.71,30.37,Normal,0,0,0,No Action Required,16.639999999999873,-2.319999999999993,4.840000000000032,0.1799999999999997,3199.3766666666666,82.90916666666668,603.5233333333334,2.3925,100,1,Normal,5
2026-05-01 11:30:00,WELL-003,3223.35,81.94,602.62,2.3,22.03,10.65,145.2,4182.03,31.19,Normal,0,0,0,No Action Required,4.019999999999982,0.769999999999996,-4.629999999999996,-0.25,3199.4850000000006,82.75583333333333,604.4825,2.3875,100,1,Normal,5
2026-05-01 11:35:00,WELL-003,3187.83,83.78,594.71,2.53,21.7,10.66,145.11,4082.52,30.37,Normal,0,0,0,No Action Required,-35.51999999999998,1.840000000000004,-7.909999999999968,0.2299999999999999,3199.560833333333,82.77166666666666,602.9916666666667,2.390833333333333,100,1,Normal,5
2026-05-01 11:40:00,WELL-003,3197.09,84.86,605.12,2.15,21.86,10.73,142.15,4139.99,30.79,Normal,0,0,0,No Action Required,9.260000000000218,1.0799999999999983,10.409999999999968,-0.3799999999999999,3198.929166666667,82.955,604.0633333333334,2.365833333333333,100,1,Normal,5
2026-05-01 11:45:00,WELL-003,3208.69,81.76,604.07,2.71,21.96,10.75,146.0,4035.01,31.14,Normal,0,0,0,No Action Required,11.599999999999907,-3.0999999999999943,-1.0499999999999543,0.56,3198.8350000000005,82.90166666666666,602.1816666666667,2.4008333333333334,100,1,Normal,5
2026-05-01 11:50:00,WELL-003,3207.97,83.8,600.57,2.42,22.21,10.59,146.63,3985.12,31.15,Normal,0,0,0,No Action Required,-0.7200000000002547,2.039999999999992,-3.5,-0.29,3199.901666666666,83.03083333333333,602.5033333333334,2.4058333333333333,100,1,Normal,5
2026-05-01 11:55:00,WELL-003,3225.24,82.24,612.98,2.52,21.54,10.75,143.36,4130.24,30.92,Normal,0,0,0,No Action Required,17.269999999999982,-1.5600000000000025,12.409999999999968,0.1,3203.830833333333,82.82916666666667,602.7266666666667,2.4175,100,1,Normal,5
2026-05-01 12:00:00,WELL-003,3177.7,83.25,601.47,2.4,22.07,10.67,144.34,4046.05,30.43,Normal,0,0,0,No Action Required,-47.53999999999997,1.0100000000000051,-11.509999999999993,-0.1200000000000001,3203.9733333333334,82.84333333333333,603.0275,2.41,100,1,Normal,5
2026-05-01 12:05:00,WELL-003,3178.94,81.54,614.28,2.47,22.73,10.7,140.4,4144.73,30.54,Normal,0,0,0,No Action Required,1.2400000000002365,-1.7099999999999935,12.809999999999944,0.0700000000000002,3203.433333333334,82.795,604.41,2.4216666666666664,100,1,Normal,5
2026-05-01 12:10:00,WELL-003,3203.39,82.07,593.24,2.47,21.59,10.63,143.0,4065.47,30.57,Normal,0,0,0,No Action Required,24.44999999999981,0.5299999999999869,-21.039999999999964,0.0,3203.1983333333337,82.6375,603.2766666666666,2.431666666666666,100,1,Normal,5
2026-05-01 12:15:00,WELL-003,3197.85,82.46,594.52,2.65,21.61,10.74,138.55,4093.67,30.17,Normal,0,0,0,No Action Required,-5.539999999999964,0.3900000000000005,1.2799999999999727,0.1799999999999997,3202.505833333333,82.69666666666667,602.7700000000001,2.461666666666667,100,1,Normal,5
2026-05-01 12:20:00,WELL-003,3178.51,82.74,610.52,2.47,21.7,10.73,143.06,4295.8,30.96,Normal,0,0,0,No Action Required,-19.33999999999969,0.2800000000000011,16.0,-0.1799999999999997,3200.4908333333333,82.63416666666667,603.4458333333333,2.47,100,1,Normal,5
2026-05-01 12:25:00,WELL-003,3194.2,83.02,610.33,2.36,22.35,10.66,141.42,4016.5,30.17,Normal,0,0,0,No Action Required,15.6899999999996,0.2800000000000011,-0.1899999999999408,-0.1100000000000003,3198.396666666667,82.78833333333333,603.7025,2.4541666666666666,100,1,Normal,5
2026-05-01 12:30:00,WELL-003,3162.05,82.86,595.31,2.6,21.44,10.66,145.68,4237.43,29.75,Normal,0,0,0,No Action Required,-32.14999999999964,-0.1599999999999966,-15.020000000000095,0.2400000000000002,3193.2883333333334,82.865,603.0933333333334,2.4791666666666665,100,1,Normal,5
2026-05-01 12:35:00,WELL-003,3208.65,81.71,600.15,2.6,21.92,10.71,140.54,3921.8,30.4,Normal,0,0,0,No Action Required,46.59999999999991,-1.1500000000000057,4.840000000000032,0.0,3195.023333333333,82.6925,603.5466666666666,2.485,100,1,Normal,5
2026-05-01 12:40:00,WELL-003,3181.87,82.1,600.57,2.61,21.4,10.56,144.76,4123.3,31.21,Normal,0,0,0,No Action Required,-26.7800000000002,0.3900000000000005,0.4200000000000727,0.0099999999999997,3193.755,82.46249999999999,603.1675,2.523333333333333,100,1,Normal,5
2026-05-01 12:45:00,WELL-003,3154.72,82.65,604.97,2.48,22.24,10.6,142.95,4052.11,30.89,Normal,0,0,0,No Action Required,-27.15000000000009,0.5500000000000114,4.399999999999977,-0.1299999999999999,3189.2575,82.53666666666668,603.2425,2.5041666666666664,100,1,Normal,5
2026-05-01 12:50:00,WELL-003,3182.4,83.88,589.66,2.54,21.59,10.72,140.72,4098.28,30.47,Normal,0,0,0,No Action Required,27.68000000000029,1.2299999999999898,-15.31000000000006,0.06,3187.126666666667,82.54333333333334,602.3333333333334,2.5141666666666667,100,1,Normal,5
2026-05-01 12:55:00,WELL-003,3183.01,82.6,609.74,2.28,22.11,10.67,144.13,4000.21,30.55,Normal,0,0,0,No Action Required,0.6100000000001273,-1.2800000000000011,20.08000000000004,-0.2600000000000002,3183.6075,82.57333333333332,602.0633333333334,2.494166666666666,100,1,Normal,5
2026-05-01 13:00:00,WELL-003,3224.3,83.27,610.51,2.31,21.53,10.75,141.16,3803.78,30.68,Normal,0,0,0,No Action Required,41.28999999999997,0.6700000000000017,0.7699999999999818,0.0300000000000002,3187.4908333333333,82.575,602.8166666666666,2.486666666666667,100,1,Normal,5
2026-05-01 13:05:00,WELL-003,3170.0,82.07,598.51,4.24,21.7,10.7,82.46,3996.37,30.6,Pump Failure,1,Medium,70,Maintenance within 6 hours,-54.30000000000018,-1.2000000000000028,-12.0,1.93,3186.745833333333,82.61916666666666,601.5024999999999,2.6341666666666668,60,-1,Pump Failure,60
2026-05-01 13:10:00,WELL-003,3173.52,82.89,608.44,4.11,21.99,10.65,95.64,4030.51,30.37,Pump Failure,1,Medium,70,Maintenance within 6 hours,3.519999999999982,0.8200000000000074,9.930000000000064,-0.1299999999999999,3184.2566666666667,82.68749999999999,602.7691666666667,2.770833333333333,60,1,Pump Failure,60
2026-05-01 13:15:00,WELL-003,3180.97,82.51,615.56,3.97,21.94,10.72,89.93,4156.51,31.12,Pump Failure,1,Medium,70,Maintenance within 6 hours,7.449999999999818,-0.3799999999999954,7.119999999999891,-0.1400000000000001,3182.85,82.69166666666666,604.5224999999999,2.8808333333333334,60,1,Pump Failure,60
2026-05-01 13:20:00,WELL-003,3179.05,82.61,608.04,4.09,21.24,10.64,102.65,4196.83,30.5,Pump Failure,1,Medium,70,Maintenance within 6 hours,-1.919999999999618,0.0999999999999943,-7.519999999999982,0.1199999999999996,3182.895,82.68083333333333,604.3158333333333,3.015833333333333,60,1,Pump Failure,60
2026-05-01 13:25:00,WELL-003,3178.17,83.96,614.64,4.53,21.59,10.7,86.7,3977.74,30.4,Pump Failure,1,Medium,70,Maintenance within 6 hours,-0.8800000000001091,1.3499999999999943,6.600000000000023,0.4400000000000004,3181.5591666666664,82.75916666666667,604.6750000000001,3.1966666666666668,60,-1,Pump Failure,60
2026-05-01 13:30:00,WELL-003,3187.14,83.08,604.6,4.84,21.94,10.69,88.04,4064.08,30.09,Pump Failure,1,Medium,70,Maintenance within 6 hours,8.9699999999998,-0.8799999999999955,-10.039999999999964,0.3099999999999996,3183.65,82.77749999999999,605.4491666666667,3.3833333333333333,60,-1,Pump Failure,60
2026-05-01 13:35:00,WELL-003,3196.56,81.6,602.09,2.7,22.41,10.67,141.57,4089.71,30.59,Normal,0,0,0,No Action Required,9.420000000000073,-1.480000000000004,-2.509999999999991,-2.14,3182.6425000000004,82.76833333333333,605.6108333333333,3.391666666666666,100,1,Normal,5
2026-05-01 13:40:00,WELL-003,3154.05,81.62,601.97,2.42,22.34,10.62,141.97,4127.29,30.87,Normal,0,0,0,No Action Required,-42.50999999999976,0.0200000000000102,-0.1200000000000045,-0.2800000000000002,3180.3241666666668,82.72833333333332,605.7275,3.375833333333333,100,1,Normal,5
2026-05-01 13:45:00,WELL-003,3196.78,81.05,607.61,2.41,22.08,10.7,139.62,4067.84,30.22,Normal,0,0,0,No Action Required,42.73000000000002,-0.5700000000000074,5.639999999999986,-0.0099999999999997,3183.8291666666664,82.595,605.9475000000001,3.37,100,1,Normal,5
2026-05-01 13:50:00,WELL-003,3190.69,81.52,614.01,2.27,21.91,10.67,143.43,3906.4,30.99,Normal,0,0,0,No Action Required,-6.0900000000001455,0.4699999999999988,6.399999999999977,-0.1400000000000001,3184.52,82.39833333333333,607.9766666666667,3.3475,100,1,Normal,5
2026-05-01 13:55:00,WELL-003,3185.51,79.47,605.92,2.52,21.8,10.63,144.69,4078.72,29.86,Normal,0,0,0,No Action Required,-5.179999999999836,-2.049999999999997,-8.090000000000032,0.25,3184.728333333334,82.1375,607.6583333333333,3.3675,100,1,Normal,5
2026-05-01 14:00:00,WELL-003,3152.05,82.07,598.9,2.49,22.24,10.74,140.23,4082.86,30.47,Normal,0,0,0,No Action Required,-33.46000000000004,2.5999999999999943,-7.019999999999982,-0.0299999999999998,3178.7075,82.0375,606.6908333333332,3.3825,100,1,Normal,5
2026-05-01 14:05:00,WELL-003,3166.08,83.88,599.57,2.36,21.76,10.63,144.1,4241.11,30.52,Normal,0,0,0,No Action Required,14.029999999999744,1.8100000000000025,0.6700000000000728,-0.1300000000000003,3178.380833333333,82.18833333333333,606.7791666666667,3.2258333333333327,100,1,Normal,5
2026-05-01 14:10:00,WELL-003,3139.5,81.82,598.91,2.15,21.75,10.78,145.51,4026.92,30.66,Normal,0,0,0,No Action Required,-26.579999999999927,-2.0600000000000023,-0.6600000000000819,-0.2099999999999999,3175.5458333333336,82.09916666666668,605.985,3.0625,100,1,Normal,5
2026-05-01 14:15:00,WELL-003,3185.05,81.88,594.3,2.44,21.95,10.58,143.17,4160.11,30.88,Normal,0,0,0,No Action Required,45.55000000000018,0.0600000000000022,-4.610000000000014,0.29,3175.8858333333337,82.04666666666667,604.2133333333334,2.935,100,1,Normal,5
2026-05-01 14:20:00,WELL-003,3184.47,81.35,585.29,2.29,21.79,10.72,142.01,4023.73,30.78,Normal,0,0,0,No Action Required,-0.580000000000382,-0.5300000000000011,-9.009999999999993,-0.1499999999999999,3176.3375,81.94166666666666,602.3175,2.785,100,1,Normal,5
2026-05-01 14:25:00,WELL-003,3164.81,81.46,591.67,2.32,21.93,10.74,142.3,4054.67,30.39,Normal,0,0,0,No Action Required,-19.65999999999985,0.1099999999999994,6.379999999999996,0.0299999999999998,3175.224166666667,81.73333333333333,600.4033333333333,2.6008333333333336,100,1,Normal,5
2026-05-01 14:30:00,WELL-003,3176.45,81.6,599.23,2.57,21.95,10.69,142.9,4192.87,30.21,Normal,0,0,0,No Action Required,11.639999999999873,0.1400000000000005,7.560000000000059,0.25,3174.333333333333,81.61,599.9558333333333,2.411666666666666,100,1,Normal,5
2026-05-01 14:35:00,WELL-003,3184.75,82.4,615.04,2.5,21.84,10.77,144.51,4232.09,30.9,Normal,0,0,0,No Action Required,8.300000000000182,0.8000000000000114,15.809999999999944,-0.0699999999999998,3173.3491666666664,81.67666666666666,601.035,2.395,100,1,Normal,5
2026-05-01 14:40:00,WELL-003,3167.56,82.22,600.33,2.37,21.49,10.61,144.54,4219.36,30.57,Normal,0,0,0,No Action Required,-17.190000000000055,-0.1800000000000068,-14.709999999999924,-0.1299999999999999,3174.4750000000004,81.72666666666667,600.8983333333333,2.3908333333333336,100,1,Normal,5
2026-05-01 14:45:00,WELL-003,3194.49,81.05,599.6,2.59,21.87,10.74,146.53,4120.69,30.36,Normal,0,0,0,No Action Required,26.92999999999984,-1.1700000000000017,-0.7300000000000182,0.2199999999999997,3174.284166666667,81.72666666666666,600.2308333333334,2.4058333333333333,100,1,Normal,5
2026-05-01 14:50:00,WELL-003,3177.01,81.51,614.36,2.55,22.23,10.71,141.53,4301.78,30.7,Normal,0,0,0,No Action Required,-17.479999999999563,0.4600000000000079,14.759999999999993,-0.04,3173.144166666667,81.72583333333333,600.26,2.4291666666666667,100,1,Normal,5
2026-05-01 14:55:00,WELL-003,3176.45,82.6,603.39,2.49,21.59,10.64,140.8,4144.94,31.69,Normal,0,0,0,No Action Required,-0.5600000000004002,1.0899999999999892,-10.970000000000027,-0.0599999999999996,3172.3891666666664,81.98666666666666,600.0491666666667,2.4266666666666667,100,1,Normal,5
2026-05-01 15:00:00,WELL-003,3182.8,81.8,618.6,2.26,21.9,10.7,145.08,4002.54,30.4,Normal,0,0,0,No Action Required,6.350000000000364,-0.7999999999999972,15.210000000000036,-0.2300000000000004,3174.951666666668,81.96416666666666,601.6908333333334,2.4075,100,1,Normal,5
2026-05-01 15:05:00,WELL-003,3170.15,83.32,609.3,2.46,21.53,10.67,141.98,4087.59,30.51,Normal,0,0,0,No Action Required,-12.650000000000093,1.519999999999996,-9.300000000000068,0.2000000000000001,3175.290833333333,81.9175,602.5016666666667,2.415833333333333,100,1,Normal,5
2026-05-01 15:10:00,WELL-003,3183.56,81.18,608.09,2.47,22.09,10.64,143.21,4139.06,29.51,Normal,0,0,0,No Action Required,13.409999999999854,-2.1399999999999864,-1.2099999999999227,0.0100000000000002,3178.9625,81.86416666666666,603.2666666666667,2.4425000000000003,100,1,Normal,5
2026-05-01 15:15:00,WELL-003,3160.0,78.62,584.71,2.54,22.02,10.7,144.85,4023.77,30.73,Normal,0,0,0,No Action Required,-23.559999999999945,-2.5600000000000023,-23.379999999999995,0.0699999999999998,3176.875,81.5925,602.4675,2.450833333333333,100,1,Normal,5
2026-05-01 15:20:00,WELL-003,3168.86,80.34,596.23,2.55,21.71,10.71,145.64,3994.23,30.47,Normal,0,0,0,No Action Required,8.860000000000127,1.7199999999999989,11.519999999999982,0.0099999999999997,3175.5741666666668,81.50833333333334,603.3791666666667,2.4725,100,1,Normal,5
2026-05-01 15:25:00,WELL-003,3173.12,81.47,610.99,2.49,21.9,10.67,144.29,4059.0,31.05,Normal,0,0,0,No Action Required,4.259999999999764,1.1299999999999957,14.759999999999993,-0.0599999999999996,3176.2666666666664,81.50916666666667,604.9891666666666,2.486666666666667,100,1,Normal,5
2026-05-01 15:30:00,WELL-003,3144.22,82.42,605.92,2.47,22.5,10.71,143.42,4116.96,30.19,Normal,0,0,0,No Action Required,-28.90000000000009,0.9500000000000028,-5.07000000000005,-0.02,3173.580833333333,81.5775,605.5466666666667,2.478333333333333,100,1,Normal,5
2026-05-01 15:35:00,WELL-003,3203.97,80.91,610.04,2.45,22.12,10.71,142.43,3960.08,30.91,Normal,0,0,0,No Action Required,59.75,-1.5100000000000051,4.1200000000000045,-0.02,3175.1825000000003,81.45333333333333,605.13,2.474166666666666,100,1,Normal,5
2026-05-01 15:40:00,WELL-003,3130.26,81.65,587.52,2.28,22.81,10.59,142.98,4007.02,30.96,Normal,0,0,0,No Action Required,-73.70999999999958,0.7400000000000091,-22.519999999999985,-0.1700000000000003,3172.0741666666668,81.40583333333333,604.0625,2.4666666666666663,100,1,Normal,5
2026-05-01 15:45:00,WELL-003,3163.52,83.47,598.79,2.27,21.89,10.6,141.48,4022.85,31.11,Normal,0,0,0,No Action Required,33.25999999999976,1.8199999999999927,11.269999999999982,-0.0099999999999997,3169.4933333333333,81.6075,603.995,2.44,100,1,Normal,5
2026-05-01 15:50:00,WELL-003,3148.82,82.6,611.56,2.32,21.87,10.66,143.3,3965.16,30.41,Normal,0,0,0,No Action Required,-14.699999999999818,-0.8700000000000045,12.769999999999982,0.0499999999999998,3167.1441666666665,81.69833333333334,603.7616666666667,2.4208333333333334,100,1,Normal,5
2026-05-01 15:55:00,WELL-003,3184.23,80.75,606.2,2.58,22.07,10.68,140.71,4152.13,30.84,Normal,0,0,0,No Action Required,35.409999999999854,-1.8499999999999943,-5.3599999999999,0.2600000000000002,3167.7925,81.54416666666667,603.9958333333333,2.428333333333333,100,1,Normal,5
2026-05-01 16:00:00,WELL-003,3178.59,81.81,620.62,2.43,22.13,10.68,144.51,4024.26,31.09,Normal,0,0,0,No Action Required,-5.639999999999873,1.0600000000000025,14.41999999999996,-0.1499999999999999,3167.441666666666,81.545,604.1641666666667,2.4425000000000003,100,1,Normal,5
2026-05-01 16:05:00,WELL-003,3173.67,82.73,605.45,2.51,22.34,10.73,143.62,4088.27,30.21,Normal,0,0,0,No Action Required,-4.920000000000073,0.9200000000000016,-15.16999999999996,0.0799999999999996,3167.7350000000006,81.49583333333334,603.8433333333334,2.4466666666666668,100,1,Normal,5
2026-05-01 16:10:00,WELL-003,3168.41,80.24,613.88,2.3,21.91,10.72,142.96,4132.38,30.76,Normal,0,0,0,No Action Required,-5.260000000000218,-2.490000000000009,8.42999999999995,-0.2099999999999999,3166.4725,81.4175,604.3258333333333,2.4325,100,1,Normal,5
2026-05-01 16:15:00,WELL-003,3167.24,80.09,614.12,2.4,21.74,10.61,142.46,4024.48,30.06,Normal,0,0,0,No Action Required,-1.1700000000000728,-0.1499999999999914,0.2400000000000091,0.1,3167.075833333333,81.54,606.7766666666666,2.420833333333333,100,1,Normal,5
2026-05-01 16:20:00,WELL-003,3164.68,81.82,616.32,2.28,21.69,10.65,143.36,4012.7,31.05,Normal,0,0,0,No Action Required,-2.559999999999945,1.7299999999999898,2.200000000000045,-0.1200000000000001,3166.7274999999995,81.66333333333334,608.4508333333333,2.398333333333333,100,1,Normal,5
2026-05-01 16:25:00,WELL-003,3176.82,81.02,604.12,2.53,22.0,10.72,143.62,4173.96,30.77,Normal,0,0,0,No Action Required,12.140000000000327,-0.7999999999999972,-12.200000000000044,0.25,3167.0358333333334,81.62583333333333,607.8783333333333,2.401666666666667,100,1,Normal,5
2026-05-01 16:30:00,WELL-003,3168.03,80.1,606.89,2.17,21.89,10.72,145.01,4105.12,30.8,Normal,0,0,0,No Action Required,-8.789999999999964,-0.9200000000000016,2.769999999999982,-0.3599999999999999,3169.02,81.4325,607.9591666666666,2.3766666666666665,100,1,Normal,5
2026-05-01 16:35:00,WELL-003,3143.35,79.9,598.6,4.9,21.75,10.66,99.72,4067.33,30.68,Pump Failure,1,Medium,70,Maintenance within 6 hours,-24.68000000000029,-0.1999999999999886,-8.289999999999964,2.7300000000000004,3163.9683333333337,81.34833333333334,607.0058333333333,2.580833333333333,60,-1,Pump Failure,60
2026-05-01 16:40:00,WELL-003,3155.26,82.0,603.63,4.19,21.89,10.65,95.65,4141.79,30.74,Pump Failure,1,Medium,70,Maintenance within 6 hours,11.91000000000031,2.0999999999999943,5.029999999999973,-0.71,3166.0516666666663,81.3775,608.3483333333334,2.74,60,1,Pump Failure,60
2026-05-01 16:45:00,WELL-003,3171.55,81.65,608.86,4.38,22.18,10.7,83.77,4018.98,30.36,Pump Failure,1,Medium,70,Maintenance within 6 hours,16.289999999999964,-0.3499999999999943,5.230000000000018,0.1899999999999995,3166.7208333333333,81.22583333333334,609.1875,2.915833333333333,60,1,Pump Failure,60
2026-05-01 16:50:00,WELL-003,3186.51,79.96,606.55,4.44,21.46,10.64,104.32,4165.38,30.47,Pump Failure,1,Medium,70,Maintenance within 6 hours,14.960000000000036,-1.690000000000012,-2.310000000000059,0.0600000000000005,3169.861666666667,81.00583333333334,608.77,3.0925,60,1,Pump Failure,60
2026-05-01 16:55:00,WELL-003,3145.23,81.68,620.43,4.27,22.09,10.68,94.89,4066.11,30.86,Pump Failure,1,Medium,70,Maintenance within 6 hours,-41.2800000000002,1.720000000000013,13.879999999999995,-0.1700000000000008,3166.611666666666,81.08333333333333,609.9558333333333,3.233333333333334,60,1,Pump Failure,60
2026-05-01 17:00:00,WELL-003,3180.71,82.92,609.93,3.97,22.08,10.66,98.49,3817.56,29.99,Pump Failure,1,Medium,70,Maintenance within 6 hours,35.48000000000002,1.2399999999999949,-10.5,-0.2999999999999994,3166.7883333333334,81.17583333333333,609.0649999999999,3.361666666666667,60,1,Pump Failure,60
2026-05-01 17:05:00,WELL-003,3173.92,81.5,613.12,2.28,22.16,10.58,143.77,3966.51,30.28,Normal,0,0,0,No Action Required,-6.789999999999964,-1.4200000000000017,3.1900000000000546,-1.6900000000000004,3166.8091666666664,81.07333333333332,609.7041666666668,3.3425,100,1,Normal,5
2026-05-01 17:10:00,WELL-003,3149.99,82.52,594.11,2.64,22.6,10.72,146.27,4020.1,30.84,Normal,0,0,0,No Action Required,-23.93000000000029,1.019999999999996,-19.00999999999999,0.3600000000000003,3165.2741666666666,81.26333333333334,608.0566666666667,3.3708333333333336,100,1,Normal,5
2026-05-01 17:15:00,WELL-003,3165.2,80.32,614.27,2.57,22.38,10.58,141.58,3955.92,30.88,Normal,0,0,0,No Action Required,15.210000000000036,-2.200000000000003,20.159999999999968,-0.0700000000000002,3165.1041666666665,81.2825,608.0691666666667,3.385,100,1,Normal,5
2026-05-01 17:20:00,WELL-003,3141.48,82.8,618.47,2.6,21.75,10.71,144.79,4078.73,29.38,Normal,0,0,0,No Action Required,-23.7199999999998,2.480000000000004,4.2000000000000455,0.0300000000000002,3163.1708333333336,81.36416666666666,608.2483333333333,3.411666666666666,100,1,Normal,5
2026-05-01 17:25:00,WELL-003,3135.09,80.35,614.67,2.21,22.09,10.6,143.49,4264.8,30.28,Normal,0,0,0,No Action Required,-6.389999999999873,-2.450000000000003,-3.800000000000068,-0.3900000000000001,3159.693333333333,81.30833333333332,609.1274999999999,3.385,100,1,Normal,5
2026-05-01 17:30:00,WELL-003,3144.33,78.46,603.59,2.36,22.03,10.68,143.11,3964.94,30.56,Normal,0,0,0,No Action Required,9.239999999999782,-1.8900000000000008,-11.079999999999927,0.1499999999999999,3157.7183333333337,81.17166666666667,608.8525,3.400833333333333,100,1,Normal,5
2026-05-01 17:35:00,WELL-003,3137.92,78.61,610.88,2.31,21.97,10.68,140.45,3966.0,31.07,Normal,0,0,0,No Action Required,-6.409999999999855,0.1500000000000056,7.289999999999964,-0.0499999999999998,3157.265833333333,81.06416666666667,609.8758333333334,3.185,100,1,Normal,5
2026-05-01 17:40:00,WELL-003,3186.04,79.97,606.79,2.23,21.7,10.77,143.03,4122.06,30.81,Normal,0,0,0,No Action Required,48.11999999999989,1.3599999999999994,-4.090000000000032,-0.08,3159.830833333333,80.895,610.1391666666667,3.021666666666667,100,1,Normal,5
2026-05-01 17:45:00,WELL-003,3144.89,79.68,622.81,2.57,21.71,10.77,142.06,4142.02,30.81,Normal,0,0,0,No Action Required,-41.15000000000009,-0.289999999999992,16.019999999999982,0.3399999999999998,3157.6091666666666,80.73083333333334,611.3016666666666,2.870833333333333,100,1,Normal,5
2026-05-01 17:50:00,WELL-003,3163.32,79.77,612.54,2.11,22.0,10.7,143.12,4216.23,30.78,Normal,0,0,0,No Action Required,18.43000000000029,0.0899999999999892,-10.269999999999982,-0.4599999999999999,3155.6766666666663,80.71499999999999,611.8008333333333,2.676666666666667,100,1,Normal,5
2026-05-01 17:55:00,WELL-003,3155.95,80.68,611.55,2.38,22.14,10.68,143.2,4082.08,30.16,Normal,0,0,0,No Action Required,-7.370000000000346,0.9100000000000108,-0.9900000000000092,0.27,3156.57,80.63166666666667,611.0608333333333,2.5191666666666666,100,1,Normal,5
2026-05-01 18:00:00,WELL-003,3154.9,80.2,621.51,2.25,21.58,10.69,142.79,4224.69,30.65,Normal,0,0,0,No Action Required,-1.0499999999997272,-0.480000000000004,9.960000000000036,-0.1299999999999999,3154.419166666667,80.405,612.0258333333334,2.375833333333333,100,1,Normal,5
2026-05-01 18:05:00,WELL-003,3178.56,82.96,615.57,2.34,22.28,10.63,146.68,4200.83,30.02,Normal,0,0,0,No Action Required,23.65999999999985,2.759999999999991,-5.939999999999941,0.0899999999999998,3154.8058333333333,80.52666666666666,612.23,2.380833333333333,100,1,Normal,5
2026-05-01 18:10:00,WELL-003,3123.74,82.24,610.22,2.36,21.49,10.69,141.21,3984.85,30.88,Normal,0,0,0,No Action Required,-54.82000000000016,-0.7199999999999989,-5.350000000000023,0.02,3152.6183333333333,80.50333333333333,613.5725,2.3575,100,1,Normal,5
2026-05-01 18:15:00,WELL-003,3151.34,80.69,607.9,2.34,21.69,10.74,144.08,4176.75,30.88,Normal,0,0,0,No Action Required,27.600000000000364,-1.5499999999999972,-2.32000000000005,-0.02,3151.4633333333336,80.53416666666666,613.0416666666666,2.3383333333333334,100,1,Normal,5
2026-05-01 18:20:00,WELL-003,3181.28,79.31,620.18,2.4,22.29,10.64,143.77,4089.44,30.97,Normal,0,0,0,No Action Required,29.94000000000005,-1.3799999999999957,12.279999999999973,0.06,3154.78,80.24333333333333,613.1841666666667,2.3216666666666668,100,1,Normal,5
2026-05-01 18:25:00,WELL-003,3180.37,78.6,622.07,2.56,21.18,10.62,145.46,4025.32,30.81,Normal,0,0,0,No Action Required,-0.9100000000003092,-0.710000000000008,1.8900000000001,0.1600000000000001,3158.5533333333333,80.09750000000001,613.8008333333333,2.350833333333333,100,1,Normal,5
2026-05-01 18:30:00,WELL-003,3161.48,81.97,607.39,2.36,21.66,10.72,142.14,4005.38,31.28,Normal,0,0,0,No Action Required,-18.88999999999988,3.3700000000000045,-14.680000000000064,-0.2000000000000001,3159.9825,80.39,614.1175,2.350833333333333,100,1,Normal,5
2026-05-01 18:35:00,WELL-003,3178.7,81.97,611.4,2.4,21.53,10.68,144.66,4127.62,30.18,Normal,0,0,0,No Action Required,17.2199999999998,0.0,4.009999999999991,0.04,3163.380833333333,80.67,614.1608333333332,2.3583333333333334,100,1,Normal,5
2026-05-01 18:40:00,WELL-003,3162.1,80.57,621.01,2.49,21.48,10.54,139.82,4162.21,30.76,Normal,0,0,0,No Action Required,-16.59999999999991,-1.4000000000000057,9.610000000000014,0.0900000000000003,3161.3858333333337,80.71999999999998,615.3458333333333,2.38,100,1,Normal,5
2026-05-01 18:45:00,WELL-003,3163.68,79.75,614.69,2.41,22.12,10.67,141.92,4221.23,30.32,Normal,0,0,0,No Action Required,1.5799999999999272,-0.8199999999999932,-6.319999999999936,-0.08,3162.9516666666664,80.72583333333334,614.6691666666667,2.3666666666666667,100,1,Normal,5
2026-05-01 18:50:00,WELL-003,3182.58,79.49,612.74,2.31,22.45,10.68,146.57,4169.66,30.64,Normal,0,0,0,No Action Required,18.90000000000009,-0.2600000000000051,-1.9500000000000453,-0.1,3164.556666666667,80.7025,614.6858333333333,2.3833333333333333,100,1,Normal,5
2026-05-01 18:55:00,WELL-003,3167.12,81.12,610.18,2.23,22.42,10.72,142.28,4057.59,30.15,Normal,0,0,0,No Action Required,-15.460000000000036,1.6300000000000097,-2.560000000000059,-0.08,3165.4875,80.73916666666666,614.5716666666666,2.370833333333333,100,1,Normal,5
2026-05-01 19:00:00,WELL-003,3174.04,81.71,620.93,2.26,21.9,10.66,143.47,4052.52,30.18,Normal,0,0,0,No Action Required,6.920000000000073,0.5899999999999892,10.75,0.0299999999999998,3167.0825,80.865,614.5233333333333,2.3716666666666666,100,1,Normal,5
2026-05-01 19:05:00,WELL-003,3133.2,80.03,617.49,2.48,22.05,10.67,142.66,4065.79,30.51,Normal,0,0,0,No Action Required,-40.84000000000015,-1.6799999999999926,-3.439999999999941,0.2200000000000002,3163.3025,80.62083333333332,614.6833333333333,2.3833333333333333,100,1,Normal,5
2026-05-01 19:10:00,WELL-003,3183.84,81.35,609.21,2.53,22.31,10.71,143.47,4055.29,30.74,Normal,0,0,0,No Action Required,50.64000000000033,1.3199999999999932,-8.279999999999973,0.0499999999999998,3168.310833333333,80.54666666666667,614.5991666666666,2.3975,100,1,Normal,5
2026-05-01 19:15:00,WELL-003,3146.89,80.31,631.87,2.44,21.47,10.64,143.95,4019.24,30.01,Normal,0,0,0,No Action Required,-36.95000000000027,-1.039999999999992,22.659999999999968,-0.0899999999999998,3167.94,80.515,616.5966666666667,2.4058333333333333,100,1,Normal,5
2026-05-01 19:20:00,WELL-003,3170.9,80.98,626.47,2.43,21.62,10.7,142.11,4178.66,30.83,Normal,0,0,0,No Action Required,24.01000000000022,0.6700000000000017,-5.399999999999977,-0.0099999999999997,3167.075,80.65416666666665,617.1208333333333,2.408333333333333,100,1,Normal,5
2026-05-01 19:25:00,WELL-003,3142.39,81.47,614.27,2.62,21.97,10.64,140.25,4209.07,29.98,Normal,0,0,0,No Action Required,-28.51000000000022,0.4899999999999949,-12.200000000000044,0.1899999999999999,3163.9100000000003,80.89333333333333,616.4708333333334,2.4133333333333336,100,1,Normal,5
2026-05-01 19:30:00,WELL-003,3172.82,80.71,625.45,2.59,21.42,10.69,139.39,3985.76,30.58,Normal,0,0,0,No Action Required,30.43000000000029,-0.7600000000000051,11.180000000000064,-0.0300000000000002,3164.855,80.78833333333334,617.9758333333333,2.4325,100,1,Normal,5
2026-05-01 19:35:00,WELL-003,3195.69,80.24,616.92,2.49,21.67,10.66,142.68,4078.26,30.7,Normal,0,0,0,No Action Required,22.86999999999989,-0.4699999999999988,-8.530000000000086,-0.0999999999999996,3166.270833333333,80.64416666666666,618.4358333333333,2.44,100,1,Normal,5
2026-05-01 19:40:00,WELL-003,3133.62,81.49,624.13,2.51,21.99,10.64,138.2,4013.37,30.23,Normal,0,0,0,No Action Required,-62.07000000000016,1.25,7.210000000000036,0.0199999999999995,3163.8975,80.72083333333335,618.6958333333333,2.441666666666667,100,1,Normal,5
2026-05-01 19:45:00,WELL-003,3155.73,80.2,603.32,2.52,22.12,10.56,141.82,4069.08,30.04,Normal,0,0,0,No Action Required,22.110000000000127,-1.289999999999992,-20.809999999999945,0.0100000000000002,3163.234999999999,80.75833333333334,617.7483333333333,2.450833333333333,100,1,Normal,5
2026-05-01 19:50:00,WELL-003,3153.94,79.03,625.09,2.45,21.98,10.69,143.1,4077.99,30.33,Normal,0,0,0,No Action Required,-1.7899999999999636,-1.1700000000000017,21.769999999999985,-0.0699999999999998,3160.8483333333334,80.72,618.7775,2.4625,100,1,Normal,5
2026-05-01 19:55:00,WELL-003,3147.7,81.0,633.06,2.64,21.5,10.61,139.52,4024.95,29.91,Normal,0,0,0,No Action Required,-6.2400000000002365,1.9699999999999989,7.969999999999914,0.1899999999999999,3159.23,80.71,620.6841666666667,2.4966666666666666,100,1,Normal,5
2026-05-01 20:00:00,WELL-003,3154.36,80.7,639.4,2.54,22.04,10.74,141.86,3850.32,30.84,Normal,0,0,0,No Action Required,6.660000000000309,-0.2999999999999971,6.340000000000032,-0.1,3157.59,80.62583333333333,622.2233333333334,2.52,100,1,Normal,5
2026-05-01 20:05:00,WELL-003,3152.57,81.43,621.2,2.42,21.93,10.8,138.29,4333.72,29.42,Normal,0,0,0,No Action Required,-1.7899999999999636,0.730000000000004,-18.19999999999993,-0.1200000000000001,3159.204166666667,80.7425,622.5325,2.515,100,1,Normal,5
2026-05-01 20:10:00,WELL-003,3169.57,82.33,627.07,2.73,21.65,10.64,142.56,4336.16,30.63,Normal,0,0,0,No Action Required,17.0,0.8999999999999915,5.8700000000000045,0.31,3158.015,80.82416666666667,624.0208333333334,2.5316666666666667,100,1,Normal,5
2026-05-01 20:15:00,WELL-003,3181.33,78.33,646.88,2.36,21.67,10.65,143.75,3937.37,30.17,Normal,0,0,0,No Action Required,11.759999999999764,-4.0,19.809999999999945,-0.3700000000000001,3160.885,80.65916666666666,625.2716666666666,2.525,100,1,Normal,5
2026-05-01 20:20:00,WELL-003,3169.28,79.79,622.28,2.41,22.29,10.67,141.4,4108.45,30.27,Normal,0,0,0,No Action Required,-12.049999999999727,1.460000000000008,-24.600000000000023,0.0500000000000002,3160.7500000000005,80.56,624.9225,2.523333333333333,100,1,Normal,5
2026-05-01 20:25:00,WELL-003,3175.56,80.02,623.76,2.46,22.02,10.66,143.78,4305.82,30.55,Normal,0,0,0,No Action Required,6.279999999999745,0.2299999999999897,1.4800000000000182,0.0499999999999998,3163.5141666666664,80.43916666666667,625.7133333333333,2.51,100,1,Normal,5
2026-05-01 20:30:00,WELL-003,3151.75,80.18,625.22,2.4,22.37,10.57,144.61,4153.05,29.92,Normal,0,0,0,No Action Required,-23.809999999999945,0.1600000000000108,1.4600000000000364,-0.06,3161.758333333333,80.395,625.6941666666667,2.494166666666666,100,1,Normal,5
2026-05-01 20:35:00,WELL-003,3183.15,78.79,609.34,2.37,21.58,10.64,143.58,4155.01,30.69,Normal,0,0,0,No Action Required,31.40000000000009,-1.3900000000000006,-15.879999999999995,-0.0299999999999998,3160.7133333333336,80.27416666666666,625.0625,2.484166666666667,100,1,Normal,5
2026-05-01 20:40:00,WELL-003,3188.61,82.84,618.36,2.61,22.0,10.7,143.12,4110.6,30.38,Normal,0,0,0,No Action Required,5.460000000000036,4.049999999999997,9.019999999999982,0.2399999999999997,3165.2958333333336,80.38666666666667,624.5816666666666,2.4925,100,1,Normal,5
2026-05-01 20:45:00,WELL-003,3159.62,80.71,616.9,2.37,22.18,10.75,144.78,4070.44,29.99,Normal,0,0,0,No Action Required,-28.99000000000024,-2.1300000000000097,-1.4600000000000364,-0.2399999999999997,3165.6200000000003,80.42916666666667,625.7133333333334,2.48,100,1,Normal,5
2026-05-01 20:50:00,WELL-003,3175.05,80.4,621.3,2.31,21.87,10.72,141.22,3925.86,29.87,Normal,0,0,0,No Action Required,15.430000000000293,-0.309999999999988,4.399999999999977,-0.06,3167.379166666667,80.54333333333334,625.3974999999999,2.4683333333333333,100,1,Normal,5
2026-05-01 20:55:00,WELL-003,3153.68,79.66,623.83,2.43,22.05,10.66,144.38,4033.24,30.9,Normal,0,0,0,No Action Required,-21.370000000000346,-0.7400000000000091,2.5300000000000864,0.1200000000000001,3167.8775,80.43166666666667,624.6283333333334,2.450833333333333,100,1,Normal,5
2026-05-01 21:00:00,WELL-003,3170.49,80.05,627.71,2.51,21.98,10.76,142.17,4133.79,30.44,Normal,0,0,0,No Action Required,16.809999999999945,0.3900000000000005,3.879999999999996,0.0799999999999996,3169.2216666666664,80.3775,623.6541666666667,2.4483333333333337,100,1,Normal,5
2026-05-01 21:05:00,WELL-003,3174.0,80.76,642.38,2.47,22.02,10.65,145.13,4001.95,30.32,Normal,0,0,0,No Action Required,3.5100000000002183,0.710000000000008,14.66999999999996,-0.0399999999999995,3171.0075,80.32166666666666,625.4191666666667,2.4525,100,1,Normal,5
2026-05-01 21:10:00,WELL-003,3151.01,82.81,616.68,2.43,22.4,10.7,141.7,3965.11,30.42,Normal,0,0,0,No Action Required,-22.98999999999978,2.049999999999997,-25.700000000000045,-0.04,3169.460833333333,80.36166666666666,624.5533333333334,2.4275,100,1,Normal,5
2026-05-01 21:15:00,WELL-003,3168.64,80.69,628.9,2.56,21.75,10.69,142.81,4135.29,31.09,Normal,0,0,0,No Action Required,17.629999999999654,-2.1200000000000045,12.220000000000027,0.1299999999999999,3168.4033333333336,80.55833333333334,623.055,2.4441666666666664,100,1,Normal,5
2026-05-01 21:20:00,WELL-003,3162.36,81.15,620.22,2.61,21.91,10.7,146.43,4103.73,31.23,Normal,0,0,0,No Action Required,-6.279999999999745,0.4600000000000079,-8.67999999999995,0.0499999999999998,3167.8266666666664,80.67166666666667,622.8833333333333,2.460833333333333,100,1,Normal,5
2026-05-01 21:25:00,WELL-003,3172.74,82.21,638.59,2.4,21.84,10.71,144.81,4041.7,30.26,Normal,0,0,0,No Action Required,10.379999999999654,1.059999999999988,18.370000000000005,-0.2099999999999999,3167.5916666666667,80.85416666666667,624.1191666666667,2.455833333333333,100,1,Normal,5
2026-05-01 21:30:00,WELL-003,3167.29,80.73,625.68,2.4,21.51,10.68,140.41,4184.22,31.35,Normal,0,0,0,No Action Required,-5.449999999999818,-1.4799999999999898,-12.910000000000082,0.0,3168.8866666666668,80.89999999999999,624.1575,2.455833333333333,100,1,Normal,5
2026-05-01 21:35:00,WELL-003,3168.62,81.01,629.2,2.65,22.64,10.67,144.53,3843.73,30.36,Normal,0,0,0,No Action Required,1.3299999999999272,0.2800000000000011,3.5200000000000955,0.25,3167.675833333333,81.085,625.8125,2.4791666666666665,100,1,Normal,5
2026-05-01 21:40:00,WELL-003,3191.21,80.71,634.77,2.5,22.41,10.64,137.43,4018.87,29.86,Normal,0,0,0,No Action Required,22.590000000000146,-0.3000000000000113,5.569999999999936,-0.1499999999999999,3167.8925,80.9075,627.18,2.47,100,1,Normal,5
2026-05-01 21:45:00,WELL-003,3156.81,81.05,626.41,2.54,22.05,10.64,145.94,3847.51,30.86,Normal,0,0,0,No Action Required,-34.40000000000009,0.3400000000000034,-8.360000000000014,0.04,3167.6583333333333,80.93583333333333,627.9725,2.4841666666666664,100,1,Normal,5
2026-05-01 21:50:00,WELL-003,3148.93,83.2,621.46,2.56,22.05,10.71,143.4,4039.1,29.94,Normal,0,0,0,No Action Required,-7.880000000000109,2.1500000000000057,-4.949999999999932,0.02,3165.4816666666666,81.16916666666667,627.9858333333333,2.505,100,1,Normal,5
2026-05-01 21:55:00,WELL-003,3156.87,80.74,613.56,2.5,22.68,10.63,143.16,4110.32,30.13,Normal,0,0,0,No Action Required,7.940000000000055,-2.460000000000008,-7.900000000000091,-0.06,3165.7475,81.25916666666667,627.13,2.5108333333333333,100,1,Normal,5
2026-05-01 22:00:00,WELL-003,3196.42,82.56,643.71,2.37,22.05,10.72,142.09,4220.75,30.56,Normal,0,0,0,No Action Required,39.55000000000018,1.820000000000008,30.15000000000009,-0.1299999999999999,3167.9083333333333,81.46833333333333,628.4633333333334,2.4991666666666665,100,1,Normal,5
2026-05-01 22:05:00,WELL-003,3185.31,80.92,627.96,2.43,22.42,10.69,142.13,4062.0,30.41,Normal,0,0,0,No Action Required,-11.110000000000127,-1.6400000000000006,-15.75,0.06,3168.8508333333334,81.48166666666667,627.2616666666667,2.495833333333333,100,1,Normal,5
2026-05-01 22:10:00,WELL-003,3132.54,82.87,642.64,2.27,21.68,10.66,143.22,4122.0,29.88,Normal,0,0,0,No Action Required,-52.76999999999998,1.9500000000000028,14.67999999999995,-0.1600000000000001,3167.3116666666665,81.48666666666666,629.4250000000001,2.4825,100,1,Normal,5
2026-05-01 22:15:00,WELL-003,3215.6,82.24,637.25,2.51,21.18,10.68,144.64,3994.57,30.31,Normal,0,0,0,No Action Required,83.05999999999995,-0.6300000000000097,-5.389999999999986,0.2399999999999997,3171.225,81.61583333333334,630.1208333333334,2.478333333333333,100,1,Normal,5
2026-05-01 22:20:00,WELL-003,3175.53,83.21,629.47,2.45,21.22,10.65,142.42,4120.64,30.52,Normal,0,0,0,No Action Required,-40.06999999999971,0.9699999999999988,-7.779999999999973,-0.0599999999999996,3172.3225,81.7875,630.8916666666667,2.465,100,1,Normal,5
2026-05-01 22:25:00,WELL-003,3180.86,83.36,611.43,2.35,21.46,10.66,140.57,4151.78,30.03,Normal,0,0,0,No Action Required,5.329999999999927,0.1500000000000056,-18.04000000000008,-0.1,3172.9991666666665,81.88333333333334,628.6283333333333,2.460833333333333,100,1,Normal,5
2026-05-01 22:30:00,WELL-003,3157.81,81.53,644.77,2.48,21.96,10.73,145.25,4013.24,30.57,Normal,0,0,0,No Action Required,-23.050000000000185,-1.8299999999999983,33.34000000000003,0.1299999999999999,3172.209166666667,81.95,630.2191666666666,2.4675,100,1,Normal,5
2026-05-01 22:35:00,WELL-003,3181.06,80.37,639.33,2.64,21.73,10.68,142.72,4251.96,30.74,Normal,0,0,0,No Action Required,23.25,-1.1599999999999966,-5.439999999999941,0.1600000000000001,3173.245833333333,81.89666666666666,631.0633333333334,2.466666666666667,100,1,Normal,5
2026-05-01 22:40:00,WELL-003,3175.18,83.18,644.38,2.5,22.46,10.7,139.71,4202.5,30.57,Normal,0,0,0,No Action Required,-5.880000000000109,2.8100000000000023,5.0499999999999545,-0.1400000000000001,3171.91,82.1025,631.8641666666667,2.466666666666667,100,1,Normal,5
2026-05-01 22:45:00,WELL-003,3151.56,80.39,627.33,2.4,22.09,10.69,144.94,4185.43,31.09,Normal,0,0,0,No Action Required,-23.61999999999989,-2.7900000000000063,-17.049999999999955,-0.1,3171.4725,82.0475,631.9408333333334,2.455,100,1,Normal,5
2026-05-01 22:50:00,WELL-003,3174.26,80.62,624.86,2.23,21.37,10.67,140.59,4206.09,30.98,Normal,0,0,0,No Action Required,22.70000000000028,0.2300000000000039,-2.470000000000028,-0.1699999999999999,3173.583333333333,81.8325,632.2241666666666,2.4275,100,1,Normal,5
2026-05-01 22:55:00,WELL-003,3178.47,81.0,623.73,2.63,22.08,10.71,146.01,4092.76,30.64,Normal,0,0,0,No Action Required,4.209999999999582,0.3799999999999954,-1.1299999999999957,0.3999999999999999,3175.383333333333,81.85416666666667,633.0716666666667,2.438333333333333,100,1,Normal,5
2026-05-01 23:00:00,WELL-003,3206.77,79.4,621.28,2.73,21.66,10.69,140.56,4023.92,30.33,Normal,0,0,0,No Action Required,28.300000000000185,-1.5999999999999943,-2.450000000000045,0.1,3176.245833333333,81.59083333333334,631.2025,2.4683333333333333,100,1,Normal,5
2026-05-01 23:05:00,WELL-003,3190.65,82.29,628.19,2.39,21.37,10.72,142.59,3964.54,30.05,Normal,0,0,0,No Action Required,-16.11999999999989,2.890000000000001,6.910000000000082,-0.3399999999999998,3176.6908333333336,81.705,631.2216666666667,2.4650000000000003,100,1,Normal,5
2026-05-01 23:10:00,WELL-003,3207.03,82.12,628.37,2.45,22.4,10.84,138.69,4030.89,30.64,Normal,0,0,0,No Action Required,16.38000000000011,-0.1700000000000017,0.1799999999999499,0.06,3182.898333333333,81.6425,630.0324999999999,2.48,100,1,Normal,5
2026-05-01 23:15:00,WELL-003,3171.58,82.38,636.12,2.37,22.09,10.62,141.15,4156.27,30.79,Normal,0,0,0,No Action Required,-35.45000000000027,0.2599999999999909,7.75,-0.08,3179.23,81.65416666666667,629.9383333333334,2.4683333333333333,100,1,Normal,5
2026-05-01 23:20:00,WELL-003,3207.63,82.97,641.48,2.41,21.45,10.63,144.85,4162.23,31.08,Normal,0,0,0,No Action Required,36.05000000000018,0.5900000000000034,5.360000000000014,0.04,3181.905,81.63416666666667,630.9391666666667,2.4650000000000003,100,1,Normal,5
2026-05-01 23:25:00,WELL-003,3197.17,82.58,643.25,2.46,21.72,10.68,145.86,4060.39,30.27,Normal,0,0,0,No Action Required,-10.460000000000036,-0.3900000000000005,1.7699999999999818,0.0499999999999998,3183.264166666668,81.56916666666667,633.5908333333333,2.474166666666666,100,1,Normal,5
2026-05-01 23:30:00,WELL-003,3200.57,81.31,638.48,2.59,21.4,10.66,143.77,4129.57,30.82,Normal,0,0,0,No Action Required,3.400000000000091,-1.269999999999996,-4.769999999999982,0.1299999999999999,3186.8275,81.55083333333334,633.0666666666666,2.483333333333333,100,1,Normal,5
2026-05-01 23:35:00,WELL-003,3187.28,81.91,626.38,2.52,21.91,10.68,141.97,4140.97,31.36,Normal,0,0,0,No Action Required,-13.289999999999964,0.5999999999999943,-12.100000000000025,-0.0699999999999998,3187.3458333333333,81.67916666666667,631.9875,2.473333333333333,100,1,Normal,5
2026-05-01 23:40:00,WELL-003,3185.31,82.0,640.64,2.63,21.96,10.69,142.59,4022.01,30.29,Normal,0,0,0,No Action Required,-1.9700000000002549,0.0900000000000034,14.259999999999993,0.1099999999999998,3188.19,81.58083333333333,631.6758333333333,2.4841666666666664,100,1,Normal,5
2026-05-01 23:45:00,WELL-003,3201.99,81.38,631.59,2.7,21.68,10.67,142.32,4035.59,30.33,Normal,0,0,0,No Action Required,16.679999999999836,-0.6200000000000045,-9.049999999999956,0.0700000000000002,3192.3925,81.66333333333334,632.0308333333334,2.5091666666666668,100,1,Normal,5
2026-05-01 23:50:00,WELL-003,3194.52,81.7,615.72,2.41,21.99,10.62,137.97,3958.15,30.95,Normal,0,0,0,No Action Required,-7.4699999999998,0.3200000000000074,-15.870000000000005,-0.29,3194.080833333333,81.75333333333333,631.2691666666667,2.5241666666666664,100,1,Normal,5
2026-05-01 23:55:00,WELL-003,3167.82,82.97,633.63,2.48,21.25,10.69,142.5,4165.35,30.48,Normal,0,0,0,No Action Required,-26.69999999999981,1.269999999999996,17.909999999999968,0.0699999999999998,3193.193333333333,81.9175,632.0941666666666,2.5116666666666667,100,1,Normal,5
2026-05-02 00:00:00,WELL-003,3215.51,84.11,630.55,2.51,21.83,10.62,139.7,4049.6,30.44,Normal,0,0,0,No Action Required,47.690000000000055,1.1400000000000006,-3.080000000000041,0.0299999999999998,3193.921666666667,82.31,632.8666666666667,2.4933333333333336,100,1,Normal,5
2026-05-02 00:05:00,WELL-003,3192.38,83.58,650.6,2.18,21.54,10.61,142.25,4154.85,30.46,Normal,0,0,0,No Action Required,-23.13000000000011,-0.5300000000000011,20.050000000000068,-0.3299999999999996,3194.0658333333336,82.4175,634.7341666666667,2.4758333333333336,100,1,Normal,5
2026-05-02 00:10:00,WELL-003,3201.53,82.26,633.09,2.28,21.71,10.71,146.28,4075.98,30.73,Normal,0,0,0,No Action Required,9.150000000000093,-1.3199999999999932,-17.50999999999999,0.0999999999999996,3193.6075,82.42916666666666,635.1275,2.4616666666666664,100,1,Normal,5
2026-05-02 00:15:00,WELL-003,3169.91,81.1,634.29,2.61,21.89,10.7,146.6,4086.53,30.81,Normal,0,0,0,No Action Required,-31.620000000000346,-1.1600000000000108,1.1999999999999318,0.33,3193.4683333333337,82.32249999999999,634.975,2.4816666666666665,100,1,Normal,5
2026-05-02 00:20:00,WELL-003,3184.14,82.38,642.9,2.35,22.4,10.59,142.99,3995.4,30.81,Normal,0,0,0,No Action Required,14.230000000000018,1.2800000000000011,8.610000000000014,-0.2599999999999998,3191.5108333333337,82.27333333333333,635.0933333333334,2.4766666666666666,100,1,Normal,5
2026-05-02 00:25:00,WELL-003,3211.03,83.68,646.45,2.06,21.61,10.64,140.04,4291.62,30.73,Normal,0,0,0,No Action Required,26.890000000000327,1.3000000000000114,3.550000000000068,-0.29,3192.665833333333,82.365,635.36,2.443333333333333,100,1,Normal,5
2026-05-02 00:30:00,WELL-003,3171.84,80.82,637.39,2.43,21.56,10.8,142.21,4010.9,31.17,Normal,0,0,0,No Action Required,-39.190000000000055,-2.8600000000000136,-9.06000000000006,0.3700000000000001,3190.271666666666,82.32416666666666,635.2691666666667,2.43,100,1,Normal,5
2026-05-02 00:35:00,WELL-003,3199.09,82.63,641.55,2.42,22.2,10.64,140.67,3938.27,31.08,Normal,0,0,0,No Action Required,27.25,1.8100000000000025,4.159999999999968,-0.0100000000000002,3191.255833333333,82.38416666666666,636.5333333333334,2.4216666666666664,100,1,Normal,5
2026-05-02 00:40:00,WELL-003,3161.17,82.58,637.68,2.24,22.2,10.75,144.69,4086.58,30.16,Normal,0,0,0,No Action Required,-37.92000000000007,-0.0499999999999971,-3.870000000000005,-0.1799999999999997,3189.244166666667,82.43249999999999,636.2866666666666,2.3891666666666667,100,1,Normal,5
2026-05-02 00:45:00,WELL-003,3185.93,83.53,625.86,2.33,21.83,10.69,141.33,4281.82,30.26,Normal,0,0,0,No Action Required,24.759999999999764,0.9500000000000028,-11.819999999999936,0.0899999999999998,3187.9058333333337,82.61166666666666,635.8091666666667,2.3583333333333334,100,1,Normal,5
2026-05-02 00:50:00,WELL-003,3152.31,84.91,629.88,2.48,21.96,10.66,144.78,4107.27,30.72,Normal,0,0,0,No Action Required,-33.61999999999989,1.3799999999999957,4.019999999999982,0.1499999999999999,3184.388333333333,82.87916666666668,636.9891666666666,2.3641666666666667,100,1,Normal,5
2026-05-02 00:55:00,WELL-003,3192.72,83.3,620.98,2.44,22.36,10.71,141.85,4235.52,31.19,Normal,0,0,0,No Action Required,40.409999999999854,-1.6099999999999994,-8.899999999999977,-0.04,3186.463333333333,82.90666666666667,635.935,2.3608333333333333,100,1,Normal,5
2026-05-02 01:00:00,WELL-003,3186.72,83.78,649.24,2.51,22.14,10.69,140.4,4217.68,30.52,Normal,0,0,0,No Action Required,-6.0,0.480000000000004,28.25999999999999,0.0699999999999998,3184.0641666666666,82.87916666666666,637.4925,2.3608333333333333,100,1,Normal,5
2026-05-02 01:05:00,WELL-003,3202.95,84.45,629.08,2.26,21.72,10.65,143.99,4032.14,29.76,Normal,0,0,0,No Action Required,16.230000000000018,0.6700000000000017,-20.159999999999968,-0.25,3184.945,82.95166666666667,635.6991666666667,2.3675,100,1,Normal,5
2026-05-02 01:10:00,WELL-003,3167.73,82.5,629.17,2.35,21.75,10.68,143.61,3918.85,30.93,Normal,0,0,0,No Action Required,-35.2199999999998,-1.9500000000000028,0.0899999999999181,0.0900000000000003,3182.1283333333336,82.97166666666666,635.3725,2.373333333333333,100,1,Normal,5
2026-05-02 01:15:00,WELL-003,3198.74,82.13,623.93,2.6,21.65,10.67,142.49,4134.96,29.9,Normal,0,0,0,No Action Required,31.009999999999764,-0.3700000000000045,-5.240000000000009,0.25,3184.530833333333,83.05749999999999,634.5091666666666,2.3725,100,1,Normal,5
2026-05-02 01:20:00,WELL-003,3177.75,82.69,640.52,2.21,22.15,10.68,142.36,4237.69,30.33,Normal,0,0,0,No Action Required,-20.98999999999978,0.5600000000000023,16.590000000000032,-0.3900000000000001,3183.998333333333,83.08333333333333,634.3108333333333,2.3608333333333333,100,1,Normal,5
2026-05-02 01:25:00,WELL-003,3222.34,82.56,616.69,2.53,21.58,10.67,147.1,4228.36,30.32,Normal,0,0,0,No Action Required,44.59000000000015,-0.1299999999999954,-23.829999999999927,0.3199999999999998,3184.9408333333336,82.99,631.8308333333333,2.4,100,1,Normal,5
2026-05-02 01:30:00,WELL-003,3185.97,84.35,632.22,2.51,22.38,10.71,141.51,4190.67,30.87,Normal,0,0,0,No Action Required,-36.370000000000346,1.789999999999992,15.529999999999973,-0.02,3186.118333333334,83.28416666666666,631.4,2.4066666666666667,100,1,Normal,5
2026-05-02 01:35:00,WELL-003,3190.42,83.18,631.98,2.72,21.99,10.7,142.1,4028.84,30.17,Normal,0,0,0,No Action Required,4.450000000000273,-1.1699999999999875,-0.2400000000000091,0.2100000000000004,3185.395833333333,83.33,630.6025,2.431666666666666,100,1,Normal,5
2026-05-02 01:40:00,WELL-003,3214.14,84.47,640.95,2.51,21.96,10.68,145.38,4258.35,30.96,Normal,0,0,0,No Action Required,23.7199999999998,1.289999999999992,8.970000000000027,-0.2100000000000004,3189.81,83.4875,630.875,2.454166666666666,100,1,Normal,5
2026-05-02 01:45:00,WELL-003,3218.49,84.01,639.49,2.52,21.75,10.63,141.87,4196.94,30.05,Normal,0,0,0,No Action Required,4.349999999999909,-0.4599999999999937,-1.4600000000000364,0.0100000000000002,3192.523333333333,83.5275,632.0108333333334,2.47,100,1,Normal,5
2026-05-02 01:50:00,WELL-003,3217.24,82.33,632.98,2.46,21.91,10.72,143.24,4111.95,30.23,Normal,0,0,0,No Action Required,-1.25,-1.6800000000000068,-6.509999999999991,-0.06,3197.9341666666664,83.3125,632.2691666666666,2.4683333333333333,100,1,Normal,5
2026-05-02 01:55:00,WELL-003,3153.55,84.71,637.95,2.43,21.85,10.72,142.82,4003.59,30.38,Normal,0,0,0,No Action Required,-63.6899999999996,2.3799999999999955,4.970000000000027,-0.0299999999999998,3194.67,83.42999999999999,633.6833333333334,2.4675,100,1,Normal,5
2026-05-02 02:00:00,WELL-003,3220.09,83.48,635.97,2.52,22.22,10.7,142.31,4011.14,30.92,Normal,0,0,0,No Action Required,66.53999999999996,-1.2299999999999898,-1.9800000000000184,0.0899999999999998,3197.450833333334,83.405,632.5775,2.4683333333333333,100,1,Normal,5
2026-05-02 02:05:00,WELL-003,3215.69,82.29,633.06,2.48,21.46,10.71,146.23,3976.45,30.98,Normal,0,0,0,No Action Required,-4.400000000000091,-1.1899999999999975,-2.910000000000082,-0.04,3198.5125000000003,83.22500000000001,632.9091666666667,2.4866666666666664,100,1,Normal,5
2026-05-02 02:10:00,WELL-003,3164.24,83.04,651.78,2.53,21.87,10.68,143.64,4102.1,30.6,Normal,0,0,0,No Action Required,-51.45000000000027,0.75,18.720000000000027,0.0499999999999998,3198.2216666666664,83.27,634.7933333333334,2.5016666666666665,100,1,Normal,5
2026-05-02 02:15:00,WELL-003,3220.1,84.54,646.58,2.32,21.89,10.66,141.85,4152.6,30.23,Normal,0,0,0,No Action Required,55.86000000000013,1.5,-5.199999999999932,-0.2099999999999999,3200.001666666667,83.47083333333333,636.6808333333333,2.478333333333333,100,1,Normal,5
2026-05-02 02:20:00,WELL-003,3185.66,83.43,619.92,2.56,21.71,10.69,143.16,4095.51,30.34,Normal,0,0,0,No Action Required,-34.440000000000055,-1.1099999999999994,-26.66000000000008,0.2400000000000002,3200.6608333333334,83.53250000000001,634.9641666666666,2.5075,100,1,Normal,5
2026-05-02 02:25:00,WELL-003,3189.48,84.23,622.26,2.45,21.61,10.68,143.94,3877.52,30.19,Normal,0,0,0,No Action Required,3.820000000000164,0.7999999999999972,2.340000000000032,-0.1099999999999998,3197.9225,83.67166666666667,635.4283333333334,2.500833333333333,100,1,Normal,5
2026-05-02 02:30:00,WELL-003,3201.59,84.85,627.25,2.24,21.57,10.59,143.16,3973.71,31.11,Normal,0,0,0,No Action Required,12.110000000000127,0.6199999999999903,4.990000000000009,-0.2099999999999999,3199.2241666666664,83.71333333333332,635.0141666666667,2.478333333333333,100,1,Normal,5
2026-05-02 02:35:00,WELL-003,3208.12,83.02,640.95,2.45,21.79,10.68,144.99,3970.4,30.4,Normal,0,0,0,No Action Required,6.529999999999745,-1.8299999999999983,13.700000000000044,0.2099999999999999,3200.6991666666668,83.7,635.7616666666667,2.455833333333333,100,1,Normal,5
2026-05-02 02:40:00,WELL-003,3211.56,82.84,635.27,2.4,22.04,10.67,141.84,4198.44,29.94,Normal,0,0,0,No Action Required,3.4400000000000546,-0.1799999999999926,-5.680000000000064,-0.0500000000000002,3200.4841666666666,83.56416666666667,635.2883333333334,2.4466666666666668,100,1,Normal,5
2026-05-02 02:45:00,WELL-003,3205.36,84.58,638.5,2.43,21.86,10.65,144.03,3999.63,30.65,Normal,0,0,0,No Action Required,-6.199999999999818,1.7399999999999949,3.230000000000018,0.0300000000000002,3199.39,83.61166666666666,635.2058333333333,2.4391666666666665,100,1,Normal,5
2026-05-02 02:50:00,WELL-003,3190.29,84.4,638.88,2.69,22.03,10.63,140.86,4088.41,30.89,Normal,0,0,0,No Action Required,-15.070000000000164,-0.1799999999999926,0.3799999999999954,0.2599999999999998,3197.144166666667,83.78416666666666,635.6975,2.458333333333333,100,1,Normal,5
2026-05-02 02:55:00,WELL-003,3194.5,84.35,630.01,2.36,22.07,10.75,142.37,4012.7,29.54,Normal,0,0,0,No Action Required,4.210000000000036,-0.0500000000000113,-8.870000000000005,-0.33,3200.556666666667,83.75416666666668,635.0358333333334,2.4525,100,1,Normal,5
2026-05-02 03:00:00,WELL-003,3195.14,84.71,628.92,2.61,21.7,10.67,143.45,4074.07,31.05,Normal,0,0,0,No Action Required,0.6399999999998727,0.3599999999999994,-1.0900000000000318,0.25,3198.4774999999995,83.85666666666667,634.4483333333334,2.46,100,1,Normal,5
2026-05-02 03:05:00,WELL-003,3174.58,86.29,635.76,2.52,22.48,10.65,141.58,4305.81,30.76,Normal,0,0,0,No Action Required,-20.559999999999945,1.5800000000000125,6.840000000000032,-0.0899999999999998,3195.0516666666667,84.19000000000001,634.6733333333333,2.4633333333333334,100,1,Normal,5
2026-05-02 03:10:00,WELL-003,3207.43,84.32,631.2,2.33,21.75,10.66,142.05,4279.82,29.94,Normal,0,0,0,No Action Required,32.84999999999991,-1.970000000000013,-4.559999999999945,-0.1899999999999999,3198.6508333333336,84.29666666666667,632.9583333333334,2.4466666666666668,100,1,Normal,5
2026-05-02 03:15:00,WELL-003,3213.44,82.41,621.34,2.64,21.8,10.67,139.79,4031.4,30.12,Normal,0,0,0,No Action Required,6.010000000000218,-1.9099999999999968,-9.860000000000014,0.31,3198.095833333333,84.11916666666667,630.855,2.473333333333333,100,1,Normal,5
2026-05-02 03:20:00,WELL-003,3209.96,83.34,623.26,2.39,22.16,10.71,143.91,4182.82,30.25,Normal,0,0,0,No Action Required,-3.480000000000018,0.9300000000000068,1.919999999999959,-0.25,3200.120833333333,84.11166666666666,631.1333333333333,2.459166666666667,100,1,Normal,5
2026-05-02 03:25:00,WELL-003,3212.25,84.91,625.28,2.43,21.96,10.7,145.5,4086.23,30.82,Normal,0,0,0,No Action Required,2.289999999999964,1.5699999999999932,2.019999999999982,0.04,3202.018333333333,84.16833333333334,631.385,2.4575,100,1,Normal,5
2026-05-02 03:30:00,WELL-003,3205.62,86.01,633.37,2.31,21.78,10.66,142.64,4193.08,30.8,Normal,0,0,0,No Action Required,-6.630000000000109,1.1000000000000083,8.090000000000032,-0.1200000000000001,3202.3541666666665,84.265,631.895,2.4633333333333334,100,1,Normal,5
2026-05-02 03:35:00,WELL-003,3184.42,83.92,631.48,2.39,22.19,10.67,142.61,4034.25,30.74,Normal,0,0,0,No Action Required,-21.19999999999981,-2.0900000000000034,-1.8899999999999864,0.08,3200.379166666666,84.34,631.1058333333334,2.458333333333333,100,1,Normal,5
2026-05-02 03:40:00,WELL-003,3225.27,83.45,634.29,2.46,22.31,10.67,143.34,4164.23,30.23,Normal,0,0,0,No Action Required,40.84999999999991,-0.4699999999999988,2.809999999999945,0.0699999999999998,3201.521666666667,84.39083333333333,631.0241666666666,2.4633333333333334,100,1,Normal,5
2026-05-02 03:45:00,WELL-003,3207.63,82.48,616.69,2.31,21.81,10.66,145.41,4197.88,30.23,Normal,0,0,0,No Action Required,-17.639999999999873,-0.9699999999999988,-17.59999999999991,-0.1499999999999999,3201.710833333333,84.21583333333334,629.2066666666666,2.4533333333333336,100,1,Normal,5
2026-05-02 03:50:00,WELL-003,3207.82,84.8,623.15,2.46,22.05,10.63,147.21,4043.49,30.72,Normal,0,0,0,No Action Required,0.1900000000000545,2.319999999999993,6.459999999999923,0.1499999999999999,3203.1716666666666,84.24916666666667,627.8958333333334,2.4341666666666666,100,1,Normal,5
2026-05-02 03:55:00,WELL-003,3197.25,85.41,615.88,2.54,22.0,10.71,142.79,4068.55,30.45,Normal,0,0,0,No Action Required,-10.570000000000164,0.6099999999999994,-7.269999999999982,0.08,3203.400833333333,84.33749999999999,626.7183333333334,2.4491666666666667,100,1,Normal,5
2026-05-02 04:00:00,WELL-003,3205.27,84.49,616.29,2.52,22.11,10.68,142.06,4012.81,30.49,Normal,0,0,0,No Action Required,8.019999999999982,-0.9200000000000016,0.4099999999999681,-0.02,3204.2450000000003,84.31916666666666,625.6658333333334,2.441666666666667,100,1,Normal,5
2026-05-02 04:05:00,WELL-003,3177.42,84.64,626.56,2.33,21.88,10.68,140.51,4035.91,31.19,Normal,0,0,0,No Action Required,-27.84999999999991,0.1500000000000056,10.269999999999982,-0.1899999999999999,3204.4816666666666,84.18166666666666,624.8991666666667,2.4258333333333333,100,1,Normal,5
2026-05-02 04:10:00,WELL-003,3239.24,85.71,629.24,2.75,21.75,10.66,142.49,4158.88,30.27,Normal,0,0,0,No Action Required,61.81999999999971,1.0699999999999932,2.680000000000064,0.4199999999999999,3207.1325,84.2975,624.7358333333333,2.460833333333333,100,1,Normal,5
2026-05-02 04:15:00,WELL-003,3232.15,83.36,627.28,2.16,21.86,10.64,142.02,4155.42,30.81,Normal,0,0,0,No Action Required,-7.089999999999691,-2.3499999999999943,-1.9600000000000364,-0.5899999999999999,3208.691666666667,84.37666666666667,625.2308333333333,2.4208333333333334,100,1,Normal,5
2026-05-02 04:20:00,WELL-003,3231.32,83.23,626.41,2.35,22.1,10.6,144.63,3855.98,30.91,Normal,0,0,0,No Action Required,-0.8299999999999272,-0.1299999999999954,-0.8700000000000045,0.1899999999999999,3210.4716666666664,84.3675,625.4933333333332,2.4175,100,1,Normal,5
2026-05-02 04:25:00,WELL-003,3223.8,83.73,625.87,2.32,21.78,10.63,141.78,4053.05,30.47,Normal,0,0,0,No Action Required,-7.519999999999982,0.5,-0.5399999999999636,-0.0300000000000002,3211.434166666668,84.26916666666666,625.5425,2.4083333333333337,100,1,Normal,5
2026-05-02 04:30:00,WELL-003,3214.46,82.71,617.83,2.25,22.73,10.68,143.38,4210.08,30.85,Normal,0,0,0,No Action Required,-9.340000000000146,-1.0200000000000102,-8.039999999999964,-0.0699999999999998,3212.1708333333336,83.99416666666666,624.2475000000001,2.4033333333333333,100,1,Normal,5
2026-05-02 04:35:00,WELL-003,3247.13,84.33,638.86,2.46,21.71,10.64,140.13,3823.18,30.95,Normal,0,0,0,No Action Required,32.67000000000007,1.6200000000000043,21.029999999999973,0.2099999999999999,3217.396666666667,84.02833333333334,624.8625,2.409166666666667,100,1,Normal,5
2026-05-02 04:40:00,WELL-003,3210.47,86.51,625.17,2.35,21.85,10.73,141.77,4096.22,30.94,Normal,0,0,0,No Action Required,-36.66000000000031,2.180000000000007,-13.690000000000056,-0.1099999999999998,3216.1633333333334,84.28333333333333,624.1025,2.4,100,1,Normal,5
2026-05-02 04:45:00,WELL-003,3217.43,85.6,617.13,2.39,21.75,10.55,142.58,4187.81,30.63,Normal,0,0,0,No Action Required,6.960000000000036,-0.9100000000000108,-8.039999999999964,0.04,3216.98,84.54333333333334,624.1391666666667,2.4066666666666667,100,1,Normal,5
2026-05-02 04:50:00,WELL-003,3205.18,84.25,618.25,2.47,21.91,10.63,142.51,4220.36,30.44,Normal,0,0,0,No Action Required,-12.25,-1.3499999999999943,1.1200000000000043,0.08,3216.76,84.4975,623.7308333333334,2.4075,100,1,Normal,5
2026-05-02 04:55:00,WELL-003,3230.02,83.56,621.43,2.35,22.04,10.75,144.67,4197.72,30.55,Normal,0,0,0,No Action Required,24.840000000000146,-0.6899999999999977,3.17999999999995,-0.1200000000000001,3219.4908333333333,84.34333333333333,624.1933333333333,2.3916666666666666,100,1,Normal,5
2026-05-02 05:00:00,WELL-003,3204.06,85.73,617.45,2.42,22.14,10.66,146.17,4220.9,30.97,Normal,0,0,0,No Action Required,-25.96000000000004,2.1700000000000017,-3.979999999999905,0.0699999999999998,3219.39,84.44666666666667,624.2900000000001,2.3833333333333333,100,1,Normal,5
2026-05-02 05:05:00,WELL-003,3222.83,84.29,628.45,2.38,21.97,10.65,143.75,3990.19,30.8,Normal,0,0,0,No Action Required,18.769999999999985,-1.4399999999999975,11.0,-0.04,3223.174166666666,84.4175,624.4475,2.3875,100,1,Normal,5
2026-05-02 05:10:00,WELL-003,3182.32,86.24,614.2,2.44,22.23,10.71,141.58,4002.39,29.78,Normal,0,0,0,No Action Required,-40.50999999999976,1.9499999999999889,-14.25,0.06,3218.4308333333333,84.46166666666666,623.1941666666667,2.361666666666667,100,1,Normal,5
2026-05-02 05:15:00,WELL-003,3205.25,83.5,624.82,2.52,22.2,10.64,144.16,4070.93,29.84,Normal,0,0,0,No Action Required,22.92999999999984,-2.739999999999995,10.620000000000005,0.08,3216.1891666666666,84.47333333333333,622.9891666666667,2.391666666666667,100,1,Normal,5
2026-05-02 05:20:00,WELL-003,3185.73,85.16,625.09,2.19,21.41,10.62,144.99,4034.07,31.56,Normal,0,0,0,No Action Required,-19.519999999999985,1.6599999999999966,0.2699999999999818,-0.33,3212.39,84.63416666666666,622.8791666666667,2.3783333333333334,100,1,Normal,5
2026-05-02 05:25:00,WELL-003,3225.09,83.76,605.94,2.44,22.15,10.62,145.2,3864.15,30.99,Normal,0,0,0,No Action Required,39.36000000000013,-1.3999999999999917,-19.149999999999977,0.25,3212.4975,84.63666666666667,621.2183333333334,2.388333333333333,100,1,Normal,5
2026-05-02 05:30:00,WELL-003,3224.38,83.04,623.29,2.61,21.89,10.75,137.82,3971.3,30.19,Normal,0,0,0,No Action Required,-0.7100000000000364,-0.7199999999999989,17.34999999999991,0.1699999999999999,3213.3241666666668,84.66416666666667,621.6733333333333,2.418333333333333,100,1,Normal,5
2026-05-02 05:35:00,WELL-003,3217.74,84.81,632.81,2.55,21.92,10.69,143.01,4240.68,29.94,Normal,0,0,0,No Action Required,-6.640000000000327,1.769999999999996,9.519999999999982,-0.06,3210.875,84.70416666666667,621.1691666666667,2.4258333333333337,100,1,Normal,5
2026-05-02 05:40:00,WELL-003,3235.07,85.22,607.67,2.22,22.14,10.68,145.34,3968.59,30.35,Normal,0,0,0,No Action Required,17.330000000000382,0.4099999999999966,-25.139999999999983,-0.3299999999999996,3212.925,84.59666666666666,619.7108333333333,2.415,100,1,Normal,5
2026-05-02 05:45:00,WELL-003,3228.2,84.11,609.44,2.33,21.6,10.66,143.84,4059.6,30.63,Normal,0,0,0,No Action Required,-6.870000000000346,-1.1099999999999994,1.7700000000000955,0.1099999999999998,3213.8225,84.4725,619.07,2.41,100,1,Normal,5
2026-05-02 05:50:00,WELL-003,3249.81,84.34,611.43,2.53,21.81,10.65,144.43,3982.22,30.54,Normal,0,0,0,No Action Required,21.610000000000127,0.2300000000000039,1.989999999999896,0.1999999999999997,3217.5416666666665,84.48,618.5016666666667,2.415,100,1,Normal,5
2026-05-02 05:55:00,WELL-003,3206.28,83.98,635.0,2.22,21.87,10.74,140.27,3967.13,30.22,Normal,0,0,0,No Action Required,-43.52999999999975,-0.3599999999999994,23.57000000000005,-0.3099999999999996,3215.563333333333,84.515,619.6325,2.404166666666667,100,1,Normal,5
2026-05-02 06:00:00,WELL-003,3231.69,83.76,614.18,2.21,22.0,10.69,144.8,4067.17,31.1,Normal,0,0,0,No Action Required,25.40999999999985,-0.2199999999999988,-20.82000000000005,-0.0100000000000002,3217.8658333333333,84.35083333333334,619.36,2.3866666666666663,100,1,Normal,5
2026-05-02 06:05:00,WELL-003,3186.56,84.24,621.2,2.34,21.63,10.62,143.28,4128.3,30.71,Normal,0,0,0,No Action Required,-45.13000000000011,0.4799999999999897,7.020000000000096,0.1299999999999999,3214.8433333333337,84.34666666666668,618.7558333333333,2.3833333333333333,100,1,Normal,5
2026-05-02 06:10:00,WELL-003,3215.82,84.95,633.15,2.31,21.73,10.7,141.46,4039.77,30.59,Normal,0,0,0,No Action Required,29.26000000000022,0.710000000000008,11.949999999999932,-0.0299999999999998,3217.635,84.23916666666666,620.335,2.3725,100,1,Normal,5
2026-05-02 06:15:00,WELL-003,3235.34,84.91,627.48,2.25,22.07,10.6,138.68,4049.83,30.67,Normal,0,0,0,No Action Required,19.519999999999985,-0.0400000000000062,-5.669999999999959,-0.06,3220.1425000000004,84.35666666666667,620.5566666666667,2.35,100,1,Normal,5
2026-05-02 06:20:00,WELL-003,3221.45,84.37,615.99,2.39,21.64,10.59,142.05,4065.43,30.73,Normal,0,0,0,No Action Required,-13.890000000000327,-0.539999999999992,-11.490000000000007,0.1400000000000001,3223.119166666667,84.29083333333334,619.7983333333333,2.3666666666666667,100,1,Normal,5
2026-05-02 06:25:00,WELL-003,3216.76,87.61,613.78,2.37,21.64,10.68,143.56,4235.47,31.1,Normal,0,0,0,No Action Required,-4.6899999999996,3.239999999999995,-2.2100000000000364,-0.02,3222.425,84.61166666666666,620.4516666666667,2.3608333333333333,100,1,Normal,5
2026-05-02 06:30:00,WELL-003,3212.77,85.69,614.84,2.44,21.58,10.74,140.53,4002.83,30.21,Normal,0,0,0,No Action Required,-3.990000000000237,-1.9200000000000017,1.0600000000000591,0.0699999999999998,3221.4575,84.8325,619.7475,2.3466666666666667,100,1,Normal,5
2026-05-02 06:35:00,WELL-003,3231.49,84.0,604.88,2.6,21.9,10.75,143.06,3966.77,29.74,Normal,0,0,0,No Action Required,18.7199999999998,-1.6899999999999975,-9.960000000000036,0.1600000000000001,3222.603333333333,84.765,617.42,2.3508333333333336,100,1,Normal,5
2026-05-02 06:40:00,WELL-003,3247.78,84.98,630.94,2.37,21.55,10.64,143.42,4074.32,30.54,Normal,0,0,0,No Action Required,16.29000000000042,0.980000000000004,26.06000000000006,-0.2299999999999999,3223.6625000000004,84.745,619.3591666666667,2.3633333333333333,100,1,Normal,5
2026-05-02 06:45:00,WELL-003,3215.33,85.17,616.07,2.52,21.88,10.7,144.81,4112.3,30.38,Normal,0,0,0,No Action Required,-32.45000000000027,0.1899999999999977,-14.870000000000005,0.1499999999999999,3222.59,84.83333333333333,619.9116666666666,2.379166666666667,100,1,Normal,5
2026-05-02 06:50:00,WELL-003,3219.18,85.14,612.25,2.38,21.99,10.66,149.21,3994.57,30.2,Normal,0,0,0,No Action Required,3.849999999999909,-0.0300000000000011,-3.82000000000005,-0.1400000000000001,3220.0375,84.89999999999999,619.98,2.3666666666666667,100,1,Normal,5
2026-05-02 06:55:00,WELL-003,3209.75,86.12,622.7,2.44,21.97,10.67,140.88,4062.82,30.77,Normal,0,0,0,No Action Required,-9.429999999999836,0.980000000000004,10.450000000000044,0.06,3220.3266666666664,85.07833333333333,618.955,2.385,100,1,Normal,5
2026-05-02 07:00:00,WELL-003,3211.01,84.01,613.12,2.27,20.87,10.66,143.86,3769.12,30.36,Normal,0,0,0,No Action Required,1.2600000000002185,-2.1099999999999994,-9.58000000000004,-0.1699999999999999,3218.603333333333,85.09916666666668,618.8666666666667,2.39,100,1,Normal,5
2026-05-02 07:05:00,WELL-003,3253.08,83.49,603.97,2.65,21.46,10.66,142.9,4070.14,30.62,Normal,0,0,0,No Action Required,42.06999999999971,-0.5200000000000102,-9.149999999999975,0.3799999999999999,3224.146666666667,85.03666666666666,617.4308333333333,2.415833333333333,100,1,Normal,5
2026-05-02 07:10:00,WELL-003,3226.45,84.21,616.31,2.5,21.75,10.75,144.34,3891.11,30.73,Normal,0,0,0,No Action Required,-26.63000000000011,0.7199999999999989,12.339999999999918,-0.1499999999999999,3225.0325,84.97500000000001,616.0275,2.431666666666666,100,1,Normal,5
2026-05-02 07:15:00,WELL-003,3198.2,84.11,601.23,2.61,22.01,10.74,140.22,4063.61,30.73,Normal,0,0,0,No Action Required,-28.25,-0.0999999999999943,-15.079999999999927,0.1099999999999998,3221.9375,84.90833333333333,613.84,2.4616666666666664,100,1,Normal,5
2026-05-02 07:20:00,WELL-003,3215.48,84.79,603.48,2.39,21.92,10.67,141.51,4090.5,31.43,Normal,0,0,0,No Action Required,17.2800000000002,0.6800000000000068,2.25,-0.2199999999999997,3221.44,84.94333333333333,612.7975,2.4616666666666664,100,1,Normal,5
2026-05-02 07:25:00,WELL-003,3199.54,83.38,624.89,2.39,22.24,10.68,138.83,4142.61,30.12,Normal,0,0,0,No Action Required,-15.940000000000056,-1.4100000000000108,21.409999999999968,0.0,3220.005,84.59083333333334,613.7233333333334,2.4633333333333334,100,1,Normal,5
2026-05-02 07:30:00,WELL-003,3228.89,83.92,607.99,2.35,22.3,10.74,146.29,4007.45,30.63,Normal,0,0,0,No Action Required,29.34999999999991,0.5400000000000063,-16.899999999999977,-0.04,3221.3483333333334,84.44333333333334,613.1525,2.455833333333333,100,1,Normal,5
2026-05-02 07:35:00,WELL-003,3206.56,83.51,617.86,2.47,21.68,10.67,143.17,4080.64,30.84,Normal,0,0,0,No Action Required,-22.329999999999927,-0.4099999999999966,9.870000000000005,0.1200000000000001,3219.270833333333,84.4025,614.2341666666667,2.445,100,1,Normal,5
2026-05-02 07:40:00,WELL-003,3207.94,84.45,629.4,2.39,21.5,10.64,141.69,4048.11,30.0,Normal,0,0,0,No Action Required,1.3800000000001091,0.9399999999999976,11.539999999999964,-0.08,3215.950833333333,84.35833333333333,614.1058333333334,2.4466666666666668,100,1,Normal,5
2026-05-02 07:45:00,WELL-003,3244.67,85.74,621.55,2.52,21.92,10.76,141.33,4147.06,30.66,Normal,0,0,0,No Action Required,36.73000000000002,1.289999999999992,-7.850000000000023,0.1299999999999999,3218.395833333333,84.40583333333333,614.5625,2.4466666666666668,100,1,Normal,5
2026-05-02 07:50:00,WELL-003,3197.23,84.01,615.51,2.54,22.53,10.69,140.22,4215.89,30.21,Normal,0,0,0,No Action Required,-47.440000000000055,-1.7299999999999898,-6.039999999999964,0.02,3216.566666666667,84.31166666666667,614.8341666666666,2.46,100,1,Normal,5
2026-05-02 07:55:00,WELL-003,3214.91,85.24,617.45,2.36,22.01,10.67,146.6,4214.81,30.15,Normal,0,0,0,No Action Required,17.679999999999836,1.2299999999999898,1.9400000000000543,-0.1800000000000001,3216.9966666666664,84.23833333333333,614.3966666666666,2.4533333333333336,100,1,Normal,5
2026-05-02 08:00:00,WELL-003,3189.2,85.0,618.3,2.37,22.07,10.7,139.39,4213.03,30.75,Normal,0,0,0,No Action Required,-25.71000000000004,-0.2399999999999948,0.849999999999909,0.0100000000000002,3215.179166666667,84.32083333333333,614.8283333333333,2.461666666666667,100,1,Normal,5
2026-05-02 08:05:00,WELL-003,3226.8,84.34,590.33,2.51,22.07,10.63,143.49,4068.55,30.14,Normal,0,0,0,No Action Required,37.60000000000037,-0.6599999999999966,-27.96999999999992,0.1399999999999996,3212.9891666666663,84.39166666666667,613.6916666666667,2.45,100,1,Normal,5
2026-05-02 08:10:00,WELL-003,3210.07,85.12,608.94,2.45,21.91,10.75,139.89,3951.75,31.26,Normal,0,0,0,No Action Required,-16.730000000000018,0.7800000000000011,18.610000000000014,-0.0599999999999996,3211.6241666666665,84.4675,613.0775,2.4458333333333333,100,1,Normal,5
2026-05-02 08:15:00,WELL-003,3210.37,83.13,613.59,2.31,22.03,10.62,148.42,4091.1,30.65,Normal,0,0,0,No Action Required,0.2999999999997271,-1.990000000000009,4.649999999999977,-0.1400000000000001,3212.638333333333,84.38583333333334,614.1075000000001,2.4208333333333334,100,1,Normal,5
2026-05-02 08:20:00,WELL-003,3208.41,83.41,617.62,2.48,22.37,10.76,142.88,4192.8,29.8,Normal,0,0,0,No Action Required,-1.9600000000000364,0.2800000000000011,4.029999999999973,0.1699999999999999,3212.049166666667,84.27083333333333,615.2858333333334,2.428333333333333,100,1,Normal,5
2026-05-02 08:25:00,WELL-003,3189.83,84.83,602.72,2.55,22.35,10.69,144.06,4032.7,30.22,Normal,0,0,0,No Action Required,-18.579999999999927,1.4200000000000017,-14.899999999999975,0.0699999999999998,3211.24,84.39166666666667,613.4383333333334,2.4416666666666664,100,1,Normal,5
2026-05-02 08:30:00,WELL-003,3209.49,83.11,608.34,2.24,21.58,10.59,145.96,4142.59,31.0,Normal,0,0,0,No Action Required,19.65999999999985,-1.7199999999999989,5.6200000000000045,-0.3099999999999996,3209.623333333333,84.32416666666667,613.4675,2.4325,100,1,Normal,5
2026-05-02 08:35:00,WELL-003,3230.42,85.82,598.72,2.43,21.6,10.65,144.04,4157.32,30.54,Normal,0,0,0,No Action Required,20.93000000000029,2.7099999999999937,-9.620000000000005,0.1899999999999999,3211.611666666667,84.51666666666667,611.8725000000001,2.4291666666666667,100,1,Normal,5
2026-05-02 08:40:00,WELL-003,3219.8,82.89,605.55,2.42,21.4,10.61,144.76,4066.38,30.61,Normal,0,0,0,No Action Required,-10.61999999999989,-2.9299999999999926,6.829999999999927,-0.0100000000000002,3212.6,84.38666666666667,609.885,2.431666666666666,100,1,Normal,5
2026-05-02 08:45:00,WELL-003,3253.78,84.66,611.75,2.39,22.56,10.63,143.16,3989.96,30.69,Normal,0,0,0,No Action Required,33.98000000000002,1.769999999999996,6.2000000000000455,-0.0299999999999998,3213.359166666667,84.29666666666667,609.0683333333334,2.420833333333333,100,1,Normal,5
2026-05-02 08:50:00,WELL-003,3185.79,83.58,614.56,2.63,22.2,10.75,140.42,4049.33,30.62,Normal,0,0,0,No Action Required,-67.99000000000024,-1.0799999999999983,2.809999999999945,0.2399999999999997,3212.405833333333,84.26083333333334,608.9891666666666,2.428333333333333,100,1,Normal,5
2026-05-02 08:55:00,WELL-003,3198.93,84.81,604.25,2.34,22.26,10.71,143.45,4092.34,30.82,Normal,0,0,0,No Action Required,13.139999999999873,1.230000000000004,-10.309999999999944,-0.29,3211.0741666666668,84.22500000000001,607.8891666666667,2.4266666666666667,100,1,Normal,5
2026-05-02 09:00:00,WELL-003,3207.83,84.73,601.58,2.57,22.18,10.72,141.55,4149.5,31.05,Normal,0,0,0,No Action Required,8.900000000000091,-0.0799999999999983,-2.669999999999959,0.2299999999999999,3212.6266666666666,84.2025,606.4958333333333,2.4433333333333334,100,1,Normal,5
2026-05-02 09:05:00,WELL-003,3184.73,83.75,603.93,2.42,21.85,10.73,142.17,4223.01,30.35,Normal,0,0,0,No Action Required,-23.09999999999991,-0.980000000000004,2.349999999999909,-0.1499999999999999,3209.120833333334,84.15333333333334,607.6291666666667,2.435833333333333,100,1,Normal,5
2026-05-02 09:10:00,WELL-003,3217.97,85.08,619.37,2.33,21.88,10.66,143.78,3943.88,30.42,Normal,0,0,0,No Action Required,33.23999999999978,1.3299999999999983,15.440000000000056,-0.0899999999999998,3209.779166666667,84.14999999999999,608.4983333333333,2.4258333333333337,100,1,Normal,5
2026-05-02 09:15:00,WELL-003,3216.85,84.2,612.47,2.39,22.41,10.63,145.82,4289.88,30.43,Normal,0,0,0,No Action Required,-1.1199999999998909,-0.8799999999999955,-6.899999999999977,0.06,3210.3191666666667,84.23916666666666,608.405,2.4325,100,1,Normal,5
2026-05-02 09:20:00,WELL-003,3189.14,83.12,597.18,2.39,22.52,10.67,141.77,4125.19,30.67,Normal,0,0,0,No Action Required,-27.71000000000004,-1.0799999999999983,-15.290000000000076,0.0,3208.713333333333,84.215,606.7016666666667,2.425,100,1,Normal,5
2026-05-02 09:25:00,WELL-003,3202.35,83.93,608.91,2.49,21.76,10.75,145.39,4127.69,30.16,Normal,0,0,0,No Action Required,13.210000000000036,0.8100000000000023,11.730000000000018,0.1,3209.7566666666667,84.14,607.2175000000001,2.42,100,1,Normal,5
2026-05-02 09:30:00,WELL-003,3172.18,81.91,611.79,2.5,22.39,10.61,141.7,4005.8,30.6,Normal,0,0,0,No Action Required,-30.17000000000008,-2.0200000000000102,2.8799999999999955,0.0099999999999997,3206.6475,84.04,607.505,2.441666666666667,100,1,Normal,5
2026-05-02 09:35:00,WELL-003,3222.53,84.78,608.25,2.09,22.12,10.68,144.46,4155.56,29.54,Normal,0,0,0,No Action Required,50.35000000000037,2.8700000000000045,-3.539999999999964,-0.4100000000000001,3205.99,83.95333333333333,608.2991666666667,2.4133333333333336,100,1,Normal,5
2026-05-02 09:40:00,WELL-003,3213.38,82.06,627.1,2.28,22.25,10.68,144.12,3964.95,30.58,Normal,0,0,0,No Action Required,-9.150000000000093,-2.719999999999999,18.850000000000023,0.1899999999999999,3205.4550000000004,83.88416666666667,610.0949999999999,2.401666666666667,100,1,Normal,5
2026-05-02 09:45:00,WELL-003,3231.71,83.64,601.57,2.42,22.4,10.71,144.55,4123.38,30.36,Normal,0,0,0,No Action Required,18.329999999999927,1.5799999999999983,-25.529999999999973,0.1400000000000001,3203.6158333333333,83.79916666666666,609.2466666666667,2.4041666666666663,100,1,Normal,5
2026-05-02 09:50:00,WELL-003,3198.24,83.69,600.17,2.44,21.73,10.66,144.21,3997.24,31.41,Normal,0,0,0,No Action Required,-33.470000000000255,0.0499999999999971,-1.400000000000091,0.02,3204.6533333333336,83.80833333333334,608.0475,2.388333333333333,100,1,Normal,5
2026-05-02 09:55:00,WELL-003,3214.47,84.09,595.13,2.5,22.77,10.64,145.35,4148.87,30.06,Normal,0,0,0,No Action Required,16.230000000000018,0.4000000000000057,-5.039999999999964,0.06,3205.9483333333337,83.74833333333333,607.2875,2.401666666666667,100,1,Normal,5
2026-05-02 10:00:00,WELL-003,3218.62,85.66,625.53,2.48,21.82,10.67,143.57,4168.46,30.56,Normal,0,0,0,No Action Required,4.150000000000091,1.5699999999999932,30.399999999999977,-0.02,3206.8475,83.82583333333334,609.2833333333334,2.3941666666666666,100,1,Normal,5
2026-05-02 10:05:00,WELL-003,3174.14,83.68,605.86,2.37,22.0,10.65,140.75,4022.77,31.1,Normal,0,0,0,No Action Required,-44.48000000000002,-1.979999999999989,-19.66999999999996,-0.1099999999999998,3205.965,83.82,609.4441666666667,2.39,100,1,Normal,5
2026-05-02 10:10:00,WELL-003,3218.28,85.13,599.03,2.4,21.69,10.69,138.86,4063.47,30.16,Normal,0,0,0,No Action Required,44.14000000000033,1.4499999999999886,-6.830000000000041,0.0299999999999998,3205.9908333333333,83.82416666666667,607.7491666666666,2.395833333333333,100,1,Normal,5
2026-05-02 10:15:00,WELL-003,3207.1,84.47,595.03,2.27,22.32,10.68,143.34,4134.22,30.59,Normal,0,0,0,No Action Required,-11.180000000000293,-0.6599999999999966,-4.0,-0.1299999999999999,3205.1783333333333,83.84666666666666,606.2958333333332,2.3858333333333333,100,1,Normal,5
2026-05-02 10:20:00,WELL-003,3184.5,83.76,601.08,2.44,21.86,10.71,144.01,4162.97,30.8,Normal,0,0,0,No Action Required,-22.59999999999991,-0.7099999999999937,6.050000000000068,0.1699999999999999,3204.7916666666665,83.89999999999999,606.6208333333333,2.39,100,1,Normal,5
2026-05-02 10:25:00,WELL-003,3218.68,84.43,609.15,2.46,21.5,10.64,143.34,4038.12,30.63,Normal,0,0,0,No Action Required,34.17999999999984,0.6700000000000017,8.069999999999936,0.02,3206.1525,83.94166666666668,606.6408333333333,2.3875,100,1,Normal,5
2026-05-02 10:30:00,WELL-003,3218.95,82.82,611.6,2.4,21.86,10.77,138.38,4149.61,31.17,Normal,0,0,0,No Action Required,0.2699999999999818,-1.6100000000000136,2.450000000000045,-0.06,3210.05,84.0175,606.625,2.3791666666666664,100,1,Normal,5
2026-05-02 10:35:00,WELL-003,3218.45,83.26,597.25,2.37,21.93,10.58,145.47,3982.68,30.09,Normal,0,0,0,No Action Required,-0.5,0.4400000000000119,-14.350000000000025,-0.0299999999999998,3209.71,83.89083333333333,605.7083333333334,2.4025,100,1,Normal,5
2026-05-02 10:40:00,WELL-003,3202.42,84.67,606.02,2.63,22.38,10.71,142.2,3985.51,30.5,Normal,0,0,0,No Action Required,-16.029999999999745,1.4099999999999966,8.769999999999982,0.2599999999999998,3208.796666666667,84.10833333333333,603.9516666666667,2.431666666666666,100,1,Normal,5
2026-05-02 10:45:00,WELL-003,3210.24,84.22,602.81,2.4,21.76,10.71,143.74,4088.22,30.96,Normal,0,0,0,No Action Required,7.819999999999709,-0.4500000000000028,-3.2100000000000364,-0.2299999999999999,3207.0075,84.15666666666668,604.055,2.43,100,1,Normal,5
2026-05-02 10:50:00,WELL-003,3259.7,83.39,612.17,2.16,21.58,10.63,142.46,4120.84,30.56,Normal,0,0,0,No Action Required,49.46000000000004,-0.8299999999999983,9.360000000000014,-0.2399999999999997,3212.129166666666,84.13166666666667,605.055,2.4066666666666667,100,1,Normal,5
2026-05-02 10:55:00,WELL-003,3171.45,84.64,606.66,2.32,21.97,10.68,139.98,4040.2,30.66,Normal,0,0,0,No Action Required,-88.25,1.25,-5.509999999999991,0.1599999999999997,3208.5441666666666,84.1775,606.0158333333334,2.3916666666666666,100,1,Normal,5
2026-05-02 11:00:00,WELL-003,3177.9,83.46,602.5,2.47,21.91,10.62,139.75,4209.62,30.92,Normal,0,0,0,No Action Required,6.450000000000273,-1.1800000000000068,-4.159999999999968,0.1500000000000003,3205.150833333333,83.99416666666667,604.0966666666667,2.390833333333333,100,1,Normal,5
2026-05-02 11:05:00,WELL-003,3180.9,84.38,605.01,2.59,22.48,10.7,140.61,4294.93,30.11,Normal,0,0,0,No Action Required,3.0,0.9200000000000016,2.509999999999991,0.1199999999999996,3205.714166666666,84.0525,604.0258333333333,2.4091666666666667,100,1,Normal,5
2026-05-02 11:10:00,WELL-003,3187.8,83.98,599.13,2.55,21.87,10.65,146.26,4025.16,30.02,Normal,0,0,0,No Action Required,6.900000000000091,-0.3999999999999915,-5.879999999999996,-0.04,3203.174166666666,83.95666666666666,604.0341666666667,2.4216666666666664,100,1,Normal,5
2026-05-02 11:15:00,WELL-003,3203.36,82.78,604.7,2.46,22.42,10.66,141.3,4013.61,30.0,Normal,0,0,0,No Action Required,15.559999999999944,-1.2000000000000028,5.57000000000005,-0.0899999999999998,3202.8625,83.81583333333334,604.84,2.4375,100,1,Normal,5
2026-05-02 11:20:00,WELL-003,3214.22,82.22,597.67,2.31,21.75,10.71,143.92,4268.97,30.27,Normal,0,0,0,No Action Required,10.859999999999673,-0.5600000000000023,-7.030000000000086,-0.1499999999999999,3205.339166666666,83.6875,604.5558333333332,2.4266666666666667,100,1,Normal,5
2026-05-02 11:25:00,WELL-003,3158.21,83.04,589.76,2.5,21.84,10.64,144.53,4163.89,30.98,Normal,0,0,0,No Action Required,-56.00999999999976,0.8200000000000074,-7.909999999999968,0.1899999999999999,3200.3,83.57166666666667,602.9399999999999,2.43,100,1,Normal,5
2026-05-02 11:30:00,WELL-003,3208.19,82.0,592.4,2.52,21.85,10.75,142.5,4143.75,30.26,Normal,0,0,0,No Action Required,49.98000000000002,-1.0400000000000065,2.6399999999999864,0.02,3199.403333333333,83.50333333333334,601.34,2.44,100,1,Normal,5
2026-05-02 11:35:00,WELL-003,3199.72,82.99,597.0,2.45,22.64,10.73,147.02,3915.24,31.0,Normal,0,0,0,No Action Required,-8.470000000000255,0.9899999999999948,4.600000000000023,-0.0699999999999998,3197.8425,83.48083333333334,601.3191666666667,2.4466666666666668,100,1,Normal,5
2026-05-02 11:40:00,WELL-003,3184.04,82.96,598.32,2.54,22.08,10.66,140.05,4133.18,30.85,Normal,0,0,0,No Action Required,-15.679999999999836,-0.0300000000000011,1.32000000000005,0.0899999999999998,3196.310833333333,83.33833333333332,600.6775,2.4391666666666665,100,1,Normal,5
2026-05-02 11:45:00,WELL-003,3190.58,84.1,613.7,2.5,21.83,10.71,144.12,4001.48,31.04,Normal,0,0,0,No Action Required,6.539999999999964,1.1400000000000006,15.379999999999995,-0.04,3194.6725,83.32833333333333,601.5849999999999,2.4475,100,1,Normal,5
2026-05-02 11:50:00,WELL-003,3182.14,82.93,601.09,2.27,22.14,10.76,137.8,4152.09,31.24,Normal,0,0,0,No Action Required,-8.440000000000055,-1.1699999999999875,-12.610000000000014,-0.2299999999999999,3188.209166666667,83.29,600.6616666666667,2.4566666666666666,100,1,Normal,5
2026-05-02 11:55:00,WELL-003,3171.97,83.62,599.67,2.37,21.62,10.75,144.58,3988.59,30.16,Normal,0,0,0,No Action Required,-10.170000000000073,0.6899999999999977,-1.4200000000000728,0.1,3188.2525,83.205,600.0791666666667,2.460833333333333,100,1,Normal,5
2026-05-02 12:00:00,WELL-003,3151.63,83.46,607.02,2.5,21.43,10.72,142.12,3929.42,30.11,Normal,0,0,0,No Action Required,-20.33999999999969,-0.1600000000000108,7.350000000000023,0.1299999999999999,3186.063333333333,83.205,600.4558333333333,2.4633333333333334,100,1,Normal,5
2026-05-02 12:05:00,WELL-003,3194.39,83.75,594.58,2.2,21.74,10.69,141.12,3800.23,31.25,Normal,0,0,0,No Action Required,42.75999999999976,0.2900000000000062,-12.43999999999994,-0.2999999999999998,3187.1875,83.15249999999999,599.5866666666667,2.4308333333333336,100,1,Normal,5
2026-05-02 12:10:00,WELL-003,3206.94,84.28,607.08,2.51,21.86,10.68,144.44,4204.91,30.36,Normal,0,0,0,No Action Required,12.550000000000182,0.5300000000000011,12.5,0.3099999999999996,3188.7825,83.1775,600.2491666666667,2.4275,100,1,Normal,5
2026-05-02 12:15:00,WELL-003,3187.69,80.46,605.67,2.29,22.51,10.7,141.14,4136.62,29.76,Normal,0,0,0,No Action Required,-19.25,-3.820000000000008,-1.410000000000082,-0.2199999999999997,3187.476666666667,82.98416666666667,600.33,2.4133333333333336,100,1,Normal,5
2026-05-02 12:20:00,WELL-003,3181.46,84.26,596.78,2.48,21.94,10.67,142.24,4259.86,30.43,Normal,0,0,0,No Action Required,-6.230000000000018,3.8000000000000114,-8.889999999999986,0.1899999999999999,3184.7466666666664,83.15416666666667,600.2558333333334,2.4275,100,1,Normal,5
2026-05-02 12:25:00,WELL-003,3186.97,83.3,592.94,2.39,21.97,10.68,145.76,4079.19,30.44,Normal,0,0,0,No Action Required,5.509999999999764,-0.960000000000008,-3.839999999999918,-0.0899999999999998,3187.143333333333,83.17583333333333,600.5208333333334,2.418333333333333,100,1,Normal,5
2026-05-02 12:30:00,WELL-003,3177.69,83.16,593.48,2.39,21.59,10.7,142.63,4165.11,30.17,Normal,0,0,0,No Action Required,-9.279999999999744,-0.1400000000000005,0.5399999999999636,0.0,3184.601666666666,83.2725,600.6108333333334,2.4075,100,1,Normal,5
2026-05-02 12:35:00,WELL-003,3197.31,81.79,604.32,2.43,22.14,10.66,142.46,4226.49,30.31,Normal,0,0,0,No Action Required,19.61999999999989,-1.3699999999999903,10.840000000000032,0.04,3184.4008333333336,83.1725,601.2208333333333,2.4058333333333333,100,1,Normal,5
2026-05-02 12:40:00,WELL-003,3167.02,82.22,590.04,2.55,21.79,10.7,143.15,4128.09,30.01,Normal,0,0,0,No Action Required,-30.289999999999964,0.4299999999999926,-14.280000000000086,0.1199999999999996,3182.9825,83.11083333333333,600.5308333333334,2.4066666666666667,100,1,Normal,5
2026-05-02 12:45:00,WELL-003,3184.63,83.37,609.31,2.5,22.62,10.7,143.79,4206.66,30.78,Normal,0,0,0,No Action Required,17.610000000000127,1.1500000000000057,19.269999999999985,-0.0499999999999998,3182.486666666666,83.05,600.1650000000001,2.4066666666666667,100,1,Normal,5
2026-05-02 12:50:00,WELL-003,3209.57,82.54,589.02,2.5,21.89,10.71,140.91,4118.28,30.5,Normal,0,0,0,No Action Required,24.94000000000005,-0.8299999999999983,-20.289999999999964,0.0,3184.7725,83.0175,599.1591666666667,2.4258333333333333,100,1,Normal,5
2026-05-02 12:55:00,WELL-003,3195.97,81.74,603.4,2.6,21.65,10.68,140.77,4080.48,30.57,Normal,0,0,0,No Action Required,-13.600000000000364,-0.8000000000000114,14.379999999999995,0.1,3186.7725,82.86083333333333,599.4699999999999,2.4450000000000003,100,1,Normal,5
2026-05-02 13:00:00,WELL-003,3170.65,81.22,595.09,2.56,21.19,10.66,139.77,4073.9,30.57,Normal,0,0,0,No Action Required,-25.31999999999971,-0.519999999999996,-8.309999999999945,-0.04,3188.3575,82.67416666666666,598.4758333333333,2.45,100,1,Normal,5
2026-05-02 13:05:00,WELL-003,3182.92,81.43,600.38,2.66,22.24,10.67,142.28,4004.44,30.72,Normal,0,0,0,No Action Required,12.269999999999982,0.2100000000000079,5.289999999999964,0.1,3187.401666666666,82.48083333333334,598.9591666666666,2.4883333333333333,100,1,Normal,5
2026-05-02 13:10:00,WELL-003,3169.46,83.33,600.56,2.41,21.93,10.7,143.73,4218.7,29.75,Normal,0,0,0,No Action Required,-13.460000000000036,1.899999999999992,0.1799999999999499,-0.25,3184.278333333333,82.40166666666667,598.4158333333334,2.48,100,1,Normal,5
2026-05-02 13:15:00,WELL-003,3170.05,82.53,602.63,2.49,22.12,10.69,143.4,4113.35,30.76,Normal,0,0,0,No Action Required,0.5900000000001455,-0.7999999999999972,2.07000000000005,0.08,3182.808333333333,82.57416666666667,598.1625,2.4966666666666666,100,1,Normal,5
2026-05-02 13:20:00,WELL-003,3190.5,81.61,606.32,2.35,22.03,10.64,145.09,4106.59,30.97,Normal,0,0,0,No Action Required,20.44999999999981,-0.9200000000000016,3.690000000000055,-0.1400000000000001,3183.5616666666665,82.35333333333334,598.9575,2.4858333333333333,100,1,Normal,5
2026-05-02 13:25:00,WELL-003,3166.09,82.09,591.49,2.3,22.02,10.69,143.9,4068.0,30.32,Normal,0,0,0,No Action Required,-24.40999999999985,0.480000000000004,-14.83000000000004,-0.0500000000000002,3181.8216666666667,82.25250000000001,598.8366666666667,2.478333333333333,100,1,Normal,5
2026-05-02 13:30:00,WELL-003,3148.88,82.28,601.11,2.32,22.38,10.72,142.0,4026.09,30.64,Normal,0,0,0,No Action Required,-17.210000000000036,0.1899999999999977,9.620000000000005,0.02,3179.4208333333336,82.17916666666666,599.4725,2.4725,100,1,Normal,5
2026-05-02 13:35:00,WELL-003,3197.35,80.89,596.08,2.5,21.59,10.72,141.15,4120.68,30.5,Normal,0,0,0,No Action Required,48.4699999999998,-1.3900000000000006,-5.029999999999973,0.1800000000000001,3179.424166666666,82.10416666666667,598.7858333333334,2.478333333333333,100,1,Normal,5
2026-05-02 13:40:00,WELL-003,3193.71,82.18,594.6,2.34,21.81,10.71,141.94,3961.95,30.71,Normal,0,0,0,No Action Required,-3.6399999999998727,1.2900000000000065,-1.4800000000000182,-0.1600000000000001,3181.648333333333,82.10083333333334,599.1658333333334,2.460833333333333,100,1,Normal,5
2026-05-02 13:45:00,WELL-003,3146.19,83.7,592.59,2.38,22.22,10.7,143.39,4227.7,30.93,Normal,0,0,0,No Action Required,-47.51999999999998,1.519999999999996,-2.009999999999991,0.04,3178.445,82.12833333333333,597.7724999999999,2.450833333333333,100,1,Normal,5
2026-05-02 13:50:00,WELL-003,3197.55,82.34,587.04,2.38,22.02,10.65,142.88,4187.05,30.49,Normal,0,0,0,No Action Required,51.36000000000013,-1.3599999999999994,-5.550000000000068,0.0,3177.443333333334,82.11166666666666,597.6075,2.4408333333333334,100,1,Normal,5
2026-05-02 13:55:00,WELL-003,3191.77,81.57,601.7,2.19,21.81,10.64,142.56,4169.21,30.52,Normal,0,0,0,No Action Required,-5.7800000000002,-0.7700000000000102,14.660000000000082,-0.1899999999999999,3177.0933333333337,82.09750000000001,597.4658333333333,2.4066666666666667,100,1,Normal,5
2026-05-02 14:00:00,WELL-003,3193.21,80.69,602.5,2.43,22.62,10.68,141.86,3928.6,30.57,Normal,0,0,0,No Action Required,1.4400000000000546,-0.8799999999999955,0.7999999999999545,0.2400000000000002,3178.9733333333334,82.05333333333333,598.0833333333334,2.395833333333333,100,1,Normal,5
2026-05-02 14:05:00,WELL-003,3194.3,82.13,596.72,2.3,21.83,10.62,141.71,4104.56,30.55,Normal,0,0,0,No Action Required,1.0900000000001455,1.4399999999999975,-5.779999999999973,-0.1300000000000003,3179.921666666667,82.11166666666666,597.7783333333333,2.365833333333333,100,1,Normal,5
2026-05-02 14:10:00,WELL-003,3160.23,81.15,600.66,2.31,21.79,10.58,145.02,4053.31,30.86,Normal,0,0,0,No Action Required,-34.070000000000164,-0.9799999999999898,3.939999999999941,0.0100000000000002,3179.1525,81.92999999999999,597.7866666666666,2.3575,100,1,Normal,5
2026-05-02 14:15:00,WELL-003,3200.43,81.99,610.94,2.67,21.94,10.71,144.15,3966.56,30.94,Normal,0,0,0,No Action Required,40.19999999999982,0.8399999999999892,10.280000000000086,0.3599999999999999,3181.6841666666664,81.885,598.4791666666666,2.3725,100,1,Normal,5
2026-05-02 14:20:00,WELL-003,3130.54,83.9,595.64,2.56,21.86,10.65,140.9,4135.18,31.07,Normal,0,0,0,No Action Required,-69.88999999999987,1.9100000000000108,-15.300000000000068,-0.1099999999999998,3176.6875,82.07583333333334,597.5891666666666,2.39,100,1,Normal,5
2026-05-02 14:25:00,WELL-003,3165.68,81.97,610.77,2.45,21.86,10.67,138.43,4036.78,30.85,Normal,0,0,0,No Action Required,35.13999999999987,-1.9300000000000068,15.129999999999995,-0.1099999999999998,3176.653333333333,82.06583333333333,599.1958333333333,2.4025,100,1,Normal,5
2026-05-02 14:30:00,WELL-003,3190.51,81.8,611.82,2.54,22.07,10.69,138.93,4130.02,29.56,Normal,0,0,0,No Action Required,24.830000000000386,-0.1700000000000017,1.0500000000000682,0.0899999999999998,3180.1225,82.02583333333334,600.0883333333333,2.420833333333333,100,1,Normal,5
2026-05-02 14:35:00,WELL-003,3175.76,81.95,612.16,2.41,21.21,10.64,145.26,3948.04,30.2,Normal,0,0,0,No Action Required,-14.75,0.1500000000000056,0.3399999999999181,-0.1299999999999999,3178.3233333333337,82.11416666666666,601.4283333333333,2.4133333333333336,100,1,Normal,5
2026-05-02 14:40:00,WELL-003,3193.1,83.74,603.1,2.56,21.93,10.52,142.88,4099.31,30.2,Normal,0,0,0,No Action Required,17.33999999999969,1.789999999999992,-9.059999999999944,0.1499999999999999,3178.2725000000005,82.24416666666666,602.1366666666667,2.431666666666666,100,1,Normal,5
2026-05-02 14:45:00,WELL-003,3160.04,81.66,615.0,2.4,21.61,10.7,147.89,4082.2,30.78,Normal,0,0,0,No Action Required,-33.059999999999945,-2.0799999999999983,11.899999999999975,-0.1600000000000001,3179.4266666666667,82.07416666666667,604.0041666666667,2.433333333333333,100,1,Normal,5
2026-05-02 14:50:00,WELL-003,3195.52,81.4,603.32,2.59,21.78,10.66,140.63,3946.8,30.9,Normal,0,0,0,No Action Required,35.48000000000002,-0.2599999999999909,-11.67999999999995,0.1899999999999999,3179.2575,81.99583333333334,605.3608333333333,2.450833333333333,100,1,Normal,5
2026-05-02 14:55:00,WELL-003,3194.96,80.85,602.49,2.52,21.56,10.77,144.61,4001.91,30.44,Normal,0,0,0,No Action Required,-0.5599999999999454,-0.5500000000000114,-0.8300000000000409,-0.0699999999999998,3179.523333333333,81.93583333333332,605.4266666666666,2.478333333333333,100,1,Normal,5
2026-05-02 15:00:00,WELL-003,3157.12,81.07,602.03,2.35,21.97,10.74,141.4,4123.61,31.07,Normal,0,0,0,No Action Required,-37.84000000000015,0.2199999999999988,-0.4600000000000364,-0.1699999999999999,3176.5158333333334,81.9675,605.3875,2.4716666666666667,100,1,Normal,5
2026-05-02 15:05:00,WELL-003,3159.0,82.86,593.86,2.35,22.43,10.68,143.58,4102.1,31.51,Normal,0,0,0,No Action Required,1.8800000000001087,1.7900000000000065,-8.169999999999959,0.0,3173.5741666666668,82.02833333333334,605.1491666666667,2.4758333333333336,100,1,Normal,5
2026-05-02 15:10:00,WELL-003,3160.37,79.6,587.86,2.43,22.31,10.63,143.84,3997.23,30.0,Normal,0,0,0,No Action Required,1.3699999999998909,-3.260000000000005,-6.0,0.08,3173.585833333333,81.89916666666666,604.0825000000001,2.4858333333333333,100,1,Normal,5
2026-05-02 15:15:00,WELL-003,3158.76,81.18,615.78,2.51,21.84,10.67,142.67,3867.08,29.82,Normal,0,0,0,No Action Required,-1.6099999999996726,1.5800000000000125,27.91999999999996,0.0799999999999996,3170.113333333333,81.83166666666666,604.4858333333333,2.4725,100,1,Normal,5
2026-05-02 15:20:00,WELL-003,3160.23,80.61,617.92,2.33,21.52,10.73,138.6,4212.62,30.09,Normal,0,0,0,No Action Required,1.4699999999998,-0.5700000000000074,2.1399999999999864,-0.1799999999999997,3172.5875,81.55749999999999,606.3425000000001,2.4533333333333336,100,1,Normal,5
2026-05-02 15:25:00,WELL-003,3159.86,81.28,602.99,2.46,21.74,10.73,143.02,4155.03,30.32,Normal,0,0,0,No Action Required,-0.3699999999998908,0.6700000000000017,-14.92999999999995,0.1299999999999999,3172.1025000000004,81.5,605.6941666666667,2.454166666666667,100,1,Normal,5
2026-05-02 15:30:00,WELL-003,3164.67,81.8,606.52,2.24,22.5,10.7,146.32,4012.72,29.89,Normal,0,0,0,No Action Required,4.809999999999945,0.519999999999996,3.5299999999999727,-0.2199999999999997,3169.9491666666668,81.5,605.2525,2.4291666666666667,100,1,Normal,5
2026-05-02 15:35:00,WELL-003,3182.36,83.18,597.8,2.34,22.2,10.68,142.4,4098.42,30.46,Normal,0,0,0,No Action Required,17.690000000000055,1.3800000000000097,-8.720000000000027,0.0999999999999996,3170.4991666666665,81.6025,604.0558333333333,2.4233333333333333,100,1,Normal,5
2026-05-02 15:40:00,WELL-003,3191.48,80.73,612.57,2.25,21.83,10.61,144.57,4136.96,31.06,Normal,0,0,0,No Action Required,9.11999999999989,-2.450000000000003,14.770000000000095,-0.0899999999999998,3170.3641666666663,81.35166666666667,604.845,2.3975,100,1,Normal,5
2026-05-02 15:45:00,WELL-003,3199.77,80.75,602.46,2.17,21.94,10.72,141.18,3988.1,30.19,Normal,0,0,0,No Action Required,8.289999999999964,0.019999999999996,-10.110000000000014,-0.08,3173.675,81.27583333333334,603.8000000000001,2.3783333333333334,100,1,Normal,5
2026-05-02 15:50:00,WELL-003,3164.9,82.63,613.41,2.61,21.49,10.64,143.72,3989.11,30.56,Normal,0,0,0,No Action Required,-34.86999999999989,1.879999999999996,10.949999999999932,0.4399999999999999,3171.123333333333,81.37833333333333,604.6408333333334,2.3800000000000003,100,1,Normal,5
2026-05-02 15:55:00,WELL-003,3177.45,81.89,606.07,2.31,21.56,10.64,145.72,4224.16,31.14,Normal,0,0,0,No Action Required,12.549999999999727,-0.7399999999999949,-7.339999999999918,-0.2999999999999998,3169.664166666667,81.465,604.9391666666667,2.3625000000000003,100,1,Normal,5
2026-05-02 16:00:00,WELL-003,3157.17,78.81,608.16,2.36,22.32,10.75,139.77,4044.91,31.16,Normal,0,0,0,No Action Required,-20.279999999999745,-3.0799999999999983,2.089999999999918,0.0499999999999998,3169.668333333333,81.27666666666666,605.4499999999999,2.3633333333333333,100,1,Normal,5
2026-05-02 16:05:00,WELL-003,3152.12,81.15,617.43,2.52,22.14,10.66,144.21,3955.33,31.23,Normal,0,0,0,No Action Required,-5.050000000000182,2.3400000000000034,9.269999999999982,0.1600000000000001,3169.095,81.13416666666667,607.4141666666667,2.3775,100,1,Normal,5
2026-05-02 16:10:00,WELL-003,3173.7,80.75,609.16,2.26,22.06,10.67,145.32,4099.76,30.48,Normal,0,0,0,No Action Required,21.579999999999927,-0.4000000000000057,-8.269999999999982,-0.2600000000000002,3170.205833333333,81.23,609.1891666666667,2.3633333333333333,100,1,Normal,5
2026-05-02 16:15:00,WELL-003,3185.52,81.08,611.63,2.4,21.78,10.66,143.16,4299.6,30.37,Normal,0,0,0,No Action Required,11.820000000000164,0.3299999999999983,2.470000000000028,0.1400000000000001,3172.435833333333,81.22166666666666,608.8433333333334,2.3541666666666665,100,1,Normal,5
2026-05-02 16:20:00,WELL-003,3154.84,80.85,615.41,2.37,22.11,10.67,141.97,4084.28,30.29,Normal,0,0,0,No Action Required,-30.67999999999984,-0.2300000000000039,3.7799999999999727,-0.0299999999999998,3171.986666666666,81.24166666666666,608.6341666666666,2.3575,100,1,Normal,5
2026-05-02 16:25:00,WELL-003,3164.77,80.74,613.16,2.38,22.71,10.57,144.82,4011.76,30.55,Normal,0,0,0,No Action Required,9.929999999999836,-0.1099999999999994,-2.25,0.0099999999999997,3172.395833333333,81.19666666666667,609.4816666666667,2.350833333333333,100,1,Normal,5
2026-05-02 16:30:00,WELL-003,3165.56,81.52,617.78,2.37,21.82,10.64,145.89,3974.0,30.84,Normal,0,0,0,No Action Required,0.7899999999999636,0.7800000000000011,4.6200000000000045,-0.0099999999999997,3172.47,81.17333333333333,610.42,2.361666666666667,100,1,Normal,5
2026-05-02 16:35:00,WELL-003,3145.79,81.16,600.4,2.29,22.63,10.71,142.08,4177.71,31.07,Normal,0,0,0,No Action Required,-19.769999999999985,-0.3599999999999994,-17.379999999999995,-0.08,3169.4225,81.005,610.6366666666667,2.3575,100,1,Normal,5
2026-05-02 16:40:00,WELL-003,3182.88,80.86,605.21,2.49,21.67,10.64,145.53,3910.57,31.25,Normal,0,0,0,No Action Required,37.09000000000015,-0.2999999999999971,4.810000000000059,0.2000000000000001,3168.705833333333,81.01583333333333,610.0233333333333,2.3775,100,1,Normal,5
2026-05-02 16:45:00,WELL-003,3158.46,82.25,612.72,2.47,22.15,10.66,143.34,3996.09,31.02,Normal,0,0,0,No Action Required,-24.42000000000008,1.3900000000000006,7.509999999999991,-0.02,3165.263333333333,81.14083333333333,610.8783333333333,2.4025,100,1,Normal,5
2026-05-02 16:50:00,WELL-003,3139.31,82.4,605.55,2.66,22.28,10.66,141.74,3969.38,30.75,Normal,0,0,0,No Action Required,-19.15000000000009,0.1500000000000056,-7.170000000000073,0.1899999999999999,3163.130833333333,81.12166666666667,610.2233333333332,2.4066666666666667,100,1,Normal,5
2026-05-02 16:55:00,WELL-003,3193.87,80.25,599.6,2.55,22.13,10.71,142.34,4212.87,29.79,Normal,0,0,0,No Action Required,54.559999999999945,-2.1500000000000057,-5.949999999999932,-0.1100000000000003,3164.4991666666665,80.985,609.6841666666667,2.4266666666666667,100,1,Normal,5
2026-05-02 17:00:00,WELL-003,3170.41,81.24,614.77,2.21,22.17,10.75,142.25,4109.39,30.62,Normal,0,0,0,No Action Required,-23.46000000000004,0.9899999999999948,15.16999999999996,-0.3399999999999998,3165.6025000000004,81.1875,610.235,2.4141666666666666,100,1,Normal,5
2026-05-02 17:05:00,WELL-003,3177.76,80.57,614.17,2.28,21.41,10.65,141.03,4117.81,29.98,Normal,0,0,0,No Action Required,7.350000000000364,-0.6700000000000017,-0.6000000000000227,0.0699999999999998,3167.7391666666667,81.13916666666667,609.9633333333333,2.3941666666666666,100,1,Normal,5
2026-05-02 17:10:00,WELL-003,3180.21,81.58,628.33,2.38,22.13,10.74,145.03,4089.45,30.74,Normal,0,0,0,No Action Required,2.449999999999818,1.0100000000000051,14.160000000000082,0.1,3168.281666666667,81.20833333333333,611.5608333333333,2.4041666666666663,100,1,Normal,5
2026-05-02 17:15:00,WELL-003,3200.18,78.99,622.25,2.17,22.44,10.77,142.4,4209.47,30.89,Normal,0,0,0,No Action Required,19.9699999999998,-2.5900000000000034,-6.080000000000041,-0.2099999999999999,3169.5033333333336,81.03416666666666,612.4458333333333,2.385,100,1,Normal,5
2026-05-02 17:20:00,WELL-003,3193.59,81.46,626.88,2.5,21.98,10.72,141.65,4195.62,30.18,Normal,0,0,0,No Action Required,-6.589999999999691,2.469999999999999,4.629999999999996,0.33,3172.7325,81.085,613.4016666666666,2.395833333333333,100,1,Normal,5
2026-05-02 17:25:00,WELL-003,3170.54,79.52,601.97,2.51,21.37,10.69,136.0,4179.82,30.19,Normal,0,0,0,No Action Required,-23.050000000000185,-1.9399999999999973,-24.909999999999968,0.0099999999999997,3173.213333333333,80.98333333333333,612.4691666666666,2.4066666666666667,100,1,Normal,5
2026-05-02 17:30:00,WELL-003,3167.64,81.18,620.36,2.45,22.06,10.63,139.25,4272.24,30.25,Normal,0,0,0,No Action Required,-2.900000000000091,1.6600000000000108,18.389999999999983,-0.0599999999999996,3173.3866666666668,80.955,612.6841666666668,2.4133333333333336,100,1,Normal,5
2026-05-02 17:35:00,WELL-003,3161.49,80.49,628.01,2.49,22.18,10.64,144.87,4187.99,30.76,Normal,0,0,0,No Action Required,-6.150000000000091,-0.6900000000000119,7.649999999999977,0.04,3174.695,80.89916666666666,614.985,2.43,100,1,Normal,5
2026-05-02 17:40:00,WELL-003,3140.15,81.01,619.05,2.48,21.91,10.63,143.37,3951.73,30.33,Normal,0,0,0,No Action Required,-21.33999999999969,0.5200000000000102,-8.960000000000036,-0.0100000000000002,3171.1341666666667,80.91166666666668,616.1383333333333,2.4291666666666667,100,1,Normal,5
2026-05-02 17:45:00,WELL-003,3139.12,80.61,611.14,2.38,21.45,10.75,141.96,4035.28,30.01,Normal,0,0,0,No Action Required,-1.0300000000002,-0.4000000000000057,-7.909999999999968,-0.1,3169.5225000000005,80.77499999999999,616.0066666666667,2.4216666666666664,100,1,Normal,5
2026-05-02 17:50:00,WELL-003,3140.76,81.21,626.36,2.47,21.96,10.72,142.36,4056.66,30.84,Normal,0,0,0,No Action Required,1.6400000000003274,0.5999999999999943,15.220000000000027,0.0900000000000003,3169.643333333333,80.67583333333333,617.7408333333334,2.4058333333333333,100,1,Normal,5
2026-05-02 17:55:00,WELL-003,3156.34,82.52,609.68,2.37,21.52,10.68,146.74,4241.83,30.74,Normal,0,0,0,No Action Required,15.579999999999927,1.3100000000000025,-16.680000000000064,-0.1,3166.5158333333334,80.865,618.5808333333333,2.390833333333333,100,1,Normal,5
2026-05-02 18:00:00,WELL-003,3162.26,79.26,622.48,2.34,22.2,10.73,149.24,4048.09,30.79,Normal,0,0,0,No Action Required,5.920000000000073,-3.259999999999991,12.800000000000068,-0.0300000000000002,3165.8366666666666,80.7,619.2233333333334,2.4016666666666664,100,1,Normal,5
2026-05-02 18:05:00,WELL-003,3170.83,80.5,622.73,2.45,22.16,10.64,140.03,4043.85,30.47,Normal,0,0,0,No Action Required,8.569999999999709,1.2399999999999949,0.25,0.1100000000000003,3165.2591666666667,80.69416666666666,619.9366666666667,2.415833333333333,100,1,Normal,5
2026-05-02 18:10:00,WELL-003,3154.77,79.83,623.9,2.42,22.57,10.66,144.98,4212.64,30.3,Normal,0,0,0,No Action Required,-16.059999999999945,-0.6700000000000017,1.169999999999959,-0.0300000000000002,3163.1391666666664,80.54833333333333,619.5675,2.419166666666667,100,1,Normal,5
2026-05-02 18:15:00,WELL-003,3167.51,81.23,606.04,2.53,22.06,10.64,142.06,4075.45,30.8,Normal,0,0,0,No Action Required,12.740000000000236,1.4000000000000057,-17.860000000000014,0.1099999999999998,3160.4166666666665,80.735,618.2166666666666,2.4491666666666667,100,1,Normal,5
2026-05-02 18:20:00,WELL-003,3156.91,79.48,620.12,2.39,21.98,10.69,145.92,3932.07,31.04,Normal,0,0,0,No Action Required,-10.600000000000364,-1.75,14.08000000000004,-0.1399999999999996,3157.36,80.57000000000001,617.6533333333333,2.44,100,1,Normal,5
2026-05-02 18:25:00,WELL-003,3176.67,79.94,626.7,2.31,22.11,10.64,142.66,4137.1,30.62,Normal,0,0,0,No Action Required,19.76000000000022,0.4599999999999937,6.580000000000041,-0.08,3157.870833333333,80.605,619.7141666666666,2.4233333333333333,100,1,Normal,5
2026-05-02 18:30:00,WELL-003,3155.34,80.92,613.02,2.42,22.1,10.71,138.37,4146.22,29.94,Normal,0,0,0,No Action Required,-21.329999999999927,0.980000000000004,-13.680000000000064,0.1099999999999998,3156.8458333333333,80.58333333333333,619.1025,2.420833333333333,100,1,Normal,5
2026-05-02 18:35:00,WELL-003,3156.21,80.56,600.73,2.65,21.71,10.64,147.86,3898.68,30.5,Normal,0,0,0,No Action Required,0.8699999999998909,-0.3599999999999994,-12.289999999999964,0.2299999999999999,3156.4058333333337,80.58916666666666,616.8291666666667,2.4341666666666666,100,1,Normal,5
2026-05-02 18:40:00,WELL-003,3164.84,80.67,605.54,2.34,22.06,10.72,145.95,4065.73,30.88,Normal,0,0,0,No Action Required,8.63000000000011,0.1099999999999994,4.809999999999945,-0.31,3158.4633333333336,80.56083333333333,615.7033333333333,2.4225,100,1,Normal,5
2026-05-02 18:45:00,WELL-003,3177.51,81.93,616.71,2.46,22.09,10.7,145.15,4065.01,30.7,Normal,0,0,0,No Action Required,12.670000000000073,1.2600000000000051,11.170000000000073,0.1200000000000001,3161.6625,80.67083333333333,616.1674999999999,2.4291666666666667,100,1,Normal,5
2026-05-02 18:50:00,WELL-003,3164.35,79.5,616.75,2.52,22.06,10.61,144.03,4133.9,30.68,Normal,0,0,0,No Action Required,-13.16000000000031,-2.430000000000007,0.0399999999999636,0.06,3163.628333333334,80.52833333333334,615.3666666666667,2.433333333333333,100,1,Normal,5
2026-05-02 18:55:00,WELL-003,3183.92,81.77,613.03,2.51,22.39,10.67,145.0,4102.46,30.09,Normal,0,0,0,No Action Required,19.570000000000164,2.269999999999996,-3.7200000000000273,-0.0100000000000002,3165.9266666666667,80.46583333333334,615.6458333333334,2.445,100,1,Normal,5
2026-05-02 19:00:00,WELL-003,3134.48,80.31,613.5,2.7,22.12,10.63,144.28,3956.33,30.09,Normal,0,0,0,No Action Required,-49.440000000000055,-1.4599999999999935,0.4700000000000273,0.1900000000000004,3163.611666666666,80.55333333333334,614.8975,2.475,100,1,Normal,5
2026-05-02 19:05:00,WELL-003,3184.63,79.25,625.29,2.33,21.92,10.64,140.24,3895.49,31.04,Normal,0,0,0,No Action Required,50.15000000000009,-1.0600000000000025,11.789999999999964,-0.3700000000000001,3164.7616666666668,80.44916666666667,615.1108333333333,2.465,100,1,Normal,5
2026-05-02 19:10:00,WELL-003,3202.01,82.16,630.63,2.37,22.12,10.6,147.38,3898.88,30.77,Normal,0,0,0,No Action Required,17.38000000000011,2.9099999999999966,5.340000000000032,0.04,3168.6983333333333,80.64333333333333,615.6716666666666,2.460833333333333,100,1,Normal,5
2026-05-02 19:15:00,WELL-003,3175.17,81.15,623.37,2.31,21.31,10.71,144.84,4119.28,29.86,Normal,0,0,0,No Action Required,-26.840000000000146,-1.009999999999991,-7.259999999999991,-0.06,3169.3366666666666,80.63666666666667,617.1158333333334,2.4425,100,1,Normal,5
2026-05-02 19:20:00,WELL-003,3154.41,80.36,600.64,2.4,21.91,10.77,143.76,3922.46,30.36,Normal,0,0,0,No Action Required,-20.76000000000022,-0.7900000000000063,-22.73000000000001,0.0899999999999998,3169.1283333333336,80.71,615.4925,2.4433333333333334,100,1,Normal,5
2026-05-02 19:25:00,WELL-003,3166.98,81.29,634.75,2.32,22.38,10.65,139.75,3974.13,30.58,Normal,0,0,0,No Action Required,12.570000000000164,0.9300000000000068,34.110000000000014,-0.08,3168.3208333333337,80.8225,616.1633333333333,2.4441666666666664,100,1,Normal,5
2026-05-02 19:30:00,WELL-003,3147.51,82.24,632.99,2.54,21.39,10.69,142.37,4060.15,30.54,Normal,0,0,0,No Action Required,-19.4699999999998,0.9499999999999886,-1.759999999999991,0.2200000000000002,3167.668333333333,80.93249999999999,617.8275,2.4541666666666666,100,1,Normal,5
2026-05-02 19:35:00,WELL-003,3164.01,81.91,626.27,2.45,21.94,10.56,144.34,4035.95,30.12,Normal,0,0,0,No Action Required,16.5,-0.3299999999999983,-6.720000000000027,-0.0899999999999998,3168.318333333333,81.045,619.9558333333333,2.4375,100,1,Normal,5
2026-05-02 19:40:00,WELL-003,3182.63,80.54,630.36,2.5,21.45,10.65,139.76,4007.13,31.47,Normal,0,0,0,No Action Required,18.61999999999989,-1.3699999999999903,4.090000000000032,0.0499999999999998,3169.800833333333,81.03416666666666,622.0241666666667,2.450833333333333,100,1,Normal,5
2026-05-02 19:45:00,WELL-003,3163.61,79.47,619.97,2.43,21.32,10.67,141.56,4029.29,30.72,Normal,0,0,0,No Action Required,-19.019999999999985,-1.0700000000000074,-10.389999999999986,-0.0699999999999998,3168.6425000000004,80.82916666666667,622.2958333333333,2.4483333333333333,100,1,Normal,5
2026-05-02 19:50:00,WELL-003,3153.28,81.54,622.36,2.68,21.92,10.7,141.42,3970.19,30.83,Normal,0,0,0,No Action Required,-10.329999999999927,2.0700000000000074,2.3899999999999864,0.25,3167.72,80.99916666666667,622.7633333333333,2.4616666666666664,100,1,Normal,5
2026-05-02 19:55:00,WELL-003,3177.86,81.95,624.39,2.4,21.98,10.68,139.98,4164.24,30.1,Normal,0,0,0,No Action Required,24.579999999999927,0.4099999999999966,2.0299999999999727,-0.2800000000000002,3167.215,81.01416666666667,623.7099999999999,2.4525,100,1,Normal,5
2026-05-02 20:00:00,WELL-003,3174.73,78.96,634.2,2.34,21.93,10.64,145.29,4031.78,30.43,Normal,0,0,0,No Action Required,-3.130000000000109,-2.990000000000009,9.81000000000006,-0.06,3170.5691666666667,80.90166666666666,625.435,2.4225,100,1,Normal,5
2026-05-02 20:05:00,WELL-003,3174.86,79.86,621.69,2.57,22.41,10.7,142.6,4129.73,30.7,Normal,0,0,0,No Action Required,0.1300000000001091,0.9000000000000057,-12.509999999999993,0.2299999999999999,3169.755,80.9525,625.135,2.4425,100,1,Normal,5
2026-05-02 20:10:00,WELL-003,3153.17,80.78,614.09,2.52,22.39,10.67,143.67,4238.23,30.41,Normal,0,0,0,No Action Required,-21.69000000000005,0.9200000000000016,-7.600000000000023,-0.0499999999999998,3165.685,80.83749999999999,623.7566666666667,2.455,100,1,Normal,5
2026-05-02 20:15:00,WELL-003,3176.13,81.4,614.48,2.61,21.84,10.6,143.59,3794.22,29.72,Normal,0,0,0,No Action Required,22.96000000000004,0.6200000000000045,0.3899999999999863,0.0899999999999998,3165.765,80.85833333333333,623.0158333333333,2.48,100,1,Normal,5
2026-05-02 20:20:00,WELL-003,3164.16,81.49,624.89,2.36,22.12,10.73,143.03,4102.65,30.02,Normal,0,0,0,No Action Required,-11.970000000000256,0.0899999999999892,10.409999999999968,-0.25,3166.5775,80.9525,625.0366666666667,2.4766666666666666,100,1,Normal,5
2026-05-02 20:25:00,WELL-003,3139.76,82.03,629.73,2.54,21.75,10.67,146.28,4092.1,30.9,Normal,0,0,0,No Action Required,-24.39999999999964,0.5400000000000063,4.840000000000032,0.1800000000000001,3164.3091666666664,81.01416666666667,624.6183333333333,2.495,100,1,Normal,5
2026-05-02 20:30:00,WELL-003,3161.27,82.34,637.73,2.65,22.33,10.61,141.02,4155.49,29.48,Normal,0,0,0,No Action Required,21.509999999999764,0.3100000000000023,8.0,0.1099999999999998,3165.455833333333,81.0225,625.0133333333334,2.5041666666666664,100,1,Normal,5
2026-05-02 20:35:00,WELL-003,3163.25,80.6,629.48,2.34,22.34,10.75,140.07,3908.9,30.04,Normal,0,0,0,No Action Required,1.9800000000000184,-1.740000000000009,-8.25,-0.31,3165.3925000000004,80.91333333333333,625.2808333333334,2.495,100,1,Normal,5
2026-05-02 20:40:00,WELL-003,3144.41,78.74,633.83,2.54,21.8,10.67,140.2,4054.71,29.78,Normal,0,0,0,No Action Required,-18.840000000000146,-1.86,4.350000000000023,0.2000000000000001,3162.2075,80.76333333333334,625.57,2.498333333333333,100,1,Normal,5
2026-05-02 20:45:00,WELL-003,3143.78,80.93,625.3,2.38,22.27,10.74,144.09,4048.42,30.63,Normal,0,0,0,No Action Required,-0.6299999999996544,2.190000000000012,-8.530000000000086,-0.1600000000000001,3160.555,80.885,626.0141666666667,2.494166666666666,100,1,Normal,5
2026-05-02 20:50:00,WELL-003,3165.73,78.13,619.6,2.38,21.8,10.73,145.06,3968.75,30.56,Normal,0,0,0,No Action Required,21.94999999999981,-2.800000000000012,-5.699999999999932,0.0,3161.5925,80.60083333333334,625.7841666666667,2.4691666666666667,100,1,Normal,5
2026-05-02 20:55:00,WELL-003,3143.7,81.01,634.04,2.41,22.13,10.7,144.78,4094.76,30.35,Normal,0,0,0,No Action Required,-22.0300000000002,2.8800000000000097,14.43999999999994,0.0300000000000002,3158.745833333333,80.5225,626.5883333333334,2.47,100,1,Normal,5
2026-05-02 21:00:00,WELL-003,3179.15,81.15,633.02,2.39,21.97,10.71,139.0,3922.68,30.2,Normal,0,0,0,No Action Required,35.45000000000027,0.1400000000000005,-1.0199999999999818,-0.02,3159.1141666666667,80.705,626.49,2.474166666666666,100,1,Normal,5
2026-05-02 21:05:00,WELL-003,3155.03,81.59,619.35,2.59,21.71,10.7,141.27,4130.84,29.63,Normal,0,0,0,No Action Required,-24.11999999999989,0.4399999999999977,-13.66999999999996,0.1999999999999997,3157.4616666666666,80.84916666666668,626.295,2.4758333333333336,100,1,Normal,5
2026-05-02 21:10:00,WELL-003,3177.77,80.99,634.42,2.4,22.21,10.62,139.96,4062.29,31.06,Normal,0,0,0,No Action Required,22.73999999999978,-0.6000000000000085,15.069999999999936,-0.1899999999999999,3159.511666666667,80.86666666666667,627.9891666666666,2.465833333333333,100,1,Normal,5
2026-05-02 21:15:00,WELL-003,3156.8,81.23,609.46,2.51,22.08,10.77,141.09,4004.57,31.03,Normal,0,0,0,No Action Required,-20.9699999999998,0.2400000000000091,-24.959999999999923,0.1099999999999998,3157.900833333333,80.8525,627.5708333333333,2.4575,100,1,Normal,5
2026-05-02 21:20:00,WELL-003,3167.23,82.16,617.96,2.2,21.34,10.65,144.06,4095.94,31.51,Normal,0,0,0,No Action Required,10.429999999999836,0.9299999999999926,8.5,-0.3099999999999996,3158.156666666667,80.90833333333333,626.9933333333333,2.4441666666666664,100,1,Normal,5
2026-05-02 21:25:00,WELL-003,3155.46,82.57,627.94,2.41,21.39,10.79,145.86,4197.36,30.77,Normal,0,0,0,No Action Required,-11.769999999999982,0.4099999999999966,9.980000000000018,0.2099999999999999,3159.465,80.95333333333333,626.8441666666666,2.433333333333333,100,1,Normal,5
2026-05-02 21:30:00,WELL-003,3129.86,82.16,627.86,2.51,22.39,10.73,143.94,4115.16,30.46,Normal,0,0,0,No Action Required,-25.59999999999991,-0.4099999999999966,-0.0800000000000409,0.0999999999999996,3156.8475,80.93833333333333,626.0216666666666,2.421666666666667,100,1,Normal,5
2026-05-02 21:35:00,WELL-003,3151.84,81.21,612.56,2.29,21.9,10.56,139.04,3941.26,30.46,Normal,0,0,0,No Action Required,21.98000000000001,-0.9500000000000028,-15.300000000000068,-0.2199999999999997,3155.896666666666,80.98916666666666,624.6116666666667,2.4175,100,1,Normal,5
2026-05-02 21:40:00,WELL-003,3178.48,81.19,617.9,2.5,22.68,10.61,140.27,4085.52,31.48,Normal,0,0,0,No Action Required,26.63999999999988,-0.019999999999996,5.340000000000032,0.2099999999999999,3158.7358333333336,81.19333333333334,623.2841666666667,2.4141666666666666,100,1,Normal,5
2026-05-02 21:45:00,WELL-003,3164.51,82.08,617.49,2.54,22.35,10.64,139.66,4248.16,30.33,Normal,0,0,0,No Action Required,-13.9699999999998,0.8900000000000006,-0.4099999999999681,0.04,3160.4633333333336,81.28916666666666,622.6333333333333,2.4275,100,1,Normal,5
2026-05-02 21:50:00,WELL-003,3167.25,81.17,627.26,2.4,21.96,10.64,142.27,4129.63,30.51,Normal,0,0,0,No Action Required,2.7399999999997817,-0.9099999999999966,9.769999999999982,-0.1400000000000001,3160.59,81.5425,623.2716666666666,2.4291666666666667,100,1,Normal,5
2026-05-02 21:55:00,WELL-003,3176.36,81.75,635.54,2.47,21.47,10.65,144.25,4244.26,30.71,Normal,0,0,0,No Action Required,9.110000000000127,0.5799999999999983,8.279999999999973,0.0700000000000002,3163.311666666667,81.60416666666667,623.3966666666666,2.4341666666666666,100,1,Normal,5
2026-05-02 22:00:00,WELL-003,3179.23,80.61,623.03,2.46,21.29,10.79,146.36,4134.99,30.76,Normal,0,0,0,No Action Required,2.869999999999891,-1.1400000000000006,-12.509999999999993,-0.0100000000000002,3163.318333333333,81.55916666666667,622.5641666666667,2.44,100,1,Normal,5
2026-05-02 22:05:00,WELL-003,3211.96,83.21,631.77,2.46,22.31,10.72,143.22,4275.48,29.96,Normal,0,0,0,No Action Required,32.73000000000002,2.5999999999999943,8.740000000000009,0.0,3168.0625,81.69416666666666,623.5991666666666,2.4291666666666667,100,1,Normal,5
2026-05-02 22:10:00,WELL-003,3177.3,82.74,615.93,2.37,21.86,10.64,147.12,4058.2,30.74,Normal,0,0,0,No Action Required,-34.659999999999854,-0.4699999999999988,-15.840000000000032,-0.0899999999999998,3168.023333333333,81.83999999999999,622.0583333333333,2.4266666666666667,100,1,Normal,5
2026-05-02 22:15:00,WELL-003,3206.29,81.38,631.37,2.25,21.38,10.58,143.94,4103.87,30.49,Normal,0,0,0,No Action Required,28.98999999999978,-1.3599999999999994,15.440000000000056,-0.1200000000000001,3172.1475000000005,81.85249999999999,623.8841666666666,2.405,100,1,Normal,5
2026-05-02 22:20:00,WELL-003,3165.89,80.14,624.11,2.23,22.31,10.64,145.22,4128.64,30.84,Normal,0,0,0,No Action Required,-40.40000000000009,-1.2399999999999949,-7.259999999999991,-0.02,3172.0358333333334,81.68416666666666,624.3966666666666,2.4075,100,1,Normal,5
2026-05-02 22:25:00,WELL-003,3172.57,82.33,623.79,2.3,21.93,10.69,142.92,3995.57,30.54,Normal,0,0,0,No Action Required,6.680000000000291,2.1899999999999977,-0.32000000000005,0.0699999999999998,3173.4616666666666,81.66416666666667,624.0508333333333,2.398333333333333,100,1,Normal,5
2026-05-02 22:30:00,WELL-003,3194.78,81.2,624.51,2.58,22.19,10.59,141.93,4155.72,31.14,Normal,0,0,0,No Action Required,22.21000000000004,-1.1299999999999957,0.7200000000000273,0.2800000000000002,3178.8716666666664,81.58416666666666,623.7716666666666,2.4041666666666663,100,1,Normal,5
2026-05-02 22:35:00,WELL-003,3154.14,81.0,625.67,2.28,22.47,10.64,140.77,4195.21,30.49,Normal,0,0,0,No Action Required,-40.64000000000033,-0.2000000000000028,1.1599999999999682,-0.3000000000000002,3179.063333333333,81.56666666666666,624.8641666666666,2.4033333333333333,100,1,Normal,5
2026-05-02 22:40:00,WELL-003,3159.1,82.0,632.64,2.2,21.76,10.69,142.78,4078.3,30.74,Normal,0,0,0,No Action Required,4.960000000000036,1.0,6.970000000000027,-0.0799999999999996,3177.4483333333333,81.63416666666666,626.0925,2.3783333333333334,100,1,Normal,5
2026-05-02 22:45:00,WELL-003,3176.73,81.04,635.11,2.58,22.21,10.73,141.08,4049.71,30.49,Normal,0,0,0,No Action Required,17.63000000000011,-0.9599999999999936,2.470000000000028,0.3799999999999999,3178.4666666666667,81.5475,627.5608333333333,2.381666666666667,100,1,Normal,5
2026-05-02 22:50:00,WELL-003,3165.96,83.53,624.85,2.36,21.81,10.73,142.81,3990.02,30.48,Normal,0,0,0,No Action Required,-10.769999999999982,2.489999999999995,-10.259999999999993,-0.2200000000000002,3178.3591666666666,81.74416666666666,627.36,2.3783333333333334,100,1,Normal,5
2026-05-02 22:55:00,WELL-003,3171.62,80.23,631.36,2.45,21.4,10.69,144.88,4000.16,30.66,Normal,0,0,0,No Action Required,5.659999999999855,-3.299999999999997,6.509999999999991,0.0900000000000003,3177.964166666666,81.61749999999999,627.0116666666667,2.3766666666666665,100,1,Normal,5
2026-05-02 23:00:00,WELL-003,3209.4,83.91,637.32,2.61,22.29,10.6,142.93,4096.91,30.78,Normal,0,0,0,No Action Required,37.7800000000002,3.6799999999999926,5.960000000000036,0.1599999999999997,3180.478333333333,81.8925,628.2025,2.3891666666666667,100,1,Normal,5
2026-05-02 23:05:00,WELL-003,3156.97,82.47,619.85,2.5,21.49,10.6,141.09,3982.55,30.07,Normal,0,0,0,No Action Required,-52.43000000000029,-1.4399999999999975,-17.470000000000027,-0.1099999999999998,3175.895833333333,81.83083333333333,627.2091666666666,2.3925,100,1,Normal,5
2026-05-02 23:10:00,WELL-003,3188.41,82.6,630.03,2.39,21.37,10.68,143.46,4094.61,30.39,Normal,0,0,0,No Action Required,31.44000000000005,0.1299999999999954,10.17999999999995,-0.1099999999999998,3176.8216666666667,81.81916666666667,628.3841666666666,2.3941666666666666,100,1,Normal,5
2026-05-02 23:15:00,WELL-003,3203.74,81.67,631.51,2.46,21.67,10.7,141.04,4124.47,30.44,Normal,0,0,0,No Action Required,15.329999999999927,-0.9299999999999926,1.4800000000000182,0.0699999999999998,3176.6091666666666,81.84333333333333,628.3958333333334,2.411666666666666,100,1,Normal,5
2026-05-02 23:20:00,WELL-003,3130.05,83.19,628.83,2.55,21.97,10.82,140.4,4171.52,30.74,Normal,0,0,0,No Action Required,-73.6899999999996,1.519999999999996,-2.67999999999995,0.0899999999999998,3173.6225,82.09750000000001,628.7891666666666,2.438333333333333,100,1,Normal,5
2026-05-02 23:25:00,WELL-003,3164.53,81.14,641.53,2.24,22.18,10.73,144.39,3923.66,30.25,Normal,0,0,0,No Action Required,34.48000000000002,-2.049999999999997,12.699999999999932,-0.3099999999999996,3172.9525,81.99833333333333,630.2675,2.433333333333333,100,1,Normal,5
2026-05-02 23:30:00,WELL-003,3161.53,83.23,637.51,2.34,21.61,10.74,143.47,4227.14,30.31,Normal,0,0,0,No Action Required,-3.0,2.0900000000000034,-4.019999999999982,0.0999999999999996,3170.181666666667,82.1675,631.3508333333333,2.4133333333333336,100,1,Normal,5
2026-05-02 23:35:00,WELL-003,3173.03,82.05,638.02,2.54,22.14,10.69,143.82,4083.56,30.43,Normal,0,0,0,No Action Required,11.5,-1.1800000000000068,0.5099999999999909,0.2000000000000001,3171.755833333333,82.25500000000001,632.38,2.435,100,1,Normal,5
2026-05-02 23:40:00,WELL-003,3218.93,83.62,637.19,2.4,21.53,10.68,140.61,4131.95,30.69,Normal,0,0,0,No Action Required,45.89999999999964,1.5700000000000074,-0.8299999999999272,-0.1400000000000001,3176.741666666667,82.39,632.7591666666666,2.4516666666666667,100,1,Normal,5
2026-05-02 23:45:00,WELL-003,3192.74,82.86,622.61,2.47,22.25,10.7,142.61,3978.57,30.0,Normal,0,0,0,No Action Required,-26.19000000000005,-0.7600000000000051,-14.58000000000004,0.0700000000000002,3178.075833333333,82.54166666666667,631.7175000000001,2.4425,100,1,Normal,5
2026-05-02 23:50:00,WELL-003,3156.69,83.7,625.12,2.53,22.07,10.63,141.62,3962.8,30.65,Normal,0,0,0,No Action Required,-36.04999999999973,0.8400000000000034,2.509999999999991,0.0599999999999996,3177.3033333333333,82.55583333333333,631.74,2.4566666666666666,100,1,Normal,5
2026-05-02 23:55:00,WELL-003,3175.52,82.14,621.95,2.71,21.51,10.69,141.19,4163.56,30.86,Normal,0,0,0,No Action Required,18.829999999999927,-1.5600000000000025,-3.169999999999959,0.1800000000000001,3177.6283333333326,82.71499999999999,630.9558333333333,2.478333333333333,100,1,Normal,5
2026-05-03 00:00:00,WELL-003,3202.93,81.9,631.05,2.39,21.91,10.67,139.74,4069.77,30.43,Normal,0,0,0,No Action Required,27.40999999999985,-0.2399999999999948,9.099999999999907,-0.3199999999999998,3177.089166666666,82.5475,630.4333333333333,2.46,100,1,Normal,5
2026-05-03 00:05:00,WELL-003,3186.83,81.57,616.45,2.35,21.42,10.63,143.8,4136.7,30.24,Normal,0,0,0,No Action Required,-16.09999999999991,-0.3300000000000125,-14.599999999999907,-0.04,3179.5775,82.4725,630.15,2.4475,100,1,Normal,5
2026-05-03 00:10:00,WELL-003,3187.1,80.71,632.48,2.48,21.46,10.59,146.39,4129.95,31.04,Normal,0,0,0,No Action Required,0.2699999999999818,-0.8599999999999994,16.029999999999973,0.1299999999999999,3179.468333333333,82.315,630.3541666666666,2.455,100,1,Normal,5
2026-05-03 00:15:00,WELL-003,3212.18,82.22,617.23,2.24,22.47,10.65,144.03,4033.43,31.11,Normal,0,0,0,No Action Required,25.079999999999927,1.5100000000000051,-15.25,-0.2399999999999997,3180.1716666666666,82.36083333333333,629.1641666666667,2.4366666666666665,100,1,Normal,5
2026-05-03 00:20:00,WELL-003,3188.41,80.76,615.62,2.37,21.58,10.61,143.38,3975.06,30.12,Normal,0,0,0,No Action Required,-23.769999999999985,-1.4599999999999935,-1.6100000000000136,0.1299999999999999,3185.035,82.15833333333335,628.0633333333334,2.4216666666666664,100,1,Normal,5
2026-05-03 00:25:00,WELL-003,3209.13,83.09,628.07,2.44,22.03,10.66,141.85,4258.43,30.45,Normal,0,0,0,No Action Required,20.72000000000025,2.3299999999999983,12.450000000000044,0.0699999999999998,3188.7516666666666,82.32083333333333,626.9416666666666,2.438333333333333,100,1,Normal,5
2026-05-03 00:30:00,WELL-003,3212.05,82.44,633.57,2.35,21.87,10.69,147.24,4160.49,30.92,Normal,0,0,0,No Action Required,2.9200000000000728,-0.6500000000000057,5.5,-0.0899999999999998,3192.9616666666666,82.255,626.6133333333333,2.4391666666666665,100,1,Normal,5
2026-05-03 00:35:00,WELL-003,3163.23,82.23,621.77,2.59,21.7,10.67,142.1,3892.69,30.7,Normal,0,0,0,No Action Required,-48.82000000000016,-0.2099999999999937,-11.800000000000068,0.2399999999999997,3192.145,82.27,625.2591666666666,2.4433333333333334,100,1,Normal,5
2026-05-03 00:40:00,WELL-003,3199.12,81.43,640.26,2.53,21.79,10.64,142.89,4045.95,30.86,Normal,0,0,0,No Action Required,35.88999999999987,-0.7999999999999972,18.49000000000001,-0.06,3190.494166666667,82.08749999999999,625.515,2.4541666666666666,100,1,Normal,5
2026-05-03 00:45:00,WELL-003,3163.05,81.68,641.46,2.55,21.92,10.63,140.18,4061.0,30.14,Normal,0,0,0,No Action Required,-36.06999999999971,0.25,1.2000000000000457,0.02,3188.0200000000004,81.98916666666666,627.0858333333333,2.460833333333333,100,1,Normal,5
2026-05-03 00:50:00,WELL-003,3185.88,82.61,638.05,2.38,22.4,10.67,145.36,4196.93,30.44,Normal,0,0,0,No Action Required,22.829999999999927,0.9299999999999926,-3.410000000000082,-0.1699999999999999,3190.4525,81.89833333333334,628.1633333333333,2.4483333333333333,100,1,Normal,5
2026-05-03 00:55:00,WELL-003,3188.46,82.42,636.8,2.47,21.94,10.68,142.91,4194.79,30.85,Normal,0,0,0,No Action Required,2.5799999999999272,-0.1899999999999977,-1.25,0.0900000000000003,3191.5308333333337,81.92166666666667,629.4008333333334,2.428333333333333,100,1,Normal,5
2026-05-03 01:00:00,WELL-003,3219.88,82.96,626.07,2.3,21.87,10.68,143.24,4038.68,30.44,Normal,0,0,0,No Action Required,31.42000000000008,0.539999999999992,-10.729999999999905,-0.1700000000000003,3192.943333333334,82.01,628.9858333333333,2.4208333333333334,100,1,Normal,5
2026-05-03 01:05:00,WELL-003,3189.0,84.97,633.88,2.29,21.34,10.64,143.4,4022.39,30.23,Normal,0,0,0,No Action Required,-30.88000000000011,2.010000000000005,7.809999999999945,-0.0099999999999997,3193.124166666667,82.29333333333334,630.4383333333334,2.415833333333333,100,1,Normal,5
2026-05-03 01:10:00,WELL-003,3193.42,83.92,640.06,2.42,22.32,10.65,143.28,4036.31,30.48,Normal,0,0,0,No Action Required,4.420000000000073,-1.0499999999999972,6.17999999999995,0.1299999999999999,3193.6508333333336,82.56083333333333,631.07,2.410833333333333,100,1,Normal,5
2026-05-03 01:15:00,WELL-003,3185.67,83.43,640.34,2.32,22.0,10.64,141.84,4242.36,30.52,Normal,0,0,0,No Action Required,-7.75,-0.4899999999999949,0.2800000000000864,-0.1,3191.441666666667,82.66166666666666,632.9958333333333,2.4175,100,1,Normal,5
2026-05-03 01:20:00,WELL-003,3207.89,82.79,629.13,2.21,21.88,10.73,142.99,4025.29,30.89,Normal,0,0,0,No Action Required,22.2199999999998,-0.6400000000000006,-11.210000000000036,-0.1099999999999998,3193.065,82.83083333333333,634.1216666666667,2.4041666666666663,100,1,Normal,5
2026-05-03 01:25:00,WELL-003,3175.69,84.26,623.48,2.31,21.97,10.71,141.7,4176.33,31.6,Normal,0,0,0,No Action Required,-32.19999999999982,1.4699999999999989,-5.649999999999977,0.1,3190.2783333333336,82.92833333333334,633.7391666666666,2.393333333333333,100,1,Normal,5
2026-05-03 01:30:00,WELL-003,3201.68,82.53,641.13,2.5,22.39,10.66,146.88,4083.82,30.39,Normal,0,0,0,No Action Required,25.98999999999978,-1.730000000000004,17.649999999999977,0.1899999999999999,3189.414166666667,82.93583333333333,634.3691666666667,2.4058333333333333,100,1,Normal,5
2026-05-03 01:35:00,WELL-003,3192.89,82.18,633.73,2.43,21.75,10.66,146.84,4076.71,29.87,Normal,0,0,0,No Action Required,-8.789999999999964,-0.3499999999999943,-7.399999999999977,-0.0699999999999998,3191.8858333333337,82.93166666666667,635.3658333333334,2.3925,100,1,Normal,5
2026-05-03 01:40:00,WELL-003,3168.37,84.15,638.76,2.41,21.82,10.72,141.69,4008.74,30.16,Normal,0,0,0,No Action Required,-24.519999999999985,1.9699999999999989,5.029999999999973,-0.02,3189.3233333333333,83.15833333333335,635.2408333333334,2.3825,100,1,Normal,5
2026-05-03 01:45:00,WELL-003,3214.97,84.22,640.52,2.63,22.43,10.68,143.25,3919.47,30.38,Normal,0,0,0,No Action Required,46.59999999999991,0.0699999999999931,1.759999999999991,0.2199999999999997,3193.65,83.37,635.1625,2.3891666666666667,100,1,Normal,5
2026-05-03 01:50:00,WELL-003,3196.58,82.93,639.35,2.41,21.56,10.67,142.01,4084.24,30.42,Normal,0,0,0,No Action Required,-18.38999999999988,-1.289999999999992,-1.169999999999959,-0.2199999999999997,3194.5416666666665,83.39666666666666,635.2708333333334,2.3916666666666666,100,1,Normal,5
2026-05-03 01:55:00,WELL-003,3199.73,83.88,637.63,2.41,21.74,10.74,141.02,4152.19,29.72,Normal,0,0,0,No Action Required,3.150000000000091,0.9499999999999886,-1.7200000000000273,0.0,3195.480833333333,83.51833333333333,635.34,2.3866666666666667,100,1,Normal,5
2026-05-03 02:00:00,WELL-003,3180.53,82.94,628.59,2.47,21.98,10.68,144.23,4269.84,31.47,Normal,0,0,0,No Action Required,-19.19999999999981,-0.9399999999999976,-9.039999999999964,0.06,3192.2016666666664,83.51666666666667,635.5500000000001,2.4008333333333334,100,1,Normal,5
2026-05-03 02:05:00,WELL-003,3186.78,83.36,619.52,2.55,21.7,10.73,143.27,4140.12,30.97,Normal,0,0,0,No Action Required,6.25,0.4200000000000017,-9.07000000000005,0.0799999999999996,3192.0166666666664,83.3825,634.3533333333334,2.4225,100,1,Normal,5
2026-05-03 02:10:00,WELL-003,3212.08,81.64,623.52,2.59,22.08,10.72,142.61,4247.1,31.23,Normal,0,0,0,No Action Required,25.299999999999727,-1.7199999999999989,4.0,0.04,3193.5716666666667,83.19250000000001,632.975,2.4366666666666665,100,1,Normal,5
2026-05-03 02:15:00,WELL-003,3215.11,83.85,628.72,2.41,21.95,10.72,143.52,3923.35,30.87,Normal,0,0,0,No Action Required,3.0300000000002,2.2099999999999937,5.2000000000000455,-0.1799999999999997,3196.025,83.2275,632.0066666666667,2.4441666666666664,100,1,Normal,5
2026-05-03 02:20:00,WELL-003,3189.84,82.68,630.75,2.65,22.48,10.74,139.92,4150.38,30.39,Normal,0,0,0,No Action Required,-25.269999999999985,-1.1699999999999875,2.0299999999999727,0.2399999999999997,3194.520833333333,83.21833333333333,632.1416666666667,2.480833333333333,100,1,Normal,5
2026-05-03 02:25:00,WELL-003,3194.28,82.67,612.06,2.48,21.93,10.68,142.51,4063.93,30.55,Normal,0,0,0,No Action Required,4.440000000000055,-0.0100000000000051,-18.69000000000005,-0.1699999999999999,3196.07,83.08583333333333,631.1899999999999,2.495,100,1,Normal,5
2026-05-03 02:30:00,WELL-003,3205.25,85.69,631.88,2.46,21.64,10.71,140.45,4109.51,31.07,Normal,0,0,0,No Action Required,10.9699999999998,3.019999999999996,19.82000000000005,-0.02,3196.3675,83.34916666666668,630.4191666666667,2.4916666666666667,100,1,Normal,5
2026-05-03 02:35:00,WELL-003,3219.77,83.28,625.88,2.59,21.9,10.7,144.24,4078.69,30.37,Normal,0,0,0,No Action Required,14.519999999999982,-2.4099999999999966,-6.0,0.1299999999999999,3198.6075,83.44083333333333,629.765,2.505,100,1,Normal,5
2026-05-03 02:40:00,WELL-003,3211.8,83.42,634.2,2.45,22.02,10.75,141.57,4092.38,30.32,Normal,0,0,0,No Action Required,-7.9699999999998,0.1400000000000005,8.32000000000005,-0.1399999999999996,3202.226666666667,83.38,629.385,2.5083333333333333,100,1,Normal,5
2026-05-03 02:45:00,WELL-003,3206.8,84.88,630.77,2.41,21.4,10.67,141.96,3936.18,30.37,Normal,0,0,0,No Action Required,-5.0,1.4599999999999935,-3.430000000000064,-0.04,3201.5458333333336,83.43499999999999,628.5725,2.49,100,1,Normal,5
2026-05-03 02:50:00,WELL-003,3208.18,84.34,643.48,2.44,22.83,10.66,141.91,4259.13,30.2,Normal,0,0,0,No Action Required,1.3799999999996544,-0.539999999999992,12.710000000000036,0.0299999999999998,3202.5125000000003,83.5525,628.9166666666666,2.4925,100,1,Normal,5
2026-05-03 02:55:00,WELL-003,3200.34,83.73,631.55,2.33,22.02,10.75,144.48,4129.16,30.68,Normal,0,0,0,No Action Required,-7.839999999999691,-0.6099999999999994,-11.930000000000064,-0.1099999999999998,3202.563333333333,83.54,628.41,2.4858333333333333,100,1,Normal,5
2026-05-03 03:00:00,WELL-003,3178.68,83.04,639.61,2.41,22.2,10.68,140.23,4090.08,30.59,Normal,0,0,0,No Action Required,-21.66000000000031,-0.6899999999999977,8.06000000000006,0.08,3202.4091666666664,83.54833333333333,629.3283333333333,2.480833333333333,100,1,Normal,5
2026-05-03 03:05:00,WELL-003,3223.16,86.07,640.51,2.47,21.91,10.67,141.69,4243.46,31.52,Normal,0,0,0,No Action Required,44.48000000000002,3.029999999999987,0.8999999999999773,0.06,3205.4408333333336,83.77416666666667,631.0775,2.474166666666666,100,1,Normal,5
2026-05-03 03:10:00,WELL-003,3233.04,84.4,618.46,2.38,22.5,10.64,140.88,3986.64,30.14,Normal,0,0,0,No Action Required,9.88000000000011,-1.6699999999999875,-22.049999999999955,-0.0900000000000003,3207.1875,84.00416666666666,630.6558333333334,2.4566666666666666,100,1,Normal,5
2026-05-03 03:15:00,WELL-003,3204.75,84.16,630.14,2.45,22.06,10.68,143.12,4062.51,30.34,Normal,0,0,0,No Action Required,-28.289999999999964,-0.2400000000000091,11.67999999999995,0.0700000000000002,3206.3241666666668,84.03,630.7741666666667,2.4600000000000004,100,1,Normal,5
2026-05-03 03:20:00,WELL-003,3258.08,83.88,628.29,2.42,22.56,10.69,145.62,4066.71,30.15,Normal,0,0,0,No Action Required,53.32999999999993,-0.2800000000000011,-1.8500000000000227,-0.0300000000000002,3212.0108333333333,84.13,630.5691666666667,2.4408333333333334,100,1,Normal,5
2026-05-03 03:25:00,WELL-003,3228.95,83.32,640.2,2.38,21.94,10.67,141.37,4277.27,30.47,Normal,0,0,0,No Action Required,-29.13000000000011,-0.5600000000000023,11.910000000000082,-0.04,3214.9,84.18416666666667,632.9141666666667,2.4325,100,1,Normal,5
2026-05-03 03:30:00,WELL-003,3182.82,84.9,615.41,2.39,21.62,10.68,146.31,4116.13,29.98,Normal,0,0,0,No Action Required,-46.12999999999965,1.5800000000000125,-24.79000000000008,0.0100000000000002,3213.0308333333337,84.11833333333333,631.5416666666666,2.4266666666666667,100,1,Normal,5
2026-05-03 03:35:00,WELL-003,3186.4,84.8,635.29,2.35,22.22,10.61,144.14,4193.02,30.95,Normal,0,0,0,No Action Required,3.5799999999999272,-0.1000000000000085,19.879999999999995,-0.04,3210.25,84.245,632.3258333333333,2.4066666666666667,100,1,Normal,5
2026-05-03 03:40:00,WELL-003,3222.39,82.31,624.06,2.39,21.83,10.62,147.8,3975.5,30.06,Normal,0,0,0,No Action Required,35.98999999999978,-2.489999999999995,-11.230000000000018,0.04,3211.1325,84.1525,631.4808333333333,2.401666666666667,100,1,Normal,5
2026-05-03 03:45:00,WELL-003,3198.76,85.42,626.63,2.6,21.75,10.68,143.8,3975.58,30.11,Normal,0,0,0,No Action Required,-23.62999999999965,3.1099999999999994,2.57000000000005,0.2099999999999999,3210.4625,84.1975,631.1358333333334,2.4175,100,1,Normal,5
2026-05-03 03:50:00,WELL-003,3232.1,82.45,622.0,2.52,22.25,10.69,142.28,4306.3,30.75,Normal,0,0,0,No Action Required,33.33999999999969,-2.969999999999999,-4.629999999999996,-0.08,3212.455833333333,84.04,629.3458333333333,2.424166666666667,100,1,Normal,5
2026-05-03 03:55:00,WELL-003,3238.31,84.59,624.59,2.6,21.5,10.65,143.79,4156.94,30.08,Normal,0,0,0,No Action Required,6.210000000000036,2.140000000000001,2.590000000000032,0.08,3215.6200000000003,84.11166666666666,628.7658333333333,2.4466666666666668,100,1,Normal,5
2026-05-03 04:00:00,WELL-003,3199.63,83.85,624.9,2.25,21.66,10.61,141.03,4074.66,30.39,Normal,0,0,0,No Action Required,-38.67999999999984,-0.7400000000000091,0.3099999999999454,-0.3500000000000001,3217.3658333333333,84.17916666666667,627.54,2.433333333333333,100,1,Normal,5
2026-05-03 04:05:00,WELL-003,3248.58,84.59,627.67,2.48,21.77,10.74,142.11,4352.14,30.32,Normal,0,0,0,No Action Required,48.94999999999982,0.7400000000000091,2.769999999999982,0.2299999999999999,3219.4841666666666,84.05583333333333,626.4699999999999,2.4341666666666666,100,1,Normal,5
2026-05-03 04:10:00,WELL-003,3227.08,84.58,617.36,2.21,22.01,10.76,144.58,4197.0,30.49,Normal,0,0,0,No Action Required,-21.5,-0.0100000000000051,-10.309999999999944,-0.27,3218.9875,84.07083333333334,626.3783333333333,2.4200000000000004,100,1,Normal,5
2026-05-03 04:15:00,WELL-003,3214.48,85.09,630.75,2.32,21.48,10.63,139.55,4070.92,30.63,Normal,0,0,0,No Action Required,-12.599999999999907,0.5100000000000051,13.389999999999986,0.1099999999999998,3219.7983333333327,84.14833333333334,626.4291666666667,2.409166666666667,100,1,Normal,5
2026-05-03 04:20:00,WELL-003,3208.4,85.75,623.11,2.23,21.89,10.61,141.88,4108.31,30.68,Normal,0,0,0,No Action Required,-6.079999999999927,0.6599999999999966,-7.639999999999986,-0.0899999999999998,3215.6583333333333,84.30416666666667,625.9975000000001,2.393333333333333,100,1,Normal,5
2026-05-03 04:25:00,WELL-003,3208.17,84.3,618.82,2.4,22.14,10.7,141.66,4069.15,30.91,Normal,0,0,0,No Action Required,-0.2300000000000182,-1.4500000000000028,-4.289999999999964,0.1699999999999999,3213.9266666666663,84.38583333333334,624.2158333333333,2.395,100,1,Normal,5
2026-05-03 04:30:00,WELL-003,3228.89,84.28,624.15,2.47,22.04,10.72,144.98,4091.88,31.15,Normal,0,0,0,No Action Required,20.7199999999998,-0.019999999999996,5.329999999999927,0.0700000000000002,3217.7658333333334,84.33416666666666,624.9441666666667,2.401666666666667,100,1,Normal,5
2026-05-03 04:35:00,WELL-003,3219.85,83.35,627.58,2.47,21.97,10.71,140.93,4038.79,30.25,Normal,0,0,0,No Action Required,-9.039999999999964,-0.9300000000000068,3.430000000000064,0.0,3220.5533333333333,84.21333333333334,624.3016666666666,2.411666666666666,100,1,Normal,5
2026-05-03 04:40:00,WELL-003,3231.43,83.52,626.67,2.4,21.78,10.74,147.56,4027.46,30.15,Normal,0,0,0,No Action Required,11.579999999999927,0.1700000000000017,-0.910000000000082,-0.0700000000000002,3221.306666666667,84.31416666666667,624.5191666666667,2.4125,100,1,Normal,5
2026-05-03 04:45:00,WELL-003,3226.02,83.1,629.76,2.66,22.01,10.73,146.9,4118.31,30.53,Normal,0,0,0,No Action Required,-5.409999999999855,-0.4200000000000017,3.090000000000032,0.2600000000000002,3223.578333333333,84.12083333333334,624.7800000000001,2.4175,100,1,Normal,5
2026-05-03 04:50:00,WELL-003,3210.86,83.95,618.74,2.34,21.81,10.68,141.59,4014.51,30.16,Normal,0,0,0,No Action Required,-15.159999999999854,0.8500000000000085,-11.019999999999982,-0.3200000000000003,3221.808333333333,84.24583333333334,624.5083333333333,2.4025000000000003,100,1,Normal,5
2026-05-03 04:55:00,WELL-003,2943.61,83.66,427.1,2.39,22.53,10.69,143.35,4151.36,31.38,Leak Risk,1,High,90,Inspect within 2 hours,-267.25,-0.2900000000000062,-191.64,0.0500000000000002,3197.25,84.16833333333334,608.0508333333333,2.385,35,1,Leak Risk,90
2026-05-03 05:00:00,WELL-003,2891.16,84.13,450.71,2.31,22.27,10.72,144.72,3956.09,30.64,Leak Risk,1,High,90,Inspect within 2 hours,-52.45000000000027,0.4699999999999988,23.60999999999996,-0.08,3171.5441666666666,84.19166666666668,593.535,2.39,35,1,Leak Risk,90
2026-05-03 05:05:00,WELL-003,2849.12,83.88,407.92,2.2,21.41,10.68,141.98,4248.59,31.13,Leak Risk,1,High,90,Inspect within 2 hours,-42.03999999999997,-0.25,-42.78999999999997,-0.1099999999999998,3138.255833333333,84.13250000000001,575.2225,2.3666666666666667,35,1,Leak Risk,90
2026-05-03 05:10:00,WELL-003,2959.46,83.5,404.22,2.51,22.19,10.67,144.97,3925.42,30.51,Leak Risk,1,High,90,Inspect within 2 hours,110.34000000000016,-0.3799999999999954,-3.6999999999999886,0.3099999999999996,3115.9541666666664,84.0425,557.4608333333333,2.3916666666666666,35,1,Leak Risk,90
2026-05-03 05:15:00,WELL-003,2900.0,84.37,459.71,2.41,20.89,10.62,143.54,4297.31,30.61,Leak Risk,1,High,90,Inspect within 2 hours,-59.46000000000004,0.8700000000000045,55.48999999999995,-0.0999999999999996,3089.7475,83.9825,543.2075,2.399166666666667,35,1,Leak Risk,90
2026-05-03 05:20:00,WELL-003,2888.07,85.54,383.68,2.36,22.08,10.73,143.37,4058.05,30.03,Leak Risk,1,High,90,Inspect within 2 hours,-11.929999999999836,1.1700000000000017,-76.02999999999997,-0.0500000000000002,3063.0533333333333,83.96499999999999,523.255,2.41,35,1,Leak Risk,90
2026-05-03 05:25:00,WELL-003,3194.13,86.29,620.24,2.54,21.35,10.65,141.13,4213.14,30.91,Normal,0,0,0,No Action Required,306.05999999999995,0.75,236.56,0.1800000000000001,3061.8833333333337,84.13083333333333,523.3733333333333,2.4216666666666664,100,1,Normal,5
2026-05-03 05:30:00,WELL-003,3195.54,84.92,611.97,2.46,22.7,10.77,140.61,3974.54,30.37,Normal,0,0,0,No Action Required,1.4099999999998545,-1.3700000000000043,-8.269999999999982,-0.08,3059.1041666666665,84.18416666666667,522.3583333333333,2.4208333333333334,100,1,Normal,5
2026-05-03 05:35:00,WELL-003,3269.77,84.76,614.23,2.32,22.22,10.71,140.54,4060.93,29.9,Normal,0,0,0,No Action Required,74.23000000000002,-0.1599999999999966,2.259999999999991,-0.1400000000000001,3063.2641666666664,84.30166666666666,521.2458333333333,2.408333333333333,100,1,Normal,5
2026-05-03 05:40:00,WELL-003,3209.36,82.94,616.25,2.46,22.34,10.72,143.65,4232.39,30.42,Normal,0,0,0,No Action Required,-60.409999999999854,-1.820000000000008,2.019999999999982,0.1400000000000001,3061.425,84.25333333333333,520.3774999999999,2.4133333333333336,100,1,Normal,5
2026-05-03 05:45:00,WELL-003,3230.82,85.3,629.14,2.3,21.73,10.68,144.72,4089.62,29.83,Normal,0,0,0,No Action Required,21.46000000000004,2.3599999999999994,12.889999999999986,-0.1600000000000001,3061.8250000000003,84.43666666666667,520.3258333333334,2.3833333333333333,100,1,Normal,5
2026-05-03 05:50:00,WELL-003,3235.82,83.99,623.04,2.5,21.39,10.56,142.49,4165.24,30.56,Normal,0,0,0,No Action Required,5.0,-1.3100000000000025,-6.100000000000023,0.2000000000000001,3063.905,84.44,520.6841666666667,2.3966666666666665,100,1,Normal,5
2026-05-03 05:55:00,WELL-003,3212.46,85.39,633.0,2.45,22.5,10.62,138.82,3952.36,30.84,Normal,0,0,0,No Action Required,-23.360000000000127,1.4000000000000057,9.960000000000036,-0.0499999999999998,3086.3091666666664,84.58416666666666,537.8425000000001,2.401666666666667,100,1,Normal,5
2026-05-03 06:00:00,WELL-003,3205.37,85.02,617.12,2.46,22.35,10.67,145.43,3922.95,30.6,Normal,0,0,0,No Action Required,-7.0900000000001455,-0.3700000000000045,-15.879999999999995,0.0099999999999997,3112.493333333334,84.65833333333333,551.71,2.4141666666666666,100,1,Normal,5
2026-05-03 06:05:00,WELL-003,3256.74,85.9,623.13,2.39,22.13,10.73,142.66,4222.97,30.54,Normal,0,0,0,No Action Required,51.36999999999989,0.8800000000000097,6.009999999999991,-0.0699999999999998,3146.4616666666666,84.82666666666667,569.6441666666667,2.43,100,1,Normal,5
2026-05-03 06:10:00,WELL-003,3232.96,86.06,608.9,2.62,21.91,10.59,144.83,3944.67,31.14,Normal,0,0,0,No Action Required,-23.779999999999745,0.1599999999999966,-14.230000000000018,0.2299999999999999,3169.2533333333336,85.04,586.7008333333333,2.4391666666666665,100,1,Normal,5
2026-05-03 06:15:00,WELL-003,3188.18,83.13,609.14,2.33,21.91,10.57,143.25,4024.72,30.04,Normal,0,0,0,No Action Required,-44.7800000000002,-2.930000000000007,0.2400000000000091,-0.29,3193.268333333333,84.93666666666667,599.1533333333333,2.4325,100,1,Normal,5
2026-05-03 06:20:00,WELL-003,3221.75,86.24,628.12,2.46,21.81,10.61,140.52,4231.04,30.71,Normal,0,0,0,No Action Required,33.570000000000164,3.1099999999999994,18.98000000000001,0.1299999999999999,3221.0750000000003,84.995,619.5233333333333,2.4408333333333334,100,1,Normal,5
2026-05-03 06:25:00,WELL-003,3217.75,85.03,606.63,2.48,21.79,10.62,142.07,4097.09,30.53,Normal,0,0,0,No Action Required,-4.0,-1.2099999999999935,-21.49000000000001,0.02,3223.043333333333,84.89,618.3891666666667,2.435833333333333,100,1,Normal,5
2026-05-03 06:30:00,WELL-003,3236.11,83.87,619.38,2.36,21.87,10.75,144.2,4130.71,31.24,Normal,0,0,0,No Action Required,18.360000000000127,-1.1599999999999966,12.75,-0.1200000000000001,3226.424166666666,84.8025,619.0066666666667,2.4275,100,1,Normal,5
2026-05-03 06:35:00,WELL-003,3196.02,84.96,610.52,2.15,21.88,10.71,139.69,4087.16,30.81,Normal,0,0,0,No Action Required,-40.09000000000015,1.0899999999999892,-8.860000000000014,-0.2099999999999999,3220.278333333333,84.81916666666666,618.6975,2.4133333333333336,100,1,Normal,5
2026-05-03 06:40:00,WELL-003,3212.52,83.27,629.31,2.2,21.95,10.61,145.04,4169.55,30.56,Normal,0,0,0,No Action Required,16.5,-1.6899999999999975,18.789999999999964,0.0500000000000002,3220.5416666666665,84.84666666666666,619.7858333333334,2.3916666666666666,100,1,Normal,5
2026-05-03 06:45:00,WELL-003,3205.83,86.07,618.48,2.27,22.03,10.63,140.43,3963.06,30.95,Normal,0,0,0,No Action Required,-6.690000000000055,2.799999999999997,-10.829999999999927,0.0699999999999998,3218.459166666667,84.91083333333333,618.8974999999999,2.3891666666666667,100,1,Normal,5
2026-05-03 06:50:00,WELL-003,3202.09,83.25,612.68,2.72,22.02,10.73,145.35,4221.07,30.84,Normal,0,0,0,No Action Required,-3.7399999999997817,-2.819999999999993,-5.800000000000068,0.4500000000000002,3215.648333333333,84.84916666666666,618.0341666666667,2.4075,100,1,Normal,5
2026-05-03 06:55:00,WELL-003,3228.03,84.12,617.52,2.39,21.8,10.69,143.87,4049.09,30.05,Normal,0,0,0,No Action Required,25.94000000000005,0.8700000000000045,4.840000000000032,-0.33,3216.945833333333,84.74333333333333,616.7441666666666,2.4025,100,1,Normal,5
2026-05-03 07:00:00,WELL-003,3220.78,84.85,612.28,2.5,22.46,10.66,144.18,4194.2,30.68,Normal,0,0,0,No Action Required,-7.25,0.7299999999999898,-5.240000000000009,0.1099999999999998,3218.23,84.72916666666667,616.3408333333333,2.4058333333333333,100,1,Normal,5
2026-05-03 07:05:00,WELL-003,3237.06,83.62,612.99,2.41,21.69,10.69,144.56,4082.59,30.2,Normal,0,0,0,No Action Required,16.279999999999745,-1.2299999999999898,0.7100000000000364,-0.0899999999999998,3216.59,84.53916666666667,615.4958333333333,2.4075,100,1,Normal,5
2026-05-03 07:10:00,WELL-003,3241.64,84.59,604.21,2.39,21.62,10.69,142.54,4071.21,30.05,Normal,0,0,0,No Action Required,4.579999999999927,0.9699999999999988,-8.779999999999973,-0.02,3217.313333333333,84.41666666666667,615.105,2.388333333333333,100,1,Normal,5
2026-05-03 07:15:00,WELL-003,3215.45,84.75,608.28,2.5,22.12,10.66,145.24,4047.43,30.11,Normal,0,0,0,No Action Required,-26.19000000000005,0.1599999999999966,4.069999999999936,0.1099999999999998,3219.585833333333,84.55166666666666,615.0333333333333,2.4025,100,1,Normal,5
2026-05-03 07:20:00,WELL-003,3220.08,84.5,622.99,2.44,22.47,10.68,141.59,4046.57,31.15,Normal,0,0,0,No Action Required,4.630000000000109,-0.25,14.710000000000036,-0.06,3219.4466666666667,84.40666666666667,614.6058333333333,2.4008333333333334,100,1,Normal,5
2026-05-03 07:25:00,WELL-003,3224.38,84.23,610.87,2.31,21.68,10.69,140.36,4322.29,30.67,Normal,0,0,0,No Action Required,4.300000000000182,-0.269999999999996,-12.120000000000005,-0.1299999999999999,3219.9991666666665,84.33999999999999,614.9591666666666,2.3866666666666667,100,1,Normal,5
2026-05-03 07:30:00,WELL-003,3234.14,85.1,612.84,2.64,21.73,10.69,142.83,4224.79,31.13,Normal,0,0,0,No Action Required,9.759999999999764,0.8699999999999903,1.9700000000000275,0.33,3219.8350000000005,84.4425,614.4141666666666,2.41,100,1,Normal,5
2026-05-03 07:35:00,WELL-003,3235.5,85.14,624.82,2.41,22.47,10.75,143.31,4123.25,30.33,Normal,0,0,0,No Action Required,1.360000000000127,0.0400000000000062,11.980000000000018,-0.2299999999999999,3223.125,84.4575,615.6058333333334,2.431666666666666,100,1,Normal,5
2026-05-03 07:40:00,WELL-003,3212.26,85.17,618.27,2.45,21.55,10.71,143.84,4081.62,30.37,Normal,0,0,0,No Action Required,-23.23999999999978,0.0300000000000011,-6.550000000000068,0.04,3223.103333333333,84.61583333333333,614.6858333333333,2.4525,100,1,Normal,5
2026-05-03 07:45:00,WELL-003,3215.45,87.04,610.49,2.39,21.79,10.72,144.37,4067.37,30.56,Normal,0,0,0,No Action Required,3.1899999999996,1.8700000000000043,-7.779999999999973,-0.06,3223.905,84.69666666666667,614.02,2.4625,100,1,Normal,5
2026-05-03 07:50:00,WELL-003,3191.1,84.94,610.87,2.48,21.18,10.64,143.74,4052.61,30.75,Normal,0,0,0,No Action Required,-24.34999999999991,-2.1000000000000085,0.3799999999999954,0.0899999999999998,3222.9891666666667,84.8375,613.8691666666667,2.4425000000000003,100,1,Normal,5
2026-05-03 07:55:00,WELL-003,3195.14,84.19,612.89,2.64,21.82,10.71,144.08,3929.21,30.93,Normal,0,0,0,No Action Required,4.039999999999964,-0.75,2.019999999999982,0.1600000000000001,3220.248333333333,84.84333333333333,613.4833333333333,2.4633333333333334,100,1,Normal,5
2026-05-03 08:00:00,WELL-003,3249.29,82.84,606.24,2.29,22.18,10.77,144.67,3935.75,30.89,Normal,0,0,0,No Action Required,54.15000000000009,-1.3499999999999943,-6.649999999999977,-0.3500000000000001,3222.6241666666665,84.67583333333333,612.98,2.4458333333333333,100,1,Normal,5
2026-05-03 08:05:00,WELL-003,3245.32,82.99,613.63,2.39,20.97,10.71,145.05,3971.78,31.12,Normal,0,0,0,No Action Required,-3.9699999999998,0.1499999999999914,7.389999999999986,0.1,3223.3125,84.62333333333333,613.0333333333333,2.444166666666667,100,1,Normal,5
2026-05-03 08:10:00,WELL-003,3229.81,87.48,607.87,2.28,21.89,10.67,140.6,3999.73,30.79,Normal,0,0,0,No Action Required,-15.510000000000218,4.490000000000009,-5.759999999999991,-0.1100000000000003,3222.3266666666664,84.86416666666666,613.3383333333333,2.435,100,1,Normal,5
2026-05-03 08:15:00,WELL-003,3209.75,82.19,603.49,2.51,21.55,10.71,140.5,4150.89,30.76,Normal,0,0,0,No Action Required,-20.059999999999945,-5.290000000000006,-4.379999999999996,0.2299999999999999,3221.851666666667,84.65083333333332,612.9391666666667,2.435833333333333,100,1,Normal,5
2026-05-03 08:20:00,WELL-003,3197.18,83.44,621.53,2.28,21.5,10.69,144.6,4022.25,30.51,Normal,0,0,0,No Action Required,-12.570000000000164,1.25,18.039999999999964,-0.2299999999999999,3219.943333333333,84.5625,612.8175,2.4225,100,1,Normal,5
2026-05-03 08:25:00,WELL-003,3214.12,84.19,611.43,2.64,22.25,10.67,141.92,4115.25,30.96,Normal,0,0,0,No Action Required,16.940000000000055,0.75,-10.100000000000025,0.3600000000000003,3219.0883333333336,84.55916666666666,612.8641666666667,2.45,100,1,Normal,5
2026-05-03 08:30:00,WELL-003,3210.01,85.61,604.25,2.47,21.63,10.67,144.8,4044.53,30.39,Normal,0,0,0,No Action Required,-4.109999999999673,1.4200000000000017,-7.17999999999995,-0.1699999999999999,3217.0774999999994,84.60166666666667,612.1483333333334,2.435833333333333,100,1,Normal,5
2026-05-03 08:35:00,WELL-003,3218.84,84.56,609.94,2.42,22.45,10.64,144.21,4160.56,30.28,Normal,0,0,0,No Action Required,8.829999999999927,-1.0499999999999972,5.690000000000055,-0.0500000000000002,3215.6891666666666,84.55333333333334,610.9083333333333,2.436666666666667,100,1,Normal,5
2026-05-03 08:40:00,WELL-003,3231.55,85.75,604.27,2.25,22.04,10.66,144.71,3868.63,31.69,Normal,0,0,0,No Action Required,12.710000000000036,1.1899999999999975,-5.670000000000073,-0.1699999999999999,3217.296666666667,84.60166666666667,609.7416666666667,2.42,100,1,Normal,5
2026-05-03 08:45:00,WELL-003,3170.69,83.49,612.24,2.44,21.68,10.75,140.46,4177.93,30.41,Normal,0,0,0,No Action Required,-60.86000000000013,-2.260000000000005,7.970000000000027,0.1899999999999999,3213.566666666666,84.30583333333333,609.8875,2.424166666666667,100,1,Normal,5
2026-05-03 08:50:00,WELL-003,3207.8,84.57,615.58,2.29,21.95,10.62,145.85,4113.06,30.51,Normal,0,0,0,No Action Required,37.11000000000013,1.0799999999999983,3.340000000000032,-0.1499999999999999,3214.958333333333,84.27499999999999,610.2800000000001,2.408333333333333,100,1,Normal,5
2026-05-03 08:55:00,WELL-003,3153.75,84.19,604.41,2.51,21.88,10.74,139.71,4049.28,30.65,Normal,0,0,0,No Action Required,-54.05000000000018,-0.3799999999999954,-11.170000000000073,0.2199999999999997,3211.5091666666667,84.27499999999999,609.5733333333334,2.3975,100,1,Normal,5
2026-05-03 09:00:00,WELL-003,3228.58,85.14,612.56,2.32,21.37,10.7,143.12,4347.13,30.18,Normal,0,0,0,No Action Required,74.82999999999993,0.9500000000000028,8.149999999999977,-0.1899999999999999,3209.7833333333333,84.46666666666665,610.1,2.4,100,1,Normal,5
2026-05-03 09:05:00,WELL-003,3182.85,85.03,607.4,2.37,21.41,10.66,141.79,4188.85,30.8,Normal,0,0,0,No Action Required,-45.73000000000002,-0.1099999999999994,-5.159999999999968,0.0500000000000002,3204.5775,84.63666666666667,609.5808333333333,2.398333333333333,100,1,Normal,5
2026-05-03 09:10:00,WELL-003,3218.62,85.08,607.02,2.43,21.76,10.63,143.87,4224.24,30.41,Normal,0,0,0,No Action Required,35.76999999999998,0.0499999999999971,-0.3799999999999954,0.06,3203.645,84.43666666666665,609.51,2.410833333333333,100,1,Normal,5
2026-05-03 09:15:00,WELL-003,3208.69,84.38,613.72,2.53,22.22,10.73,142.71,4138.22,30.19,Normal,0,0,0,No Action Required,-9.929999999999836,-0.7000000000000028,6.7000000000000455,0.0999999999999996,3203.556666666667,84.61916666666666,610.3625,2.4125,100,1,Normal,5
2026-05-03 09:20:00,WELL-003,3176.97,82.52,595.43,2.55,22.28,10.61,146.48,4065.32,30.14,Normal,0,0,0,No Action Required,-31.72000000000025,-1.86,-18.29000000000008,0.02,3201.8725,84.5425,608.1875,2.435,100,1,Normal,5
2026-05-03 09:25:00,WELL-003,3199.6,83.93,607.48,2.31,21.9,10.68,145.67,4203.05,30.44,Normal,0,0,0,No Action Required,22.63000000000011,1.4100000000000108,12.050000000000068,-0.2399999999999997,3200.6625,84.52083333333333,607.8583333333332,2.4075,100,1,Normal,5
2026-05-03 09:30:00,WELL-003,3229.08,84.41,607.81,2.32,22.22,10.71,139.73,4017.68,30.75,Normal,0,0,0,No Action Required,29.48000000000001,0.4799999999999897,0.3299999999999272,0.0099999999999997,3202.251666666667,84.42083333333333,608.155,2.395,100,1,Normal,5
2026-05-03 09:35:00,WELL-003,3198.94,85.84,598.38,2.29,22.21,10.66,141.13,4059.32,30.81,Normal,0,0,0,No Action Required,-30.13999999999988,1.4300000000000068,-9.42999999999995,-0.0299999999999998,3200.5933333333337,84.5275,607.1916666666667,2.3841666666666668,100,1,Normal,5
2026-05-03 09:40:00,WELL-003,3242.84,84.99,617.81,2.44,22.08,10.73,144.41,4175.17,30.54,Normal,0,0,0,No Action Required,43.90000000000009,-0.8500000000000085,19.42999999999995,0.1499999999999999,3201.5341666666664,84.46416666666666,608.32,2.4,100,1,Normal,5
2026-05-03 09:45:00,WELL-003,3189.34,83.0,605.98,2.26,21.88,10.65,143.51,4312.18,30.31,Normal,0,0,0,No Action Required,-53.5,-1.9899999999999949,-11.829999999999927,-0.1800000000000001,3203.0883333333336,84.42333333333333,607.7983333333333,2.385,100,1,Normal,5
2026-05-03 09:50:00,WELL-003,3205.33,83.86,606.47,2.23,21.93,10.79,146.96,4083.41,30.95,Normal,0,0,0,No Action Required,15.989999999999782,0.8599999999999994,0.4900000000000091,-0.0299999999999998,3202.8825,84.36416666666666,607.0391666666666,2.3800000000000003,100,1,Normal,5
2026-05-03 09:55:00,WELL-003,3209.41,84.25,613.64,2.41,22.5,10.59,141.26,4125.73,30.0,Normal,0,0,0,No Action Required,4.079999999999927,0.3900000000000005,7.169999999999959,0.1800000000000001,3207.520833333333,84.36916666666667,607.8083333333333,2.3716666666666666,100,1,Normal,5
2026-05-03 10:00:00,WELL-003,3185.93,83.72,587.0,2.24,21.45,10.68,141.67,4084.54,30.44,Normal,0,0,0,No Action Required,-23.48000000000001,-0.5300000000000011,-26.639999999999983,-0.1699999999999999,3203.9666666666667,84.25083333333333,605.6783333333333,2.365,100,1,Normal,5
2026-05-03 10:05:00,WELL-003,3223.57,82.6,608.16,2.35,21.96,10.57,139.74,4067.7,30.78,Normal,0,0,0,No Action Required,37.64000000000033,-1.1200000000000043,21.159999999999968,0.1099999999999998,3207.36,84.04833333333333,605.7416666666667,2.3633333333333333,100,1,Normal,5
2026-05-03 10:10:00,WELL-003,3159.58,82.95,595.82,2.41,22.38,10.68,142.3,3992.44,30.57,Normal,0,0,0,No Action Required,-63.99000000000024,0.3500000000000085,-12.339999999999918,0.06,3202.4400000000005,83.87083333333334,604.8083333333334,2.361666666666667,100,1,Normal,5
2026-05-03 10:15:00,WELL-003,3244.35,84.31,602.77,2.23,22.5,10.71,143.61,4165.72,31.22,Normal,0,0,0,No Action Required,84.76999999999998,1.3599999999999994,6.949999999999932,-0.1800000000000001,3205.411666666667,83.865,603.8958333333334,2.3366666666666664,100,1,Normal,5
2026-05-03 10:20:00,WELL-003,3189.58,84.34,613.46,2.37,22.17,10.64,142.78,4099.67,30.32,Normal,0,0,0,No Action Required,-54.76999999999998,0.0300000000000011,10.690000000000056,0.1400000000000001,3206.4625,84.01666666666667,605.3983333333333,2.3216666666666668,100,1,Normal,5
2026-05-03 10:25:00,WELL-003,3186.0,83.51,614.3,2.48,22.43,10.58,143.12,4024.0,30.17,Normal,0,0,0,No Action Required,-3.5799999999999272,-0.8299999999999983,0.8399999999999181,0.1099999999999998,3205.3291666666664,83.98166666666667,605.9666666666667,2.335833333333333,100,1,Normal,5
2026-05-03 10:30:00,WELL-003,3179.75,84.29,595.47,2.43,22.05,10.69,142.23,4193.56,31.33,Normal,0,0,0,No Action Required,-6.25,0.7800000000000011,-18.829999999999927,-0.0499999999999998,3201.218333333333,83.97166666666668,604.9383333333334,2.345,100,1,Normal,5
2026-05-03 10:35:00,WELL-003,3219.68,82.7,609.15,2.4,22.35,10.66,147.56,4077.83,31.03,Normal,0,0,0,No Action Required,39.92999999999984,-1.5900000000000034,13.67999999999995,-0.0300000000000002,3202.9466666666663,83.71,605.8358333333333,2.354166666666667,100,1,Normal,5
2026-05-03 10:40:00,WELL-003,3196.2,82.13,597.93,2.48,22.5,10.66,140.08,4140.97,29.75,Normal,0,0,0,No Action Required,-23.48000000000001,-0.5700000000000074,-11.220000000000027,0.08,3199.06,83.47166666666666,604.1791666666667,2.3575,100,1,Normal,5
2026-05-03 10:45:00,WELL-003,3232.72,83.08,612.08,2.39,21.7,10.66,144.6,4188.69,30.7,Normal,0,0,0,No Action Required,36.51999999999998,0.9500000000000028,14.150000000000093,-0.0899999999999998,3202.675,83.47833333333334,604.6875,2.368333333333333,100,1,Normal,5
2026-05-03 10:50:00,WELL-003,3214.32,84.67,585.2,2.5,21.62,10.67,140.4,4031.33,30.56,Normal,0,0,0,No Action Required,-18.39999999999964,1.5900000000000034,-26.879999999999995,0.1099999999999998,3203.424166666667,83.54583333333333,602.9150000000001,2.390833333333333,100,1,Normal,5
2026-05-03 10:55:00,WELL-003,3210.19,84.09,603.93,2.46,22.14,10.69,142.23,4047.43,30.54,Normal,0,0,0,No Action Required,-4.130000000000109,-0.5799999999999983,18.729999999999905,-0.04,3203.4891666666663,83.5325,602.1058333333334,2.395,100,1,Normal,5
2026-05-03 11:00:00,WELL-003,3242.26,81.86,604.83,2.43,21.87,10.59,144.73,4259.44,30.95,Normal,0,0,0,No Action Required,32.070000000000164,-2.230000000000004,0.900000000000091,-0.0299999999999998,3208.183333333333,83.37750000000001,603.5916666666667,2.410833333333333,100,1,Normal,5
2026-05-03 11:05:00,WELL-003,3181.01,82.35,610.27,2.42,21.53,10.74,141.72,4101.38,31.22,Normal,0,0,0,No Action Required,-61.25,0.4899999999999949,5.439999999999941,-0.0100000000000002,3204.6366666666668,83.35666666666667,603.7675,2.4166666666666665,100,1,Normal,5
2026-05-03 11:10:00,WELL-003,3192.67,80.89,587.4,2.32,21.7,10.66,143.44,4264.53,30.59,Normal,0,0,0,No Action Required,11.659999999999854,-1.4599999999999935,-22.870000000000005,-0.1,3207.3941666666665,83.185,603.0658333333332,2.4091666666666667,100,1,Normal,5
2026-05-03 11:15:00,WELL-003,3208.02,83.62,593.54,2.41,21.42,10.67,142.84,4072.74,30.84,Normal,0,0,0,No Action Required,15.349999999999907,2.730000000000004,6.139999999999986,0.0900000000000003,3204.366666666667,83.12750000000001,602.2966666666666,2.424166666666667,100,1,Normal,5
2026-05-03 11:20:00,WELL-003,3228.39,82.23,596.55,2.33,22.0,10.71,146.44,3973.56,30.09,Normal,0,0,0,No Action Required,20.36999999999989,-1.3900000000000006,3.009999999999991,-0.08,3207.600833333334,82.95166666666667,600.8874999999999,2.4208333333333334,100,1,Normal,5
2026-05-03 11:25:00,WELL-003,3189.26,84.32,603.49,2.58,21.63,10.67,140.71,4036.97,30.27,Normal,0,0,0,No Action Required,-39.12999999999965,2.089999999999989,6.940000000000055,0.25,3207.8725,83.01916666666666,599.9866666666667,2.4291666666666667,100,1,Normal,5
2026-05-03 11:30:00,WELL-003,3174.21,83.75,617.56,2.39,21.35,10.64,142.6,4049.53,30.89,Normal,0,0,0,No Action Required,-15.050000000000182,-0.5699999999999932,14.069999999999936,-0.1899999999999999,3207.410833333334,82.97416666666666,601.8275,2.4258333333333333,100,1,Normal,5
2026-05-03 11:35:00,WELL-003,3170.79,83.46,594.57,2.34,21.65,10.65,144.97,4065.99,30.86,Normal,0,0,0,No Action Required,-3.4200000000000728,-0.2900000000000062,-22.98999999999989,-0.0500000000000002,3203.3366666666666,83.03750000000001,600.6125,2.420833333333333,100,1,Normal,5
2026-05-03 11:40:00,WELL-003,3181.08,82.52,594.26,2.64,22.47,10.67,144.01,4185.58,31.21,Normal,0,0,0,No Action Required,10.289999999999964,-0.9399999999999976,-0.3100000000000591,0.3000000000000002,3202.0766666666664,83.07000000000001,600.3066666666667,2.4341666666666666,100,1,Normal,5
2026-05-03 11:45:00,WELL-003,3161.23,84.8,604.18,2.38,21.61,10.69,145.82,3987.32,30.71,Normal,0,0,0,No Action Required,-19.84999999999991,2.280000000000001,9.91999999999996,-0.2600000000000002,3196.119166666667,83.21333333333332,599.6483333333333,2.4333333333333336,100,1,Normal,5
2026-05-03 11:50:00,WELL-003,3202.94,84.73,604.38,2.39,21.72,10.64,139.12,3926.22,29.95,Normal,0,0,0,No Action Required,41.71000000000004,-0.0699999999999931,0.2000000000000454,0.0100000000000002,3195.170833333333,83.21833333333333,601.2466666666667,2.424166666666667,100,1,Normal,5
2026-05-03 11:55:00,WELL-003,3194.75,83.56,601.48,2.35,21.21,10.69,144.11,3999.81,30.74,Normal,0,0,0,No Action Required,-8.190000000000055,-1.1700000000000017,-2.8999999999999773,-0.04,3193.8841666666667,83.17416666666666,601.0425,2.415,100,1,Normal,5
2026-05-03 12:00:00,WELL-003,3179.28,82.15,590.19,2.14,21.55,10.63,144.14,4113.1,30.74,Normal,0,0,0,No Action Required,-15.4699999999998,-1.4099999999999966,-11.289999999999964,-0.2099999999999999,3188.6358333333337,83.19833333333334,599.8225,2.3908333333333336,100,1,Normal,5
2026-05-03 12:05:00,WELL-003,3159.91,82.76,596.96,2.53,21.81,10.75,139.48,4025.36,30.17,Normal,0,0,0,No Action Required,-19.370000000000346,0.6099999999999994,6.769999999999982,0.3899999999999997,3186.8775,83.2325,598.7133333333334,2.4,100,1,Normal,5
2026-05-03 12:10:00,WELL-003,3213.09,80.84,589.59,2.41,22.03,10.64,142.1,4132.52,30.53,Normal,0,0,0,No Action Required,53.18000000000029,-1.9200000000000017,-7.370000000000003,-0.1199999999999996,3188.579166666667,83.22833333333334,598.8958333333334,2.4075,100,1,Normal,5
2026-05-03 12:15:00,WELL-003,3181.08,82.96,589.58,2.5,21.54,10.71,142.14,4048.6,31.0,Normal,0,0,0,No Action Required,-32.01000000000022,2.1199999999999903,-0.0099999999999909,0.0899999999999998,3186.334166666666,83.17333333333333,598.5658333333334,2.415,100,1,Normal,5
2026-05-03 12:20:00,WELL-003,3193.14,83.86,591.8,2.67,22.05,10.73,142.84,3992.94,31.15,Normal,0,0,0,No Action Required,12.059999999999944,0.9000000000000057,2.2199999999999136,0.1699999999999999,3183.396666666666,83.30916666666666,598.17,2.4433333333333334,100,1,Normal,5
2026-05-03 12:25:00,WELL-003,3183.78,82.7,604.46,2.58,22.11,10.68,145.55,3916.37,30.63,Normal,0,0,0,No Action Required,-9.359999999999673,-1.1599999999999966,12.660000000000082,-0.0899999999999998,3182.9400000000005,83.17416666666666,598.2508333333333,2.4433333333333334,100,1,Normal,5
2026-05-03 12:30:00,WELL-003,3174.29,81.17,609.59,2.2,21.72,10.57,140.38,4041.92,30.33,Normal,0,0,0,No Action Required,-9.490000000000236,-1.5300000000000011,5.129999999999996,-0.3799999999999999,3182.9466666666667,82.95916666666666,597.5866666666667,2.4275,100,1,Normal,5
2026-05-03 12:35:00,WELL-003,3206.7,85.84,587.6,2.34,21.67,10.65,145.67,4075.08,30.8,Normal,0,0,0,No Action Required,32.409999999999854,4.670000000000002,-21.99000000000001,0.1399999999999996,3185.939166666667,83.1575,597.0058333333334,2.4275,100,1,Normal,5
2026-05-03 12:40:00,WELL-003,3170.67,80.76,612.64,2.65,21.89,10.72,144.25,4159.58,30.25,Normal,0,0,0,No Action Required,-36.02999999999975,-5.079999999999998,25.039999999999964,0.31,3185.0716666666667,83.01083333333334,598.5375,2.428333333333333,100,1,Normal,5
2026-05-03 12:45:00,WELL-003,3220.15,82.8,606.22,2.42,21.71,10.66,148.3,4042.81,30.65,Normal,0,0,0,No Action Required,49.48000000000002,2.039999999999992,-6.419999999999959,-0.2299999999999999,3189.9816666666666,82.84416666666668,598.7075,2.431666666666666,100,1,Normal,5
2026-05-03 12:50:00,WELL-003,3180.61,83.26,606.6,2.4,21.39,10.71,145.27,4021.65,30.49,Normal,0,0,0,No Action Required,-39.53999999999997,0.4600000000000079,0.3799999999999954,-0.02,3188.120833333334,82.72166666666668,598.8925,2.4325,100,1,Normal,5
2026-05-03 12:55:00,WELL-003,3159.58,81.35,591.91,2.4,21.9,10.65,140.49,3952.79,30.05,Normal,0,0,0,No Action Required,-21.0300000000002,-1.9100000000000108,-14.690000000000056,0.0,3185.1900000000005,82.5375,598.095,2.436666666666667,100,1,Normal,5
2026-05-03 13:00:00,WELL-003,3176.38,81.58,601.04,2.53,22.01,10.68,145.34,4023.3,30.75,Normal,0,0,0,No Action Required,16.800000000000182,0.2300000000000039,9.129999999999995,0.1299999999999999,3184.9483333333333,82.49,598.9991666666666,2.4691666666666667,100,1,Normal,5
2026-05-03 13:05:00,WELL-003,3185.49,83.55,603.4,2.56,21.33,10.68,141.67,4181.41,30.49,Normal,0,0,0,No Action Required,9.109999999999673,1.9699999999999989,2.3600000000000136,0.0300000000000002,3187.08,82.55583333333333,599.5358333333332,2.4716666666666662,100,1,Normal,5
2026-05-03 13:10:00,WELL-003,3163.31,82.14,597.55,2.28,22.15,10.71,142.17,4059.7,30.65,Normal,0,0,0,No Action Required,-22.17999999999984,-1.4099999999999966,-5.850000000000023,-0.2800000000000002,3182.931666666666,82.66416666666667,600.1991666666667,2.460833333333333,100,1,Normal,5
2026-05-03 13:15:00,WELL-003,3202.72,81.54,601.14,2.52,21.67,10.69,143.11,4106.92,30.58,Normal,0,0,0,No Action Required,39.409999999999854,-0.5999999999999943,3.590000000000032,0.2400000000000002,3184.735,82.54583333333333,601.1625,2.4625,100,1,Normal,5
2026-05-03 13:20:00,WELL-003,3173.28,82.96,593.9,2.51,21.44,10.67,145.27,4213.04,30.92,Normal,0,0,0,No Action Required,-29.4399999999996,1.4199999999999875,-7.240000000000009,-0.0100000000000002,3183.0800000000004,82.47083333333335,601.3375,2.4491666666666667,100,1,Normal,5
2026-05-03 13:25:00,WELL-003,3191.11,82.37,596.24,2.57,22.06,10.84,143.64,4237.13,30.92,Normal,0,0,0,No Action Required,17.829999999999927,-0.5899999999999892,2.340000000000032,0.06,3183.6908333333326,82.44333333333333,600.6525,2.4483333333333333,100,1,Normal,5
2026-05-03 13:30:00,WELL-003,3183.92,83.18,602.88,2.41,22.14,10.72,141.6,4094.51,30.09,Normal,0,0,0,No Action Required,-7.190000000000055,0.8100000000000023,6.639999999999986,-0.1599999999999997,3184.493333333334,82.61083333333333,600.0933333333334,2.4658333333333333,100,1,Normal,5
2026-05-03 13:35:00,WELL-003,3180.67,81.8,602.15,2.32,21.52,10.74,145.45,4047.3,29.8,Normal,0,0,0,No Action Required,-3.25,-1.3800000000000097,-0.7300000000000182,-0.0900000000000003,3182.3241666666668,82.27416666666666,601.3058333333333,2.464166666666667,100,1,Normal,5
2026-05-03 13:40:00,WELL-003,3170.3,82.45,615.42,2.29,21.67,10.62,143.81,4038.86,29.92,Normal,0,0,0,No Action Required,-10.36999999999989,0.6500000000000057,13.269999999999982,-0.0299999999999998,3182.293333333333,82.415,601.5375,2.4341666666666666,100,1,Normal,5
2026-05-03 13:45:00,WELL-003,3176.87,82.0,605.6,2.41,21.59,10.64,141.57,4101.27,30.0,Normal,0,0,0,No Action Required,6.569999999999709,-0.4500000000000028,-9.819999999999936,0.1200000000000001,3178.6866666666665,82.34833333333334,601.4858333333333,2.433333333333333,100,1,Normal,5
2026-05-03 13:50:00,WELL-003,3153.63,84.29,605.1,2.44,21.17,10.69,143.21,4168.72,30.75,Normal,0,0,0,No Action Required,-23.23999999999978,2.2900000000000063,-0.5,0.0299999999999998,3176.438333333333,82.43416666666666,601.3608333333333,2.4366666666666665,100,1,Normal,5
2026-05-03 13:55:00,WELL-003,3199.31,82.73,595.48,2.42,21.83,10.73,144.3,4133.2,30.86,Normal,0,0,0,No Action Required,45.67999999999984,-1.5600000000000025,-9.620000000000005,-0.02,3179.7491666666665,82.54916666666666,601.6583333333333,2.438333333333333,100,1,Normal,5
2026-05-03 14:00:00,WELL-003,3172.75,82.64,608.93,2.41,21.66,10.66,144.11,3976.37,31.27,Normal,0,0,0,No Action Required,-26.559999999999945,-0.0900000000000034,13.449999999999932,-0.0099999999999997,3179.4466666666667,82.6375,602.3158333333333,2.428333333333333,100,1,Normal,5
2026-05-03 14:05:00,WELL-003,3163.57,80.93,601.83,2.56,21.51,10.75,144.95,4254.74,30.78,Normal,0,0,0,No Action Required,-9.179999999999836,-1.7099999999999935,-7.099999999999909,0.1499999999999999,3177.6200000000003,82.41916666666667,602.1850000000001,2.428333333333333,100,1,Normal,5
2026-05-03 14:10:00,WELL-003,3179.29,80.05,605.62,2.27,22.27,10.67,140.2,4115.55,30.38,Normal,0,0,0,No Action Required,15.7199999999998,-0.8800000000000097,3.789999999999964,-0.29,3178.951666666668,82.245,602.8575,2.4275,100,1,Normal,5
2026-05-03 14:15:00,WELL-003,3193.57,81.42,591.71,2.35,21.91,10.74,143.1,4055.52,30.54,Normal,0,0,0,No Action Required,14.2800000000002,1.3700000000000043,-13.909999999999968,0.08,3178.189166666667,82.235,602.0716666666666,2.4133333333333336,100,1,Normal,5
2026-05-03 14:20:00,WELL-003,3198.26,82.45,612.1,2.5,21.93,10.69,142.64,4068.93,30.11,Normal,0,0,0,No Action Required,4.690000000000055,1.0300000000000011,20.389999999999983,0.1499999999999999,3180.270833333334,82.19250000000001,603.5883333333334,2.4125,100,1,Normal,5
2026-05-03 14:25:00,WELL-003,3131.84,80.51,601.84,2.45,21.82,10.76,142.76,3885.71,30.32,Normal,0,0,0,No Action Required,-66.42000000000007,-1.9399999999999973,-10.259999999999993,-0.0499999999999998,3175.331666666667,82.03750000000001,604.0550000000001,2.4025,100,1,Normal,5
2026-05-03 14:30:00,WELL-003,3192.11,82.56,599.94,2.74,21.86,10.71,145.92,4074.52,30.49,Normal,0,0,0,No Action Required,60.26999999999998,2.049999999999997,-1.8999999999999773,0.29,3176.0141666666664,81.98583333333333,603.8100000000001,2.43,100,1,Normal,5
2026-05-03 14:35:00,WELL-003,3170.61,82.22,604.73,2.29,22.11,10.65,142.96,4157.89,30.5,Normal,0,0,0,No Action Required,-21.5,-0.3400000000000034,4.789999999999964,-0.4500000000000002,3175.175833333333,82.02083333333334,604.025,2.4275,100,1,Normal,5
2026-05-03 14:40:00,WELL-003,3167.93,83.09,598.73,2.54,22.05,10.66,142.97,4080.89,30.82,Normal,0,0,0,No Action Required,-2.680000000000291,0.8700000000000045,-6.0,0.25,3174.978333333333,82.07416666666667,602.6341666666667,2.4483333333333333,100,1,Normal,5
2026-05-03 14:45:00,WELL-003,3212.14,82.36,599.17,2.37,22.47,10.52,143.52,4091.31,29.92,Normal,0,0,0,No Action Required,44.21000000000004,-0.730000000000004,0.4399999999999409,-0.1699999999999999,3177.9175,82.10416666666667,602.0983333333334,2.445,100,1,Normal,5
2026-05-03 14:50:00,WELL-003,3176.66,81.17,605.91,2.55,21.65,10.69,141.96,4126.8,30.34,Normal,0,0,0,No Action Required,-35.48000000000002,-1.1899999999999975,6.740000000000009,0.1799999999999997,3179.836666666666,81.84416666666668,602.1658333333334,2.454166666666667,100,1,Normal,5
2026-05-03 14:55:00,WELL-003,3163.39,81.42,609.83,2.48,22.48,10.68,143.55,4094.89,30.05,Normal,0,0,0,No Action Required,-13.269999999999982,0.25,3.9200000000000728,-0.0699999999999998,3176.8433333333337,81.735,603.3616666666667,2.459166666666667,100,1,Normal,5
2026-05-03 15:00:00,WELL-003,3180.47,82.43,610.94,2.41,22.37,10.7,146.61,4113.17,30.64,Normal,0,0,0,No Action Required,17.079999999999927,1.0100000000000051,1.1100000000000136,-0.0699999999999998,3177.486666666666,81.71750000000002,603.5291666666667,2.459166666666667,100,1,Normal,5
2026-05-03 15:05:00,WELL-003,3184.12,82.87,607.32,2.4,22.11,10.69,144.08,3969.82,30.06,Normal,0,0,0,No Action Required,3.650000000000091,0.4399999999999977,-3.620000000000005,-0.0100000000000002,3179.1991666666668,81.87916666666666,603.9866666666667,2.4458333333333333,100,1,Normal,5
2026-05-03 15:10:00,WELL-003,3143.15,79.93,613.65,2.68,21.59,10.63,145.77,4149.82,30.3,Normal,0,0,0,No Action Required,-40.9699999999998,-2.9399999999999977,6.329999999999927,0.2800000000000002,3176.1875,81.86916666666667,604.6558333333334,2.48,100,1,Normal,5
2026-05-03 15:15:00,WELL-003,3152.5,82.53,595.61,2.43,22.17,10.68,142.33,4090.85,30.86,Normal,0,0,0,No Action Required,9.349999999999907,2.5999999999999943,-18.039999999999964,-0.25,3172.765,81.96166666666666,604.9808333333334,2.486666666666667,100,1,Normal,5
2026-05-03 15:20:00,WELL-003,3194.36,79.88,603.08,2.6,22.49,10.72,140.86,3991.49,30.55,Normal,0,0,0,No Action Required,41.86000000000013,-2.6500000000000057,7.470000000000027,0.1699999999999999,3172.44,81.7475,604.2291666666666,2.495,100,1,Normal,5
2026-05-03 15:25:00,WELL-003,3174.33,81.95,595.97,2.5,22.0,10.68,143.96,4092.19,30.2,Normal,0,0,0,No Action Required,-20.0300000000002,2.0700000000000074,-7.110000000000014,-0.1,3175.980833333333,81.8675,603.74,2.499166666666667,100,1,Normal,5
2026-05-03 15:30:00,WELL-003,3190.63,80.04,606.68,2.09,22.11,10.71,141.43,4061.13,30.9,Normal,0,0,0,No Action Required,16.300000000000182,-1.9099999999999968,10.709999999999924,-0.4100000000000001,3175.8575,81.6575,604.3016666666666,2.445,100,1,Normal,5
2026-05-03 15:35:00,WELL-003,3159.28,79.69,590.85,2.28,22.66,10.74,140.75,3923.45,30.89,Normal,0,0,0,No Action Required,-31.34999999999991,-0.3500000000000085,-15.829999999999927,0.1899999999999999,3174.9133333333334,81.44666666666667,603.145,2.4441666666666664,100,1,Normal,5
2026-05-03 15:40:00,WELL-003,3148.77,80.97,608.76,2.47,21.61,10.66,143.67,3870.52,30.46,Normal,0,0,0,No Action Required,-10.510000000000218,1.2800000000000011,17.909999999999968,0.1900000000000004,3173.316666666667,81.27,603.9808333333334,2.438333333333333,100,1,Normal,5
2026-05-03 15:45:00,WELL-003,3192.58,81.74,600.26,4.43,22.21,10.73,95.51,3956.07,30.79,Pump Failure,1,Medium,70,Maintenance within 6 hours,43.809999999999945,0.769999999999996,-8.5,1.9599999999999995,3171.6866666666665,81.21833333333333,604.0716666666667,2.61,60,-1,Pump Failure,60
2026-05-03 15:50:00,WELL-003,3180.94,81.14,601.35,4.7,21.62,10.71,94.8,4399.6,31.22,Pump Failure,1,Medium,70,Maintenance within 6 hours,-11.639999999999873,-0.5999999999999943,1.0900000000000318,0.2700000000000004,3172.043333333333,81.21583333333332,603.6916666666667,2.7891666666666666,60,1,Pump Failure,60
2026-05-03 15:55:00,WELL-003,3152.29,80.08,596.37,4.96,21.49,10.71,90.04,4094.34,30.2,Pump Failure,1,Medium,70,Maintenance within 6 hours,-28.65000000000009,-1.0600000000000025,-4.980000000000018,0.2599999999999998,3171.1183333333333,81.10416666666667,602.57,2.9958333333333336,60,1,Pump Failure,60
2026-05-03 16:00:00,WELL-003,3158.58,81.05,601.56,4.7,21.62,10.65,99.45,4047.21,31.04,Pump Failure,1,Medium,70,Maintenance within 6 hours,6.289999999999964,0.9699999999999988,5.189999999999941,-0.2599999999999998,3169.294166666667,80.98916666666666,601.7883333333333,3.186666666666667,60,1,Pump Failure,60
2026-05-03 16:05:00,WELL-003,3158.61,81.58,603.89,4.23,22.42,10.69,80.74,4222.55,30.34,Pump Failure,1,Medium,70,Maintenance within 6 hours,0.0300000000002,0.5300000000000011,2.330000000000041,-0.4699999999999997,3167.168333333333,80.88166666666667,601.5024999999999,3.339166666666668,60,-1,Pump Failure,60
2026-05-03 16:10:00,WELL-003,3166.86,80.3,599.02,4.13,21.99,10.65,87.78,3958.78,30.04,Pump Failure,1,Medium,70,Maintenance within 6 hours,8.25,-1.2800000000000011,-4.8700000000000045,-0.1000000000000005,3169.1441666666665,80.91250000000001,600.2833333333333,3.4599999999999995,60,1,Pump Failure,60
2026-05-03 16:15:00,WELL-003,3130.66,81.53,614.53,2.46,21.37,10.59,141.73,4176.41,30.69,Normal,0,0,0,No Action Required,-36.20000000000027,1.230000000000004,15.509999999999993,-1.67,3167.3241666666668,80.82916666666667,601.86,3.4625,100,1,Normal,5
2026-05-03 16:20:00,WELL-003,3160.14,80.6,614.88,2.4,22.38,10.7,145.39,4152.06,30.74,Normal,0,0,0,No Action Required,29.48000000000001,-0.9300000000000068,0.3500000000000227,-0.06,3164.4725,80.88916666666667,602.8433333333334,3.4458333333333333,100,1,Normal,5
2026-05-03 16:25:00,WELL-003,3185.3,80.96,592.91,2.36,22.11,10.65,142.6,3903.31,31.66,Normal,0,0,0,No Action Required,25.16000000000031,0.3599999999999994,-21.970000000000027,-0.04,3165.3866666666668,80.80666666666666,602.5883333333333,3.4341666666666666,100,1,Normal,5
2026-05-03 16:30:00,WELL-003,3174.69,82.1,623.79,2.12,22.04,10.66,142.51,4034.89,30.52,Normal,0,0,0,No Action Required,-10.610000000000127,1.1400000000000006,30.879999999999995,-0.2399999999999997,3164.058333333333,80.97833333333334,604.0141666666667,3.436666666666667,100,1,Normal,5
2026-05-03 16:35:00,WELL-003,3157.3,81.88,606.42,2.36,21.31,10.71,142.65,3962.74,31.01,Normal,0,0,0,No Action Required,-17.389999999999873,-0.2199999999999988,-17.370000000000005,0.2399999999999997,3163.893333333333,81.16083333333333,605.3116666666666,3.4433333333333334,100,1,Normal,5
2026-05-03 16:40:00,WELL-003,3124.63,83.06,604.62,2.54,22.16,10.66,141.05,4147.28,30.59,Normal,0,0,0,No Action Required,-32.67000000000007,1.1800000000000068,-1.7999999999999543,0.1800000000000001,3161.881666666666,81.335,604.9666666666666,3.4491666666666667,100,1,Normal,5
2026-05-03 16:45:00,WELL-003,3153.04,81.16,612.86,2.57,21.89,10.7,143.09,4054.86,30.97,Normal,0,0,0,No Action Required,28.40999999999985,-1.9000000000000057,8.240000000000009,0.0299999999999998,3158.5866666666666,81.28666666666668,606.0166666666668,3.294166666666667,100,1,Normal,5
2026-05-03 16:50:00,WELL-003,3161.16,80.38,601.46,2.37,21.91,10.7,141.39,4172.27,30.41,Normal,0,0,0,No Action Required,8.11999999999989,-0.7800000000000011,-11.399999999999975,-0.1999999999999997,3156.938333333333,81.22333333333333,606.0258333333333,3.1,100,1,Normal,5
2026-05-03 16:55:00,WELL-003,3171.11,79.72,604.82,2.26,22.31,10.64,142.97,4129.22,30.13,Normal,0,0,0,No Action Required,9.950000000000273,-0.6599999999999966,3.3600000000000136,-0.1100000000000003,3158.5066666666667,81.19333333333333,606.73,2.875,100,1,Normal,5
2026-05-03 17:00:00,WELL-003,3108.32,80.63,603.71,2.42,21.83,10.68,143.25,4152.4,30.52,Normal,0,0,0,No Action Required,-62.78999999999997,0.9099999999999966,-1.1100000000000136,0.1600000000000001,3154.318333333333,81.15833333333333,606.9091666666667,2.685,100,1,Normal,5
2026-05-03 17:05:00,WELL-003,3184.16,81.61,620.08,2.42,21.99,10.65,144.53,4063.56,30.29,Normal,0,0,0,No Action Required,75.83999999999969,0.980000000000004,16.370000000000005,0.0,3156.4475,81.16083333333333,608.2583333333333,2.5341666666666667,100,1,Normal,5
2026-05-03 17:10:00,WELL-003,3149.07,80.0,612.61,2.41,21.64,10.75,140.71,3992.48,30.47,Normal,0,0,0,No Action Required,-35.08999999999969,-1.6099999999999994,-7.470000000000027,-0.0099999999999997,3154.965,81.13583333333332,609.3908333333333,2.3908333333333336,100,1,Normal,5
2026-05-03 17:15:00,WELL-003,3149.29,80.67,611.38,2.55,21.54,10.67,146.41,4161.35,30.21,Normal,0,0,0,No Action Required,0.2199999999997999,0.6700000000000017,-1.2300000000000182,0.1399999999999996,3156.5175,81.06416666666667,609.1283333333333,2.398333333333333,100,1,Normal,5
2026-05-03 17:20:00,WELL-003,3180.39,81.74,613.24,2.52,21.95,10.69,146.68,4161.53,30.71,Normal,0,0,0,No Action Required,31.09999999999991,1.0699999999999932,1.8600000000000136,-0.0299999999999998,3158.205,81.15916666666668,608.9916666666667,2.408333333333333,100,1,Normal,5
2026-05-03 17:25:00,WELL-003,3165.23,79.02,609.36,2.24,22.11,10.74,144.25,4184.57,30.43,Normal,0,0,0,No Action Required,-15.159999999999854,-2.719999999999999,-3.879999999999996,-0.2799999999999998,3156.5325,80.9975,610.3625000000001,2.398333333333333,100,1,Normal,5
2026-05-03 17:30:00,WELL-003,3150.83,83.17,602.6,2.39,21.74,10.62,143.13,3771.45,30.17,Normal,0,0,0,No Action Required,-14.400000000000093,4.150000000000006,-6.759999999999991,0.1499999999999999,3154.5441666666666,81.08666666666666,608.5966666666667,2.420833333333333,100,1,Normal,5
2026-05-03 17:35:00,WELL-003,3172.06,81.11,607.2,2.39,22.58,10.76,144.35,3998.86,30.8,Normal,0,0,0,No Action Required,21.23000000000001,-2.0600000000000023,4.600000000000023,0.0,3155.7741666666666,81.0225,608.6616666666667,2.4233333333333333,100,1,Normal,5
2026-05-03 17:40:00,WELL-003,3173.86,80.33,622.21,2.33,22.19,10.68,143.68,4143.37,30.55,Normal,0,0,0,No Action Required,1.800000000000182,-0.7800000000000011,15.009999999999993,-0.06,3159.876666666667,80.795,610.1275,2.4058333333333333,100,1,Normal,5
2026-05-03 17:45:00,WELL-003,3183.81,83.51,620.03,2.32,21.54,10.58,144.06,4107.87,31.19,Normal,0,0,0,No Action Required,9.949999999999818,3.180000000000007,-2.180000000000064,-0.0100000000000002,3162.4408333333336,80.99083333333333,610.725,2.385,100,1,Normal,5
2026-05-03 17:50:00,WELL-003,3129.45,80.01,606.67,2.6,22.07,10.58,141.51,4014.0,31.23,Normal,0,0,0,No Action Required,-54.36000000000013,-3.5,-13.360000000000014,0.2800000000000002,3159.7983333333327,80.96,611.1591666666667,2.404166666666667,100,1,Normal,5
2026-05-03 17:55:00,WELL-003,3176.47,80.74,616.23,2.26,22.01,10.67,146.36,4069.97,30.52,Normal,0,0,0,No Action Required,47.01999999999998,0.7299999999999898,9.56000000000006,-0.3400000000000003,3160.2449999999994,81.045,612.11,2.404166666666667,100,1,Normal,5
2026-05-03 18:00:00,WELL-003,3138.45,79.16,610.99,2.4,21.76,10.72,141.49,4096.4,30.61,Normal,0,0,0,No Action Required,-38.01999999999998,-1.5799999999999983,-5.240000000000009,0.1400000000000001,3162.755833333333,80.9225,612.7166666666667,2.4025,100,1,Normal,5
2026-05-03 18:05:00,WELL-003,3165.7,80.32,628.17,2.42,22.18,10.8,141.18,4030.69,30.07,Normal,0,0,0,No Action Required,27.25,1.1599999999999966,17.17999999999995,0.02,3161.2175,80.815,613.3908333333334,2.4025,100,1,Normal,5
2026-05-03 18:10:00,WELL-003,3157.96,81.53,608.29,2.46,22.44,10.73,146.6,3922.59,30.83,Normal,0,0,0,No Action Required,-7.739999999999782,1.210000000000008,-19.879999999999995,0.04,3161.958333333333,80.94250000000001,613.0308333333334,2.4066666666666667,100,1,Normal,5
2026-05-03 18:15:00,WELL-003,3153.33,80.47,612.15,2.46,22.03,10.67,139.86,4161.99,30.63,Normal,0,0,0,No Action Required,-4.630000000000109,-1.0600000000000025,3.8600000000000136,0.0,3162.295,80.92583333333333,613.095,2.3991666666666664,100,1,Normal,5
2026-05-03 18:20:00,WELL-003,3146.26,80.95,613.35,2.3,22.31,10.62,144.66,4084.14,30.41,Normal,0,0,0,No Action Required,-7.069999999999709,0.480000000000004,1.2000000000000457,-0.1600000000000001,3159.450833333334,80.86,613.1041666666666,2.3808333333333334,100,1,Normal,5
2026-05-03 18:25:00,WELL-003,3158.45,80.36,617.98,2.19,22.22,10.77,142.22,4044.65,30.49,Normal,0,0,0,No Action Required,12.1899999999996,-0.5900000000000034,4.629999999999996,-0.1099999999999998,3158.8858333333333,80.97166666666666,613.8225,2.3766666666666665,100,1,Normal,5
2026-05-03 18:30:00,WELL-003,3160.04,79.92,613.48,2.51,21.99,10.69,143.93,4163.59,30.17,Normal,0,0,0,No Action Required,1.5900000000001455,-0.4399999999999977,-4.5,0.3199999999999998,3159.6533333333336,80.70083333333334,614.7291666666666,2.3866666666666667,100,1,Normal,5
2026-05-03 18:35:00,WELL-003,3158.89,82.28,616.62,2.54,22.91,10.66,141.96,4146.89,30.07,Normal,0,0,0,No Action Required,-1.150000000000091,2.3599999999999994,3.1399999999999864,0.0300000000000002,3158.5558333333333,80.79833333333333,615.5141666666667,2.3991666666666664,100,1,Normal,5
2026-05-03 18:40:00,WELL-003,3178.41,82.69,630.05,2.42,22.31,10.72,141.68,4028.96,31.21,Normal,0,0,0,No Action Required,19.519999999999985,0.4099999999999966,13.42999999999995,-0.1200000000000001,3158.9349999999995,80.995,616.1674999999999,2.4066666666666667,100,1,Normal,5
2026-05-03 18:45:00,WELL-003,3150.92,80.09,628.36,2.34,22.31,10.72,144.94,4141.99,30.69,Normal,0,0,0,No Action Required,-27.48999999999978,-2.5999999999999943,-1.6899999999999409,-0.08,3156.1941666666667,80.71,616.8616666666667,2.4083333333333337,100,1,Normal,5
2026-05-03 18:50:00,WELL-003,3189.18,80.08,620.05,2.41,22.06,10.7,140.84,4068.71,31.29,Normal,0,0,0,No Action Required,38.25999999999976,-0.0100000000000051,-8.31000000000006,0.0700000000000002,3161.171666666667,80.71583333333332,617.9766666666666,2.3925,100,1,Normal,5
2026-05-03 18:55:00,WELL-003,3183.93,80.22,622.83,2.45,22.33,10.7,142.67,4003.12,30.87,Normal,0,0,0,No Action Required,-5.25,0.1400000000000005,2.7800000000000864,0.04,3161.793333333333,80.6725,618.5266666666668,2.408333333333333,100,1,Normal,5
2026-05-03 19:00:00,WELL-003,3169.36,81.22,619.23,2.46,22.21,10.72,140.73,4001.37,31.19,Normal,0,0,0,No Action Required,-14.569999999999707,1.0,-3.6000000000000227,0.0099999999999997,3164.369166666666,80.84416666666667,619.2133333333333,2.4133333333333336,100,1,Normal,5
2026-05-03 19:05:00,WELL-003,3154.2,79.47,608.02,2.49,21.62,10.64,141.46,3887.44,30.84,Normal,0,0,0,No Action Required,-15.16000000000031,-1.75,-11.210000000000036,0.0300000000000002,3163.4108333333334,80.77333333333334,617.5341666666667,2.4191666666666665,100,1,Normal,5
2026-05-03 19:10:00,WELL-003,3196.9,79.05,623.15,2.4,22.36,10.71,144.51,3939.51,30.57,Normal,0,0,0,No Action Required,42.70000000000027,-0.4200000000000017,15.129999999999995,-0.0900000000000003,3166.6558333333337,80.56666666666666,618.7725,2.4141666666666666,100,1,Normal,5
2026-05-03 19:15:00,WELL-003,3148.79,80.14,621.74,2.46,22.37,10.65,141.21,4043.63,30.78,Normal,0,0,0,No Action Required,-48.11000000000013,1.0900000000000034,-1.4099999999999682,0.06,3166.2775,80.53916666666667,619.5716666666666,2.4141666666666666,100,1,Normal,5
2026-05-03 19:20:00,WELL-003,3167.32,80.49,622.0,2.34,21.79,10.67,138.35,4029.43,30.12,Normal,0,0,0,No Action Required,18.5300000000002,0.3499999999999943,0.2599999999999909,-0.1200000000000001,3168.0325,80.50083333333333,620.2925,2.4175,100,1,Normal,5
2026-05-03 19:25:00,WELL-003,3148.23,81.68,623.39,2.36,21.92,10.6,142.81,4054.72,30.41,Normal,0,0,0,No Action Required,-19.090000000000146,1.190000000000012,1.3899999999999864,0.02,3167.1808333333333,80.61083333333333,620.7433333333333,2.431666666666666,100,1,Normal,5
2026-05-03 19:30:00,WELL-003,3158.82,81.78,620.76,2.53,22.26,10.62,144.69,4105.91,30.39,Normal,0,0,0,No Action Required,10.590000000000146,0.0999999999999943,-2.6299999999999955,0.1699999999999999,3167.0791666666664,80.76583333333333,621.35,2.433333333333333,100,1,Normal,5
2026-05-03 19:35:00,WELL-003,3157.4,81.8,626.65,2.26,21.73,10.63,140.96,3996.11,30.57,Normal,0,0,0,No Action Required,-1.4200000000000728,0.019999999999996,5.889999999999986,-0.27,3166.955,80.72583333333334,622.1858333333333,2.41,100,1,Normal,5
2026-05-03 19:40:00,WELL-003,3183.46,81.56,623.41,2.4,21.97,10.68,144.11,4149.12,30.92,Normal,0,0,0,No Action Required,26.059999999999945,-0.2399999999999948,-3.240000000000009,0.1400000000000001,3167.375833333333,80.63166666666667,621.6325,2.408333333333333,100,1,Normal,5
2026-05-03 19:45:00,WELL-003,3159.65,79.69,618.78,2.43,21.23,10.58,140.93,4056.16,30.14,Normal,0,0,0,No Action Required,-23.809999999999945,-1.8700000000000043,-4.629999999999996,0.0300000000000002,3168.103333333333,80.59833333333333,620.8341666666666,2.415833333333333,100,1,Normal,5
2026-05-03 19:50:00,WELL-003,3144.77,79.09,618.79,2.44,21.97,10.67,138.9,4144.58,30.72,Normal,0,0,0,No Action Required,-14.88000000000011,-0.5999999999999943,0.0099999999999909,0.0099999999999997,3164.4025,80.51583333333333,620.7291666666666,2.418333333333333,100,1,Normal,5
2026-05-03 19:55:00,WELL-003,3157.41,80.17,615.59,2.3,21.82,10.6,146.04,4093.46,30.84,Normal,0,0,0,No Action Required,12.639999999999873,1.0799999999999983,-3.199999999999932,-0.1400000000000001,3162.1925,80.51166666666667,620.1258333333333,2.4058333333333333,100,1,Normal,5
2026-05-03 20:00:00,WELL-003,3163.19,80.82,626.51,2.66,21.87,10.57,144.64,3954.99,30.8,Normal,0,0,0,No Action Required,5.7800000000002,0.6499999999999915,10.91999999999996,0.3600000000000003,3161.6783333333333,80.47833333333334,620.7325,2.4225,100,1,Normal,5
2026-05-03 20:05:00,WELL-003,3132.95,79.35,629.38,2.45,21.82,10.65,140.87,4025.99,30.65,Normal,0,0,0,No Action Required,-30.24000000000024,-1.4699999999999989,2.8700000000000045,-0.2099999999999999,3159.9075,80.46833333333332,622.5124999999999,2.419166666666667,100,1,Normal,5
2026-05-03 20:10:00,WELL-003,3137.58,79.57,634.1,2.32,22.11,10.65,141.91,3896.4,30.68,Normal,0,0,0,No Action Required,4.630000000000109,0.2199999999999988,4.720000000000027,-0.1300000000000003,3154.964166666666,80.51166666666667,623.4250000000001,2.4125,100,1,Normal,5
2026-05-03 20:15:00,WELL-003,3151.79,81.36,631.72,2.52,22.3,10.7,144.09,3953.39,30.76,Normal,0,0,0,No Action Required,14.210000000000036,1.7900000000000065,-2.3799999999999955,0.2000000000000001,3155.214166666666,80.61333333333333,624.2566666666667,2.4175,100,1,Normal,5
2026-05-03 20:20:00,WELL-003,3163.82,81.24,631.62,2.51,21.54,10.66,146.55,3989.77,30.49,Normal,0,0,0,No Action Required,12.0300000000002,-0.1200000000000045,-0.1000000000000227,-0.0100000000000002,3154.9225,80.67583333333333,625.0583333333333,2.431666666666666,100,1,Normal,5
2026-05-03 20:25:00,WELL-003,3161.14,81.33,636.38,2.38,22.5,10.7,143.04,4057.69,30.8,Normal,0,0,0,No Action Required,-2.680000000000291,0.0900000000000034,4.759999999999991,-0.1299999999999999,3155.998333333333,80.64666666666666,626.1408333333333,2.433333333333333,100,1,Normal,5
2026-05-03 20:30:00,WELL-003,3170.92,79.83,615.56,2.59,22.51,10.54,141.91,4175.79,30.06,Normal,0,0,0,No Action Required,9.7800000000002,-1.5,-20.82000000000005,0.2099999999999999,3157.0066666666667,80.48416666666667,625.7075,2.438333333333333,100,1,Normal,5
2026-05-03 20:35:00,WELL-003,3168.61,81.57,628.01,2.4,21.81,10.66,145.3,4118.75,30.21,Normal,0,0,0,No Action Required,-2.309999999999945,1.7399999999999949,12.450000000000044,-0.1899999999999999,3157.9408333333336,80.46499999999999,625.8208333333333,2.45,100,1,Normal,5
2026-05-03 20:40:00,WELL-003,3157.15,81.02,624.66,2.4,21.92,10.69,144.66,3948.51,30.61,Normal,0,0,0,No Action Required,-11.460000000000036,-0.5499999999999972,-3.3500000000000227,0.0,3155.748333333333,80.42,625.9250000000001,2.45,100,1,Normal,5
2026-05-03 20:45:00,WELL-003,3164.97,82.29,629.66,2.54,22.17,10.66,142.5,4130.64,31.18,Normal,0,0,0,No Action Required,7.819999999999709,1.2700000000000102,5.0,0.1400000000000001,3156.191666666667,80.63666666666667,626.8316666666667,2.4591666666666665,100,1,Normal,5
2026-05-03 20:50:00,WELL-003,3173.29,81.43,635.55,2.47,21.23,10.6,140.84,4035.11,31.02,Normal,0,0,0,No Action Required,8.320000000000164,-0.8599999999999994,5.889999999999986,-0.0699999999999998,3158.568333333333,80.83166666666666,628.2283333333334,2.4616666666666664,100,1,Normal,5
2026-05-03 20:55:00,WELL-003,3201.29,81.36,626.7,2.34,22.05,10.75,141.42,4046.31,29.52,Normal,0,0,0,No Action Required,28.0,-0.0700000000000073,-8.849999999999909,-0.1300000000000003,3162.225,80.93083333333333,629.1541666666667,2.4650000000000003,100,1,Normal,5
2026-05-03 21:00:00,WELL-003,3184.08,80.72,619.28,2.24,21.79,10.73,144.93,4058.16,29.9,Normal,0,0,0,No Action Required,-17.210000000000036,-0.6400000000000006,-7.420000000000073,-0.0999999999999996,3163.965833333333,80.9225,628.5516666666666,2.43,100,1,Normal,5
2026-05-03 21:05:00,WELL-003,3165.07,82.37,611.43,2.46,22.18,10.75,144.71,4206.99,30.33,Normal,0,0,0,No Action Required,-19.009999999999764,1.6500000000000057,-7.850000000000023,0.2199999999999997,3166.6425,81.17416666666666,627.0558333333333,2.430833333333333,100,1,Normal,5
2026-05-03 21:10:00,WELL-003,3186.01,79.59,625.6,2.67,22.03,10.63,147.5,4117.36,31.01,Normal,0,0,0,No Action Required,20.94000000000005,-2.780000000000001,14.170000000000073,0.2099999999999999,3170.6783333333333,81.17583333333333,626.3475,2.4600000000000004,100,1,Normal,5
2026-05-03 21:15:00,WELL-003,3163.08,79.99,626.93,2.48,21.21,10.5,145.77,4258.14,30.36,Normal,0,0,0,No Action Required,-22.93000000000029,0.3999999999999915,1.3299999999999272,-0.1899999999999999,3171.619166666667,81.06166666666667,625.9483333333334,2.4566666666666666,100,1,Normal,5
2026-05-03 21:20:00,WELL-003,3169.32,80.4,631.17,2.57,22.2,10.72,139.81,4010.8,30.22,Normal,0,0,0,No Action Required,6.2400000000002365,0.4100000000000108,4.240000000000009,0.0899999999999998,3172.0775,80.99166666666666,625.9108333333334,2.4616666666666664,100,1,Normal,5
2026-05-03 21:25:00,WELL-003,3155.2,82.59,628.76,2.32,21.65,10.65,143.04,3980.72,30.33,Normal,0,0,0,No Action Required,-14.120000000000346,2.1899999999999977,-2.409999999999968,-0.25,3171.5825,81.09666666666668,625.2758333333333,2.4566666666666666,100,1,Normal,5
2026-05-03 21:30:00,WELL-003,3157.11,81.45,635.27,2.51,22.08,10.66,141.05,4036.96,30.69,Normal,0,0,0,No Action Required,1.9100000000003088,-1.1400000000000006,6.509999999999991,0.1899999999999999,3170.431666666667,81.23166666666667,626.9183333333333,2.45,100,1,Normal,5
2026-05-03 21:35:00,WELL-003,3180.4,80.93,631.96,2.45,21.96,10.71,145.29,4162.81,29.92,Normal,0,0,0,No Action Required,23.289999999999964,-0.519999999999996,-3.309999999999945,-0.0599999999999996,3171.414166666667,81.17833333333334,627.2475000000001,2.4541666666666666,100,1,Normal,5
2026-05-03 21:40:00,WELL-003,3160.37,83.73,628.8,2.53,21.68,10.69,140.63,4013.05,30.0,Normal,0,0,0,No Action Required,-20.0300000000002,2.799999999999997,-3.160000000000082,0.0799999999999996,3171.6824999999994,81.40416666666667,627.5925,2.465,100,1,Normal,5
2026-05-03 21:45:00,WELL-003,3143.96,79.69,619.44,2.26,21.58,10.69,143.56,4007.04,30.23,Normal,0,0,0,No Action Required,-16.409999999999854,-4.040000000000006,-9.3599999999999,-0.27,3169.931666666667,81.1875,626.7408333333333,2.441666666666667,100,1,Normal,5
2026-05-03 21:50:00,WELL-003,3173.64,81.12,631.1,2.51,21.97,10.67,145.05,3932.42,31.27,Normal,0,0,0,No Action Required,29.67999999999984,1.4300000000000068,11.659999999999968,0.25,3169.960833333334,81.16166666666666,626.37,2.445,100,1,Normal,5
2026-05-03 21:55:00,WELL-003,3170.34,80.79,628.27,2.44,22.1,10.69,146.92,4020.21,30.53,Normal,0,0,0,No Action Required,-3.299999999999727,-0.3299999999999983,-2.830000000000041,-0.0699999999999998,3167.3816666666667,81.11416666666668,626.5008333333333,2.453333333333333,100,1,Normal,5
2026-05-03 22:00:00,WELL-003,3136.99,84.61,631.33,2.42,22.23,10.71,140.84,4179.1,30.29,Normal,0,0,0,No Action Required,-33.350000000000364,3.819999999999993,3.060000000000059,-0.02,3163.4575,81.43833333333333,627.505,2.4683333333333333,100,1,Normal,5
2026-05-03 22:05:00,WELL-003,3146.79,81.06,630.06,2.42,21.63,10.66,142.95,3969.49,30.4,Normal,0,0,0,No Action Required,9.800000000000182,-3.549999999999997,-1.2700000000000955,0.0,3161.9341666666664,81.32916666666667,629.0575,2.465,100,1,Normal,5
2026-05-03 22:10:00,WELL-003,3168.04,79.66,625.32,2.32,21.76,10.62,143.11,4070.24,30.55,Normal,0,0,0,No Action Required,21.25,-1.4000000000000057,-4.739999999999895,-0.1,3160.4366666666665,81.335,629.0341666666667,2.435833333333333,100,1,Normal,5
2026-05-03 22:15:00,WELL-003,3179.5,81.74,638.16,2.25,21.65,10.71,144.13,4261.21,29.88,Normal,0,0,0,No Action Required,11.460000000000036,2.0799999999999983,12.839999999999918,-0.0699999999999998,3161.805,81.48083333333334,629.9699999999999,2.4166666666666665,100,1,Normal,5
2026-05-03 22:20:00,WELL-003,3146.06,81.91,611.81,2.32,21.93,10.66,144.96,4200.25,30.3,Normal,0,0,0,No Action Required,-33.440000000000055,0.1700000000000017,-26.350000000000023,0.0699999999999998,3159.8666666666663,81.60666666666667,628.3566666666667,2.395833333333333,100,1,Normal,5
2026-05-03 22:25:00,WELL-003,3153.19,81.0,628.21,2.7,22.4,10.61,143.56,4084.0,30.4,Normal,0,0,0,No Action Required,7.130000000000109,-0.9099999999999966,16.40000000000009,0.3800000000000003,3159.6991666666668,81.47416666666666,628.3108333333333,2.4275,100,1,Normal,5
2026-05-03 22:30:00,WELL-003,3201.1,80.94,626.27,2.44,22.28,10.59,142.72,4176.74,30.88,Normal,0,0,0,No Action Required,47.909999999999854,-0.0600000000000022,-1.9400000000000543,-0.2600000000000002,3163.365,81.43166666666667,627.5608333333333,2.4216666666666664,100,1,Normal,5
2026-05-03 22:35:00,WELL-003,3200.09,80.61,628.89,2.42,22.37,10.67,144.18,4106.15,31.14,Normal,0,0,0,No Action Required,-1.0099999999997635,-0.3299999999999983,2.6200000000000045,-0.02,3165.005833333333,81.405,627.305,2.4191666666666665,100,1,Normal,5
2026-05-03 22:40:00,WELL-003,3181.67,81.93,630.13,2.37,22.55,10.68,141.63,4217.84,30.18,Normal,0,0,0,No Action Required,-18.42000000000008,1.3200000000000074,1.240000000000009,-0.0499999999999998,3166.7808333333337,81.255,627.4158333333334,2.4058333333333333,100,1,Normal,5
2026-05-03 22:45:00,WELL-003,3172.21,81.59,628.03,2.44,22.15,10.65,142.27,4045.98,31.14,Normal,0,0,0,No Action Required,-9.460000000000036,-0.3400000000000034,-2.1000000000000227,0.0699999999999998,3169.135,81.41333333333334,628.1316666666667,2.4208333333333334,100,1,Normal,5
2026-05-03 22:50:00,WELL-003,3173.45,81.66,629.26,2.57,22.09,10.66,145.96,4134.34,31.24,Normal,0,0,0,No Action Required,1.2399999999997815,0.0699999999999931,1.2300000000000182,0.1299999999999999,3169.119166666667,81.45833333333333,627.9783333333334,2.4258333333333333,100,1,Normal,5
2026-05-03 22:55:00,WELL-003,3171.39,81.2,631.69,2.22,21.53,10.68,143.95,4112.17,30.49,Normal,0,0,0,No Action Required,-2.059999999999945,-0.4599999999999937,2.430000000000064,-0.3499999999999996,3169.206666666667,81.49249999999999,628.2633333333333,2.4075,100,1,Normal,5
2026-05-03 23:00:00,WELL-003,3188.57,81.21,642.39,2.33,22.06,10.76,144.1,4282.8,30.27,Normal,0,0,0,No Action Required,17.18000000000029,0.0099999999999909,10.699999999999932,0.1099999999999998,3173.505000000001,81.20916666666666,629.1850000000001,2.4,100,1,Normal,5
2026-05-03 23:05:00,WELL-003,3145.23,83.58,631.55,2.41,22.06,10.73,143.36,4017.94,30.75,Normal,0,0,0,No Action Required,-43.34000000000015,2.3700000000000045,-10.840000000000032,0.08,3173.375,81.41916666666667,629.3091666666667,2.3991666666666664,100,1,Normal,5
2026-05-03 23:10:00,WELL-003,3163.82,80.66,634.0,2.34,21.94,10.63,144.9,3991.2,30.54,Normal,0,0,0,No Action Required,18.590000000000146,-2.9200000000000017,2.450000000000045,-0.0700000000000002,3173.023333333333,81.5025,630.0325,2.4008333333333334,100,1,Normal,5
2026-05-03 23:15:00,WELL-003,3191.95,82.15,628.56,2.59,22.3,10.78,141.09,4009.84,30.66,Normal,0,0,0,No Action Required,28.12999999999965,1.490000000000009,-5.440000000000055,0.25,3174.060833333333,81.53666666666668,629.2325,2.4291666666666667,100,1,Normal,5
2026-05-03 23:20:00,WELL-003,3201.22,81.5,648.61,2.39,22.08,10.74,141.89,3956.34,31.27,Normal,0,0,0,No Action Required,9.269999999999982,-0.6500000000000057,20.050000000000068,-0.1999999999999997,3178.6575,81.50250000000001,632.2991666666667,2.435,100,1,Normal,5
2026-05-03 23:25:00,WELL-003,3189.88,83.18,633.21,2.69,21.49,10.64,144.02,3941.58,30.32,Normal,0,0,0,No Action Required,-11.33999999999969,1.6800000000000068,-15.399999999999975,0.2999999999999998,3181.715,81.68416666666667,632.7158333333333,2.4341666666666666,100,1,Normal,5
2026-05-03 23:30:00,WELL-003,3183.29,81.23,629.14,2.24,22.0,10.7,142.69,4169.74,31.04,Normal,0,0,0,No Action Required,-6.5900000000001455,-1.9500000000000028,-4.07000000000005,-0.4499999999999997,3180.230833333333,81.70833333333333,632.9549999999999,2.4175,100,1,Normal,5
2026-05-03 23:35:00,WELL-003,3161.08,82.94,637.34,2.62,21.84,10.69,143.01,4087.18,30.21,Normal,0,0,0,No Action Required,-22.21000000000004,1.7099999999999935,8.200000000000045,0.3799999999999999,3176.98,81.90249999999999,633.6591666666667,2.4341666666666666,100,1,Normal,5
2026-05-03 23:40:00,WELL-003,3165.93,82.16,642.97,2.39,22.08,10.71,143.85,4094.95,30.13,Normal,0,0,0,No Action Required,4.849999999999909,-0.7800000000000011,5.629999999999996,-0.2299999999999999,3175.668333333333,81.92166666666667,634.7291666666666,2.435833333333333,100,1,Normal,5
2026-05-03 23:45:00,WELL-003,3232.38,82.04,635.21,2.42,22.45,10.65,142.3,4139.83,30.59,Normal,0,0,0,No Action Required,66.45000000000027,-0.1199999999999903,-7.759999999999991,0.0299999999999998,3180.6825000000003,81.95916666666666,635.3275,2.4341666666666666,100,1,Normal,5
2026-05-03 23:50:00,WELL-003,3183.89,82.38,640.67,2.5,22.01,10.66,146.15,4143.8,30.44,Normal,0,0,0,No Action Required,-48.49000000000024,0.3399999999999892,5.459999999999923,0.08,3181.5525,82.01916666666666,636.2783333333333,2.428333333333333,100,1,Normal,5
2026-05-03 23:55:00,WELL-003,3206.81,80.13,630.38,2.28,21.28,10.69,148.04,4091.62,31.0,Normal,0,0,0,No Action Required,22.92000000000008,-2.25,-10.289999999999964,-0.2200000000000002,3184.504166666666,81.92999999999999,636.1691666666667,2.433333333333333,100,1,Normal,5
